Timestamp,Cos Solar Incidence (°),GHI (W/m2),PV Power Generation (W)
2024-01-01 00:15:00,-0.9283315571426691,0.0,0.0
2024-01-01 00:30:00,-0.9323211671924274,0.0,0.0
2024-01-01 00:45:00,-0.9323787968233174,0.0,0.0
2024-01-01 01:00:00,-0.9285041523767301,0.0,0.0
2024-01-01 01:15:00,-0.920713766906449,0.0,0.0
2024-01-01 01:30:00,-0.9090409314581702,0.0,0.0
2024-01-01 01:45:00,-0.8935355507166705,0.0,0.0
2024-01-01 02:00:00,-0.8742639299125408,0.0,0.0
2024-01-01 02:15:00,-0.8513084946381368,0.0,0.0
2024-01-01 02:30:00,-0.824767433132197,0.0,0.0
2024-01-01 02:45:00,-0.7947542781540375,0.0,0.0
2024-01-01 03:00:00,-0.7613974260672918,0.0,0.0
2024-01-01 03:15:00,-0.7248395795146382,0.0,0.0
2024-01-01 03:30:00,-0.6852371403079379,0.0,0.0
2024-01-01 03:45:00,-0.642759546225239,0.0,0.0
2024-01-01 04:00:00,-0.5975885354974979,0.0,0.0
2024-01-01 04:15:00,-0.5499173739816614,0.0,0.0
2024-01-01 04:30:00,-0.49995003519392983,0.0,0.0
2024-01-01 04:45:00,-0.4479003147857745,0.0,0.0
2024-01-01 05:00:00,-0.39399092171825256,0.0,0.0
2024-01-01 05:15:00,-0.3384525330025918,0.0,0.0
2024-01-01 05:30:00,-0.28152279215549425,0.0,0.0
2024-01-01 05:45:00,-0.22344529929686008,0.0,0.0
2024-01-01 06:00:00,-0.1644685768858436,0.0,0.0
2024-01-01 06:15:00,-0.10484499058678373,0.0,0.0
2024-01-01 06:30:00,-0.044829677144102936,0.0,0.0
2024-01-01 06:45:00,0.015320539310361453,0.0,0.0
2024-01-01 07:00:00,0.07534826233850728,0.0,0.0
2024-01-01 07:15:00,0.13499661657162587,0.0,0.0
2024-01-01 07:30:00,0.19401033905465281,0.0,0.0
2024-01-01 07:45:00,0.25213688757402997,0.0,0.0
2024-01-01 08:00:00,0.3091275132172691,0.0,0.0
2024-01-01 08:15:00,0.36473831748245933,88.94766349649187,69.94017889096406
2024-01-01 08:30:00,0.4187313112958427,166.112451906699,129.27231056118822
2024-01-01 08:45:00,0.47087542556176776,239.77256097049252,185.1422076225548
2024-01-01 09:00:00,0.5209474934268828,311.89269658197907,238.30853572239826
2024-01-01 09:15:00,0.5687332193275382,380.2776665259374,288.25356098270106
2024-01-01 09:30:00,0.6140280887136405,443.7499205993026,332.7781407993642
2024-01-01 09:45:00,0.6566382377063509,502.5140016403186,373.7993818411251
2024-01-01 10:00:00,0.6963812950262231,557.2162446487233,411.11112240370085
2024-01-01 10:15:00,0.7330871558826997,607.6837568208458,444.66074529723346
2024-01-01 10:30:00,0.7665987057160362,649.9148124613356,471.62137151165905
2024-01-01 10:45:00,0.7967725025412098,693.2631869973909,498.8738393297076
2024-01-01 11:00:00,0.823479385374298,729.430467070187,519.0021484611594
2024-01-01 11:15:00,0.8466050242074221,759.9830947290491,536.132274327667
2024-01-01 11:30:00,0.8660504165926093,785.4915936889026,549.364046684917
2024-01-01 11:45:00,0.8817323072065146,812.4186026678854,563.26993677634
2024-01-01 12:00:00,0.8935835429384162,827.758844411777,568.886122841629
2024-01-01 12:15:00,0.9015533646585789,839.1234666891093,573.3042482731652
2024-01-01 12:30:00,0.9056076217642026,844.3889089866291,573.4880736898883
2024-01-01 12:45:00,0.9057289187534551,395.3176513132947,266.89182189750846
2024-01-01 13:00:00,0.9019166909609168,294.7204194605054,197.78388503489188
2024-01-01 13:15:00,0.8941872058511247,363.9432539643738,244.2386273508961
2024-01-01 13:30:00,0.8825734954315158,361.8101400588922,242.8071162387024
2024-01-01 13:45:00,0.8671252130384826,360.2990460163122,241.06474407106023
2024-01-01 14:00:00,0.8479084213218753,263.96574318805006,176.61116516604258
2024-01-01 14:15:00,0.8250053130834283,203.67531347192227,137.09613771659147
2024-01-01 14:30:00,0.7985138546061952,212.88110836849563,144.15327809007715
2024-01-01 14:45:00,0.7685473684621766,171.65882105464667,116.58642785425957
2024-01-01 15:00:00,0.7352340535009587,600.7208590556999,410.4232978751085
2024-01-01 15:15:00,0.6987164283889933,154.6217021317286,106.57796459295577
2024-01-01 15:30:00,0.6591507252863373,128.98008408845786,89.68580102818292
2024-01-01 15:45:00,0.6167062273759456,9.0,6.312691664999999
2024-01-01 16:00:00,0.5715645340076843,8.0,5.659794
2024-01-01 16:15:00,0.5239187884928291,7.0,4.98061872
2024-01-01 16:30:00,0.4739728586443207,6.0,4.28122989
2024-01-01 16:45:00,0.421940451707889,5.0,3.5879051249999994
2024-01-01 17:00:00,0.3680442059596613,3.0,2.164871205
2024-01-01 17:15:00,0.31251474566814963,0.0,0.0
2024-01-01 17:30:00,0.25558967986909664,0.0,0.0
2024-01-01 17:45:00,0.19751259255509596,0.0,0.0
2024-01-01 18:00:00,0.13853200845311875,0.0,0.0
2024-01-01 18:15:00,0.07890031398428302,0.0,0.0
2024-01-01 18:30:00,0.018872684916646287,0.0,0.0
2024-01-01 18:45:00,-0.04129399736214348,0.0,0.0
2024-01-01 19:00:00,-0.10134226128367707,0.0,0.0
2024-01-01 19:15:00,-0.16101513877873955,0.0,0.0
2024-01-01 19:30:00,-0.22005725693227174,0.0,0.0
2024-01-01 19:45:00,-0.2782159469193467,0.0,0.0
2024-01-01 20:00:00,-0.3352423170423025,0.0,0.0
2024-01-01 20:15:00,-0.39089231043364714,0.0,0.0
2024-01-01 20:30:00,-0.44492776480034485,0.0,0.0
2024-01-01 20:45:00,-0.4971174237288961,0.0,0.0
2024-01-01 21:00:00,-0.5472379197160353,0.0,0.0
2024-01-01 21:15:00,-0.5950747441192951,0.0,0.0
2024-01-01 21:30:00,-0.6404231577798312,0.0,0.0
2024-01-01 21:45:00,-0.6830890616822467,0.0,0.0
2024-01-01 22:00:00,-0.7228898398564264,0.0,0.0
2024-01-01 22:15:00,-0.7596551343404698,0.0,0.0
2024-01-01 22:30:00,-0.7932275700201716,0.0,0.0
2024-01-01 22:45:00,-0.823463438107298,0.0,0.0
2024-01-01 23:00:00,-0.8502333057055639,0.0,0.0
2024-01-01 23:15:00,-0.8734225669412599,0.0,0.0
2024-01-01 23:30:00,-0.892931940784691,0.0,0.0
2024-01-01 23:45:00,-0.9086778917763702,0.0,0.0
2024-01-02 00:00:00,-0.9205929863293985,0.0,0.0
2024-01-02 00:15:00,-0.9286261857361925,0.0,0.0
2024-01-02 00:30:00,-0.9327430618941299,0.0,0.0
2024-01-02 00:45:00,-0.9329259450820608,0.0,0.0
2024-01-02 01:00:00,-0.9291740008918642,0.0,0.0
2024-01-02 01:15:00,-0.9215032326743575,0.0,0.0
2024-01-02 01:30:00,-0.9099464150910486,0.0,0.0
2024-01-02 01:45:00,-0.8945529520183788,0.0,0.0
2024-01-02 02:00:00,-0.8753886656085368,0.0,0.0
2024-01-02 02:15:00,-0.8525355181597567,0.0,0.0
2024-01-02 02:30:00,-0.8260912564373957,0.0,0.0
2024-01-02 02:45:00,-0.7961689954428937,0.0,0.0
2024-01-02 03:00:00,-0.7628967392768854,0.0,0.0
2024-01-02 03:15:00,-0.7264168255478917,0.0,0.0
2024-01-02 03:30:00,-0.6868853197965736,0.0,0.0
2024-01-02 03:45:00,-0.6444713537671252,0.0,0.0
2024-01-02 04:00:00,-0.5993563912026977,0.0,0.0
2024-01-02 04:15:00,-0.5517334562080837,0.0,0.0
2024-01-02 04:30:00,-0.5018063143157419,0.0,0.0
2024-01-02 04:45:00,-0.4497885878650673,0.0,0.0
2024-01-02 05:00:00,-0.39590284793837527,0.0,0.0
2024-01-02 05:15:00,-0.3403796696461687,0.0,0.0
2024-01-02 05:30:00,-0.28345663110598995,0.0,0.0
2024-01-02 05:45:00,-0.22537730371056947,0.0,0.0
2024-01-02 06:00:00,-0.1663902180684195,0.0,0.0
2024-01-02 06:15:00,-0.10674778482797062,0.0,0.0
2024-01-02 06:30:00,-0.04670522228865209,0.0,0.0
2024-01-02 06:45:00,0.013480527554356247,0.0,0.0
2024-01-02 07:00:00,0.07355191465534941,0.0,0.0
2024-01-02 07:15:00,0.13325187497006993,0.0,0.0
2024-01-02 07:30:00,0.19232492256107192,0.0,0.0
2024-01-02 07:45:00,0.2505182589436832,0.0,0.0
2024-01-02 08:00:00,0.30758284674721625,0.0,0.0
2024-01-02 08:15:00,0.3632744680216831,3.0,2.1769993349999996
2024-01-02 08:30:00,0.4173547847061836,5.0,3.608118675
2024-01-02 08:45:00,0.46959235064026017,6.0,4.31761428
2024-01-02 09:00:00,0.5197635954453356,7.0,5.0230671749999996
2024-01-02 09:15:00,0.5676537953636563,8.0,5.708306520000001
2024-01-02 09:30:00,0.6130579848081646,9.0,6.385460445
2024-01-02 09:45:00,0.655781827966331,10.0,7.074742499999999
2024-01-02 10:00:00,0.6956424627526645,12.0,8.44117848
2024-01-02 10:15:00,0.7324692768528722,13.0,9.118332405
2024-01-02 10:30:00,0.7661046336124359,14.0,9.763144650000001
2024-01-02 10:45:00,0.7964045566932192,16.0,11.125537920000001
2024-01-02 11:00:00,0.8232393407400637,18.0,12.47984577
2024-01-02 11:15:00,0.8464941037509901,70.0,48.3912387
2024-01-02 11:30:00,0.8660692860468107,20.0,13.745214
2024-01-02 11:45:00,0.8818810722198758,20.0,13.704786899999998
2024-01-02 12:00:00,0.8938617486330627,21.0,14.34757779
2024-01-02 12:15:00,0.9019599976390692,21.0,14.262680880000003
2024-01-02 12:30:00,0.9061411145234085,21.0,14.220232425
2024-01-02 12:45:00,0.9063871564452246,22.0,14.80844673
2024-01-02 13:00:00,0.9026970205796954,21.0,14.050438605000002
2024-01-02 13:15:00,0.8950864477076073,21.0,14.00799015
2024-01-02 13:30:00,0.8835879568920093,120.0,79.8030954
2024-01-02 13:45:00,0.8682507045047209,244.46005636037768,162.07810276958065
2024-01-02 14:00:00,0.8491402743415091,47.0,31.066204995000003
2024-01-02 14:15:00,0.8263384005098948,46.0,30.49820424
2024-01-02 14:30:00,0.7999426127797489,20.0,13.2600888
2024-01-02 14:45:00,0.770065821234936,14.0,9.31036113
2024-01-02 15:00:00,0.7368358380479165,13.0,8.67161295
2024-01-02 15:15:00,0.7003948227063015,15.0,10.036027575
2024-01-02 15:30:00,0.6608986772297842,14.0,9.39525804
2024-01-02 15:45:00,0.6185163851020845,12.0,8.101590839999998
2024-01-02 16:00:00,0.5734292777329457,10.0,6.771539249999999
2024-01-02 16:15:00,0.52583026340777,9.0,6.1307697150000005
2024-01-02 16:30:00,0.47592300883865907,7.0,4.782525929999999
2024-01-02 16:45:00,0.4239210549293678,6.0,4.11143607
2024-01-02 17:00:00,0.3700469091231947,4.0,2.7571282200000002
2024-01-02 17:15:00,0.314531100941508,0.0,0.0
2024-01-02 17:30:00,0.2576111811108687,0.0,0.0
2024-01-02 17:45:00,0.19953071205203887,0.0,0.0
2024-01-02 18:00:00,0.14053823374635535,0.0,0.0
2024-01-02 18:15:00,0.08088618460086894,0.0,0.0
2024-01-02 18:30:00,0.020829828892720892,0.0,0.0
2024-01-02 18:45:00,-0.039373827376789905,0.0,0.0
2024-01-02 19:00:00,-0.09946715238161313,0.0,0.0
2024-01-02 19:15:00,-0.15919298293588294,0.0,0.0
2024-01-02 19:30:00,-0.21829571693072686,0.0,0.0
2024-01-02 19:45:00,-0.2765224232954404,0.0,0.0
2024-01-02 20:00:00,-0.3336239161307215,0.0,0.0
2024-01-02 20:15:00,-0.389355813723622,0.0,0.0
2024-01-02 20:30:00,-0.44347959968912365,0.0,0.0
2024-01-02 20:45:00,-0.4957636357906331,0.0,0.0
2024-01-02 21:00:00,-0.5459841466074317,0.0,0.0
2024-01-02 21:15:00,-0.5939261912896393,0.0,0.0
2024-01-02 21:30:00,-0.6393845760240567,0.0,0.0
2024-01-02 21:45:00,-0.6821647266234844,0.0,0.0
2024-01-02 22:00:00,-0.7220835335507543,0.0,0.0
2024-01-02 22:15:00,-0.7589701289733158,0.0,0.0
2024-01-02 22:30:00,-0.7926666137999336,0.0,0.0
2024-01-02 22:45:00,-0.823028743434389,0.0,0.0
2024-01-02 23:00:00,-0.8499265396504511,0.0,0.0
2024-01-02 23:15:00,-0.873244844075881,0.0,0.0
2024-01-02 23:30:00,-0.8928838184017522,0.0,0.0
2024-01-02 23:45:00,-0.9087593675269743,0.0,0.0
2024-01-03 00:00:00,-0.9208034982396434,0.0,0.0
2024-01-03 00:15:00,-0.9289646146841507,0.0,0.0
2024-01-03 00:30:00,-0.9332077364687693,0.0,0.0
2024-01-03 00:45:00,-0.9335146488129819,0.0,0.0
2024-01-03 01:00:00,-0.929883981862192,0.0,0.0
2024-01-03 01:15:00,-0.9223312154313213,0.0,0.0
2024-01-03 01:30:00,-0.9108886147973371,0.0,0.0
2024-01-03 01:45:00,-0.8956050908341957,0.0,0.0
2024-01-03 02:00:00,-0.8765459911817006,0.0,0.0
2024-01-03 02:15:00,-0.8537928241560864,0.0,0.0
2024-01-03 02:30:00,-0.8274429050494589,0.0,0.0
2024-01-03 02:45:00,-0.7976089417478791,0.0,0.0
2024-01-03 03:00:00,-0.764418557359351,0.0,0.0
2024-01-03 03:15:00,-0.7280137362519136,0.0,0.0
2024-01-03 03:30:00,-0.6885502200092537,0.0,0.0
2024-01-03 03:45:00,-0.646196847093017,0.0,0.0
2024-01-03 04:00:00,-0.6011348199224916,0.0,0.0
2024-01-03 04:15:00,-0.5535569343434399,0.0,0.0
2024-01-03 04:30:00,-0.5036667616716444,0.0,0.0
2024-01-03 04:45:00,-0.4516777649314381,0.0,0.0
2024-01-03 05:00:00,-0.39781239147706304,0.0,0.0
2024-01-03 05:15:00,-0.34230112877942553,0.0,0.0
2024-01-03 05:30:00,-0.2853815037968548,0.0,0.0
2024-01-03 05:45:00,-0.22729707349631137,0.0,0.0
2024-01-03 06:00:00,-0.16829639079995706,0.0,0.0
2024-01-03 06:15:00,-0.10863192532752072,0.0,0.0
2024-01-03 06:30:00,-0.048558990783242606,0.0,0.0
2024-01-03 06:45:00,0.0116653394403263,0.0,0.0
2024-01-03 07:00:00,0.07178334849196871,0.0,0.0
2024-01-03 07:15:00,0.1315377708199365,0.0,0.0
2024-01-03 07:30:00,0.19067288512695008,0.0,0.0
2024-01-03 07:45:00,0.24893562477509143,0.0,0.0
2024-01-03 08:00:00,0.306076652568147,0.0,0.0
2024-01-03 08:15:00,0.36185142039992146,2.0,1.37047869
2024-01-03 08:30:00,0.4160212310760211,4.0,2.72478654
2024-01-03 08:45:00,0.4683542519624064,6.0,4.06292355
2024-01-03 09:00:00,0.518626500494874,8.0,5.4010605599999995
2024-01-03 09:15:00,0.5666228167850597,10.0,6.690685049999999
2024-01-03 09:30:00,0.6121377770785824,11.0,7.293048840000001
2024-01-03 09:45:00,0.654976567330153,13.0,8.56650249
2024-01-03 10:00:00,0.694955829229517,18.0,11.75215797
2024-01-03 10:15:00,0.7319044383603341,20.0,12.936672
2024-01-03 10:30:00,0.765664232334877,22.0,14.09692977
2024-01-03 10:45:00,0.7960906977027553,78.0,49.50702666
2024-01-03 11:00:00,0.8230535829552506,74.0,46.519463970000004
2024-01-03 11:15:00,0.8464374532117329,96.0,59.767424639999994
2024-01-03 11:30:00,0.8661421916243415,36.0,22.26724668
2024-01-03 11:45:00,0.8820834237147637,52.0,31.848469380000004
2024-01-03 12:00:00,0.8941928772559421,129.0,78.487193295
2024-01-03 12:15:00,0.9024186789598985,93.0,56.207818485000004
2024-01-03 12:30:00,0.9067255737797759,100.0,60.23637899999999
2024-01-03 12:45:00,0.9070950762268094,82.0,49.06232856
2024-01-03 13:00:00,0.9035255508751595,118.0,70.36336755
2024-01-03 13:15:00,0.8960322182385492,127.0,75.730065075
2024-01-03 13:30:00,0.8846470916773234,109.0,64.77634233
2024-01-03 13:45:00,0.8694188386354482,73.0,43.38232101
2024-01-03 14:00:00,0.8504125728538017,79.0,46.788304185
2024-01-03 14:15:00,0.8277095792770868,43.0,25.55396991
2024-01-03 14:30:00,0.801406961339526,37.0,22.063089825000002
2024-01-03 14:45:00,0.7716172274895472,22.0,13.118593950000001
2024-01-03 15:00:00,0.7384678146433605,583.8813415089259,349.34851484346933
2024-01-03 15:15:00,0.7021005350885339,535.6199617198489,322.63807014122307
2024-01-03 15:30:00,0.6626709731345312,482.434764752369,292.5515771718075
2024-01-03 15:45:00,0.6203478254763843,421.8662605074959,257.52792545245507
2024-01-03 16:00:00,0.5753121688682348,360.81919552658326,221.72048023198553
2024-01-03 16:15:00,0.5277566901292655,295.7399411916597,182.92539510120497
2024-01-03 16:30:00,0.47788486870899094,226.2424080087604,140.85339657328873
2024-01-03 16:45:00,0.42591009324870993,150.23619676237973,94.14101312705223
2024-01-03 17:00:00,0.3720547545534861,77.1567059740043,48.659861142074035
2024-01-03 17:15:00,0.31654930164687367,0.0,0.0
2024-01-03 17:30:00,0.2596312412679069,0.0,0.0
2024-01-03 17:45:00,0.20154412851304487,0.0,0.0
2024-01-03 18:00:00,0.14253653273971556,0.0,0.0
2024-01-03 18:15:00,0.0828609583070615,0.0,0.0
2024-01-03 18:30:00,0.02277277174622966,0.0,0.0
2024-01-03 18:45:00,-0.03747088283626865,0.0,0.0
2024-01-03 19:00:00,-0.09761220029837805,0.0,0.0
2024-01-03 19:15:00,-0.15739380957490193,0.0,0.0
2024-01-03 19:30:00,-0.21655986713817543,0.0,0.0
2024-01-03 19:45:00,-0.2748571678990422,0.0,0.0
2024-01-03 20:00:00,-0.3320362206300218,0.0,0.0
2024-01-03 20:15:00,-0.38785230817818406,0.0,0.0
2024-01-03 20:30:00,-0.4420665501605998,0.0,0.0
2024-01-03 20:45:00,-0.49444691730422224,0.0,0.0
2024-01-03 21:00:00,-0.5447692177907526,0.0,0.0
2024-01-03 21:15:00,-0.5928180708598746,0.0,0.0
2024-01-03 21:30:00,-0.6383878211514213,0.0,0.0
2024-01-03 21:45:00,-0.6812834132816944,0.0,0.0
2024-01-03 22:00:00,-0.7213212389468556,0.0,0.0
2024-01-03 22:15:00,-0.7583299161554358,0.0,0.0
2024-01-03 22:30:00,-0.7921510184330327,0.0,0.0
2024-01-03 22:45:00,-0.8226397629220471,0.0,0.0
2024-01-03 23:00:00,-0.8496656245218813,0.0,0.0
2024-01-03 23:15:00,-0.8731128917544155,0.0,0.0
2024-01-03 23:30:00,-0.8928811693977707,0.0,0.0
2024-01-03 23:45:00,-0.9088858039753691,0.0,0.0
2024-01-04 00:00:00,-0.9210582448761365,0.0,0.0
2024-01-04 00:15:00,-0.9293463422313001,0.0,0.0
2024-01-04 00:30:00,-0.933714567417222,0.0,0.0
2024-01-04 00:45:00,-0.9341441655379477,0.0,0.0
2024-01-04 01:00:00,-0.9306332371146382,0.0,0.0
2024-01-04 01:15:00,-0.9231967450897218,0.0,0.0
2024-01-04 01:30:00,-0.911866452838812,0.0,0.0
2024-01-04 01:45:00,-0.8966907865016166,0.0,0.0
2024-01-04 02:00:00,-0.877734628228255,0.0,0.0
2024-01-04 02:15:00,-0.8550790420708839,0.0,0.0
2024-01-04 02:30:00,-0.828820922267145,0.0,0.0
2024-01-04 02:45:00,-0.7990725806040129,0.0,0.0
2024-01-04 03:00:00,-0.7659612707844171,0.0,0.0
2024-01-04 03:15:00,-0.7296286360570391,0.0,0.0
2024-01-04 03:30:00,-0.6902301066564469,0.0,0.0
2024-01-04 03:45:00,-0.6479342407728614,0.0,0.0
2024-01-04 04:00:00,-0.6029219928679115,0.0,0.0
2024-01-04 04:15:00,-0.555385944223442,0.0,0.0
2024-01-04 04:30:00,-0.5055294858593301,0.0,0.0
2024-01-04 04:45:00,-0.45356593560611885,0.0,0.0
2024-01-04 05:00:00,-0.39971763129336024,0.0,0.0
2024-01-04 05:15:00,-0.34421498705771286,0.0,0.0
2024-01-04 05:30:00,-0.2872954930171112,0.0,0.0
2024-01-04 05:45:00,-0.22920270589943287,0.0,0.0
2024-01-04 06:00:00,-0.17018521506652023,0.0,0.0
2024-01-04 06:15:00,-0.11049556307104941,0.0,0.0
2024-01-04 06:30:00,-0.05038917265864046,0.0,0.0
2024-01-04 06:45:00,0.009876738022904674,0.0,0.0
2024-01-04 07:00:00,0.07004427229527005,0.0,0.0
2024-01-04 07:15:00,0.12985595049026047,0.0,0.0
2024-01-04 07:30:00,0.18905580386192203,0.0,0.0
2024-01-04 07:45:00,0.24739048601068547,0.0,0.0
2024-01-04 08:00:00,0.3046103489220961,0.0,0.0
2024-01-04 08:15:00,0.360470503902205,2.0,1.36239327
2024-01-04 08:30:00,0.4147318849612403,4.0,2.71670112
2024-01-04 08:45:00,0.4671622639714795,6.0,4.06292355
2024-01-04 09:00:00,0.5175372379038713,8.0,5.38488972
2024-01-04 09:15:00,0.5656412032821102,10.0,6.670471499999999
2024-01-04 09:30:00,0.6112682715588332,12.0,7.95605328
2024-01-04 09:45:00,0.6542231446071491,15.0,9.854105625
2024-01-04 10:00:00,0.6943219629704173,17.0,11.064897269999998
2024-01-04 10:15:00,0.7313930861295135,20.0,12.896244900000001
2024-01-04 10:30:00,0.7652778228132225,23.0,14.69120814
2024-01-04 10:45:00,0.7958311202650294,264.80385019789924,167.53718961105045
2024-01-04 11:00:00,0.8229221795623564,286.9070934730405,179.78173725743133
2024-01-04 11:15:00,0.8464350126195874,307.1224720443731,191.2074916996102
2024-01-04 11:30:00,0.8662689460413544,261.02808776601137,160.9272812556111
2024-01-04 11:45:00,0.8823390478279929,272.1162438306273,166.66318960462206
2024-01-04 12:00:00,0.8945764896676704,126.0,76.407219
2024-01-04 12:15:00,0.9029288460357727,96.0,58.02097392
2024-01-04 12:30:00,0.9073603158751539,122.0,73.48838237999999
2024-01-04 12:45:00,0.9078518762534117,134.0,80.44588628999999
2024-01-04 13:00:00,0.9044013652175922,66.0,39.48919128
2024-01-04 13:15:00,0.8970234899294129,115.0,68.57446837500001
2024-01-04 13:30:00,0.8857497657672049,145.8857497657672,86.9916324667458
2024-01-04 13:45:00,0.8706283797480991,102.0,60.822571950000004
2024-01-04 14:00:00,0.8517239847969645,124.0,73.9411659
2024-01-04 14:15:00,0.8291174266149581,94.0,56.052174150000006
2024-01-04 14:30:00,0.8029053929177026,81.0,48.46400748
2024-01-04 14:45:00,0.7732000017050542,121.54640000341011,72.72377332015233
2024-01-04 15:00:00,0.7401283264154641,555.6031555172208,333.552151276892
2024-01-04 15:15:00,0.7038318443931121,97.0,58.42928763
2024-01-04 15:30:00,0.6644658349991444,454.0546501345029,275.3416911967884
2024-01-04 15:45:00,0.62219872124552,395.0097197026166,241.13337133478373
2024-01-04 16:00:00,0.577211338713931,333.90701990525906,205.18316576306088
2024-01-04 16:15:00,0.529696166539822,268.70512444786687,166.20342472946527
2024-01-04 16:30:00,0.47985651091214926,199.39293557918495,123.73447954038268
2024-01-04 16:45:00,0.42790562233752105,128.70667064827975,80.39001852471033
2024-01-04 17:00:00,0.3740657892837732,60.39910524264751,37.9693783804808
2024-01-04 17:15:00,0.3185673945824185,0.0,0.0
2024-01-04 17:30:00,0.26164791526436765,0.0,0.0
2024-01-04 17:45:00,0.20355091330602054,0.0,0.0
2024-01-04 18:00:00,0.14452500152300501,0.0,0.0
2024-01-04 18:15:00,0.08482276409918821,0.0,0.0
2024-01-04 18:30:00,0.024699683409120182,0.0,0.0
2024-01-04 18:45:00,-0.035586945054736474,0.0,0.0
2024-01-04 19:00:00,-0.09577912989364562,0.0,0.0
2024-01-04 19:15:00,-0.1556192797585456,0.0,0.0
2024-01-04 19:30:00,-0.21485129770740652,0.0,0.0
2024-01-04 19:45:00,-0.273221693205437,0.0,0.0
2024-01-04 20:00:00,-0.3304806588227398,0.0,0.0
2024-01-04 20:15:00,-0.3863831318066222,0.0,0.0
2024-01-04 20:30:00,-0.44068985821142975,0.0,0.0
2024-01-04 20:45:00,-0.4931684089321735,0.0,0.0
2024-01-04 21:00:00,-0.5435941677525996,0.0,0.0
2024-01-04 21:15:00,-0.5917513067563147,0.0,0.0
2024-01-04 21:30:00,-0.6374337026145936,0.0,0.0
2024-01-04 21:45:00,-0.6804458131884723,0.0,0.0
2024-01-04 22:00:00,-0.7206035267517782,0.0,0.0
2024-01-04 22:15:00,-0.7577349433540566,0.0,0.0
2024-01-04 22:30:00,-0.7916811063022656,0.0,0.0
2024-01-04 22:45:00,-0.8222966925256395,0.0,0.0
2024-01-04 23:00:00,-0.8494506290936419,0.0,0.0
2024-01-04 23:15:00,-0.8730266513639648,0.0,0.0
2024-01-04 23:30:00,-0.8929238080788582,0.0,0.0
2024-01-04 23:45:00,-0.9090568892351869,0.0,0.0
2024-01-05 00:00:00,-0.9213567895756204,0.0,0.0
2024-01-05 00:15:00,-0.9297708089075533,0.0,0.0
2024-01-05 00:30:00,-0.9342628749560624,0.0,0.0
2024-01-05 00:45:00,-0.9348136981800524,0.0,0.0
2024-01-05 01:00:00,-0.9314208557994035,0.0,0.0
2024-01-05 01:15:00,-0.9240988010425474,0.0,0.0
2024-01-05 01:30:00,-0.9128788033424129,0.0,0.0
2024-01-05 01:45:00,-0.8978088128273695,0.0,0.0
2024-01-05 02:00:00,-0.878953255614349,0.0,0.0
2024-01-05 02:15:00,-0.8563927616390955,0.0,0.0
2024-01-05 02:30:00,-0.8302238148505501,0.0,0.0
2024-01-05 02:45:00,-0.8005583423267759,0.0,0.0
2024-01-05 03:00:00,-0.7675232402904615,0.0,0.0
2024-01-05 03:15:00,-0.7312598233024329,0.0,0.0
2024-01-05 03:30:00,-0.6919232231015507,0.0,0.0
2024-01-05 03:45:00,-0.6496817308767462,0.0,0.0
2024-01-05 04:00:00,-0.6047160667147928,0.0,0.0
2024-01-05 04:15:00,-0.5572186111534949,0.0,0.0
2024-01-05 04:30:00,-0.5073925890087657,0.0,0.0
2024-01-05 04:45:00,-0.455451187093026,0.0,0.0
2024-01-05 05:00:00,-0.4016166480481795,0.0,0.0
2024-01-05 05:15:00,-0.34611932697604986,0.0,0.0
2024-01-05 05:30:00,-0.2891966914328139,0.0,0.0
2024-01-05 05:45:00,-0.23109231213907433,0.0,0.0
2024-01-05 06:00:00,-0.17205482888536322,0.0,0.0
2024-01-05 06:15:00,-0.11233687093594308,0.0,0.0
2024-01-05 06:30:00,-0.05219398364896463,0.0,0.0
2024-01-05 06:45:00,0.008116456906524905,0.0,0.0
2024-01-05 07:00:00,0.06833636142277996,0.0,0.0
2024-01-05 07:15:00,0.1282080237916401,0.0,0.0
2024-01-05 07:30:00,0.18747521597357258,0.0,0.0
2024-01-05 07:45:00,0.24588430053964666,0.0,0.0
2024-01-05 08:00:00,0.3031853079885663,0.0,0.0
2024-01-05 08:15:00,0.35913299904009244,82.08047182337701,59.397130419870116
2024-01-05 08:30:00,0.41348792955659985,157.31613745811194,113.2050669272645
2024-01-05 08:45:00,0.4660174673554191,236.18361576696273,169.00347015761466
2024-01-05 09:00:00,0.5164967811123047,307.0288358350615,218.45622390570202
2024-01-05 09:15:00,0.5647098167689844,373.6611133595489,263.60031416841696
2024-01-05 09:30:00,0.6104502147819497,436.4149859569742,305.2237664229146
2024-01-05 09:45:00,0.6535221876998242,498.70213201128007,345.76253848171973
2024-01-05 10:00:00,0.6937413704804021,552.0250798934875,379.38514282515416
2024-01-05 10:15:00,0.7309356029659041,602.0851530036667,408.92135237510826
2024-01-05 10:30:00,0.764945662435202,646.9483774253647,434.1604960336151
2024-01-05 10:45:00,0.7956259551786291,693.7270084118315,459.94408672496166
2024-01-05 11:00:00,0.8228451341197981,729.6817135029166,477.88243271925097
2024-01-05 11:15:00,0.8464866582040496,760.8120330437288,492.11878625699404
2024-01-05 11:30:00,0.8664492986637138,786.8858164882099,504.21245872924555
2024-01-05 11:45:00,0.8826475680866945,813.485137737517,514.679124435114
2024-01-05 12:00:00,0.8950120851021256,829.3403206772152,518.0048820058702
2024-01-05 12:15:00,0.9034898759014646,841.1943135234566,522.0081658049475
2024-01-05 12:30:00,0.9080445982693335,846.9183545116268,522.1364083975741
2024-01-05 12:45:00,0.9086566975509964,849.17072998651,518.3756012753882
2024-01-05 13:00:00,0.9053234918456479,844.4835264791028,512.10029959985
2024-01-05 13:15:00,0.898059182360111,835.5347784649751,504.9848082350969
2024-01-05 13:30:00,0.8868947946855473,823.1819442508286,497.518938737419
2024-01-05 13:45:00,0.8718780443600112,805.8400937947295,485.4088930321487
2024-01-05 14:00:00,0.8530731331511463,780.2875781132652,468.43974464477026
2024-01-05 14:15:00,0.8305604778707039,750.195757110555,451.8907594950333
2024-01-05 14:30:00,0.804436361481813,716.2245073306412,431.42770872656786
2024-01-05 14:45:00,0.7748125230907283,678.3996435187642,410.01466691603656
2024-01-05 15:00:00,0.741815684738771,634.3580497809802,384.6788447145099
2024-01-05 15:15:00,0.7055870014059373,585.4237730628886,358.5548290522592
2024-01-05 15:30:00,0.6662814604873712,533.7203403138315,331.2033514979849
2024-01-05 15:45:00,0.6240672246995895,479.7267211662147,300.6063820035095
2024-01-05 16:00:00,0.5791249020902043,417.8520614565426,265.21298905724376
2024-01-05 16:15:00,0.5316467780850087,353.26653940441014,227.07651327098088
2024-01-05 16:30:00,0.48183599969824253,283.03655584278437,184.22178906206042
2024-01-05 16:45:00,0.4299056936057341,209.85944825046568,138.71354552099064
2024-01-05 17:00:00,0.37607806019720735,133.2081206009371,89.12535810432868
2024-01-05 17:15:00,0.3205834304643258,0.0,0.0
2024-01-05 17:30:00,0.2636592660106768,0.0,0.0
2024-01-05 17:45:00,0.2055491498573152,0.0,0.0
2024-01-05 18:00:00,0.14650175224564121,0.0,0.0
2024-01-05 18:15:00,0.08676975093203854,0.0,0.0
2024-01-05 18:30:00,0.026608757597680166,0.0,0.0
2024-01-05 18:45:00,-0.03372376783226383,0.0,0.0
2024-01-05 19:00:00,-0.09396963502245617,0.0,0.0
2024-01-05 19:15:00,-0.1538710201081343,0.0,0.0
2024-01-05 19:30:00,-0.21317156105558333,0.0,0.0
2024-01-05 19:45:00,-0.2716174707919705,0.0,0.0
2024-01-05 20:00:00,-0.3289586151922249,0.0,0.0
2024-01-05 20:15:00,-0.38494957602696883,0.0,0.0
2024-01-05 20:30:00,-0.43935071673207743,0.0,0.0
2024-01-05 20:45:00,-0.4919291999918257,0.0,0.0
2024-01-05 21:00:00,-0.542459977575452,0.0,0.0
2024-01-05 21:15:00,-0.5907267676419832,0.0,0.0
2024-01-05 21:30:00,-0.6365229729968775,0.0,0.0
2024-01-05 21:45:00,-0.6796525596729124,0.0,0.0
2024-01-05 22:00:00,-0.7199309083561961,0.0,0.0
2024-01-05 22:15:00,-0.7571855979222655,0.0,0.0
2024-01-05 22:30:00,-0.7912571391139149,0.0,0.0
2024-01-05 22:45:00,-0.8219996672883672,0.0,0.0
2024-01-05 23:00:00,-0.8492815612125609,0.0,0.0
2024-01-05 23:15:00,-0.8729860035995504,0.0,0.0
2024-01-05 23:30:00,-0.8930114885971764,0.0,0.0
2024-01-05 23:45:00,-0.909272252054658,0.0,0.0
2024-01-06 00:00:00,-0.9216986373780188,0.0,0.0
2024-01-06 00:15:00,-0.9302373982666883,0.0,0.0
2024-01-06 00:30:00,-0.9348519239031413,0.0,0.0
2024-01-06 00:45:00,-0.9355223960812071,0.0,0.0
2024-01-06 01:00:00,-0.9322458755453725,0.0,0.0
2024-01-06 01:15:00,-0.92503631345193,0.0,0.0
2024-01-06 01:30:00,-0.91392449371463,0.0,0.0
2024-01-06 01:45:00,-0.8989578996253523,0.0,0.0
2024-01-06 02:00:00,-0.8802005111284112,0.0,0.0
2024-01-06 02:15:00,-0.8577325345920621,0.0,0.0
2024-01-06 02:30:00,-0.8316500548308595,0.0,0.0
2024-01-06 02:45:00,-0.8020646259359593,0.0,0.0
2024-01-06 03:00:00,-0.7691027989007624,0.0,0.0
2024-01-06 03:15:00,-0.7329055723003634,0.0,0.0
2024-01-06 03:30:00,-0.6936277925148392,0.0,0.0
2024-01-06 03:45:00,-0.6514374971793037,0.0,0.0
2024-01-06 04:00:00,-0.6065151857764911,0.0,0.0
2024-01-06 04:15:00,-0.5590530521349568,0.0,0.0
2024-01-06 04:30:00,-0.5092541690035765,0.0,0.0
2024-01-06 04:45:00,-0.4573316065070339,0.0,0.0
2024-01-06 05:00:00,-0.40350752640836574,0.0,0.0
2024-01-06 05:15:00,-0.34801223914972257,0.0,0.0
2024-01-06 05:30:00,-0.2910832039422434,0.0,0.0
2024-01-06 05:45:00,-0.23296401963594598,0.0,0.0
2024-01-06 06:00:00,-0.17390339038579322,0.0,0.0
2024-01-06 06:15:00,-0.11415404585368188,0.0,0.0
2024-01-06 06:30:00,-0.05397166732064118,0.0,0.0
2024-01-06 06:45:00,0.00638619816554728,0.0,0.0
2024-01-06 07:00:00,0.06666125616097418,0.0,0.0
2024-01-06 07:15:00,0.12659556205479572,0.0,0.0
2024-01-06 07:30:00,0.18593261696729108,0.0,0.0
2024-01-06 07:45:00,0.2444184814939213,0.0,0.0
2024-01-06 08:00:00,0.30180285434070114,0.0,0.0
2024-01-06 08:15:00,0.357840136000797,121.27852039223671,96.58789577345516
2024-01-06 08:30:00,0.4122904952818063,203.17094643814934,160.57611789905678
2024-01-06 08:45:00,0.4649208877574319,281.98712116452805,220.58848191569
2024-01-06 09:00:00,0.5155060465019491,355.12925487771037,274.933598982447
2024-01-06 09:15:00,0.5638294603188503,422.96786247713703,322.3230127788674
2024-01-06 09:30:00,0.609684293000698,487.4598495975089,365.557208989057
2024-01-06 09:45:00,0.6528742629484442,544.1430626296628,401.4657996320505
2024-01-06 10:00:00,0.6932144956609719,599.1055240504727,435.9617807641356
2024-01-06 10:15:00,0.7305323083553404,650.7670251597345,465.66263777018133
2024-01-06 10:30:00,0.7646679448055386,696.8504095262634,490.18655672269017
2024-01-06 10:45:00,0.7954752692214901,738.904206799703,510.8069978239799
2024-01-06 11:00:00,0.8228223862343463,774.969587955053,526.3401868908578
2024-01-06 11:15:00,0.8465922025946346,806.927283701441,541.5207178493804
2024-01-06 11:30:00,0.8666829358677637,834.414593473384,553.2205802736487
2024-01-06 11:45:00,0.8830085458895724,857.7717596677318,561.7710402252665
2024-01-06 12:00:00,0.8954991018022852,874.5906799454864,565.7146380355867
2024-01-06 12:15:00,0.9041010860004333,886.0606958623973,567.7607000695248
2024-01-06 12:30:00,0.9087776204749108,892.1666332164431,566.2630422539601
2024-01-06 12:45:00,0.9095086250883948,893.7479350813232,561.8469576253719
2024-01-06 13:00:00,0.9062909050621784,888.9750508470797,553.4557224827397
2024-01-06 13:15:00,0.8991381635293888,879.7114196293908,545.910186523865
2024-01-06 13:30:00,0.8880809449427749,865.041740842868,535.0582731067992
2024-01-06 13:45:00,0.8731665027496489,844.3425184856826,518.8416553219025
2024-01-06 14:00:00,0.8544585976444969,820.5949034894693,502.59022417631576
2024-01-06 14:15:00,0.8320372282838342,789.3529470311933,485.05100797885626
2024-01-06 14:30:00,0.8059982842041316,754.8305038260028,463.83724557060776
2024-01-06 14:45:00,0.7764531375208292,715.4203388553507,441.066136109322
2024-01-06 15:00:00,0.7435281712757796,671.0766075291033,415.0841211396691
2024-01-06 15:15:00,0.7073642309194395,622.7944839684237,390.25551068401785
2024-01-06 15:30:00,0.6681160251285545,569.1391957510439,361.23576073458827
2024-01-06 15:45:00,0.6259514698974079,511.08955389295335,328.52370921655444
2024-01-06 16:00:00,0.5810509596253812,449.38407941476993,292.4934513822324
2024-01-06 16:15:00,0.5336066000579666,382.9787164379101,253.14245348047004
2024-01-06 16:30:00,0.48382139329133017,313.5193364687195,210.39964761808585
2024-01-06 16:45:00,0.4319083564683193,238.6584531647547,163.05574866773284
2024-01-06 17:00:00,0.3780896163006306,159.91787496163838,110.8750230770773
2024-01-06 17:15:00,0.32259546625458674,0.0,0.0
2024-01-06 17:30:00,0.2656633667465225,0.0,0.0
2024-01-06 17:45:00,0.20753693592949268,0.0,0.0
2024-01-06 18:00:00,0.14846491535126874,0.0,0.0
2024-01-06 18:15:00,0.08870008992720746,0.0,0.0
2024-01-06 18:30:00,0.02849821389154958,0.0,0.0
2024-01-06 18:45:00,-0.03188307546078631,0.0,0.0
2024-01-06 19:00:00,-0.09218537648128866,0.0,0.0
2024-01-06 19:15:00,-0.15215062084585013,0.0,0.0
2024-01-06 19:30:00,-0.21152217003055507,0.0,0.0
2024-01-06 19:45:00,-0.27004592964804003,0.0,0.0
2024-01-06 20:00:00,-0.32747142877508145,0.0,0.0
2024-01-06 20:15:00,-0.3835528842672513,0.0,0.0
2024-01-06 20:30:00,-0.438050268218647,0.0,0.0
2024-01-06 20:45:00,-0.4907303271751886,0.0,0.0
2024-01-06 21:00:00,-0.5413675737569213,0.0,0.0
2024-01-06 21:15:00,-0.5897452659270312,0.0,0.0
2024-01-06 21:30:00,-0.635656327158185,0.0,0.0
2024-01-06 21:45:00,-0.6789042271478067,0.0,0.0
2024-01-06 22:00:00,-0.7193038353463067,0.0,0.0
2024-01-06 22:15:00,-0.7566822067280545,0.0,0.0
2024-01-06 22:30:00,-0.7908793177043898,0.0,0.0
2024-01-06 22:45:00,-0.8217487612180274,0.0,0.0
2024-01-06 23:00:00,-0.8491583678377079,0.0,0.0
2024-01-06 23:15:00,-0.8729907686879845,0.0,0.0
2024-01-06 23:30:00,-0.8931439053172906,0.0,0.0
2024-01-06 23:45:00,-0.9095314623509319,0.0,0.0
2024-01-07 00:00:00,-0.9220832357002336,0.0,0.0
2024-01-07 00:15:00,-0.9307454377029827,0.0,0.0
2024-01-07 00:30:00,-0.9354809246301228,0.0,0.0
2024-01-07 00:45:00,-0.936269356096447,0.0,0.0
2024-01-07 01:00:00,-0.9331072836889968,0.0,0.0
2024-01-07 01:15:00,-0.9260081646062582,0.0,0.0
2024-01-07 01:30:00,-0.9150023061195252,0.0,0.0
2024-01-07 01:45:00,-0.9001367342813156,0.0,0.0
2024-01-07 02:00:00,-0.8814749931584454,0.0,0.0
2024-01-07 02:15:00,-0.859096876470998,0.0,0.0
2024-01-07 02:30:00,-0.8330980814043158,0.0,0.0
2024-01-07 02:45:00,-0.8035898011425037,0.0,0.0
2024-01-07 03:00:00,-0.7706982539693644,0.0,0.0
2024-01-07 03:15:00,-0.7345641354709471,0.0,0.0
2024-01-07 03:30:00,-0.6953420200051553,0.0,0.0
2024-01-07 03:45:00,-0.653199705343035,0.0,0.0
2024-01-07 04:00:00,-0.6083174843124681,0.0,0.0
2024-01-07 04:15:00,-0.5608873781415828,0.0,0.0
2024-01-07 04:30:00,-0.5111123218339597,0.0,0.0
2024-01-07 04:45:00,-0.4592052831625481,0.0,0.0
2024-01-07 05:00:00,-0.40538835738345075,0.0,0.0
2024-01-07 05:15:00,-0.34989182457954393,0.0,0.0
2024-01-07 05:30:00,-0.2929531498823276,0.0,0.0
2024-01-07 05:45:00,-0.23481597426612172,0.0,0.0
2024-01-07 06:00:00,-0.1757290801096856,0.0,0.0
2024-01-07 06:15:00,-0.11594531096240368,0.0,0.0
2024-01-07 06:30:00,-0.05572049724059189,0.0,0.0
2024-01-07 06:45:00,0.004687630310348911,0.0,0.0
2024-01-07 07:00:00,0.06502055980094215,0.0,0.0
2024-01-07 07:15:00,0.1250200963104715,0.0,0.0
2024-01-07 07:30:00,0.1844294588987393,0.0,0.0
2024-01-07 07:45:00,0.2429943956072582,0.0,0.0
2024-01-07 08:00:00,0.30046426336111776,0.0,0.0
2024-01-07 08:15:00,0.3565930932210147,134.17187241548194,111.19568391822256
2024-01-07 08:30:00,0.4111406584340707,217.2918127561836,178.32490022255288
2024-01-07 08:45:00,0.46387349464804484,295.1911329172738,239.86780113615436
2024-01-07 09:00:00,0.5145658924031875,369.01152773928146,296.8695120680673
2024-01-07 09:15:00,0.5630008773198005,437.856624651698,346.9449615889505
2024-01-07 09:30:00,0.608971131366876,501.600117576092,391.3699955859263
2024-01-07 09:45:00,0.652279874494342,562.2147800974963,431.8455495931103
2024-01-07 10:00:00,0.6927417193506471,618.2046601836345,467.3545442511734
2024-01-07 10:15:00,0.7301834581044755,670.1163063050132,498.47180424987044
2024-01-07 10:30:00,0.7644447995145291,715.5958651766695,523.6233273796156
2024-01-07 10:45:00,0.7953790651505479,758.091988918837,543.9924264526677
2024-01-07 11:00:00,0.8228538117180222,795.0369919813741,560.8611476253521
2024-01-07 11:15:00,0.8467513951006137,826.9307751219609,576.6746266465947
2024-01-07 11:30:00,0.8669694814642015,855.0798008729222,587.6627425037851
2024-01-07 11:45:00,0.8834214810897703,878.2322418567556,596.4736287680898
2024-01-07 12:00:00,0.8960369177504919,895.4826288499614,600.9493120273527
2024-01-07 12:15:00,0.9047617350462391,907.2855544135573,603.3682971158917
2024-01-07 12:30:00,0.9095585250641793,913.6232476605853,602.0427558466376
2024-01-07 12:45:00,0.9104066889194116,914.513507651005,597.0837337563008
2024-01-07 13:00:00,0.9073025265136745,909.6789799758814,590.2497136166963
2024-01-07 13:15:00,0.9002592512539662,900.3434369274743,580.5524728362207
2024-01-07 13:30:00,0.8893069355615284,886.501984750029,569.8353997642376
2024-01-07 13:45:00,0.8744923806011422,865.52892919786,554.6045694911606
2024-01-07 14:00:00,0.8558789164813698,841.4086031628602,537.4482139066192
2024-01-07 14:15:00,0.8335461348091776,810.6934365415425,517.8289571288558
2024-01-07 14:30:00,0.8075895433894923,774.600230876985,494.774487700254
2024-01-07 14:45:00,0.7781201595561194,735.5238605689411,468.32777245180466
2024-01-07 15:00:00,0.7452640400395678,690.4176025141074,439.6074079729197
2024-01-07 15:15:00,0.7091617338842631,640.9866947288967,413.3160696432696
2024-01-07 15:30:00,0.6699676845124087,588.0137598240759,383.91281077701
2024-01-07 15:45:00,0.6278495749611988,529.4669693198126,348.8984700808406
2024-01-07 16:00:00,0.5829875999880624,467.0788735912139,311.56363145422944
2024-01-07 16:15:00,0.5355736998781735,399.7968370167925,270.72399738850635
2024-01-07 16:30:00,0.4858107461335343,329.25941961825714,226.28705920843714
2024-01-07 16:45:00,0.4339116607293716,253.53926852583757,176.2975466370793
2024-01-07 17:00:00,0.38009851108991993,172.8403895468672,121.93075317876519
2024-01-07 17:15:00,0.32460156749640984,0.0,0.0
2024-01-07 17:30:00,0.26765830332259666,0.0,0.0
2024-01-07 17:45:00,0.2095123858709313,0.0,0.0
2024-01-07 18:00:00,0.1504126417326609,0.0,0.0
2024-01-07 18:15:00,0.09061197644954411,0.0,0.0
2024-01-07 18:30:00,0.030366299869842267,0.0,0.0
2024-01-07 18:45:00,-0.030066560704555573,0.0,0.0
2024-01-07 19:00:00,-0.09042798009338882,0.0,0.0
2024-01-07 19:15:00,-0.15045963392007322,0.0,0.0
2024-01-07 19:30:00,-0.2099045961115707,0.0,0.0
2024-01-07 19:45:00,-0.2685084545433729,0.0,0.0
2024-01-07 20:00:00,-0.3260203916887968,0.0,0.0
2024-01-07 20:15:00,-0.3821942505094835,0.0,0.0
2024-01-07 20:30:00,-0.4367896034342525,0.0,0.0
2024-01-07 20:45:00,-0.48957277339679395,0.0,0.0
2024-01-07 21:00:00,-0.5403178272283975,0.0,0.0
2024-01-07 21:15:00,-0.5888075568544002,0.0,0.0
2024-01-07 21:30:00,-0.6348344015176717,0.0,0.0
2024-01-07 21:45:00,-0.6782013305302074,0.0,0.0
2024-01-07 22:00:00,-0.7187226990055315,0.0,0.0
2024-01-07 22:15:00,-0.7562250358325583,0.0,0.0
2024-01-07 22:30:00,-0.7905477818528324,0.0,0.0
2024-01-07 22:45:00,-0.8215439872929862,0.0,0.0
2024-01-07 23:00:00,-0.849080935202852,0.0,0.0
2024-01-07 23:15:00,-0.8730407066998701,0.0,0.0
2024-01-07 23:30:00,-0.8933206932804223,0.0,0.0
2024-01-07 23:45:00,-0.9098340318105139,0.0,0.0
2024-01-08 00:00:00,-0.9225099750811385,0.0,0.0
2024-01-08 00:15:00,-0.9312941993415503,0.0,0.0
2024-01-08 00:30:00,-0.9361490340919573,0.0,0.0
2024-01-08 00:45:00,-0.9370536237558795,0.0,0.0
2024-01-08 01:00:00,-0.9340040185599087,0.0,0.0
2024-01-08 01:15:00,-0.9270131903212484,0.0,0.0
2024-01-08 01:30:00,-0.9161109789930983,0.0,0.0
2024-01-08 01:45:00,-0.9013439634108287,0.0,0.0
2024-01-08 02:00:00,-0.8827752624458661,0.0,0.0
2024-01-08 02:15:00,-0.8604842684651748,0.0,0.0
2024-01-08 02:30:00,-0.834566302892565,0.0,0.0
2024-01-08 02:45:00,-0.8051322103478545,0.0,0.0
2024-01-08 03:00:00,-0.7723078892627793,0.0,0.0
2024-01-08 03:15:00,-0.7362337454490765,0.0,0.0
2024-01-08 03:30:00,-0.6970640948276858,0.0,0.0
2024-01-08 03:45:00,-0.6549665091857129,0.0,0.0
2024-01-08 04:00:00,-0.6101210887652102,0.0,0.0
2024-01-08 04:15:00,-0.5627196964769209,0.0,0.0
2024-01-08 04:30:00,-0.5129651439039596,0.0,0.0
2024-01-08 04:45:00,-0.46107031089166484,0.0,0.0
2024-01-08 05:00:00,-0.4072572405721229,0.0,0.0
2024-01-08 05:15:00,-0.35175619697551935,0.0,0.0
2024-01-08 05:30:00,-0.29480466529626004,0.0,0.0
2024-01-08 05:45:00,-0.23664634261369977,0.0,0.0
2024-01-08 06:00:00,-0.17753010316075074,0.0,0.0
2024-01-08 06:15:00,-0.11770891776886697,0.0,0.0
2024-01-08 06:30:00,-0.05743877893461327,0.0,0.0
2024-01-08 06:45:00,0.003022386360751722,0.0,0.0
2024-01-08 07:00:00,0.06341583673201628,0.0,0.0
2024-01-08 07:15:00,0.12348311545202446,0.0,0.0
2024-01-08 07:30:00,0.18296714865317185,0.0,0.0
2024-01-08 07:45:00,0.24161336153433044,0.0,0.0
2024-01-08 08:00:00,0.2991707597432947,0.0,0.0
2024-01-08 08:15:00,0.35539299601858,129.43654471798277,109.62598966948715
2024-01-08 08:30:00,0.41003944001491444,211.61814240686064,177.09073156135543
2024-01-08 08:45:00,0.46287620018114656,290.5250531023478,240.7742501726154
2024-01-08 09:00:00,0.513677118080944,364.78070980796605,299.3646325395958
2024-01-08 09:15:00,0.562224750622069,433.6817749366924,350.6499296708632
2024-01-08 09:30:00,0.6083112932361023,498.62515863384067,397.11199226694094
2024-01-08 09:45:00,0.6517394636883941,560.2224368501429,438.24206002577836
2024-01-08 10:00:00,0.6923233589147726,615.7051543101135,474.1768617245879
2024-01-08 10:15:00,0.7298892441328746,666.756411292279,505.40677715538925
2024-01-08 10:30:00,0.7642762920990482,713.8632689577757,532.4563314809094
2024-01-08 10:45:00,0.7953372817439983,757.0781570616945,555.5075096947812
2024-01-08 11:00:00,0.8229392227636603,793.9994220417669,572.9688285216212
2024-01-08 11:15:00,0.8469639220564955,825.8902051493544,587.634888061645
2024-01-08 11:30:00,0.8673084972055979,854.0565089319444,600.7702853250215
2024-01-08 11:45:00,0.8838858126599589,870.1749476471622,605.0727735676574
2024-01-08 12:00:00,0.8966248514715658,887.3779876111984,609.8600169302636
2024-01-08 12:15:00,0.9054710239763077,899.1825812739899,612.5201486144558
2024-01-08 12:30:00,0.9103863987530046,905.5697372390473,611.3796240164227
2024-01-08 12:45:00,0.9113498653982759,906.4667246857948,606.4883363177713
2024-01-08 13:00:00,0.9083572265330582,902.772220675744,598.5419906166782
2024-01-08 13:15:00,0.901421214643161,893.6174659742103,590.666029469516
2024-01-08 13:30:00,0.8905714396543833,879.9974388009958,578.1058474449658
2024-01-08 13:45:00,0.8758542606794617,858.4066485217074,562.1868410113211
2024-01-08 14:00:00,0.8573325881213343,833.6006574260502,544.2559227759332
2024-01-08 14:15:00,0.8350856180047279,804.0717993502409,523.3512857361451
2024-01-08 14:30:00,0.8092084884377885,769.340303779005,500.7453780579578
2024-01-08 14:45:00,0.7798118744905851,722.8584001874126,470.49140816648634
2024-01-08 15:00:00,0.7470215195523138,678.4980764239435,440.2468388456444
2024-01-08 15:15:00,0.710977689602835,629.8687724055162,413.78622754486946
2024-01-08 15:30:00,0.67183457649457,576.4056462777212,383.3246231583303
2024-01-08 15:45:00,0.6297596442643508,518.2090121310562,348.812297779485
2024-01-08 16:00:00,0.584932902194842,456.3023605583378,310.83163255489643
2024-01-08 16:15:00,0.5375461394165567,390.1678135966778,268.14700468992226
2024-01-08 16:30:00,0.487802111222875,319.3154435102734,222.03475470094781
2024-01-08 16:45:00,0.43591365888733585,243.9568294436679,171.11380487209655
2024-01-08 17:00:00,0.3821028048833407,165.10957988008616,117.14452126831755
2024-01-08 17:15:00,0.3265998105678559,0.0,0.0
2024-01-08 17:30:00,0.26964217643852845,0.0,0.0
2024-01-08 17:45:00,0.21147363280940035,0.0,0.0
2024-01-08 18:00:00,0.15234310495731762,0.0,0.0
2024-01-08 18:15:00,0.09250363228361658,0.0,0.0
2024-01-08 18:30:00,0.03221129315557897,0.0,0.0
2024-01-08 18:45:00,-0.028275882756076953,0.0,0.0
2024-01-08 19:00:00,-0.08869903484142269,0.0,0.0
2024-01-08 19:15:00,-0.1487995713017512,0.0,0.0
2024-01-08 19:30:00,-0.20832026779656715,0.0,0.0
2024-01-08 19:45:00,-0.26700638440383895,0.0,0.0
2024-01-08 20:00:00,-0.32460674762756914,0.0,0.0
2024-01-08 20:15:00,-0.380874817899141,0.0,0.0
2024-01-08 20:30:00,-0.435569760168623,0.0,0.0
2024-01-08 20:45:00,-0.4884574667131709,0.0,0.0
2024-01-08 21:00:00,-0.5393115523706816,0.0,0.0
2024-01-08 21:15:00,-0.5879143377295061,0.0,0.0
2024-01-08 21:30:00,-0.6340577733844203,0.0,0.0
2024-01-08 21:45:00,-0.6775443247272044,0.0,0.0
2024-01-08 22:00:00,-0.7181878299605613,0.0,0.0
2024-01-08 22:15:00,-0.7558142902645087,0.0,0.0
2024-01-08 22:30:00,-0.7902626102102849,0.0,0.0
2024-01-08 22:45:00,-0.8213852975590118,0.0,0.0
2024-01-08 23:00:00,-0.8490490890424649,0.0,0.0
2024-01-08 23:15:00,-0.8731355179292866,0.0,0.0
2024-01-08 23:30:00,-0.8935414287334513,0.0,0.0
2024-01-08 23:45:00,-0.9101794145588293,0.0,0.0
2024-01-09 00:00:00,-0.9229781899984043,0.0,0.0
2024-01-09 00:15:00,-0.9318829009961886,0.0,0.0
2024-01-09 00:30:00,-0.9368553569263559,0.0,0.0
2024-01-09 00:45:00,-0.9378741944947893,0.0,0.0
2024-01-09 01:00:00,-0.9349349708390178,0.0,0.0
2024-01-09 01:15:00,-0.9280501814280744,0.0,0.0
2024-01-09 01:30:00,-0.9172492086486819,0.0,0.0
2024-01-09 01:45:00,-0.9025781945535483,0.0,0.0
2024-01-09 02:00:00,-0.8840998438859651,0.0,0.0
2024-01-09 02:15:00,-0.8618931593000206,0.0,0.0
2024-01-09 02:30:00,-0.8360530986561832,0.0,0.0
2024-01-09 02:45:00,-0.8066901706851317,0.0,0.0
2024-01-09 03:00:00,-0.7739299670483555,0.0,0.0
2024-01-09 03:15:00,-0.7379126172746391,0.0,0.0
2024-01-09 03:30:00,-0.6987921926243214,0.0,0.0
2024-01-09 03:45:00,-0.6567360529227063,0.0,0.0
2024-01-09 04:00:00,-0.611924120062017,0.0,0.0
2024-01-09 04:15:00,-0.5645481129884077,0.0,0.0
2024-01-09 04:30:00,-0.5148107343077943,0.0,0.0
2024-01-09 04:45:00,-0.4629247903423866,0.0,0.0
2024-01-09 05:00:00,-0.4091122865106463,0.0,0.0
2024-01-09 05:15:00,-0.3536034850302615,0.0,0.0
2024-01-09 05:30:00,-0.29663590522806726,0.0,0.0
2024-01-09 05:45:00,-0.23845331412224047,0.0,0.0
2024-01-09 06:00:00,-0.1793046913456537,0.0,0.0
2024-01-09 06:15:00,-0.11944314817077581,0.0,0.0
2024-01-09 06:30:00,-0.059124851935511896,0.0,0.0
2024-01-09 06:45:00,0.0013920618608845303,0.0,0.0
2024-01-09 07:00:00,0.06184861054828114,0.0,0.0
2024-01-09 07:15:00,0.1219860644884231,0.0,0.0
2024-01-09 07:30:00,0.18154704627272458,0.0,0.0
2024-01-09 07:45:00,0.24027664842179255,0.0,0.0
2024-01-09 08:00:00,0.2979235160800854,0.0,0.0
2024-01-09 08:15:00,0.35424091530775825,121.98075642294299,96.65403346452479
2024-01-09 08:30:00,0.4089878045059924,200.3186827646127,157.1070863478695
2024-01-09 08:45:00,0.4619298581203899,276.594403952529,214.69266485816223
2024-01-09 09:00:00,0.5128404628430991,348.37120372281976,267.58911231043334
2024-01-09 09:15:00,0.5615017017443615,415.89064527395533,314.40782559387327
2024-01-09 09:30:00,0.6077052795894046,479.54780130437126,357.6851116391654
2024-01-09 09:45:00,0.6512534086801548,538.6500837795573,395.2355035556564
2024-01-09 10:00:00,0.6919596679580772,593.9561780189229,429.81347189855944
2024-01-09 10:15:00,0.7296497942818172,644.664582339681,459.99287982283477
2024-01-09 10:30:00,0.7641624240086706,690.8397864712487,485.95849489074163
2024-01-09 10:45:00,0.7953497939368906,732.4333742281677,507.81419706490146
2024-01-09 11:00:00,0.8230783682575746,769.4320236475747,525.6898006381284
2024-01-09 11:15:00,0.8472294072865163,800.7146490048478,540.5885388192909
2024-01-09 11:30:00,0.8676994833788672,828.3848407238129,552.5717471080234
2024-01-09 11:45:00,0.8844009194238457,851.1920256426134,560.9029697796609
2024-01-09 12:00:00,0.8972621629131602,868.2277331105837,566.8638596361433
2024-01-09 12:15:00,0.9062280969691631,879.9488839510309,569.1805044220275
2024-01-09 12:30:00,0.91126027355274,887.2468489329934,568.5207508210094
2024-01-09 12:45:00,0.9123370784640047,888.3144043237803,563.818011504095
2024-01-09 13:00:00,0.9094538255431066,884.7840735931408,556.2119031452154
2024-01-09 13:15:00,0.9026227756108393,874.8736119278095,548.2133464498846
2024-01-09 13:30:00,0.8918730860590047,860.6857774531043,539.3229649019531
2024-01-09 13:45:00,0.8772506845828947,840.6303599633592,525.0566258104944
2024-01-09 14:00:00,0.8588180731271173,816.3363585712447,508.2325186645717
2024-01-09 14:15:00,0.8366540639761821,786.5623437872308,492.87573519207183
2024-01-09 14:30:00,0.8108534378664853,392.49944511141155,246.74140263655815
2024-01-09 14:45:00,0.7815265404313985,261.5398218221214,165.47209070678656
2024-01-09 15:00:00,0.7487988149394702,664.0246377308498,421.4600697825388
2024-01-09 15:15:00,0.7128102578908961,614.6944832180261,396.3625297129303
2024-01-09 15:30:00,0.6737148234462906,562.3495509957346,367.1567087589136
2024-01-09 15:45:00,0.6316797707614087,498.3876765528844,330.43324239584626
2024-01-09 16:00:00,0.5868849379339182,438.21290841572517,294.08023935890185
2024-01-09 16:15:00,0.5395219773314692,371.8060160588536,251.7699031128657
2024-01-09 16:30:00,0.48979354250209917,57.30607730753988,39.152542952842005
2024-01-09 16:45:00,0.4379124084350373,32.0,22.057025760000002
2024-01-09 17:00:00,0.38410056704089096,17.0,11.820884040000001
2024-01-09 17:15:00,0.328588284982141,68.83153815685682,48.000875964813396
2024-01-09 17:30:00,0.27161310390449567,0.0,0.0
2024-01-09 17:45:00,0.2134188309172954,0.0,0.0
2024-01-09 18:00:00,0.15425450340901953,0.0,0.0
2024-01-09 18:15:00,0.09437330772751051,0.0,0.0
2024-01-09 18:30:00,0.034031503378960215,0.0,0.0
2024-01-09 18:45:00,-0.026512665398565005,0.0,0.0
2024-01-09 19:00:00,-0.08700009098947073,0.0,0.0
2024-01-09 19:15:00,-0.14717190314855816,0.0,0.0
2024-01-09 19:30:00,-0.20677056888963757,0.0,0.0
2024-01-09 19:45:00,-0.26554101078704023,0.0,0.0
2024-01-09 20:00:00,-0.3232316904414555,0.0,0.0
2024-01-09 20:15:00,-0.3795956775331815,0.0,0.0
2024-01-09 20:30:00,-0.4343917221279227,0.0,0.0
2024-01-09 20:45:00,-0.4873852792979873,0.0,0.0
2024-01-09 21:00:00,-0.5383495061541677,0.0,0.0
2024-01-09 21:15:00,-0.5870662471534364,0.0,0.0
2024-01-09 21:30:00,-0.6333269603115487,0.0,0.0
2024-01-09 21:45:00,-0.6769336041450794,0.0,0.0
2024-01-09 22:00:00,-0.717699497890663,0.0,0.0
2024-01-09 22:15:00,-0.7554501138955891,0.0,0.0
2024-01-09 22:30:00,-0.7900238203244498,0.0,0.0
2024-01-09 22:45:00,-0.8212725832842359,0.0,0.0
2024-01-09 23:00:00,-0.8490625949208402,0.0,0.0
2024-01-09 23:15:00,-0.8732748433476568,0.0,0.0
2024-01-09 23:30:00,-0.8938056297233316,0.0,0.0
2024-01-09 23:45:00,-0.9105670079320726,0.0,0.0
2024-01-10 00:00:00,-0.9234871597801779,0.0,0.0
2024-01-10 00:15:00,-0.9325107072138132,0.0,0.0
2024-01-10 00:30:00,-0.9375989466243045,0.0,0.0
2024-01-10 00:45:00,-0.9387300149529564,0.0,0.0
2024-01-10 01:00:00,-0.9358989849829433,0.0,0.0
2024-01-10 01:15:00,-0.9291178853085279,0.0,0.0
2024-01-10 01:30:00,-0.9184156509215377,0.0,0.0
2024-01-10 01:45:00,-0.903837997920482,0.0,0.0
2024-01-10 02:00:00,-0.8854472283544752,0.0,0.0
2024-01-10 02:15:00,-0.8633219671669862,0.0,0.0
2024-01-10 02:30:00,-0.8375568211502054,0.0,0.0
2024-01-10 02:45:00,-0.8082619761059907,0.0,0.0
2024-01-10 03:00:00,-0.7755627302782997,0.0,0.0
2024-01-10 03:15:00,-0.7395989505955068,0.0,0.0
2024-01-10 03:30:00,-0.7005244776210923,0.0,0.0
2024-01-10 03:45:00,-0.6585064734197863,0.0,0.0
2024-01-10 04:00:00,-0.6137246958755017,0.0,0.0
2024-01-10 04:15:00,-0.5663707344107615,0.0,0.0
2024-01-10 04:30:00,-0.5166471971340444,0.0,0.0
2024-01-10 04:45:00,-0.46476683129461943,0.0,0.0
2024-01-10 05:00:00,-0.41095161891906207,0.0,0.0
2024-01-10 05:15:00,-0.3554318346261505,0.0,0.0
2024-01-10 05:30:00,-0.2984450458677955,0.0,0.0
2024-01-10 05:45:00,-0.24023510326544303,0.0,0.0
2024-01-10 06:00:00,-0.1810511052705878,0.0,0.0
2024-01-10 06:15:00,-0.12114631652977681,0.0,0.0
2024-01-10 06:30:00,-0.06077709178396565,0.0,0.0
2024-01-10 06:45:00,-0.00020178702737108645,0.0,0.0
2024-01-10 07:00:00,0.06032036233856772,0.0,0.0
2024-01-10 07:15:00,0.12053034285745526,0.0,0.0
2024-01-10 07:30:00,0.1801704634199327,0.0,0.0
2024-01-10 07:45:00,0.23898547434023948,0.0,0.0
2024-01-10 08:00:00,0.29672365152297053,0.0,0.0
2024-01-10 08:15:00,0.3531378663325147,3.0,2.1042305549999996
2024-01-10 08:30:00,0.4079866587744623,4.0,2.7732990600000003
2024-01-10 08:45:00,0.46103526295931535,5.0,3.4261967249999996
2024-01-10 09:00:00,0.512056605207088,6.0,4.0750516800000005
2024-01-10 09:15:00,0.560832290240916,7.0,4.69762902
2024-01-10 09:30:00,0.6071535284634322,8.0,5.32020636
2024-01-10 09:45:00,0.650822024012045,9.0,5.93065557
2024-01-10 10:00:00,0.6916508360392336,10.0,6.528976650000001
2024-01-10 10:15:00,0.7294651722314804,11.0,7.115169600000001
2024-01-10 10:30:00,0.7641031326522146,12.0,7.71349068
2024-01-10 10:45:00,0.7954164130669877,14.0,8.94247452
2024-01-10 11:00:00,0.8232709341528008,69.0,43.655203934999996
2024-01-10 11:15:00,0.8475474126243303,138.0,87.31040786999999
2024-01-10 11:30:00,0.868141879484355,330.58411951234035,208.48709322382243
2024-01-10 11:45:00,0.8849661208691357,357.9134952068741,224.99924249531009
2024-01-10 12:00:00,0.8979480543986038,433.6295591228119,271.72097601901436
2024-01-10 12:15:00,0.9070320425302483,363.98686378303546,228.08146678306886
2024-01-10 12:30:00,0.9121791279971505,360.5435265274985,225.92380261983743
2024-01-10 12:45:00,0.9133672009912865,382.5868073992486,239.73656438185753
2024-01-10 13:00:00,0.9105910955335441,254.00960340074747,159.16751038345654
2024-01-10 13:15:00,0.9038626104680998,241.42403140714978,151.76914230455478
2024-01-10 13:30:00,0.8932104610326654,166.03889414929398,104.37892370265847
2024-01-10 13:45:00,0.8786801545327638,291.5629383893989,183.87788743836828
2024-01-10 14:00:00,0.8603337960623083,297.86573006053624,187.85282342939274
2024-01-10 14:15:00,0.8382498263217193,401.41594998065517,253.96949506039505
2024-01-10 14:30:00,0.8125226813437303,380.1313961389319,241.27147644811697
2024-01-10 14:45:00,0.7832623904019389,353.26410779892547,224.93273374526757
2024-01-10 15:00:00,0.7505941101252871,66.0,42.15737988
2024-01-10 15:15:00,0.7146575813250439,132.437124370476,84.86167459960707
2024-01-10 15:30:00,0.6756065345399475,115.836524156259,74.69280919419411
2024-01-10 15:45:00,0.6336080382771153,95.96968842104828,62.2704078618033
2024-01-10 16:00:00,0.5888417738598077,75.58884177385981,49.198986410943725
2024-01-10 16:15:00,0.5414992713738372,59.0,38.64022218
2024-01-10 16:30:00,0.49178309710222745,44.0,29.083255740000002
2024-01-10 16:45:00,0.43990597418573296,30.0,19.95077385
2024-01-10 17:00:00,0.3860898783393824,18.0,12.04323309
2024-01-10 17:15:00,0.3305650956618141,41.08972841823964,27.57490009163446
2024-01-10 17:30:00,0.27356922287780716,0.0,0.0
2024-01-10 17:45:00,0.21534615752273534,0.0,0.0
2024-01-10 18:00:00,0.15614506236772926,0.0,0.0
2024-01-10 18:15:00,0.09621928358651291,0.0,0.0
2024-01-10 18:30:00,0.03582527421703546,0.0,0.0
2024-01-10 18:45:00,-0.02477849506958618,0.0,0.0
2024-01-10 19:00:00,-0.08533265830498285,0.0,0.0
2024-01-10 19:15:00,-0.14557805615228492,0.0,0.0
2024-01-10 19:30:00,-0.20525683694768182,0.0,0.0
2024-01-10 19:45:00,-0.2641135764611461,0.0,0.0
2024-01-10 20:00:00,-0.3218963628209992,0.0,0.0
2024-01-10 20:15:00,-0.37835786720147796,0.0,0.0
2024-01-10 20:30:00,-0.43325641782589835,0.0,0.0
2024-01-10 20:45:00,-0.4863570264459771,0.0,0.0
2024-01-10 21:00:00,-0.5374323872953242,0.0,0.0
2024-01-10 21:15:00,-0.5862638643503888,0.0,0.0
2024-01-10 21:30:00,-0.6326424196447346,0.0,0.0
2024-01-10 21:45:00,-0.6763695023773837,0.0,0.0
2024-01-10 22:00:00,-0.7172579113009929,0.0,0.0
2024-01-10 22:15:00,-0.7551325893736164,0.0,0.0
2024-01-10 22:30:00,-0.7898313687390016,0.0,0.0
2024-01-10 22:45:00,-0.8212056751917152,0.0,0.0
2024-01-10 23:00:00,-0.8491211586041003,0.0,0.0
2024-01-10 23:15:00,-0.8734582651588121,0.0,0.0
2024-01-10 23:30:00,-0.8941127568163609,0.0,0.0
2024-01-10 23:45:00,-0.9109961532955806,0.0,0.0
2024-01-11 00:00:00,-0.9240361095701544,0.0,0.0
2024-01-11 00:15:00,-0.933176730379552,0.0,0.0
2024-01-11 00:30:00,-0.9383788067664518,0.0,0.0
2024-01-11 00:45:00,-0.9396199843368758,0.0,0.0
2024-01-11 01:00:00,-0.9368948607018275,0.0,0.0
2024-01-11 01:15:00,-0.9302150074844946,0.0,0.0
2024-01-11 01:30:00,-0.9196089228621567,0.0,0.0
2024-01-11 01:45:00,-0.9051219081895576,0.0,0.0
2024-01-11 02:00:00,-0.8868158746140122,0.0,0.0
2024-01-11 02:15:00,-0.8647690816973271,0.0,0.0
2024-01-11 02:30:00,-0.8390757979604213,0.0,0.0
2024-01-11 02:45:00,-0.8098458994921202,0.0,0.0
2024-01-11 03:00:00,-0.7772044047159771,0.0,0.0
2024-01-11 03:15:00,-0.7412909318419442,0.0,0.0
2024-01-11 03:30:00,-0.7022591048917953,0.0,0.0
2024-01-11 03:45:00,-0.660275902481225,0.0,0.0
2024-01-11 04:00:00,-0.6155209329514463,0.0,0.0
2024-01-11 04:15:00,-0.5681856706826771,0.0,0.0
2024-01-11 04:30:00,-0.5184726437988022,0.0,0.0
2024-01-11 04:45:00,-0.46659455490712654,0.0,0.0
2024-01-11 05:00:00,-0.4127733769683667,0.0,0.0
2024-01-11 05:15:00,-0.35723941110310437,0.0,0.0
2024-01-11 05:30:00,-0.3002302867540559,0.0,0.0
2024-01-11 05:45:00,-0.24198995173926374,0.0,0.0
2024-01-11 06:00:00,-0.18276763644847238,0.0,0.0
2024-01-11 06:15:00,-0.12281677170411645,0.0,0.0
2024-01-11 06:30:00,-0.06239391189697455,0.0,0.0
2024-01-11 06:45:00,-0.0017576452805265763,0.0,0.0
2024-01-11 07:00:00,0.05883252888932289,0.0,0.0
2024-01-11 07:15:00,0.11911730279647119,0.0,0.0
2024-01-11 07:30:00,0.17883866181043656,0.0,0.0
2024-01-11 07:45:00,0.23774100492275715,0.0,0.0
2024-01-11 08:00:00,0.29557223046462283,0.0,0.0
2024-01-11 08:15:00,0.3520848075505647,50.61681998525873,35.70778219429463
2024-01-11 08:30:00,0.4070368510695469,13.0,9.065777175000001
2024-01-11 08:45:00,0.46019314896121943,21.0,14.432474700000002
2024-01-11 09:00:00,0.5113261621937418,31.0,21.054433680000002
2024-01-11 09:15:00,0.5602170130685807,41.0,27.431808705
2024-01-11 09:30:00,0.6066564145154005,456.91970545595694,302.01619650956974
2024-01-11 09:45:00,0.6504455603130874,64.0,41.656083839999994
2024-01-11 10:00:00,0.6913969885669926,92.0,58.95079722
2024-01-11 10:15:00,0.7293353775161163,173.2187934059992,109.59277900744243
2024-01-11 10:30:00,0.7640982916027652,281.82998736330603,176.03064231898742
2024-01-11 10:45:00,0.7955368871529176,326.01811517364183,200.9944958950291
2024-01-11 11:00:00,0.8235165439169612,379.3494668575795,231.5735823571306
2024-01-11 11:15:00,0.847917438494336,771.2506483352422,466.13243492543944
2024-01-11 11:30:00,0.868635064972187,798.339805226359,477.66353447002473
2024-01-11 11:45:00,0.8855806780464417,820.828221763847,487.80045767981744
2024-01-11 12:00:00,0.8986816716633483,608.1118326082678,357.7000789799486
2024-01-11 12:15:00,0.9078818946677989,629.2562231206114,368.86556173692935
2024-01-11 12:30:00,0.9131418884357271,623.3126333171924,362.86159908063553
2024-01-11 12:45:00,0.914439056208318,622.337187340742,361.0357785860208
2024-01-11 13:00:00,0.9117677615948452,627.8839846916474,361.7152830847697
2024-01-11 13:15:00,0.9051393515772953,429.86192816798325,247.63751397641823
2024-01-11 13:30:00,0.8945821100184888,313.0848385224405,179.73099147111387
2024-01-11 13:45:00,0.8801411352215531,595.954237126537,342.11636186428274
2024-01-11 14:00:00,0.8618781474086924,361.5800453980515,206.83950204435865
2024-01-11 14:15:00,0.8398712281700247,611.961964271035,351.30583486609805
2024-01-11 14:30:00,0.8142144817806913,568.7306835785555,327.63788410790534
2024-01-11 14:45:00,0.7850176345156754,484.09835876043013,279.8609064600461
2024-01-11 15:00:00,0.752405570052284,473.4503794560897,274.6622407366882
2024-01-11 15:15:00,0.7165177875046642,193.35267202543844,113.73280759533621
2024-01-11 15:30:00,0.6775078079891013,180.7507807989101,107.4162793894036
2024-01-11 15:45:00,0.6355425237839639,150.11448695028503,90.42353129327923
2024-01-11 16:00:00,0.5908014739057332,119.81129432996693,73.13870997280578
2024-01-11 16:15:00,0.5434760806890362,374.3247417851353,232.2894588483453
2024-01-11 16:30:00,0.493768837684817,61.35668326675079,38.571351574950214
2024-01-11 16:45:00,0.4418924306084375,35.0,22.3561863
2024-01-11 17:00:00,0.38806883321224395,19.0,12.2898384
2024-01-11 17:15:00,0.3325283651628936,85.82129706616237,55.85904915383759
2024-01-11 17:30:00,0.27550869203081957,0.0,0.0
2024-01-11 17:45:00,0.2172538152440603,0.0,0.0
2024-01-11 18:00:00,0.15801303610225934,0.0,0.0
2024-01-11 18:15:00,0.09803987320205847,0.0,0.0
2024-01-11 18:30:00,0.03759098526302601,0.0,0.0
2024-01-11 18:45:00,-0.023074919011873002,0.0,0.0
2024-01-11 19:00:00,-0.0836982043453601,0.0,0.0
2024-01-11 19:15:00,-0.1440194119214186,0.0,0.0
2024-01-11 19:30:00,-0.2037803617792769,0.0,0.0
2024-01-11 19:45:00,-0.26272527396812134,0.0,0.0
2024-01-11 20:00:00,-0.3206018550090435,0.0,0.0
2024-01-11 20:15:00,-0.377162370214339,0.0,0.0
2024-01-11 20:30:00,-0.4321647195451965,0.0,0.0
2024-01-11 20:45:00,-0.48537346579989993,0.0,0.0
2024-01-11 21:00:00,-0.5365608355819075,0.0,0.0
2024-01-11 21:15:00,-0.5855077086029136,0.0,0.0
2024-01-11 21:30:00,-0.6320045480737396,0.0,0.0
2024-01-11 21:45:00,-0.6758522919014475,0.0,0.0
2024-01-11 22:00:00,-0.7168632173965077,0.0,0.0
2024-01-11 22:15:00,-0.7548617381184934,0.0,0.0
2024-01-11 22:30:00,-0.7896851511204313,0.0,0.0
2024-01-11 22:45:00,-0.8211843437901448,0.0,0.0
2024-01-11 23:00:00,-0.8492244265443967,0.0,0.0
2024-01-11 23:15:00,-0.873685307416068,0.0,0.0
2024-01-11 23:30:00,-0.8944622138413498,0.0,0.0
2024-01-11 23:45:00,-0.9114661369584001,0.0,0.0
2024-01-12 00:00:00,-0.9246242113622524,0.0,0.0
2024-01-12 00:15:00,-0.933880031885667,0.0,0.0
2024-01-12 00:30:00,-0.9391938923287129,0.0,0.0
2024-01-12 00:45:00,-0.9405429558461114,0.0,0.0
2024-01-12 01:00:00,-0.9379213545032754,0.0,0.0
2024-01-12 01:15:00,-0.9313402132737989,0.0,0.0
2024-01-12 01:30:00,-0.9208276044978325,0.0,0.0
2024-01-12 01:45:00,-0.9064284263645314,0.0,0.0
2024-01-12 02:00:00,-0.8882042112511751,0.0,0.0
2024-01-12 02:15:00,-0.8662328659732886,0.0,0.0
2024-01-12 02:30:00,-0.840608333866196,0.0,0.0
2024-01-12 02:45:00,-0.8114401947804035,0.0,0.0
2024-01-12 03:00:00,-0.778853201130488,0.0,0.0
2024-01-12 03:15:00,-0.7429867364847944,0.0,0.0
2024-01-12 03:30:00,-0.7039942226284464,0.0,0.0
2024-01-12 03:45:00,-0.6620424691534739,0.0,0.0
2024-01-12 04:00:00,-0.617310949370481,0.0,0.0
2024-01-12 04:15:00,-0.569991037209969,0.0,0.0
2024-01-12 04:30:00,-0.5202851952949554,0.0,0.0
2024-01-12 04:45:00,-0.468406096019261,0.0,0.0
2024-01-12 05:00:00,-0.41457571751439654,0.0,0.0
2024-01-12 05:15:00,-0.35902440144367476,0.0,0.0
2024-01-12 05:30:00,-0.301989852964357,0.0,0.0
2024-01-12 05:45:00,-0.2437161304673208,0.0,0.0
2024-01-12 06:00:00,-0.18445260928532337,0.0,0.0
2024-01-12 06:15:00,-0.12445289894829867,0.0,0.0
2024-01-12 06:30:00,-0.06397376547317826,0.0,0.0
2024-01-12 06:45:00,-0.003274040842681125,0.0,0.0
2024-01-12 07:00:00,0.05738650098625897,0.0,0.0
2024-01-12 07:15:00,0.11774824772890953,0.0,0.0
2024-01-12 07:30:00,0.17755285173781338,0.0,0.0
2024-01-12 07:45:00,0.236544352001636,0.0,0.0
2024-01-12 08:00:00,0.29447026133159976,0.0,0.0
2024-01-12 08:15:00,0.35108263952435326,106.6325689158562,75.22425444297777
2024-01-12 08:30:00,0.40613917007235834,184.01883300850918,129.07268370398253
2024-01-12 08:45:00,0.45940418936438826,254.35162765236393,177.89068727238245
2024-01-12 09:00:00,0.5106496886019745,324.9851249943097,225.97714572250825
2024-01-12 09:15:00,0.5596563040725888,10.0,6.913034099999999
2024-01-12 09:30:00,0.6062142486561592,13.0,8.960666715
2024-01-12 09:45:00,0.6501242040808051,15.0,10.278590175000001
2024-01-12 10:00:00,0.6911981867325148,18.0,12.261539430000001
2024-01-12 10:15:00,0.7292603456231481,12.0,8.1258471
2024-01-12 10:30:00,0.7641477107983603,23.0,15.481557945
2024-01-12 10:45:00,0.7957109012971078,27.0,18.11942622
2024-01-12 11:00:00,0.8238147590639695,28.0,18.677320199999997
2024-01-12 11:15:00,0.8483389246223272,30.0,19.8901332
2024-01-12 11:30:00,0.8691783600790193,17.0,11.202349409999998
2024-01-12 11:45:00,0.8862437945289625,75.0,49.1189265
2024-01-12 12:00:00,0.8994621049523668,97.0,63.13500206999999
2024-01-12 12:15:00,0.9087766341188948,130.0,84.088368
2024-01-12 12:30:00,0.9141474303924196,35.0,22.568428575000002
2024-01-12 12:45:00,0.9155514191781042,35.0,22.497681150000002
2024-01-12 13:00:00,0.9129825035116201,35.0,22.3561863
2024-01-12 13:15:00,0.9064515890388856,35.0,22.3561863
2024-01-12 13:30:00,0.8959865394172981,35.0,22.285438875000004
2024-01-12 13:45:00,0.8816320557031179,33.0,21.011985225
2024-01-12 14:00:00,0.8634494855470372,32.0,20.31057504
2024-01-12 14:15:00,0.841516564226938,29.0,18.465077925
2024-01-12 14:30:00,0.8159270774662579,27.0,17.191624275000002
2024-01-12 14:45:00,0.7867904621333393,26.0,16.554897450000002
2024-01-12 15:00:00,0.7542313428702805,635.9869772957645,406.2355242513709
2024-01-12 15:15:00,0.7183889912649083,588.326242527297,376.98153285251334
2024-01-12 15:30:00,0.6794167333733001,538.424130895163,347.18247260468394
2024-01-12 15:45:00,0.6374812997303476,482.84980251690604,313.29948688386594
2024-01-12 16:00:00,0.5927621016232868,423.5894587340337,275.70434385570513
2024-01-12 16:15:00,0.5454504681906323,362.17942482790113,237.93028716372567
2024-01-12 16:30:00,0.49574883476374254,295.2851429119099,195.17848471658007
2024-01-12 16:45:00,0.44386986403111495,230.07304840609507,153.00451192433687
2024-01-12 17:00:00,0.39003554200609303,156.172226450096,104.80559758428323
2024-01-12 17:15:00,0.3344762358552721,80.22972340690968,53.67918109642457
2024-01-12 17:30:00,0.2774296937080432,0.0,0.0
2024-01-12 17:45:00,0.21914003419400854,0.0,0.0
2024-01-12 18:00:00,0.15985670994318607,0.0,0.0
2024-01-12 18:15:00,0.09983342442305668,0.0,0.0
2024-01-12 18:30:00,0.039327053914075344,0.0,0.0
2024-01-12 18:45:00,-0.02140344355803317,0.0,0.0
2024-01-12 19:00:00,-0.08209815275442811,0.0,0.0
2024-01-12 19:15:00,-0.14249730539767927,0.0,0.0
2024-01-12 19:30:00,-0.2023423839680614,0.0,0.0
2024-01-12 19:45:00,-0.26137724427989023,0.0,0.0
2024-01-12 20:00:00,-0.3193492035633607,0.0,0.0
2024-01-12 20:15:00,-0.37601011441430987,0.0,0.0
2024-01-12 20:30:00,-0.4311174424637328,0.0,0.0
2024-01-12 20:45:00,-0.4844352964693518,0.0,0.0
2024-01-12 21:00:00,-0.5357354311880183,0.0,0.0
2024-01-12 21:15:00,-0.5847982387724355,0.0,0.0
2024-01-12 21:30:00,-0.6314136812441262,0.0,0.0
2024-01-12 21:45:00,-0.675382183860384,0.0,0.0
2024-01-12 22:00:00,-0.7165155020373236,0.0,0.0
2024-01-12 22:15:00,-0.7546375204557975,0.0,0.0
2024-01-12 22:30:00,-0.7895850025756548,0.0,0.0
2024-01-12 22:45:00,-0.821208299784607,0.0,0.0
2024-01-12 23:00:00,-0.8493719864401376,0.0,0.0
2024-01-12 23:15:00,-0.8739554367112219,0.0,0.0
2024-01-12 23:30:00,-0.8948533487303609,0.0,0.0
2024-01-12 23:45:00,-0.9119761911494285,0.0,0.0
2024-01-13 00:00:00,-0.9252505851316719,0.0,0.0
2024-01-13 00:15:00,-0.9346196233871176,0.0,0.0
2024-01-13 00:30:00,-0.9400431110504242,0.0,0.0
2024-01-13 00:45:00,-0.9414977381606301,0.0,0.0
2024-01-13 01:00:00,-0.9389771812920688,0.0,0.0
2024-01-13 01:15:00,-0.9324921294954862,0.0,0.0
2024-01-13 01:30:00,-0.9220702406281062,0.0,0.0
2024-01-13 01:45:00,-0.907756021649681,0.0,0.0
2024-01-13 02:00:00,-0.8896106386273275,0.0,0.0
2024-01-13 02:15:00,-0.8677116585645128,0.0,0.0
2024-01-13 02:30:00,-0.8421527129618336,0.0,0.0
2024-01-13 02:45:00,-0.8130430991518306,0.0,0.0
2024-01-13 03:00:00,-0.7805073175347271,0.0,0.0
2024-01-13 03:15:00,-0.7446845312964914,0.0,0.0
2024-01-13 03:30:00,-0.7057279743994421,0.0,0.0
2024-01-13 03:45:00,-0.6638043019565405,0.0,0.0
2024-01-13 04:00:00,-0.6190928668657347,0.0,0.0
2024-01-13 04:15:00,-0.5717849571553448,0.0,0.0
2024-01-13 04:30:00,-0.5220829844755441,0.0,0.0
2024-01-13 04:45:00,-0.4701996053833278,0.0,0.0
2024-01-13 05:00:00,-0.4163568173404642,0.0,0.0
2024-01-13 05:15:00,-0.3607850164563715,0.0,0.0
2024-01-13 05:30:00,-0.3037219971902644,0.0,0.0
2024-01-13 05:45:00,-0.24541194171977532,0.0,0.0
2024-01-13 06:00:00,-0.18610438311133332,0.0,0.0
2024-01-13 06:15:00,-0.12605312184028322,0.0,0.0
2024-01-13 06:30:00,-0.06551514732777819,0.0,0.0
2024-01-13 06:45:00,-0.004749546380280079,0.0,0.0
2024-01-13 07:00:00,0.055983621848380793,0.0,0.0
2024-01-13 07:15:00,0.11642443079287523,0.0,0.0
2024-01-13 07:30:00,0.17631419074311944,0.0,0.0
2024-01-13 07:45:00,0.23539657235899322,0.0,0.0
2024-01-13 08:00:00,0.2934186954803366,0.0,0.0
2024-01-13 08:15:00,0.3501322039042599,52.26255937090469,39.298521079349115
2024-01-13 08:30:00,0.4052943439915263,23.0,17.155239885
2024-01-13 08:45:00,0.4586689957061917,191.6087546088061,141.3678996728834
2024-01-13 09:00:00,0.5100276764738458,264.1514580601722,193.28768112361342
2024-01-13 09:15:00,0.5591505335850293,331.74715932232425,240.7377817442796
2024-01-13 09:30:00,0.6058272777647753,396.17586638180256,285.8899084152973
2024-01-13 09:45:00,0.6498580775735586,458.01569807869384,327.73756177200977
2024-01-13 10:00:00,0.6910544274885164,514.1285070277195,365.8111523697016
2024-01-13 10:15:00,0.7292399481174956,565.6738054462521,400.19965125273313
2024-01-13 10:30:00,0.7642511368491751,616.6830423838751,435.0408375471124
2024-01-13 10:45:00,0.7959380781529405,665.8307351297995,467.0204591060786
2024-01-13 11:00:00,0.8241650797972438,703.2996447681356,490.45829744035177
2024-01-13 11:15:00,0.8488112507892721,736.4917956030039,512.1167124843819
2024-01-13 11:30:00,0.8697710267282653,764.9423167411339,531.8996719697586
2024-01-13 11:45:00,0.8869546174589116,832.6679256321229,577.3092938619291
2024-01-13 12:00:00,0.900288390194486,854.1511878593973,590.477628822752
2024-01-13 12:15:00,0.909715189653532,867.9105061364941,598.2351372258528
2024-01-13 12:30:00,0.9151945799948626,357.83749485914205,246.65096381256134
2024-01-13 12:45:00,0.9167030183401518,355.3392950077849,244.92899948521725
2024-01-13 13:00:00,0.9142339574161787,339.39239174017825,233.25105272202913
2024-01-13 13:15:00,0.9077978724604512,330.90729788938404,227.41958118256665
2024-01-13 13:30:00,0.8974222184614036,395.8174213722772,272.02975808450617
2024-01-13 13:45:00,0.8831513113447256,361.33135440087676,248.32883955749466
2024-01-13 14:00:00,0.8650461387965762,298.3210441823515,205.62734238375702
2024-01-13 14:15:00,0.8431841028558851,354.1277662168712,244.09391443052456
2024-01-13 14:30:00,0.8176586841842786,292.73709604856316,202.3701527318692
2024-01-13 14:45:00,0.7885790440604414,292.7899117546377,202.40666440958015
2024-01-13 15:00:00,0.756069562204105,667.6359975743046,462.88857112374535
2024-01-13 15:15:00,0.7202692969934797,620.2505902489012,431.28884135728333
2024-01-13 15:30:00,0.6813313939240273,567.7238710187166,395.9121624295481
2024-01-13 15:45:00,0.6394224363596623,514.2206887971149,360.67962846001177
2024-01-13 16:00:00,0.5947217224710559,453.3843798926733,318.9248725598482
2024-01-13 16:15:00,0.5474205028155931,388.51717828227044,276.43656159917913
2024-01-13 16:30:00,0.49772116897698626,319.7056239789282,229.41468935306386
2024-01-13 16:45:00,0.4458363749693769,250.2431692348722,181.59307100420307
2024-01-13 17:00:00,0.3919881332042732,172.9154312836452,126.877020191654
2024-01-13 17:15:00,0.33640687220245924,94.73764932859022,69.70542530172766
2024-01-13 17:30:00,0.27933043611654906,0.0,0.0
2024-01-13 17:45:00,0.22100307389328608,0.0,0.0
2024-01-13 18:00:00,0.16167440219599782,0.0,0.0
2024-01-13 18:15:00,0.10159832149215291,0.0,0.0
2024-01-13 18:30:00,0.04103193719642351,0.0,0.0
2024-01-13 18:45:00,-0.019765532367433336,0.0,0.0
2024-01-13 19:00:00,-0.08053388165625627,0.0,0.0
2024-01-13 19:15:00,-0.14101302335317747,0.0,0.0
2024-01-13 19:30:00,-0.20094409349301515,0.0,0.0
2024-01-13 19:45:00,-0.26007057558004887,0.0,0.0
2024-01-13 20:00:00,-0.3181393902909379,0.0,0.0
2024-01-13 20:15:00,-0.37490197109291334,0.0,0.0
2024-01-13 20:30:00,-0.43011534375941674,0.0,0.0
2024-01-13 20:45:00,-0.48354315835289374,0.0,0.0
2024-01-13 21:00:00,-0.5349566940998427,0.0,0.0
2024-01-13 21:15:00,-0.5841358528188044,0.0,0.0
2024-01-13 21:30:00,-0.6308700935287901,0.0,0.0
2024-01-13 21:45:00,-0.6749593279722961,0.0,0.0
2024-01-13 22:00:00,-0.7162147897742703,0.0,0.0
2024-01-13 22:15:00,-0.7544598357981819,0.0,0.0
2024-01-13 22:30:00,-0.7895306979276242,0.0,0.0
2024-01-13 22:45:00,-0.8212771945457386,0.0,0.0
2024-01-13 23:00:00,-0.8495633678439808,0.0,0.0
2024-01-13 23:15:00,-0.8742680629589512,0.0,0.0
2024-01-13 23:30:00,-0.8952854544499369,0.0,0.0
2024-01-13 23:45:00,-0.9125254950730607,0.0,0.0
2024-01-14 00:00:00,-0.9259143000088363,0.0,0.0
2024-01-14 00:15:00,-0.9353944681055584,0.0,0.0
2024-01-14 00:30:00,-0.9409253248648402,0.0,0.0
2024-01-14 00:45:00,-0.9424830969873732,0.0,0.0
2024-01-14 01:00:00,-0.9400610160231925,0.0,0.0
2024-01-14 01:15:00,-0.9336693462209388,0.0,0.0
2024-01-14 01:30:00,-0.9233353426773762,0.0,0.0
2024-01-14 01:45:00,-0.9091031333948822,0.0,0.0
2024-01-14 02:00:00,-0.8910335309104154,0.0,0.0
2024-01-14 02:15:00,-0.8692037756271905,0.0,0.0
2024-01-14 02:30:00,-0.8437072008095317,0.0,0.0
2024-01-14 02:45:00,-0.8146528351993786,0.0,0.0
2024-01-14 03:00:00,-0.7821649413848956,0.0,0.0
2024-01-14 03:15:00,-0.7463824765672565,0.0,0.0
2024-01-14 03:30:00,-0.7074585014204738,0.0,0.0
2024-01-14 03:45:00,-0.6655595312292983,0.0,0.0
2024-01-14 04:00:00,-0.6208648130970874,0.0,0.0
2024-01-14 04:15:00,-0.573565563747475,0.0,0.0
2024-01-14 04:30:00,-0.5238641583524248,0.0,0.0
2024-01-14 04:45:00,-0.4719732519140853,0.0,0.0
2024-01-14 05:00:00,-0.41811487532196934,0.0,0.0
2024-01-14 05:15:00,-0.36251949289307994,0.0,0.0
2024-01-14 05:30:00,-0.3054250018498563,0.0,0.0
2024-01-14 05:45:00,-0.2470757211420525,0.0,0.0
2024-01-14 06:00:00,-0.1877213540964331,0.0,0.0
2024-01-14 06:15:00,-0.12761590417517843,0.0,0.0
2024-01-14 06:30:00,-0.06701659561549617,0.0,0.0
2024-01-14 06:45:00,-0.006182780887066197,0.0,0.0
2024-01-14 07:00:00,0.05462518556072307,0.0,0.0
2024-01-14 07:15:00,0.11514705339236732,0.0,0.0
2024-01-14 07:30:00,0.17512378221822483,0.0,0.0
2024-01-14 07:45:00,0.23429866650069042,0.0,0.0
2024-01-14 08:00:00,0.29241842605631746,0.0,0.0
2024-01-14 08:15:00,0.3492342825167386,118.3256447774044,94.23618467741792
2024-01-14 08:30:00,0.40450303981901947,197.12730104254032,155.00259542795033
2024-01-14 08:45:00,0.45798811710281834,277.85559511841905,216.23324664117789
2024-01-14 09:00:00,0.5094605545833063,350.31824106873336,269.084660706686
2024-01-14 09:15:00,0.5587000080397347,418.12250542682096,317.78543037584393
2024-01-14 09:30:00,0.6054956844687062,482.7733798708746,362.0427189347588
2024-01-14 09:45:00,0.6496472387036725,543.6808431309021,403.32272057473926
2024-01-14 10:00:00,0.6909656436797369,599.3176867253908,439.75047036224123
2024-01-14 10:15:00,0.7292739929357186,651.0046742072892,472.4122476103867
2024-01-14 10:30:00,0.7644082534842276,698.6317494337196,502.7370696360683
2024-01-14 10:45:00,0.7962179784844372,740.747461496616,528.5516955168227
2024-01-14 11:00:00,0.8245669456753234,779.496077465908,549.8977644894691
2024-01-14 11:15:00,0.849333737655793,812.3590253006884,569.7968942225755
2024-01-14 11:30:00,0.8704122695021299,839.8893934739084,585.711545606181
2024-01-14 11:45:00,0.8877122386574532,865.8181371782824,600.2931564918705
2024-01-14 12:00:00,0.9011595102547917,883.4621113933891,608.9545796558741
2024-01-14 12:15:00,0.9106964394501159,896.8407242941066,614.5505504846192
2024-01-14 12:30:00,0.9162821154608236,903.8121104548794,617.5006934426407
2024-01-14 12:45:00,0.9178925371133777,905.3790266814209,614.9110539524816
2024-01-14 13:00:00,0.9155207174996411,902.2790600996699,610.9818069918024
2024-01-14 13:15:00,0.9091767127581002,893.624222311936,603.3148178237086
2024-01-14 13:30:00,0.8988875811104833,880.5832491349818,592.7304607338953
2024-01-14 13:45:00,0.8846972657859988,861.420420067901,579.8317455777152
2024-01-14 14:00:00,0.8666664074349744,832.7997682468671,558.8834798808225
2024-01-14 14:15:00,0.8448720882027891,803.8669259712656,539.466942808687
2024-01-14 14:30:00,0.819407497417802,769.5233377483233,517.9747888426292
2024-01-14 14:45:00,0.7903815347995367,730.5665937884033,491.7525675833236
2024-01-14 15:00:00,0.7579183494171023,687.1355768115318,462.518662977336
2024-01-14 15:15:00,0.7221568009233469,639.279949553451,435.47535045878067
2024-01-14 15:30:00,0.6832498688326043,587.7673963777574,403.9494322717551
2024-01-14 15:45:00,0.6413640040036444,532.1539150347623,370.03116006223166
2024-01-14 16:00:00,0.5966784061523094,471.01177402351044,330.3724555550086
2024-01-14 16:15:00,0.5493842618368542,407.08745543069233,288.82676047870956
2024-01-14 16:30:00,0.4996839333853207,338.3075154316603,243.44689327650946
2024-01-14 16:45:00,0.44779008038439533,266.32874260372955,193.80417678207425
2024-01-14 17:00:00,0.39392475566398,190.20587066851945,140.33285951238528
2024-01-14 17:15:00,0.338318462794148,111.77403574750878,82.69221220639645
2024-01-14 17:30:00,0.28120915532956714,0.0,0.0
2024-01-14 17:45:00,0.2228412254145647,0.0,0.0
2024-01-14 18:00:00,0.1634644661580309,0.0,0.0
2024-01-14 18:15:00,0.10333298691226488,0.0,0.0
2024-01-14 18:30:00,0.04270413353322572,0.0,0.0
2024-01-14 18:45:00,-0.018162604744496158,0.0,0.0
2024-01-14 19:00:00,-0.07900672210058929,0.0,0.0
2024-01-14 19:15:00,-0.13956780294261922,0.0,0.0
2024-01-14 19:30:00,-0.19958662841370145,0.0,0.0
2024-01-14 19:45:00,-0.2588063020550549,0.0,0.0
2024-01-14 20:00:00,-0.31697334115733433,0.0,0.0
2024-01-14 20:15:00,-0.37383875411641776,0.0,0.0
2024-01-14 20:30:00,-0.4291591218193663,0.0,0.0
2024-01-14 20:45:00,-0.4826976315019197,0.0,0.0
2024-01-14 21:00:00,-0.5342250836638173,0.0,0.0
2024-01-14 21:15:00,-0.58352088752593,0.0,0.0
2024-01-14 21:30:00,-0.6303739978388224,0.0,0.0
2024-01-14 21:45:00,-0.6745838124765976,0.0,0.0
2024-01-14 22:00:00,-0.7159610439372743,0.0,0.0
2024-01-14 22:15:00,-0.7543285228771087,0.0,0.0
2024-01-14 22:30:00,-0.7895219521686268,0.0,0.0
2024-01-14 22:45:00,-0.8213906206825207,0.0,0.0
2024-01-14 23:00:00,-0.8497980428903005,0.0,0.0
2024-01-14 23:15:00,-0.874622540250397,0.0,0.0
2024-01-14 23:30:00,-0.8957577699705322,0.0,0.0
2024-01-14 23:45:00,-0.9131131760224364,0.0,0.0
2024-01-15 00:00:00,-0.9266143755310131,0.0,0.0
2024-01-15 00:15:00,-0.9362034822031626,0.0,0.0
2024-01-15 00:30:00,-0.941839351393982,0.0,0.0
2024-01-15 00:45:00,-0.9434977566632251,0.0,0.0
2024-01-15 01:00:00,-0.941171495409629,0.0,0.0
2024-01-15 01:15:00,-0.9348704185807428,0.0,0.0
2024-01-15 01:30:00,-0.9246213905880273,0.0,0.0
2024-01-15 01:45:00,-0.9104681730753421,0.0,0.0
2024-01-15 02:00:00,-0.8924712381110845,0.0,0.0
2024-01-15 02:15:00,-0.8707075129865544,0.0,0.0
2024-01-15 02:30:00,-0.8452700465727573,0.0,0.0
2024-01-15 02:45:00,-0.8162676131307711,0.0,0.0
2024-01-15 03:00:00,-0.783824251822667,0.0,0.0
2024-01-15 03:15:00,-0.7480787283945037,0.0,0.0
2024-01-15 03:30:00,-0.7091839448758446,0.0,0.0
2024-01-15 03:45:00,-0.6673062913977147,0.0,0.0
2024-01-15 04:00:00,-0.6226249239459007,0.0,0.0
2024-01-15 04:15:00,-0.5753310025310787,0.0,0.0
2024-01-15 04:30:00,-0.5256268802719516,0.0,0.0
2024-01-15 04:45:00,-0.4737252248704201,0.0,0.0
2024-01-15 05:00:00,-0.41984811458946714,0.0,0.0
2024-01-15 05:15:00,-0.36422609562343417,0.0,0.0
2024-01-15 05:30:00,-0.30709718113892515,0.0,0.0
2024-01-15 05:45:00,-0.24870583969743343,0.0,0.0
2024-01-15 06:00:00,-0.1893019571674709,0.0,0.0
2024-01-15 06:15:00,-0.12913975172932862,0.0,0.0
2024-01-15 06:30:00,-0.06847669358117328,0.0,0.0
2024-01-15 06:45:00,-0.007572411319567457,0.0,0.0
2024-01-15 07:00:00,0.053312435486682214,0.0,0.0
2024-01-15 07:15:00,0.11391726377905777,0.0,0.0
2024-01-15 07:30:00,0.1739826741886109,0.0,0.0
2024-01-15 07:45:00,0.23325157754581152,0.0,0.0
2024-01-15 08:00:00,0.2914702870659395,0.0,0.0
2024-01-15 08:15:00,0.3483895965149134,124.34916451613807,98.02798412180213
2024-01-15 08:30:00,0.40376586257827957,202.86827712217786,157.87649042638543
2024-01-15 08:45:00,0.45736203971162076,279.7196736825449,215.42226193969722
2024-01-15 09:00:00,0.5089486879873107,352.05713524012,268.2854338774414
2024-01-15 09:15:00,0.558304969677699,419.64737938083533,315.55135421998557
2024-01-15 09:30:00,0.6052195870501718,483.9946397854749,360.0235945181132
2024-01-15 09:45:00,0.6494916811250291,544.1601194228973,399.2785024851736
2024-01-15 10:00:00,0.6909317042370191,600.3634999811412,434.4500989765679
2024-01-15 10:15:00,0.7293622246957219,651.2651109245791,467.3354858439981
2024-01-15 10:30:00,0.7646186820000168,698.3381676080141,495.46786072163934
2024-01-15 10:45:00,0.7965501017539552,741.4227378136634,520.0414596930881
2024-01-15 11:00:00,0.8250197363918985,779.3673285520869,540.3546699170535
2024-01-15 11:15:00,0.8499056476969271,811.5661208025682,557.7575002790576
2024-01-15 11:30:00,0.871101236707527,840.1200118000668,573.9851058208178
2024-01-15 11:45:00,0.8885156958165672,864.5492831930761,585.432940470128
2024-01-15 12:00:00,0.9020743962380358,882.3001469540408,592.1026820973667
2024-01-15 12:15:00,0.9117192125245552,895.7816755225908,599.3393064482949
2024-01-15 12:30:00,0.9174087686486863,902.8508846940887,600.4191273601397
2024-01-15 12:45:00,0.9191186155550022,905.346482157267,598.4187107702078
2024-01-15 13:00:00,0.9168413377679805,902.327713422078,592.7755064283924
2024-01-15 13:15:00,0.9105865840083933,894.7396572877218,587.7906059859674
2024-01-15 13:30:00,0.9003810279802795,879.8486406019558,576.2296094513651
2024-01-15 13:45:00,0.8862682529728678,861.6178419523369,562.5482771330198
2024-01-15 14:00:00,0.8683085658078106,838.3460177928373,545.6595625641962
2024-01-15 14:15:00,0.8465787423544278,809.3016594377951,528.3911637275618
2024-01-15 14:30:00,0.8211716945426049,775.8099195029497,508.09267218715075
2024-01-15 14:45:00,0.7921960747616166,737.4574085940367,482.9748833281461
2024-01-15 15:00:00,0.7597758158751963,693.7703402304161,455.7657474748471
2024-01-15 15:15:00,0.7240495933944665,646.3409145504348,429.8333805399299
2024-01-15 15:30:00,0.6851702355453411,594.4510182007275,398.9300505811837
2024-01-15 15:45:00,0.6433040754142039,538.4142258426943,365.6776325926952
2024-01-15 16:00:00,0.5986302289165748,478.40143688018304,328.78650639128045
2024-01-15 16:15:00,0.5513398331976495,413.46242640759925,288.33524831124083
2024-01-15 16:30:00,0.5016352357156038,346.0171166151055,244.09877663567877
2024-01-15 16:45:00,0.4497291158492312,273.65263902198177,195.81479207319842
2024-01-15 17:00:00,0.395843580742113,197.75454984949818,143.5038411718606
2024-01-15 17:15:00,0.34020922256080544,119.46485899384969,86.93312041854469
2024-01-15 17:30:00,0.28306411740186693,0.0,0.0
2024-01-15 17:45:00,0.22465281331613607,0.0,0.0
2024-01-15 18:00:00,0.16522529200439517,0.0,0.0
2024-01-15 18:15:00,0.10503588329093745,0.0,0.0
2024-01-15 18:30:00,0.044342184438907,0.0,0.0
2024-01-15 18:45:00,-0.016596034068071197,0.0,0.0
2024-01-15 19:00:00,-0.07751795657558383,0.0,0.0
2024-01-15 19:15:00,-0.1381628303595897,0.0,0.0
2024-01-15 19:30:00,-0.19827107362239427,0.0,0.0
2024-01-15 19:45:00,-0.25758540274170927,0.0,0.0
2024-01-15 20:00:00,-0.3158519252741244,0.0,0.0
2024-01-15 20:15:00,-0.3728212190762079,0.0,0.0
2024-01-15 20:30:00,-0.4282494155734267,0.0,0.0
2024-01-15 20:45:00,-0.48189923557937697,0.0,0.0
2024-01-15 21:00:00,-0.5335409981406299,0.0,0.0
2024-01-15 21:15:00,-0.5829536182056771,0.0,0.0
2024-01-15 21:30:00,-0.6299255454632222,0.0,0.0
2024-01-15 21:45:00,-0.6742556641692881,0.0,0.0
2024-01-15 22:00:00,-0.7157541668605496,0.0,0.0
2024-01-15 22:15:00,-0.7542433601347877,0.0,0.0
2024-01-15 22:30:00,-0.7895584209397836,0.0,0.0
2024-01-15 22:45:00,-0.8215481126817019,0.0,0.0
2024-01-15 23:00:00,-0.8500754270742583,0.0,0.0
2024-01-15 23:15:00,-0.8750181677540015,0.0,0.0
2024-01-15 23:30:00,-0.8962694813337564,0.0,0.0
2024-01-15 23:45:00,-0.913738310575779,0.0,0.0
2024-01-16 00:00:00,-0.9273497829577159,0.0,0.0
2024-01-16 00:15:00,-0.9370455362234112,0.0,0.0
2024-01-16 00:30:00,-0.942783965497679,0.0,0.0
2024-01-16 00:45:00,-0.9445404018130499,0.0,0.0
2024-01-16 01:00:00,-0.9423072196830502,0.0,0.0
2024-01-16 01:15:00,-0.9360938686141915,0.0,0.0
2024-01-16 01:30:00,-0.9259268347488914,0.0,0.0
2024-01-16 01:45:00,-0.9118495262801432,0.0,0.0
2024-01-16 02:00:00,-0.8939220881583245,0.0,0.0
2024-01-16 02:15:00,-0.8722211482921454,0.0,0.0
2024-01-16 02:30:00,-0.8468394852060375,0.0,0.0
2024-01-16 02:45:00,-0.8178856330196949,0.0,0.0
2024-01-16 03:00:00,-0.7854834219525367,0.0,0.0
2024-01-16 03:15:00,-0.7497714409585766,0.0,0.0
2024-01-16 03:30:00,-0.7109024481472164,0.0,0.0
2024-01-16 03:45:00,-0.6690427232348873,0.0,0.0
2024-01-16 04:00:00,-0.624371345754981,0.0,0.0
2024-01-16 04:15:00,-0.5770794335922419,0.0,0.0
2024-01-16 04:30:00,-0.527369332184479,0.0,0.0
2024-01-16 04:45:00,-0.4754537360656316,0.0,0.0
2024-01-16 05:00:00,-0.4215547846989574,0.0,0.0
2024-01-16 05:15:00,-0.3659031196181889,0.0,0.0
2024-01-16 05:30:00,-0.30873688301743324,0.0,0.0
2024-01-16 05:45:00,-0.2503007055920874,0.0,0.0
2024-01-16 06:00:00,-0.19084466781752407,0.0,0.0
2024-01-16 06:15:00,-0.1306232140257201,0.0,0.0
2024-01-16 06:30:00,-0.06989407119343224,0.0,0.0
2024-01-16 06:45:00,-0.008917154166004054,0.0,0.0
2024-01-16 07:00:00,0.05204656297999313,0.0,0.0
2024-01-16 07:15:00,0.11273615579454375,0.0,0.0
2024-01-16 07:30:00,0.17289185812623364,0.0,0.0
2024-01-16 07:45:00,0.2322561901819899,0.0,0.0
2024-01-16 08:00:00,0.29057505244663884,0.0,0.0
2024-01-16 08:15:00,0.3475988055620112,124.79842614090951,96.86857830607032
2024-01-16 08:30:00,0.40308335471089435,202.5659261369262,155.59390609807244
2024-01-16 08:45:00,0.4567911862675427,278.03761414327573,211.3167832977545
2024-01-16 09:00:00,0.5084923777303156,348.73979705960477,261.5278919520899
2024-01-16 09:15:00,0.5579655964246202,416.068811990194,308.65535785998094
2024-01-16 09:30:00,0.6049990393937307,479.2043074028798,350.64841225010605
2024-01-16 09:45:00,0.6493913343265272,538.8880227538341,388.8743877263868
2024-01-16 10:00:00,0.6909524143902221,593.1614549538853,422.0444352179654
2024-01-16 10:15:00,0.7295043251150896,644.8165206436829,453.5842781338277
2024-01-16 10:30:00,0.7648819818288513,690.6764548270908,480.25919303937286
2024-01-16 10:45:00,0.7969338868878499,732.9876716284482,503.7536202947375
2024-01-16 11:00:00,0.8255227726409073,771.7282438796667,524.138746120881
2024-01-16 11:15:00,0.8505261861803948,803.7619914663866,539.3965223264986
2024-01-16 11:30:00,0.8718370214922828,832.1912750851471,553.4286643055636
2024-01-16 11:45:00,0.8893639737408772,854.980756498085,563.3995984186868
2024-01-16 12:00:00,0.9030319288702069,871.7287359831862,569.1496562368238
2024-01-16 12:15:00,0.9127822902246858,885.1551903631159,572.5481183412596
2024-01-16 12:30:00,0.9185732266675922,893.1459165875061,574.1060586231488
2024-01-16 12:45:00,0.9203798520749558,894.86414597991,571.5928445919218
2024-01-16 13:00:00,0.9181943338564724,891.884066473964,566.0836955968686
2024-01-16 13:15:00,0.9120259253597165,883.559410599824,557.2280165128583
2024-01-16 13:30:00,0.9019009283461723,870.808934583209,547.4265521229416
2024-01-16 13:45:00,0.887862579219532,851.9734206638226,533.8636274550356
2024-01-16 14:00:00,0.8699708644591353,828.9242150463348,517.74498297184
2024-01-16 14:15:00,0.848302267508521,800.2644840699559,499.8441524049427
2024-01-16 14:30:00,0.8229494370492936,763.9135664253432,478.68355718912693
2024-01-16 14:45:00,0.7940207925359409,724.5655073152623,454.027274422165
2024-01-16 15:00:00,0.761640065226794,682.353053812105,427.57610469739393
2024-01-16 15:15:00,0.725945761184553,634.934446231196,402.996366114361
2024-01-16 15:30:00,0.6870905721229184,582.8693745395076,373.4849380894211
2024-01-16 15:45:00,0.6452407280670936,528.3495831380519,341.75426291968546
2024-01-16 16:00:00,0.6005752758416487,469.20729529588726,307.2927820120331
2024-01-16 16:15:00,0.5532853177016424,405.168309683084,268.6283882671797
2024-01-16 16:30:00,0.5035732006067711,337.64749356466945,226.59180918566494
2024-01-16 16:45:00,0.451651637796052,268.0204131185194,182.0328391254861
2024-01-16 17:00:00,0.39774280447632876,192.83617751139238,132.52872634180378
2024-01-16 17:15:00,0.34207739483433763,115.9128314761296,79.89663468073529
2024-01-16 17:30:00,0.28489362040068106,0.0,0.0
2024-01-16 17:45:00,0.22643619759017672,0.0,0.0
2024-01-16 18:00:00,0.16695530859858648,0.0,0.0
2024-01-16 18:15:00,0.1067055150311653,0.0,0.0
2024-01-16 18:30:00,0.045944676183835326,0.0,0.0
2024-01-16 18:45:00,-0.015067146247472296,0.0,0.0
2024-01-16 19:00:00,-0.07606881755726852,0.0,0.0
2024-01-16 19:15:00,-0.1367992394859762,0.0,0.0
2024-01-16 19:30:00,-0.19699845965929497,0.0,0.0
2024-01-16 19:45:00,-0.25640880053831544,0.0,0.0
2024-01-16 20:00:00,-0.3147759540439862,0.0,0.0
2024-01-16 20:15:00,-0.37185006251546393,0.0,0.0
2024-01-16 20:30:00,-0.42738680385737177,0.0,0.0
2024-01-16 20:45:00,-0.4811484293273991,0.0,0.0
2024-01-16 21:00:00,-0.5329047743950603,0.0,0.0
2024-01-16 21:15:00,-0.5824342585139806,0.0,0.0
2024-01-16 21:30:00,-0.6295248261106157,0.0,0.0
2024-01-16 21:45:00,-0.6739748485568651,0.0,0.0
2024-01-16 22:00:00,-0.7155940001570202,0.0,0.0
2024-01-16 22:15:00,-0.754204066113726,0.0,0.0
2024-01-16 22:30:00,-0.7896397010918244,0.0,0.0
2024-01-16 22:45:00,-0.8217491476099053,0.0,0.0
2024-01-16 23:00:00,-0.850394880093092,0.0,0.0
2024-01-16 23:15:00,-0.8754541907367376,0.0,0.0
2024-01-16 23:30:00,-0.8968197227807504,0.0,0.0
2024-01-16 23:45:00,-0.9143999258613282,0.0,0.0
2024-01-17 00:00:00,-0.9281194466585754,0.0,0.0
2024-01-17 00:15:00,-0.9379194565851781,0.0,0.0
2024-01-17 00:30:00,-0.9437579008785819,0.0,0.0
2024-01-17 00:45:00,-0.9456096790600059,0.0,0.0
2024-01-17 01:00:00,-0.9434667543944197,0.0,0.0
2024-01-17 01:15:00,-0.9373381871633738,0.0,0.0
2024-01-17 01:30:00,-0.9272500979736908,0.0,0.0
2024-01-17 01:45:00,-0.9132455547728502,0.0,0.0
2024-01-17 02:00:00,-0.8953843890110496,0.0,0.0
2024-01-17 02:15:00,-0.8737429431708817,0.0,0.0
2024-01-17 02:30:00,-0.8484137396848536,0.0,0.0
2024-01-17 02:45:00,-0.8195050870091333,0.0,0.0
2024-01-17 03:00:00,-0.7871406210706743,0.0,0.0
2024-01-17 03:15:00,-0.751458768784938,0.0,0.0
2024-01-17 03:30:00,-0.7126121591254987,0.0,0.0
2024-01-17 03:45:00,-0.6707669761567507,0.0,0.0
2024-01-17 04:00:00,-0.6261022376526924,0.0,0.0
2024-01-17 04:15:00,-0.5788090338570993,0.0,0.0
2024-01-17 04:30:00,-0.5290897168393974,0.0,0.0
2024-01-17 04:45:00,-0.47715702199011434,0.0,0.0
2024-01-17 05:00:00,-0.42323316368919267,0.0,0.0
2024-01-17 05:15:00,-0.36754889206320773,0.0,0.0
2024-01-17 05:30:00,-0.3103424911782496,0.0,0.0
2024-01-17 05:45:00,-0.25185876620469,0.0,0.0
2024-01-17 06:00:00,-0.19234800394941554,0.0,0.0
2024-01-17 06:15:00,-0.13206488606332978,0.0,0.0
2024-01-17 06:30:00,-0.07126740675191115,0.0,0.0
2024-01-17 06:45:00,-0.010215776897222362,0.0,0.0
2024-01-17 07:00:00,0.05082870591422084,0.0,0.0
2024-01-17 07:15:00,0.11160476760918853,0.0,0.0
2024-01-17 07:30:00,0.17185226783530322,0.0,0.0
2024-01-17 07:45:00,0.23131332965682644,0.0,0.0
2024-01-17 08:00:00,0.28973343516933886,0.0,0.0
2024-01-17 08:15:00,0.3468625071876421,111.34660195503865,84.17655796246535
2024-01-17 08:30:00,0.40245599552588823,186.98239821035529,139.4664302422278
2024-01-17 08:45:00,0.4562759156428201,261.59423373705283,192.47403169014396
2024-01-17 09:00:00,0.5080918605753937,332.16900355200215,241.04389994677373
2024-01-17 09:15:00,0.5576820017499708,398.68575311298144,286.08933137171016
2024-01-17 09:30:00,0.604834031026702,461.70647722226414,326.6454436929634
2024-01-17 09:45:00,0.6493460638125507,522.4252423279117,364.32237211847894
2024-01-17 10:00:00,0.6910275160737804,577.7988571839255,397.0984470474247
2024-01-17 10:15:00,0.7296999135184665,629.0847321984778,427.2587991346262
2024-01-17 10:30:00,0.7651976511904333,675.7493068594893,453.4885077354317
2024-01-17 10:45:00,0.7973687130262965,718.0318195336683,476.0582844121009
2024-01-17 11:00:00,0.8260753170336435,756.0771909912269,493.64103255793106
2024-01-17 11:15:00,0.8511945022254708,785.8129378871993,508.29021154015345
2024-01-17 11:30:00,0.8726186630271608,813.7068128773041,521.3985361137221
2024-01-17 11:45:00,0.8902560056807574,845.205797010428,534.7482816744123
2024-01-17 12:00:00,0.9040309399416725,863.7794746682051,541.2615376055644
2024-01-17 12:15:00,0.9138844077954532,876.1848917535443,545.4928592561096
2024-01-17 12:30:00,0.9197741335430903,883.2780753875228,546.3380775469335
2024-01-17 12:45:00,0.9216748052022332,884.2122514351898,543.3412840719326
2024-01-17 13:00:00,0.9195781848924838,881.4245845543105,538.0649413157571
2024-01-17 13:15:00,0.9134931429705251,874.1819109578263,531.8766249638712
2024-01-17 13:30:00,0.9034456221473691,859.742484356127,523.0912756091693
2024-01-17 13:45:00,0.8894785252866124,838.7357955246395,508.61483818881226
2024-01-17 14:00:00,0.8716515322666106,815.235272346085,492.7160882860031
2024-01-17 14:15:00,0.8500408481623822,787.084843482512,475.7023872554804
2024-01-17 14:30:00,0.8247388727717595,754.6053920010497,456.0722892623363
2024-01-17 14:45:00,0.7958538071831027,721.3337828050738,435.9634229140431
2024-01-17 15:00:00,0.7635091957282225,681.604558888599,411.9516701565469
2024-01-17 15:15:00,0.7278433898294572,635.0025552533951,387.6368082024164
2024-01-17 15:30:00,0.6890089594885869,583.9819436036548,360.0326205919545
2024-01-17 15:45:00,0.6471720464568915,526.9073143780997,328.04055421206107
2024-01-17 16:00:00,0.6025116431116776,467.9631734643977,294.1810268549177
2024-01-17 16:15:00,0.5552188313401085,404.6683345277711,257.6631838219056
2024-01-17 16:30:00,0.5054959718367927,337.78109518656527,217.12261080014702
2024-01-17 16:45:00,0.45355582566286057,266.3954735190247,173.39050280476548
2024-01-17 17:00:00,0.3996206497129618,192.24029352915693,126.29041052115443
2024-01-17 17:15:00,0.34392125335632967,116.42500598004827,76.95495962383575
2024-01-17 17:30:00,0.2866959963149356,0.0,0.0
2024-01-17 17:45:00,0.2281897755358221,0.0,0.0
2024-01-17 18:00:00,0.1686529853296272,0.0,0.0
2024-01-17 18:15:00,0.10834043007908499,0.0,0.0
2024-01-17 18:30:00,0.04751024140473406,0.0,0.0
2024-01-17 18:45:00,-0.013577218202398517,0.0,0.0
2024-01-17 19:00:00,-0.07466048617420337,0.0,0.0
2024-01-17 19:15:00,-0.13547811068599508,0.0,0.0
2024-01-17 19:30:00,-0.1957697616345228,0.0,0.0
2024-01-17 19:45:00,-0.2552773612003428,0.0,0.0
2024-01-17 20:00:00,-0.3137461803005617,0.0,0.0
2024-01-17 20:15:00,-0.3709259212352512,0.0,0.0
2024-01-17 20:30:00,-0.42657180485064067,0.0,0.0
2024-01-17 20:45:00,-0.4804456102394462,0.0,0.0
2024-01-17 21:00:00,-0.5323166876570495,0.0,0.0
2024-01-17 21:15:00,-0.5819629603978687,0.0,0.0
2024-01-17 21:30:00,-0.629171867932369,0.0,0.0
2024-01-17 21:45:00,-0.6737412700494154,0.0,0.0
2024-01-17 22:00:00,-0.715480325037939,0.0,0.0
2024-01-17 22:15:00,-0.7542102999666851,0.0,0.0
2024-01-17 22:30:00,-0.7897653313615411,0.0,0.0
2024-01-17 22:45:00,-0.8219931459290032,0.0,0.0
2024-01-17 23:00:00,-0.8507557068029996,0.0,0.0
2024-01-17 23:15:00,-0.8759298016160889,0.0,0.0
2024-01-17 23:30:00,-0.8974075779534596,0.0,0.0
2024-01-17 23:45:00,-0.9150970008581845,0.0,0.0
2024-01-18 00:00:00,-0.9289222455411406,0.0,0.0
2024-01-18 00:15:00,-0.9388240271374056,0.0,0.0
2024-01-18 00:30:00,-0.9447598517475255,0.0,0.0
2024-01-18 00:45:00,-0.9467041987850756,0.0,0.0
2024-01-18 01:00:00,-0.9446486322677786,0.0,0.0
2024-01-18 01:15:00,-0.9386018358043144,0.0,0.0
2024-01-18 01:30:00,-0.9285895775123822,0.0,0.0
2024-01-18 01:45:00,-0.9146545985718262,0.0,0.0
2024-01-18 02:00:00,-0.8968564307863597,0.0,0.0
2024-01-18 02:15:00,-0.8752711454004402,0.0,0.0
2024-01-18 02:30:00,-0.8499910231898163,0.0,0.0
2024-01-18 02:45:00,-0.8211241615618703,0.0,0.0
2024-01-18 03:00:00,-0.7887940169470208,0.0,0.0
2024-01-18 03:15:00,-0.7531388690213399,0.0,0.0
2024-01-18 03:30:00,-0.7143112324795549,0.0,0.0
2024-01-18 03:45:00,-0.6724772104905922,0.0,0.0
2024-01-18 04:00:00,-0.6278157737053675,0.0,0.0
2024-01-18 04:15:00,-0.5805179992158225,0.0,0.0
2024-01-18 04:30:00,-0.5307862599060383,0.0,0.0
2024-01-18 04:45:00,-0.4788333459588578,0.0,0.0
2024-01-18 05:00:00,-0.4248815601425314,0.0,0.0
2024-01-18 05:15:00,-0.36916177432295944,0.0,0.0
2024-01-18 05:30:00,-0.31191242699306865,0.0,0.0
2024-01-18 05:45:00,-0.25337850987119787,0.0,0.0
2024-01-18 06:00:00,-0.1938105275754486,0.0,0.0
2024-01-18 06:15:00,-0.13346340989093203,0.0,0.0
2024-01-18 06:30:00,-0.07259542838200472,0.0,0.0
2024-01-18 06:45:00,-0.011467099369256661,0.0,0.0
2024-01-18 07:00:00,0.04965994741885241,0.0,0.0
2024-01-18 07:15:00,0.11052408052186859,0.0,0.0
2024-01-18 07:30:00,0.1708647784018022,0.0,0.0
2024-01-18 07:45:00,0.2304237609140311,0.0,0.0
2024-01-18 08:00:00,0.2889460865760448,0.0,0.0
2024-01-18 08:15:00,0.3461812361331545,144.39469489700085,119.08415890943907
2024-01-18 08:30:00,0.4018842007268366,224.94210036341832,183.69388706915936
2024-01-18 08:45:00,0.45581652254393357,300.75501439109655,242.5651281936915
2024-01-18 09:00:00,0.5077473087976886,380.25267536483284,303.6071304117723
2024-01-18 09:15:00,0.557454234616171,449.17140820826955,355.9104697608201
2024-01-18 09:30:00,0.6047244872648123,514.0803755792888,404.2250467182595
2024-01-18 09:45:00,0.6493556714010039,575.2248721918182,448.815197210307
2024-01-18 10:00:00,0.6911566883313028,632.3362449516196,489.54141964863135
2024-01-18 10:15:00,0.7299485473938954,685.325287685295,527.7938505147508
2024-01-18 10:30:00,0.7655651277934921,733.5873986084144,561.9965707672483
2024-01-18 10:45:00,0.7978539003910021,776.2599259534659,591.5495247498768
2024-01-18 11:00:00,0.8266765750880547,814.8890959308342,619.3397358379821
2024-01-18 11:15:00,0.8519096899500378,850.2760116535352,642.7974156584385
2024-01-18 11:30:00,0.8734451477941734,879.1649937787288,662.8599993878518
2024-01-18 11:45:00,0.8911906747146205,902.9575689547456,677.1483826107668
2024-01-18 12:00:00,0.905070213811648,921.6268435486888,689.2859604863031
2024-01-18 12:15:00,0.9150242559883082,934.7631887248226,697.2211625322548
2024-01-18 12:30:00,0.921010091934076,942.3276680728449,700.9585776070377
2024-01-18 12:45:00,0.9230019954018376,945.2359115949604,701.2112423421054
2024-01-18 13:00:00,0.9209913353970105,942.388707974939,697.194178411978
2024-01-18 13:15:00,0.9149866119982514,934.8122144583301,689.6993804710926
2024-01-18 13:30:00,0.9050134220564965,920.6677643757282,679.2636819337905
2024-01-18 13:45:00,0.8911143485127657,901.2119449960509,664.9092839432848
2024-01-18 14:00:00,0.8733487786150118,877.3278055622661,645.5143044940824
2024-01-18 14:15:00,0.8517926533681537,848.4635823256466,625.991828124928
2024-01-18 14:30:00,0.8265381381839771,814.1089345765231,600.6451553895887
2024-01-18 14:45:00,0.7976932304886521,775.5192939007642,572.1739278478144
2024-01-18 15:00:00,0.7653813025074447,731.3624527190885,541.0735931254535
2024-01-18 15:15:00,0.729740565886787,683.2255894920708,509.60429927421774
2024-01-18 15:30:00,0.6909234837533623,630.3757263528244,472.7330698728498
2024-01-18 15:45:00,0.6490961243730884,574.0660529909478,433.9863411672755
2024-01-18 16:00:00,0.6044374403166268,512.4390162453858,390.5045802163748
2024-01-18 16:15:00,0.5571385074807373,446.71111046093824,344.9313834139641
2024-01-18 16:30:00,0.5074017144853098,377.9887555630988,296.451190868484
2024-01-18 16:45:00,0.4554398840281927,305.5411298370566,242.71958656720093
2024-01-18 17:00:00,0.40147536812726636,228.35096237677857,183.70818710293509
2024-01-18 17:15:00,0.34573910432240246,148.03512053819054,119.69261243018966
2024-01-18 17:30:00,0.28846961301717816,0.0,0.0
2024-01-18 17:45:00,0.22991198361698972,0.0,0.0
2024-01-18 18:00:00,0.1703168338639206,0.0,0.0
2024-01-18 18:15:00,0.10993922154845877,0.0,0.0
2024-01-18 18:30:00,0.04903756060800138,0.0,0.0
2024-01-18 18:45:00,-0.012127476507676815,0.0,0.0
2024-01-18 19:00:00,-0.0732940909249156,0.0,0.0
2024-01-18 19:15:00,-0.13420046965593807,0.0,0.0
2024-01-18 19:30:00,-0.19458589812838523,0.0,0.0
2024-01-18 19:45:00,-0.2541918924488846,0.0,0.0
2024-01-18 20:00:00,-0.3127632975428789,0.0,0.0
2024-01-18 20:15:00,-0.37004937170278274,0.0,0.0
2024-01-18 20:30:00,-0.42580487564096164,0.0,0.0
2024-01-18 20:45:00,-0.4797911142181586,0.0,0.0
2024-01-18 21:00:00,-0.5317769513512087,0.0,0.0
2024-01-18 21:15:00,-0.5815398140473106,0.0,0.0
2024-01-18 21:30:00,-0.6288666376606078,0.0,0.0
2024-01-18 21:45:00,-0.6735547722132701,0.0,0.0
2024-01-18 22:00:00,-0.7154128627953318,0.0,0.0
2024-01-18 22:15:00,-0.7542616620520206,0.0,0.0
2024-01-18 22:30:00,-0.7899347930750084,0.0,0.0
2024-01-18 22:45:00,-0.8222794723412472,0.0,0.0
2024-01-18 23:00:00,-0.8511571582117716,0.0,0.0
2024-01-18 23:15:00,-0.8764441410984997,0.0,0.0
2024-01-18 23:30:00,-0.8980320811487004,0.0,0.0
2024-01-18 23:45:00,-0.9158284678029622,0.0,0.0
2024-01-19 00:00:00,-0.9297570145663732,0.0,0.0
2024-01-19 00:15:00,-0.9397579907709882,0.0,0.0
2024-01-19 00:30:00,-0.9457884745334957,0.0,0.0
2024-01-19 00:45:00,-0.9478225369346978,0.0,0.0
2024-01-19 01:00:00,-0.9458513550984571,0.0,0.0
2024-01-19 01:15:00,-0.9398832488281726,0.0,0.0
2024-01-19 01:30:00,-0.9299436470880589,0.0,0.0
2024-01-19 01:45:00,-0.9160749780344657,0.0,0.0
2024-01-19 02:00:00,-0.898336487915859,0.0,0.0
2024-01-19 02:15:00,-0.8768039911090232,0.0,0.0
2024-01-19 02:30:00,-0.8515695413405405,0.0,0.0
2024-01-19 02:45:00,-0.8227410397494374,0.0,0.0
2024-01-19 03:00:00,-0.7904417780909213,0.0,0.0
2024-01-19 03:15:00,-0.7548099037204411,0.0,0.0
2024-01-19 03:30:00,-0.7159978319032517,0.0,0.0
2024-01-19 03:45:00,-0.6741715996915045,0.0,0.0
2024-01-19 04:00:00,-0.6295101452044224,0.0,0.0
2024-01-19 04:15:00,-0.5822045467683007,0.0,0.0
2024-01-19 04:30:00,-0.5324572122011769,0.0,0.0
2024-01-19 04:45:00,-0.48048100018359624,0.0,0.0
2024-01-19 05:00:00,-0.4264983152495144,0.0,0.0
2024-01-19 05:15:00,-0.3707401638602036,0.0,0.0
2024-01-19 05:30:00,-0.3134451513200031,0.0,0.0
2024-01-19 05:45:00,-0.2548584676629193,0.0,0.0
2024-01-19 06:00:00,-0.19523084650040493,0.0,0.0
2024-01-19 06:15:00,-0.1348174762213334,0.0,0.0
2024-01-19 06:30:00,-0.07387691554689169,0.0,0.0
2024-01-19 06:45:00,-0.012669995219776908,0.0,0.0
2024-01-19 07:00:00,0.0485413146859571,0.0,0.0
2024-01-19 07:15:00,0.10949501792027486,0.0,0.0
2024-01-19 07:30:00,0.16993020527846991,0.0,0.0
2024-01-19 07:45:00,0.22958818777454465,0.0,0.0
2024-01-19 08:00:00,0.28821359564289734,0.0,0.0
2024-01-19 08:15:00,0.34555546383388713,137.21663502269107,118.15686432796025
2024-01-19 08:30:00,0.40136832200232897,218.4526895951109,186.34272415089376
2024-01-19 08:45:00,0.45541323727348504,296.7734379068009,250.7517095384824
2024-01-19 09:00:00,0.5074588301451365,370.3556984244839,309.1802015717838
2024-01-19 09:15:00,0.5572822796019605,439.11313623779,363.0298452014746
2024-01-19 09:30:00,0.6046702694251103,505.52605341595824,412.82643674385616
2024-01-19 09:45:00,0.6494198955888286,567.6393970975299,458.960293408031
2024-01-19 10:00:00,0.6913395478048021,624.6637873911569,498.75357163501053
2024-01-19 10:15:00,0.7302497230652063,677.7122646054254,535.6297561770064
2024-01-19 10:30:00,0.7659837896559687,727.1718807903487,568.8406641157555
2024-01-19 10:45:00,0.7983887112281965,770.1707868594103,597.806811214926
2024-01-19 11:00:00,0.8273256963237641,808.4204523877114,620.9597949437416
2024-01-19 11:15:00,0.8526707896671024,843.4884309660645,642.7810631305292
2024-01-19 11:30:00,0.8743154109053776,872.9931242656635,659.9712522458076
2024-01-19 11:45:00,0.8921668151892264,897.499471756359,673.0552315955997
2024-01-19 12:00:00,0.9061484889685401,916.0611341635221,683.2716741695821
2024-01-19 12:15:00,0.9162004827323474,929.144654251139,689.2741476819286
2024-01-19 12:30:00,0.9222796649079419,938.6320036730972,692.5176002313912
2024-01-19 12:45:00,0.9243599069386419,939.6713922431393,689.4856365455499
2024-01-19 13:00:00,0.9224321972352059,936.931129795564,683.6872230163164
2024-01-19 13:15:00,0.9165046786226683,929.5143979053082,676.3962872800383
2024-01-19 13:30:00,0.9066026155726898,916.5800481760377,665.1313851178339
2024-01-19 13:45:00,0.8927682849653223,896.4889684478192,648.7398402564293
2024-01-19 14:00:00,0.875060795618755,872.0559319692546,629.2962587565595
2024-01-19 14:15:00,0.8535558389322708,842.5893692672987,609.7356599564777
2024-01-19 14:30:00,0.8283453606242841,808.6824792012314,585.1991054429983
2024-01-19 14:45:00,0.7995371692609935,769.5903947959793,556.9103105052719
2024-01-19 15:00:00,0.7672544798745093,718.304343732329,521.2493595442971
2024-01-19 15:15:00,0.7316353792574706,670.3788124385029,490.5366303188201
2024-01-19 15:30:00,0.6928322385313009,617.5797776874164,456.8953575790092
2024-01-19 15:45:00,0.6510110672138916,559.7886324268354,418.666673906684
2024-01-19 16:00:00,0.6063507926441281,499.51863893458716,376.6197779045512
2024-01-19 16:15:00,0.5590424990845508,434.65262186193195,332.1059806752882
2024-01-19 16:30:00,0.5092886170991506,365.43542632635723,282.912420127673
2024-01-19 16:45:00,0.4573020447097268,292.37565526099564,228.71506215171476
2024-01-19 17:00:00,0.4033052422941237,216.55346387823812,171.59071937521765
2024-01-19 17:15:00,0.34752928834959557,136.85501661556168,108.99323341171377
2024-01-19 17:30:00,0.29021287614969465,0.0,0.0
2024-01-19 17:45:00,0.231601299239556,0.0,0.0
2024-01-19 18:00:00,0.17194540977184025,0.0,0.0
2024-01-19 18:15:00,0.11150052928953173,0.0,0.0
2024-01-19 18:30:00,0.050525363613839,0.0,0.0
2024-01-19 18:45:00,-0.010719096012101498,0.0,0.0
2024-01-19 19:00:00,-0.07197070640618039,0.0,0.0
2024-01-19 19:15:00,-0.13296728628782176,0.0,0.0
2024-01-19 19:30:00,-0.1934477303283395,0.0,0.0
2024-01-19 19:45:00,-0.25315314316453086,0.0,0.0
2024-01-19 20:00:00,-0.31182793930173713,0.0,0.0
2024-01-19 20:15:00,-0.369220929516379,0.0,0.0
2024-01-19 20:30:00,-0.42508641184129825,0.0,0.0
2024-01-19 20:45:00,-0.47918521533364905,0.0,0.0
2024-01-19 21:00:00,-0.5312857170038263,0.0,0.0
2024-01-19 21:15:00,-0.5811648479621039,0.0,0.0
2024-01-19 21:30:00,-0.6286090408184954,0.0,0.0
2024-01-19 21:45:00,-0.673415138196412,0.0,0.0
2024-01-19 22:00:00,-0.7153912752935292,0.0,0.0
2024-01-19 22:15:00,-0.7543576945954029,0.0,0.0
2024-01-19 22:30:00,-0.790147510945898,0.0,0.0
2024-01-19 22:45:00,-0.8226074367457556,0.0,0.0
2024-01-19 23:00:00,-0.8515984325396991,0.0,0.0
2024-01-19 23:15:00,-0.8769962993864862,0.0,0.0
2024-01-19 23:30:00,-0.8986922186526285,0.0,0.0
2024-01-19 23:45:00,-0.9165932136307061,0.0,0.0
2024-01-20 00:00:00,-0.9306225462999642,0.0,0.0
2024-01-20 00:15:00,-0.9407200510809675,0.0,0.0
2024-01-20 00:30:00,-0.9468423896439373,0.0,0.0
2024-01-20 00:45:00,-0.9489632368727844,0.0,0.0
2024-01-20 01:00:00,-0.9470733956790742,0.0,0.0
2024-01-20 01:15:00,-0.9411808352385479,0.0,0.0
2024-01-20 01:30:00,-0.9313106589666085,0.0,0.0
2024-01-20 01:45:00,-0.917504995994549,0.0,0.0
2024-01-20 02:00:00,-0.8998228213146386,0.0,0.0
2024-01-20 02:15:00,-0.8783397069991968,0.0,0.0
2024-01-20 02:30:00,-0.8531474944676515,0.0,0.0
2024-01-20 02:45:00,-0.8243539034584577,0.0,0.0
2024-01-20 03:00:00,-0.7920820760061931,0.0,0.0
2024-01-20 03:15:00,-0.7564700420847201,0.0,0.0
2024-01-20 03:30:00,-0.7176701323841834,0.0,0.0
2024-01-20 03:45:00,-0.6758483325824222,0.0,0.0
2024-01-20 04:00:00,-0.6311835628463562,0.0,0.0
2024-01-20 04:15:00,-0.5838669169744674,0.0,0.0
2024-01-20 04:30:00,-0.5341008517110338,0.0,0.0
2024-01-20 04:45:00,-0.48209830780994245,0.0,0.0
2024-01-20 05:00:00,-0.42808180473004287,0.0,0.0
2024-01-20 05:15:00,-0.3722824961679906,0.0,0.0
2024-01-20 05:30:00,-0.3149391663591202,0.0,0.0
2024-01-20 05:45:00,-0.2562972151579593,0.0,0.0
2024-01-20 06:00:00,-0.1966076159746833,0.0,0.0
2024-01-20 06:15:00,-0.13612582597205047,0.0,0.0
2024-01-20 06:30:00,-0.07511070041456558,0.0,0.0
2024-01-20 06:45:00,-0.013823393088965436,0.0,0.0
2024-01-20 07:00:00,0.047473777799162176,0.0,0.0
2024-01-20 07:15:00,0.10851844423954911,0.0,0.0
2024-01-20 07:30:00,0.16904930333761958,0.0,0.0
2024-01-20 07:45:00,0.22880725212160594,0.0,0.0
2024-01-20 08:00:00,0.2875364883788227,0.0,0.0
2024-01-20 08:15:00,0.34498559794935746,110.42118345657973,91.51216862720861
2024-01-20 08:30:00,0.4009086467698295,196.18344893686805,160.60534014744212
2024-01-20 08:45:00,0.45506622557286597,274.0952320047647,222.17155084328542
2024-01-20 09:00:00,0.5072264678183912,340.8431071588531,272.8301078729491
2024-01-20 09:15:00,0.5571660570153861,400.04360494597023,316.1743851605446
2024-01-20 09:30:00,0.6046711750832383,447.5016602552702,348.2554916091373
2024-01-20 09:45:00,0.6495384119729309,490.4898128458096,376.7525335450777
2024-01-20 10:00:00,0.6915756493604746,532.3461685132041,402.44666045617294
2024-01-20 10:15:00,0.7306028764123924,581.458645129211,434.8737056613079
2024-01-20 10:30:00,0.7664529559702244,629.6422815060256,465.81939005970213
2024-01-20 10:45:00,0.7989723508211289,672.4200142732369,492.030239978363
2024-01-20 11:00:00,0.8280217753944841,709.7168759307251,515.0177223131553
2024-01-20 11:15:00,0.8534767891563648,758.0231527949683,545.4752648463627
2024-01-20 11:30:00,0.8752283374766998,806.0688585177181,575.161015080706
2024-01-20 11:45:00,0.8931832142525924,845.428495685271,598.1188909135652
2024-01-20 12:00:00,0.9072644596594515,874.2798980162307,613.2288250093455
2024-01-20 12:15:00,0.9174116948660689,885.2486435153995,617.3436112755093
2024-01-20 12:30:00,0.9235813777603751,887.9874262067339,615.6636735977387
2024-01-20 12:45:00,0.9257469897863746,888.989073920087,612.7642157441845
2024-01-20 13:00:00,0.9238991516057105,886.4224466258709,607.4115367192093
2024-01-20 13:15:00,0.9180456621117847,874.7162739825941,597.6218945306772
2024-01-20 13:30:00,0.9082114671373167,860.5932452122894,586.2332227423414
2024-01-20 13:45:00,0.8944385516077558,834.1115929342777,566.5079746823842
2024-01-20 14:00:00,0.8767857603187791,808.2678962709622,547.3217784113749
2024-01-20 14:15:00,0.8553285497006796,778.7653246491695,527.3439962400844
2024-01-20 14:30:00,0.8301586605930344,740.0697843651021,502.6371030157079
2024-01-20 14:45:00,0.8013837276438797,695.4972960215965,472.3645707647107
2024-01-20 15:00:00,0.7691268236461184,649.9202737365728,442.7235034876323
2024-01-20 15:15:00,0.733525925496803,606.4109181971054,416.7623921277854
2024-01-20 15:30:00,0.6947333271758441,554.5132622394319,384.4577772315375
2024-01-20 15:45:00,0.6529149941868226,497.6351110412262,349.046335297922
2024-01-20 16:00:00,0.6082498431258815,440.9293986593194,311.946195619453
2024-01-20 16:15:00,0.5609289808846367,388.11831751166665,277.7218151996034
2024-01-20 16:30:00,0.5111548938481292,320.5124877841416,232.58515758842398
2024-01-20 16:45:00,0.45914056885511023,246.53153712250983,180.8929751449583
2024-01-20 17:00:00,0.4051085876863155,172.59822286558307,128.38867932720953
2024-01-20 17:15:00,0.34929018232798464,97.89171065914057,73.01546865698121
2024-01-20 17:30:00,0.291924230921074,0.0,0.0
2024-01-20 17:45:00,0.23325624244711016,0.0,0.0
2024-01-20 18:00:00,0.17353731420208507,0.0,0.0
2024-01-20 18:15:00,0.11302304141557873,0.0,0.0
2024-01-20 18:30:00,0.05197243102283142,0.0,0.0
2024-01-20 18:45:00,-0.009353198539607699,0.0,0.0
2024-01-20 19:00:00,-0.07069135222157322,0.0,0.0
2024-01-20 19:15:00,-0.13177947370831752,0.0,0.0
2024-01-20 19:30:00,-0.19235606110251946,0.0,0.0
2024-01-20 19:45:00,-0.2521618026594812,0.0,0.0
2024-01-20 20:00:00,-0.31094067852139295,0.0,0.0
2024-01-20 20:15:00,-0.36844104893205176,0.0,0.0
2024-01-20 20:30:00,-0.42441674726364453,0.0,0.0
2024-01-20 20:45:00,-0.47862812569900837,0.0,0.0
2024-01-20 21:00:00,-0.5308430742656666,0.0,0.0
2024-01-20 21:15:00,-0.5808380291219302,0.0,0.0
2024-01-20 21:30:00,-0.6283989220626107,0.0,0.0
2024-01-20 21:45:00,-0.6733220911474154,0.0,0.0
2024-01-20 22:00:00,-0.7154151655521199,0.0,0.0
2024-01-20 22:15:00,-0.7544978823947688,0.0,0.0
2024-01-20 22:30:00,-0.7904028539825213,0.0,0.0
2024-01-20 22:45:00,-0.8229762952399605,0.0,0.0
2024-01-20 23:00:00,-0.8520786763889298,0.0,0.0
2024-01-20 23:15:00,-0.8775853174521036,0.0,0.0
2024-01-20 23:30:00,-0.8993869301361083,0.0,0.0
2024-01-20 23:45:00,-0.9173900814675742,0.0,0.0
2024-01-21 00:00:00,-0.9315175925226498,0.0,0.0
2024-01-21 00:15:00,-0.9417088740824587,0.0,0.0
2024-01-21 00:30:00,-0.9479201832767924,0.0,0.0
2024-01-21 00:45:00,-0.9501248112749848,0.0,0.0
2024-01-21 01:00:00,-0.9483131997771017,0.0,0.0
2024-01-21 01:15:00,-0.942492980794853,0.0,0.0
2024-01-21 01:30:00,-0.9326889460760054,0.0,0.0
2024-01-21 01:45:00,-0.9189429399266693,0.0,0.0
2024-01-21 02:00:00,-0.9013136805909929,0.0,0.0
2024-01-21 02:15:00,-0.8798765125569384,0.0,0.0
2024-01-21 02:30:00,-0.8547230798183123,0.0,0.0
2024-01-21 02:45:00,-0.8259609356790257,0.0,0.0
2024-01-21 03:00:00,-0.7937130874635564,0.0,0.0
2024-01-21 03:15:00,-0.7581174627171992,0.0,0.0
2024-01-21 03:30:00,-0.7193263224336235,0.0,0.0
2024-01-21 03:45:00,-0.6775056156012663,0.0,0.0
2024-01-21 04:00:00,-0.6328342588805471,0.0,0.0
2024-01-21 04:15:00,-0.585503375750725,0.0,0.0
2024-01-21 04:30:00,-0.5357154856776598,0.0,0.0
2024-01-21 04:45:00,-0.4836836249239361,0.0,0.0
2024-01-21 05:00:00,-0.4296304407989356,0.0,0.0
2024-01-21 05:15:00,-0.37378724664380586,0.0,0.0
2024-01-21 05:30:00,-0.3163930174262982,0.0,0.0
2024-01-21 05:45:00,-0.2576933740341879,0.0,0.0
2024-01-21 06:00:00,-0.197939540203318,0.0,0.0
2024-01-21 06:15:00,-0.13738725163709534,0.0,0.0
2024-01-21 06:30:00,-0.07629566916055022,0.0,0.0
2024-01-21 06:45:00,-0.014926277841181196,0.0,0.0
2024-01-21 07:00:00,0.04645824861856135,0.0,0.0
2024-01-21 07:15:00,0.10759516400641368,0.0,0.0
2024-01-21 07:30:00,0.1682227661249227,0.0,0.0
2024-01-21 07:45:00,0.2280815333525486,0.0,0.0
2024-01-21 08:00:00,0.28691522731449526,0.0,0.0
2024-01-21 08:15:00,0.34447198203494706,55.480614149599546,43.84909257441625
2024-01-21 08:30:00,0.400505397919644,138.13645743830386,108.05923092405345
2024-01-21 08:45:00,0.45477558853270306,242.37513689705287,188.13165881953623
2024-01-21 09:00:00,0.50705020051886,313.70840547292033,240.96410049899163
2024-01-21 09:15:00,0.5571054230966049,381.1350942039003,288.9034981291968
2024-01-21 09:30:00,0.604726938506863,445.62996758289916,333.2872543557065
2024-01-21 09:45:00,0.6497108337970543,507.7016319847792,374.57950979701667
2024-01-21 10:00:00,0.6918644867374182,564.8342949376786,412.1647560739942
2024-01-21 10:15:00,0.7310073836958556,616.5245303881959,443.65251939572806
2024-01-21 10:30:00,0.7669718880371057,664.8692694526827,471.7218245762391
2024-01-21 10:45:00,0.7996039685593546,708.8855510361275,497.2195454960771
2024-01-21 11:00:00,0.8287638532942363,747.2987211683314,516.6101542323067
2024-01-21 11:15:00,0.8543266250008723,780.9651390007188,535.1480403166864
2024-01-21 11:30:00,0.8761827641273725,810.6126080463561,550.5480450414142
2024-01-21 11:45:00,0.8942386134084859,850.8818322787912,572.7381039466034
2024-01-21 12:00:00,0.9084167775625485,868.681513922355,579.4515281195921
2024-01-21 12:15:00,0.9186564599065148,882.3363411776395,584.9929117741299
2024-01-21 12:30:00,0.924913719880986,890.6237283747917,588.6872195553718
2024-01-21 12:45:00,0.9271616615786256,893.5380704970836,588.8073927556202
2024-01-21 13:00:00,0.9253905510648723,896.6721998966715,587.2476784175723
2024-01-21 13:15:00,0.9196078569055157,887.7725612182869,581.4191357759705
2024-01-21 13:30:00,0.9098382202870212,875.4773102931528,573.3667420894276
2024-01-21 13:45:00,0.8961233485058906,857.900176639666,561.8551429426769
2024-01-21 14:00:00,0.8785218369257202,834.4354762884508,546.4876643840654
2024-01-21 14:15:00,0.8571089218095418,806.2565638343964,529.6624893915798
2024-01-21 14:30:00,0.8319761540482771,772.6838024788907,507.6071869569083
2024-01-21 14:45:00,0.8032310093832624,735.0914308162576,484.3971209588563
2024-01-21 15:00:00,0.7709964334063362,692.362093226164,457.6396323176874
2024-01-21 15:15:00,0.7354103080671146,645.1803742972219,430.365729910895
2024-01-21 15:30:00,0.6966248650695125,593.311271508316,399.3644708381575
2024-01-21 15:45:00,0.6548060405719002,538.5920519014904,364.70972191889797
2024-01-21 16:00:00,0.6101327548597409,478.48279564695895,326.908053891496
2024-01-21 16:15:00,0.562796151535552,414.9430908011799,286.8515736267953
2024-01-21 16:30:00,0.5129987865616551,347.2082804310615,242.13176182330128
2024-01-21 16:45:00,0.4609537489052895,277.15690317965584,195.52113971732294
2024-01-21 17:00:00,0.4068837545863681,198.48429317168825,141.62614810369246
2024-01-21 17:15:00,0.35102020133740686,87.6938382541073,62.92743434056652
2024-01-21 17:30:00,0.2936021638761926,0.0,0.0
2024-01-21 17:45:00,0.2348753776592007,0.0,0.0
2024-01-21 18:00:00,0.1750911954495008,0.0,0.0
2024-01-21 18:15:00,0.11450549576608776,0.0,0.0
2024-01-21 18:30:00,0.05337759548005894,0.0,0.0
2024-01-21 18:45:00,-0.008030851762284796,0.0,0.0
2024-01-21 19:00:00,-0.06945699189442253,0.0,0.0
2024-01-21 19:15:00,-0.13063788730447728,0.0,0.0
2024-01-21 19:30:00,-0.19131163416257455,0.0,0.0
2024-01-21 19:45:00,-0.2512184999748479,0.0,0.0
2024-01-21 20:00:00,-0.3101020270267212,0.0,0.0
2024-01-21 20:15:00,-0.36771012255221575,0.0,0.0
2024-01-21 20:30:00,-0.42379615372855584,0.0,0.0
2024-01-21 20:45:00,-0.47811999537369737,0.0,0.0
2024-01-21 21:00:00,-0.5304490509873976,0.0,0.0
2024-01-21 21:15:00,-0.5805592632315917,0.0,0.0
2024-01-21 21:30:00,-0.6282360654971841,0.0,0.0
2024-01-21 21:45:00,-0.6732752947364862,0.0,0.0
2024-01-21 22:00:00,-0.7154840784417076,0.0,0.0
2024-01-21 22:15:00,-0.7546816536623026,0.0,0.0
2024-01-21 22:30:00,-0.7907001364183674,0.0,0.0
2024-01-21 22:45:00,-0.8233852512080996,0.0,0.0
2024-01-21 23:00:00,-0.8525969859348947,0.0,0.0
2024-01-21 23:15:00,-0.8782101883533332,0.0,0.0
2024-01-21 23:30:00,-0.9001151100884826,0.0,0.0
2024-01-21 23:45:00,-0.9182178722158684,0.0,0.0
2024-01-22 00:00:00,-0.9324408659068399,0.0,0.0
2024-01-22 00:15:00,-0.942723089974367,0.0,0.0
2024-01-22 00:30:00,-0.9490204092714114,0.0,0.0
2024-01-22 00:45:00,-0.9513057440625627,0.0,0.0
2024-01-22 01:00:00,-0.9495691881405324,0.0,0.0
2024-01-22 01:15:00,-0.9438180500920769,0.0,0.0
2024-01-22 01:30:00,-0.9340768241039357,0.0,0.0
2024-01-22 01:45:00,-0.9203870840948558,0.0,0.0
2024-01-22 02:00:00,-0.9028073062328738,0.0,0.0
2024-01-22 02:15:00,-0.881412622287461,0.0,0.0
2024-01-22 02:30:00,-0.8562944938220399,0.0,0.0
2024-01-22 02:45:00,-0.8275603227633251,0.0,0.0
2024-01-22 03:00:00,-0.7953329967575372,0.0,0.0
2024-01-22 03:15:00,-0.7597503558876973,0.0,0.0
2024-01-22 03:30:00,-0.7209646062931865,0.0,0.0
2024-01-22 03:45:00,-0.6791416749180308,0.0,0.0
2024-01-22 04:00:00,-0.6344604892788156,0.0,0.0
2024-01-22 04:15:00,-0.5871122165857817,0.0,0.0
2024-01-22 04:30:00,-0.5372994526854398,0.0,0.0
2024-01-22 04:45:00,-0.48523534254963724,0.0,0.0
2024-01-22 05:00:00,-0.43114267404588424,0.0,0.0
2024-01-22 05:15:00,-0.3752529323157953,0.0,0.0
2024-01-22 05:30:00,-0.3178052946113126,0.0,0.0
2024-01-22 05:45:00,-0.2590456137056961,0.0,0.0
2024-01-22 06:00:00,-0.1992253738563358,0.0,0.0
2024-01-22 06:15:00,-0.13860059871817637,0.0,0.0
2024-01-22 06:30:00,-0.07743076330766627,0.0,0.0
2024-01-22 06:45:00,-0.015977691739383015,0.0,0.0
2024-01-22 07:00:00,0.04549557985856173,0.0,0.0
2024-01-22 07:15:00,0.10672592101683678,0.0,0.0
2024-01-22 07:30:00,0.16745122511441257,0.0,0.0
2024-01-22 07:45:00,0.22741154772926378,0.0,0.0
2024-01-22 08:00:00,0.28635021110764547,0.0,0.0
2024-01-22 08:15:00,0.34401489519103784,16.0,12.71028024
2024-01-22 08:30:00,0.40015873366801613,49.40650808038866,38.7488197506436
2024-01-22 08:45:00,0.45454136262372524,263.4525158613677,203.4268649960008
2024-01-22 09:00:00,0.5069299426551883,333.95006731345734,254.48692764452636
2024-01-22 09:15:00,0.5571001703751273,400.4160071659551,301.09043811735734
2024-01-22 09:30:00,0.604837231074681,464.47480543755904,344.56472861670204
2024-01-22 09:45:00,0.64993671255129,313.7789885670283,229.6016593314358
2024-01-22 10:00:00,0.6922054932846589,337.2745798242295,243.38534201331612
2024-01-22 10:15:00,0.7314625624248617,379.2804342862768,271.3977823953449
2024-01-22 10:30:00,0.7675397903206316,416.2221826283131,294.46647648832885
2024-01-22 10:45:00,0.8002826591178682,452.50967173773284,316.48020988033704
2024-01-22 11:00:00,0.8295509186568157,485.13857113735355,335.37794854978006
2024-01-22 11:15:00,0.8552191840050336,473.16846787380206,325.1900924488767
2024-01-22 11:30:00,0.8771774804688712,461.94243878910106,315.6073845251877
2024-01-22 11:45:00,0.8953317101443714,447.48354226071274,303.015237014745
2024-01-22 12:00:00,0.9096040535086511,433.4010133771628,291.72708269653333
2024-01-22 12:15:00,0.919933307875364,368.78899579943504,247.49055556058346
2024-01-22 12:30:00,0.9262751466674218,318.96399098674897,213.40876059833764
2024-01-22 12:45:00,0.9286023095993008,278.93076398155034,186.0599711612158
2024-01-22 13:00:00,0.9269047215884385,245.63761719306817,163.35535165572583
2024-01-22 13:15:00,0.921189534740886,246.21709766756254,163.74072111896342
2024-01-22 13:30:00,0.9114810998303411,244.57405499151704,162.64805535710735
2024-01-22 13:45:00,0.897820861045161,240.7888639133032,160.1308056510913
2024-01-22 14:00:00,0.8802671790777961,233.8936261329676,155.54529466450956
2024-01-22 14:15:00,0.858895084958663,206.92022305851185,138.0255450685446
2024-01-22 14:30:00,0.8337959546757536,180.17730695754233,120.55096140100893
2024-01-22 14:45:00,0.8050771201339441,155.66092544160733,104.4624686620787
2024-01-22 15:00:00,0.7728614147913303,131.54572282958267,88.27900071730345
2024-01-22 15:15:00,0.737286640620334,118.0,80.14268304000001
2024-01-22 15:30:00,0.6985049818743907,104.0,71.26489188000001
2024-01-22 15:45:00,0.6566823599388996,90.0,62.21730689999999
2024-01-22 16:00:00,0.6119977131178234,76.0,52.9999281
2024-01-22 16:15:00,0.5646422356983594,65.0,45.98582625
2024-01-22 16:30:00,0.5148185667964931,54.0,38.74937535
2024-01-22 16:45:00,0.4627399106107655,42.0,30.647784510000005
2024-01-22 17:00:00,0.4086291300013795,30.0,22.194477900000003
2024-01-22 17:15:00,0.3527178004575375,16.0,11.86939656
2024-01-22 17:30:00,0.29524520463790027,72.11575736004536,53.64392919241333
2024-01-22 17:45:00,0.2364573152133514,0.0,0.0
2024-01-22 18:00:00,0.17660575040099588,0.0,0.0
2024-01-22 18:15:00,0.11594668125089559,0.0,0.0
2024-01-22 18:30:00,0.05473974297316672,0.0,0.0
2024-01-22 18:45:00,-0.006753067994169332,0.0,0.0
2024-01-22 19:00:00,-0.06826853182644285,0.0,0.0
2024-01-22 19:15:00,-0.12954332385148537,0.0,0.0
2024-01-22 19:30:00,-0.19031513343079082,0.0,0.0
2024-01-22 19:45:00,-0.2503238033618467,0.0,0.0
2024-01-22 20:00:00,-0.3093124351345845,0.0,0.0
2024-01-22 20:15:00,-0.3670284810002063,0.0,0.0
2024-01-22 20:30:00,-0.42322484094328944,0.0,0.0
2024-01-22 20:45:00,-0.4776609123947925,0.0,0.0
2024-01-22 21:00:00,-0.5301036133581467,0.0,0.0
2024-01-22 21:15:00,-0.5803283949697564,0.0,0.0
2024-01-22 21:30:00,-0.628120195189984,0.0,0.0
2024-01-22 21:45:00,-0.6732743537682067,0.0,0.0
2024-01-22 22:00:00,-0.7155975014192695,0.0,0.0
2024-01-22 22:15:00,-0.754908380919375,0.0,0.0
2024-01-22 22:30:00,-0.7910386186979901,0.0,0.0
2024-01-22 22:45:00,-0.8238334564712284,0.0,0.0
2024-01-22 23:00:00,-0.8531524082101123,0.0,0.0
2024-01-22 23:15:00,-0.878869858657116,0.0,0.0
2024-01-22 23:30:00,-0.9008756093539338,0.0,0.0
2024-01-22 23:45:00,-0.9190753461546064,0.0,0.0
2024-01-23 00:00:00,-0.9333910417276083,0.0,0.0
2024-01-23 00:15:00,-0.9437612949510055,0.0,0.0
2024-01-23 00:30:00,-0.9501415910032185,0.0,0.0
2024-01-23 00:45:00,-0.9525044923727221,0.0,0.0
2024-01-23 01:00:00,-0.9508397585338912,0.0,0.0
2024-01-23 01:15:00,-0.9451543886411906,0.0,0.0
2024-01-23 01:30:00,-0.935472593663237,0.0,0.0
2024-01-23 01:45:00,-0.921835691745693,0.0,0.0
2024-01-23 02:00:00,-0.9043019318272641,0.0,0.0
2024-01-23 02:15:00,-0.8829462479642841,0.0,0.0
2024-01-23 02:30:00,-0.8578599343504131,0.0,0.0
2024-01-23 02:45:00,-0.8291502566584134,0.0,0.0
2024-01-23 03:00:00,-0.7969399979184935,0.0,0.0
2024-01-23 03:15:00,-0.7613669257330256,0.0,0.0
2024-01-23 03:30:00,-0.7225832061510901,0.0,0.0
2024-01-23 03:45:00,-0.6807547586451445,0.0,0.0
2024-01-23 04:00:00,-0.6360605358471252,0.0,0.0
2024-01-23 04:15:00,-0.5886917625868158,0.0,0.0
2024-01-23 04:30:00,-0.5388511245865204,0.0,0.0
2024-01-23 04:45:00,-0.4867518885054045,0.0,0.0
2024-01-23 05:00:00,-0.4326169952516891,0.0,0.0
2024-01-23 05:15:00,-0.37667811363277537,0.0,0.0
2024-01-23 05:30:00,-0.3191746344534745,0.0,0.0
2024-01-23 05:45:00,-0.2603526528891934,0.0,0.0
2024-01-23 06:00:00,-0.2004639235388382,0.0,0.0
2024-01-23 06:15:00,-0.13976476703831425,0.0,0.0
2024-01-23 06:30:00,-0.07851498082220137,0.0,0.0
2024-01-23 06:45:00,-0.01697673542054212,0.0,0.0
2024-01-23 07:00:00,0.04458656412178541,0.0,0.0
2024-01-23 07:15:00,0.10591139750617605,0.0,0.0
2024-01-23 07:30:00,0.1667352490520615,0.0,0.0
2024-01-23 07:45:00,0.22679774787094825,0.0,0.0
2024-01-23 08:00:00,0.28584177410311307,0.0,0.0
2024-01-23 08:15:00,0.34361455192946344,125.11520923462743,100.14929248993428
2024-01-23 08:30:00,0.39986874751983065,200.74395519096768,159.06372063765508
2024-01-23 08:45:00,0.45436351981274226,275.08648438187697,215.74640696743882
2024-01-23 09:00:00,0.5068655445660403,346.59873010592605,269.7306442959067
2024-01-23 09:15:00,0.557150028051024,413.93326837342073,317.1116049616303
2024-01-23 09:30:00,0.6050016618080529,478.1061649274451,361.4419353405865
2024-01-23 09:45:00,0.6502155386276469,77.0,57.27711528
2024-01-23 10:00:00,0.6925980428038095,122.61857847084191,89.9716106366291
2024-01-23 10:15:00,0.7319676723353907,218.66070257820985,157.7907528922119
2024-01-23 10:30:00,0.7681558115153144,699.7285445001344,497.8687268079603
2024-01-23 10:45:00,0.8010074636656297,744.0502993337915,521.88445810502
2024-01-23 11:00:00,0.8303819090921943,782.298059910195,539.2240143574123
2024-01-23 11:15:00,0.85615330463938,816.7095283409,557.9906423669177
2024-01-23 11:30:00,0.8782112306885059,845.7040942365737,574.3813150002713
2024-01-23 11:45:00,0.8964611596293529,878.5044271453057,591.3311823386557
2024-01-23 12:00:00,0.9108248592838724,896.93979708904,598.3011353698224
2024-01-23 12:15:00,0.9212407331744472,911.0927893882703,605.900206581702
2024-01-23 12:30:00,0.9276640814794501,918.8126345536969,609.1768562371985
2024-01-23 12:45:00,0.9300672928098546,922.8717075066367,610.0025882869544
2024-01-23 13:00:00,0.928439964664569,920.4510076327452,606.5419883699169
2024-01-23 13:15:00,0.9227889468057997,913.4290973805009,601.9148182421933
2024-01-23 13:30:00,0.9131383140358476,899.9558657726212,593.0364742331742
2024-01-23 13:45:00,0.8995292621526336,882.1744529859808,581.3192037014455
2024-01-23 14:00:00,0.8820199320907989,858.2898591533558,563.8452619309027
2024-01-23 14:15:00,0.8606851646938851,830.4277410834761,547.2201009043595
2024-01-23 14:30:00,0.8356161761810798,796.9997703346259,526.8033669400725
2024-01-23 14:45:00,0.8069201697552908,754.302904801263,500.10617498813474
2024-01-23 15:00:00,0.7747198818024046,711.6658211868103,473.27612850908633
2024-01-23 15:15:00,0.7391530492782717,664.4097351617914,447.22164409258164
2024-01-23 15:30:00,0.7003718237313451,612.9941125714939,416.33044804409593
2024-01-23 15:45:00,0.6585421263107303,556.8334738698443,382.6897630352209
2024-01-23 16:00:00,0.6138429275167394,496.1945936670859,345.02698547138476
2024-01-23 16:15:00,0.5664654861556649,433.0635996135408,305.50597006649326
2024-01-23 16:30:00,0.5166125378706979,365.8496110934448,261.78722698365374
2024-01-23 16:45:00,0.4644974149861212,293.47357824236667,212.96392822456755
2024-01-23 17:00:00,0.4103431395171307,111.09279453163492,81.73910315133942
2024-01-23 17:15:00,0.3543814764747867,142.48970200142747,105.41615140160893
2024-01-23 17:30:00,0.2968519275274789,66.62075466505613,49.5564239609223
2024-01-23 17:45:00,0.23800071294544978,0.0,0.0
2024-01-23 18:00:00,0.17807972601801586,0.0,0.0
2024-01-23 18:15:00,0.11734543918144207,0.0,0.0
2024-01-23 18:30:00,0.05605781400627591,0.0,0.0
2024-01-23 18:45:00,-0.0055208031389614165,0.0,0.0
2024-01-23 19:00:00,-0.06712682043315774,0.0,0.0
2024-01-23 19:15:00,-0.1284965207712001,0.0,0.0
2024-01-23 19:30:00,-0.1893671823313396,0.0,0.0
2024-01-23 19:45:00,-0.24947821975003887,0.0,0.0
2024-01-23 20:00:00,-0.3085722912873195,0.0,0.0
2024-01-23 20:15:00,-0.3663963927194769,0.0,0.0
2024-01-23 20:30:00,-0.422702956393184,0.0,0.0
2024-01-23 20:45:00,-0.47725090287724536,0.0,0.0
2024-01-23 21:00:00,-0.5298066661982824,0.0,0.0
2024-01-23 21:15:00,-0.5801452084527063,0.0,0.0
2024-01-23 21:30:00,-0.6280509756790282,0.0,0.0
2024-01-23 21:45:00,-0.6733188148660271,0.0,0.0
2024-01-23 22:00:00,-0.7157548653286928,0.0,0.0
2024-01-23 22:15:00,-0.7551773819050243,0.0,0.0
2024-01-23 22:30:00,-0.7914175086318731,0.0,0.0
2024-01-23 22:45:00,-0.8243200124970285,0.0,0.0
2024-01-23 23:00:00,-0.8537439424424625,0.0,0.0
2024-01-23 23:15:00,-0.8795632298751628,0.0,0.0
2024-01-23 23:30:00,-0.9016672366777007,0.0,0.0
2024-01-23 23:45:00,-0.919961224608131,0.0,0.0
2024-01-24 00:00:00,-0.934366759626982,0.0,0.0
2024-01-24 00:15:00,-0.9448220530498755,0.0,0.0
2024-01-24 00:30:00,-0.9512822233162221,0.0,0.0
2024-01-24 00:45:00,-0.9537194885635245,0.0,0.0
2024-01-24 01:00:00,-0.952123287806661,0.0,0.0
2024-01-24 01:15:00,-0.9465003250047817,0.0,0.0
2024-01-24 01:30:00,-0.9368745424547067,0.0,0.0
2024-01-24 01:45:00,-0.9232870173266272,0.0,0.0
2024-01-24 02:00:00,-0.9057957863152841,0.0,0.0
2024-01-24 02:15:00,-0.8844756008520045,0.0,0.0
2024-01-24 02:30:00,-0.8594176029525349,0.0,0.0
2024-01-24 02:45:00,-0.8307289371608323,0.0,0.0
2024-01-24 03:00:00,-0.7985322969820726,0.0,0.0
2024-01-24 03:15:00,-0.762965392458207,0.0,0.0
2024-01-24 03:30:00,-0.7241803643065305,0.0,0.0
2024-01-24 03:45:00,-0.6823431389501786,0.0,0.0
2024-01-24 04:00:00,-0.6376327082916895,0.0,0.0
2024-01-24 04:15:00,-0.5902403685014445,0.0,0.0
2024-01-24 04:30:00,-0.5403689084545433,0.0,0.0
2024-01-24 04:45:00,-0.4882317293105798,0.0,0.0
2024-01-24 05:00:00,-0.4340519371869122,0.0,0.0
2024-01-24 05:15:00,-0.37806139617704815,0.0,0.0
2024-01-24 05:30:00,-0.32049972151613565,0.0,0.0
2024-01-24 05:45:00,-0.2616132610317073,0.0,0.0
2024-01-24 06:00:00,-0.20165404907764295,0.0,0.0
2024-01-24 06:15:00,-0.1408787119488562,0.0,0.0
2024-01-24 06:30:00,-0.07954737726387884,0.0,0.0
2024-01-24 06:45:00,-0.017922568936439287,0.0,0.0
2024-01-24 07:00:00,0.043731933040065285,0.0,0.0
2024-01-24 07:15:00,0.10515221345522247,0.0,0.0
2024-01-24 07:30:00,0.16607534341625044,0.0,0.0
2024-01-24 07:45:00,0.22624052237100195,0.0,0.0
2024-01-24 08:00:00,0.28539018617238876,0.0,0.0
2024-01-24 08:15:00,0.34327110199279676,10.0,7.943925149999999
2024-01-24 08:30:00,0.39963546832314545,202.24288684727568,159.02501684129504
2024-01-24 08:45:00,0.4542419676804731,277.74824287065076,216.14970279510462
2024-01-24 09:00:00,0.5068567928097345,350.1415028570796,268.94890545291537
2024-01-24 09:15:00,0.5572546624154469,417.9025865190258,316.77355603993703
2024-01-24 09:30:00,0.6052197780309011,481.49560284587795,360.111211387496
2024-01-24 09:45:00,0.6505467421136197,80.0,59.023566
2024-01-24 10:00:00,0.693041450451395,140.01907771173626,101.89017461808238
2024-01-24 10:15:00,0.73252191642233,232.43758613783496,166.32296243238574
2024-01-24 10:30:00,0.7688190457198412,705.6574460389079,496.38170397961596
2024-01-24 10:45:00,0.8017773711463034,749.5107654743579,518.1393480041338
2024-01-24 11:00:00,0.8312557125973623,789.0361913967184,535.8938762219999
2024-01-24 11:15:00,0.8571277785811826,822.7010618156971,553.7693113005539
2024-01-24 11:30:00,0.8792827151885136,852.9237683722116,568.9403688599439
2024-01-24 11:45:00,0.8976255764313571,876.5796397532018,579.40431453226
2024-01-24 12:00:00,0.912077729437621,894.9578787644213,586.1249369016735
2024-01-24 12:15:00,0.9225771964959866,909.0872084358758,591.7033276949436
2024-01-24 12:30:00,0.9290789176256531,917.7454993688417,593.6286252405456
2024-01-24 12:45:00,0.9315549439098307,920.9203341262165,593.8207081140758
2024-01-24 13:00:00,0.9299945594129111,919.5050653875104,589.1908331784996
2024-01-24 13:15:00,0.9244043259020378,911.6615106154421,584.1649222344545
2024-01-24 13:30:00,0.9148080568548026,898.3272511693224,573.8048967288075
2024-01-24 13:45:00,0.9012467145553,880.6158095269935,562.4917456145938
2024-01-24 14:00:00,0.8837782352295311,856.9112946485941,545.6184079482389
2024-01-24 14:15:00,0.8624772846976823,829.255055964565,529.685157753164
2024-01-24 14:30:00,0.8374349345826588,796.2186533485825,510.1926562644974
2024-01-24 14:45:00,0.8087582745586271,755.8270168257159,484.31092611185113
2024-01-24 15:00:00,0.7765699590192836,713.3296359450247,458.5217915524785
2024-01-24 15:15:00,0.7410076748119863,665.2162165977089,430.28420016027576
2024-01-24 15:30:00,0.7022235554763259,613.2454910489158,399.1469623380563
2024-01-24 15:45:00,0.6603835363176704,557.5895699198411,366.30310115922913
2024-01-24 16:00:00,0.6156666341186701,497.0486432972051,328.5407456416512
2024-01-24 16:15:00,0.5682641858236208,433.4417970592968,290.00225516297706
2024-01-24 16:30:00,0.5183790367866187,366.3582447341303,247.34038330804236
2024-01-24 16:45:00,0.4662246601285622,295.95733841058063,202.20337787462668
2024-01-24 17:00:00,0.41202424908225044,221.11913032875296,152.41344855281568
2024-01-24 17:15:00,0.3560097696154491,143.68731189963725,99.6219717562977
2024-01-24 17:30:00,0.2984209531837748,67.01419252626324,46.598058758070145
2024-01-24 17:45:00,0.23950427766765017,0.0,0.0
2024-01-24 18:00:00,0.17951192070603206,0.0,0.0
2024-01-24 18:15:00,0.11870066453964712,0.0,0.0
2024-01-24 18:30:00,0.05733080470862878,0.0,0.0
2024-01-24 18:45:00,-0.004334955760221915,0.0,0.0
2024-01-24 19:00:00,-0.06603264728093208,0.0,0.0
2024-01-24 19:15:00,-0.12749815540115303,0.0,0.0
2024-01-24 19:30:00,-0.1884683432210922,0.0,0.0
2024-01-24 19:45:00,-0.2486821943223757,0.0,0.0
2024-01-24 20:00:00,-0.30788192174122947,0.0,0.0
2024-01-24 20:15:00,-0.3658140638671039,0.0,0.0
2024-01-24 20:30:00,-0.42223058542511444,0.0,0.0
2024-01-24 20:45:00,-0.47688993119532086,0.0,0.0
2024-01-24 21:00:00,-0.5295580532356943,0.0,0.0
2024-01-24 21:15:00,-0.5800094276688038,0.0,0.0
2024-01-24 21:30:00,-0.6280280125877694,0.0,0.0
2024-01-24 21:45:00,-0.6734081672082576,0.0,0.0
2024-01-24 22:00:00,-0.7159555453296039,0.0,0.0
2024-01-24 22:15:00,-0.7554879206603442,0.0,0.0
2024-01-24 22:30:00,-0.7918359625207101,0.0,0.0
2024-01-24 22:45:00,-0.8248439716991749,0.0,0.0
2024-01-24 23:00:00,-0.8543705414646996,0.0,0.0
2024-01-24 23:15:00,-0.8802891599815804,0.0,0.0
2024-01-24 23:30:00,-0.9024887603286361,0.0,0.0
2024-01-24 23:45:00,-0.920874191681269,0.0,0.0
2024-01-25 00:00:00,-0.9353666254280237,0.0,0.0
2024-01-25 00:15:00,-0.9459038980505624,0.0,0.0
2024-01-25 00:30:00,-0.952440774493729,0.0,0.0
2024-01-25 00:45:00,-0.9549491422494255,0.0,0.0
2024-01-25 01:00:00,-0.9534181339884082,0.0,0.0
2024-01-25 01:15:00,-0.947854172929925,0.0,0.0
2024-01-25 01:30:00,-0.9382809474388634,0.0,0.0
2024-01-25 01:45:00,-0.9247393086689365,0.0,0.0
2024-01-25 02:00:00,-0.9072870961715658,0.0,0.0
2024-01-25 02:15:00,-0.8859988939615977,0.0,0.0
2024-01-25 02:30:00,-0.8609657070868119,0.0,0.0
2024-01-25 02:45:00,-0.8322945741453271,0.0,0.0
2024-01-25 03:00:00,-0.800108114176754,0.0,0.0
2024-01-25 03:15:00,-0.7645439945517487,0.0,0.0
2024-01-25 03:30:00,-0.7257543452919833,0.0,0.0
2024-01-25 03:45:00,-0.6839051141443494,0.0,0.0
2024-01-25 04:00:00,-0.63917534624097,0.0,0.0
2024-01-25 04:15:00,-0.5917564226796218,0.0,0.0
2024-01-25 04:30:00,-0.5418512485409156,0.0,0.0
2024-01-25 04:45:00,-0.48967337199778127,0.0,0.0
2024-01-25 05:00:00,-0.4354460763469578,0.0,0.0
2024-01-25 05:15:00,-0.37940143223354994,0.0,0.0
2024-01-25 05:30:00,-0.32177928992162214,0.0,0.0
2024-01-25 05:45:00,-0.2628262597351694,0.0,0.0
2024-01-25 06:00:00,-0.2027946648696431,0.0,0.0
2024-01-25 06:15:00,-0.14194144549503815,0.0,0.0
2024-01-25 06:30:00,-0.08052706684456806,0.0,0.0
2024-01-25 06:45:00,-0.01881441265988132,0.0,0.0
2024-01-25 07:00:00,0.04293235653856106,0.0,0.0
2024-01-25 07:15:00,0.10444892598689595,0.0,0.0
2024-01-25 07:30:00,0.16547194994317826,0.0,0.0
2024-01-25 07:45:00,0.22574019546021493,0.0,0.0
2024-01-25 08:00:00,0.28499565243198743,60.8742391755978,48.604136852872244
2024-01-25 08:15:00,0.3429846303422081,136.92880505566634,107.6680909251423
2024-01-25 08:30:00,0.3994588602927635,214.54999345525675,166.53377357596818
2024-01-25 08:45:00,0.45417654971983124,289.5221616442262,221.80105917008825
2024-01-25 09:00:00,0.5069034106356138,361.33534187916547,273.16473799407606
2024-01-25 09:15:00,0.5574136774687709,429.2709553886393,320.18461805892355
2024-01-25 09:30:00,0.6054910660285201,494.0084782008197,364.4767752205706
2024-01-25 09:45:00,0.6509296936167629,92.0,66.9472776
2024-01-25 10:00:00,0.6935349736725448,608.973234122328,436.9876375390651
2024-01-25 10:15:00,0.7331244420246519,660.6957935761652,468.7607617842764
2024-01-25 10:30:00,0.7695285336742288,709.634439752678,499.1792467922635
2024-01-25 10:45:00,0.8025913196612223,752.2155783103451,523.0501837816547
2024-01-25 11:00:00,0.8321711690372973,791.9889170624486,544.3028575325804
2024-01-25 11:15:00,0.8581413522966033,825.8806727256041,564.256533199435
2024-01-25 11:30:00,0.8803905922764992,850.9064553492548,577.9146300656377
2024-01-25 11:45:00,0.8988235363104935,872.8517708526497,589.2906592848004
2024-01-25 12:00:00,0.9133611631653591,892.2849633593271,598.803391140916
2024-01-25 12:15:00,0.9239411267750508,497.04145493414103,332.55478317581066
2024-01-25 12:30:00,0.930518020397975,501.1826584049642,334.3124639184549
2024-01-25 12:45:00,0.9330635714290347,483.65537214299104,321.6432983654135
2024-01-25 13:00:00,0.9315667647324959,459.2757920657165,304.50188932408685
2024-01-25 13:15:00,0.926033888643787,465.80725159975384,308.83227599483394
2024-01-25 13:30:00,0.9164885101449942,468.2827368811784,310.47353372757306
2024-01-25 13:45:00,0.9029713730328734,434.5487860042841,288.10777451745025
2024-01-25 14:00:00,0.8855402239905406,431.7826191335027,286.27379360034126
2024-01-25 14:15:00,0.8642695690456852,425.6741314875634,283.08427770345133
2024-01-25 14:30:00,0.8392503504806652,393.3303386716083,262.36988141943107
2024-01-25 14:45:00,0.8105895596078152,729.1457746035069,486.3746108838116
2024-01-25 15:00:00,0.7784097838798916,684.8300901295947,458.19824458202316
2024-01-25 15:15:00,0.7428486749027629,635.3078416010026,428.9170158412378
2024-01-25 15:30:00,0.7040583628116238,585.1869550293551,398.62738461189304
2024-01-25 15:45:00,0.6622048113531913,328.8252262373787,225.98865516155925
2024-01-25 16:00:00,0.6174670974800344,327.28203640713355,226.91274098069732
2024-01-25 16:15:00,0.5700366497437173,156.26432466975865,109.60538887551547
2024-01-25 16:30:00,0.5201164361812507,119.85071212867507,85.03355351141515
2024-01-25 16:45:00,0.4679200830919773,85.01104515170259,60.83047541510741
2024-01-25 17:00:00,0.413670966743483,133.55799331774458,96.64858609463867
2024-01-25 17:15:00,0.35760126518846896,23.0,16.597345905
2024-01-25 17:30:00,0.29995095008093053,15.998528502427916,11.54491789242599
2024-01-25 17:45:00,0.24096676659340002,0.0,0.0
2024-01-25 18:00:00,0.18090118556771492,0.0,0.0
2024-01-25 18:15:00,0.12001130712048123,0.0,0.0
2024-01-25 18:30:00,0.058557767896006946,0.0,0.0
2024-01-25 18:45:00,-0.003196366139458312,0.0,0.0
2024-01-25 19:00:00,-0.06498674225446288,0.0,0.0
2024-01-25 19:15:00,-0.12654884434347968,0.0,0.0
2024-01-25 19:30:00,-0.18761911696923472,0.0,0.0
2024-01-25 19:45:00,-0.24793611020557912,0.0,0.0
2024-01-25 20:00:00,-0.3072415904547371,0.0,0.0
2024-01-25 20:15:00,-0.36528163827742943,0.0,0.0
2024-01-25 20:30:00,-0.42180775133974735,0.0,0.0
2024-01-25 20:45:00,-0.47657790020399693,0.0,0.0
2024-01-25 21:00:00,-0.5293575575312043,0.0,0.0
2024-01-25 21:15:00,-0.5799207170192989,0.0,0.0
2024-01-25 21:30:00,-0.6280508533440085,0.0,0.0
2024-01-25 21:45:00,-0.6735418433933857,0.0,0.0
2024-01-25 22:00:00,-0.7161988618587606,0.0,0.0
2024-01-25 22:15:00,-0.7558392085912683,0.0,0.0
2024-01-25 22:30:00,-0.7922930863658846,0.0,0.0
2024-01-25 22:45:00,-0.8254043387697857,0.0,0.0
2024-01-25 23:00:00,-0.8550311131505082,0.0,0.0
2024-01-25 23:15:00,-0.8810464649925462,0.0,0.0
2024-01-25 23:30:00,-0.9033389097832896,0.0,0.0
2024-01-25 23:45:00,-0.9218128960099545,0.0,0.0
2024-01-26 00:00:00,-0.9363892129868308,0.0,0.0
2024-01-26 00:15:00,-0.9470053354077075,0.0,0.0
2024-01-26 00:30:00,-0.9536156882586175,0.0,0.0
2024-01-26 00:45:00,-0.9561918423650678,0.0,0.0
2024-01-26 01:00:00,-0.9547226384020807,0.0,0.0
2024-01-26 01:15:00,-0.9492142335116787,0.0,0.0
2024-01-26 01:30:00,-0.9396900770380104,0.0,0.0
2024-01-26 01:45:00,-0.9261908092173092,0.0,0.0
2024-01-26 02:00:00,-0.9087740876797865,0.0,0.0
2024-01-26 02:15:00,-0.8875143442879809,0.0,0.0
2024-01-26 02:30:00,-0.8625024623782036,0.0,0.0
2024-01-26 02:45:00,-0.83384538978097,0.0,0.0
2024-01-26 03:00:00,-0.8016656861087174,0.0,0.0
2024-01-26 03:15:00,-0.7661009908952441,0.0,0.0
2024-01-26 03:30:00,-0.727303438012518,0.0,0.0
2024-01-26 03:45:00,-0.6854390107527271,0.0,0.0
2024-01-26 04:00:00,-0.6406868212968084,0.0,0.0
2024-01-26 04:15:00,-0.5932383490150142,0.0,0.0
2024-01-26 04:30:00,-0.5432966280540105,0.0,0.0
2024-01-26 04:45:00,-0.4910753658742923,0.0,0.0
2024-01-26 05:00:00,-0.43679803458936406,0.0,0.0
2024-01-26 05:15:00,-0.3806969223633056,0.0,0.0
2024-01-26 05:30:00,-0.3230121247656049,0.0,0.0
2024-01-26 05:45:00,-0.26399052411556556,0.0,0.0
2024-01-26 06:00:00,-0.20388474108122756,0.0,0.0
2024-01-26 06:15:00,-0.14295203757156083,0.0,0.0
2024-01-26 06:30:00,-0.08145322335860555,0.0,0.0
2024-01-26 06:45:00,-0.01965154806699712,0.0,0.0
2024-01-26 07:00:00,0.042188442150258104,0.0,0.0
2024-01-26 07:15:00,0.1038020288284948,0.0,0.0
2024-01-26 07:30:00,0.16492544616486263,0.0,0.0
2024-01-26 07:45:00,0.22529702671084653,0.0,0.0
2024-01-26 08:00:00,0.28465831317925994,45.58968095515267,33.17505463695694
2024-01-26 08:15:00,0.3427551571950318,4.0,2.90266578
2024-01-26 08:30:00,0.3993388232996789,5.0,3.6182254499999997
2024-01-26 08:45:00,0.4541670456851521,6.0,4.32974241
2024-01-26 09:00:00,0.5070050584435702,8.0,5.77298988
2024-01-26 09:15:00,0.5576266155352485,9.0,6.47642142
2024-01-26 09:30:00,0.6058149518029916,10.0,7.175810249999999
2024-01-26 09:45:00,0.6513637051584037,12.0,8.586716039999999
2024-01-26 10:00:00,0.6940778132929584,13.0,9.275998095
2024-01-26 10:15:00,0.7337743420261011,15.0,10.6727544
2024-01-26 10:30:00,0.7702832640594568,16.0,11.35192968
2024-01-26 10:45:00,0.8034481978774437,18.0,12.7345365
2024-01-26 11:00:00,0.8331270716730634,20.0,14.1090579
2024-01-26 11:15:00,0.8591927286702803,21.0,14.772062340000003
2024-01-26 11:30:00,0.8815334798914546,22.0,15.475493880000002
2024-01-26 11:45:00,0.9000535780543126,24.0,16.833844439999996
2024-01-26 12:00:00,0.9146736262246022,26.0,18.18410958
2024-01-26 12:15:00,0.9253309231922542,25.0,17.484720749999997
2024-01-26 12:30:00,0.9319797291297941,27.0,18.88349841
2024-01-26 12:45:00,0.9345914618474147,69.0,48.118355775
2024-01-26 13:00:00,0.9331548214731913,54.0,37.657843650000004
2024-01-26 13:15:00,0.9276758376684147,26.0,18.078999120000002
2024-01-26 13:30:00,0.9181778459107162,28.0,19.469691360000002
2024-01-26 13:45:00,0.9047013866740018,25.0,17.383653
2024-01-26 14:00:00,0.8873040323624417,23.0,15.946469595
2024-01-26 14:15:00,0.8660601445106934,22.0,15.25314483
2024-01-26 14:30:00,0.8410605513224623,20.0,13.866495299999999
2024-01-26 14:45:00,0.8124121609437266,19.0,13.173170535
2024-01-26 15:00:00,0.7802375088943325,18.0,12.44346138
2024-01-26 15:15:00,0.7446742263152493,16.0,11.06085456
2024-01-26 15:30:00,0.7058744544417805,14.0,9.70654671
2024-01-26 15:45:00,0.6640041996119701,13.0,9.013221945000002
2024-01-26 16:00:00,0.6192426126540507,11.0,7.626572415
2024-01-26 16:15:00,0.5717812270288953,9.0,6.239922885
2024-01-26 16:30:00,0.5218231461639549,12.0,8.31989718
2024-01-26 16:45:00,0.4695821616710525,7.0,4.853273355
2024-01-26 17:00:00,0.41528184434682236,6.0,4.15994859
2024-01-26 17:15:00,0.35915459514039305,5.0,3.4565170499999995
2024-01-26 17:30:00,0.3014406359928959,3.0,2.0678461649999997
2024-01-26 17:45:00,0.24238698865335523,0.0,0.0
2024-01-26 18:00:00,0.18224642567099944,0.0,0.0
2024-01-26 18:15:00,0.12127637262649371,0.0,0.0
2024-01-26 18:30:00,0.05973781403429368,0.0,0.0
2024-01-26 18:45:00,-0.0021058154133584417,0.0,0.0
2024-01-26 19:00:00,-0.06398977498350866,0.0,0.0
2024-01-26 19:15:00,-0.12564914296440083,0.0,0.0
2024-01-26 19:30:00,-0.18681994250592412,0.0,0.0
2024-01-26 19:45:00,-0.2472402882048159,0.0,0.0
2024-01-26 20:00:00,-0.3066514989438874,0.0,0.0
2024-01-26 20:15:00,-0.3647991974778733,0.0,0.0
2024-01-26 20:30:00,-0.4214344155671605,0.0,0.0
2024-01-26 20:45:00,-0.47631465160855535,0.0,0.0
2024-01-26 21:00:00,-0.5292049019741735,0.0,0.0
2024-01-26 21:15:00,-0.579878681982878,0.0,0.0
2024-01-26 21:30:00,-0.628118987924871,0.0,0.0
2024-01-26 21:45:00,-0.6737192203224038,0.0,0.0
2024-01-26 22:00:00,-0.7164840816413099,0.0,0.0
2024-01-26 22:15:00,-0.7562304056515695,0.0,0.0
2024-01-26 22:30:00,-0.7927879371967255,0.0,0.0
2024-01-26 22:45:00,-0.8260000720885711,0.0,0.0
2024-01-26 23:00:00,-0.8557245219775373,0.0,0.0
2024-01-26 23:15:00,-0.8818339205904172,0.0,0.0
2024-01-26 23:30:00,-0.9042163774381105,0.0,0.0
2024-01-26 23:45:00,-0.922775952581235,0.0,0.0
2024-01-27 00:00:00,-0.9374330660883667,0.0,0.0
2024-01-27 00:15:00,-0.9481248442132195,0.0,0.0
2024-01-27 00:30:00,-0.9548053858083593,0.0,0.0
2024-01-27 00:45:00,-0.9574459592553638,0.0,0.0
2024-01-27 01:00:00,-0.9560351278022285,0.0,0.0
2024-01-27 01:15:00,-0.9505787973657763,0.0,0.0
2024-01-27 01:30:00,-0.9411001933404116,0.0,0.0
2024-01-27 01:45:00,-0.927639760260511,0.0,0.0
2024-01-27 02:00:00,-0.910254989140574,0.0,0.0
2024-01-27 02:15:00,-0.8890201750210597,0.0,0.0
2024-01-27 02:30:00,-0.8640260948075102,0.0,0.0
2024-01-27 02:45:00,-0.835379620724084,0.0,0.0
2024-01-27 03:00:00,-0.803203267958986,0.0,0.0
2024-01-27 03:15:00,-0.7676346629372481,0.0,0.0
2024-01-27 03:30:00,-0.7288259578353475,0.0,0.0
2024-01-27 03:45:00,-0.6869431855428764,0.0,0.0
2024-01-27 04:00:00,-0.6421655389466906,0.0,0.0
2024-01-27 04:15:00,-0.5946846088186792,0.0,0.0
2024-01-27 04:30:00,-0.5447035709842886,0.0,0.0
2024-01-27 04:45:00,-0.4924363041992014,0.0,0.0
2024-01-27 05:00:00,-0.43810648074305986,0.0,0.0
2024-01-27 05:15:00,-0.38194661695896187,0.0,0.0
2024-01-27 05:30:00,-0.3241970635889243,0.0,0.0
2024-01-27 05:45:00,-0.26510498405349264,0.0,0.0
2024-01-27 06:00:00,-0.20492330479599952,0.0,0.0
2024-01-27 06:15:00,-0.14390961685426237,0.0,0.0
2024-01-27 06:30:00,-0.08232508104999176,0.0,0.0
2024-01-27 06:45:00,-0.02043331850950378,0.0,0.0
2024-01-27 07:00:00,0.0415007343761849,0.0,0.0
2024-01-27 07:15:00,0.1032119517801246,0.0,0.0
2024-01-27 07:30:00,0.16443614518444705,0.0,0.0
2024-01-27 07:45:00,0.22491121092309294,0.0,0.0
2024-01-27 08:00:00,0.2843782438919581,2.0,1.43516205
2024-01-27 08:15:00,0.342582638176982,4.0,2.8703241
2024-01-27 08:30:00,0.39927519311352166,6.0,4.305486149999999
2024-01-27 08:45:00,0.4542131719747884,7.0,5.0230671749999996
2024-01-27 09:00:00,0.5071613343116717,11.0,7.893391275
2024-01-27 09:15:00,0.5578929579282749,14.0,10.01783538
2024-01-27 09:30:00,0.6061908019780065,18.0,12.843689670000002
2024-01-27 09:45:00,0.6518480311757203,21.0,14.94185616
2024-01-27 10:00:00,0.6946691146234877,24.0,17.027894519999997
2024-01-27 10:15:00,0.7344706560951384,27.0,19.10180475
2024-01-27 10:30:00,0.7710821748507051,35.0,24.76159875
2024-01-27 10:45:00,0.8043468464832977,94.0,66.31257213
2024-01-27 11:00:00,0.8341221687477964,62.0,43.612755480000004
2024-01-27 11:15:00,0.8602805687183177,191.92617251180297,134.6189721678456
2024-01-27 11:30:00,0.8827099574064328,38.0,26.653587029999997
2024-01-27 11:45:00,0.9013142053471789,40.0,27.975553199999997
2024-01-27 12:00:00,0.9160135528954574,84.0,58.578867900000006
2024-01-27 12:15:00,0.9267449571930055,43.0,29.89988316
2024-01-27 12:30:00,0.9334623592844433,42.0,29.119640130000004
2024-01-27 12:45:00,0.9361368817392518,42.0,29.119640130000004
2024-01-27 13:00:00,0.9347569546213333,42.0,29.034743220000003
2024-01-27 13:15:00,0.9293283638565788,41.0,28.260564255000002
2024-01-27 13:30:00,0.9198742285567043,41.0,28.1776887
2024-01-27 13:45:00,0.9064349011512036,41.0,28.094813145
2024-01-27 14:00:00,0.8890677951032843,39.0,26.64550161
2024-01-27 14:15:00,0.8678471428096752,37.0,25.279065629999998
2024-01-27 14:30:00,0.8428636736813566,41.0,28.01193759
2024-01-27 14:45:00,0.814224227837143,303.13363417557144,207.10635224282922
2024-01-27 15:00:00,0.782051303830709,704.5897613181971,479.9641744654091
2024-01-27 15:15:00,0.7464825270449729,658.7071264737084,451.37203989167614
2024-01-27 15:30:00,0.7076700641744234,23.0,15.806996100000001
2024-01-27 15:45:00,0.6657799781503279,153.62321892936606,105.88972803934834
2024-01-27 16:00:00,0.6209915072406971,493.93603808296933,341.45966744864654
2024-01-27 16:15:00,0.5734963028088026,430.7870709453833,299.54611832803704
2024-01-27 16:30:00,0.5234976161624163,364.66906254593704,255.04546899119973
2024-01-27 16:45:00,0.47120941609137323,293.21219994451917,206.25470935376106
2024-01-27 17:00:00,0.41685547912096876,220.2501217714682,155.3760860277848
2024-01-27 17:15:00,0.36066843957564393,20.0,14.189912099999997
2024-01-27 17:30:00,0.30288877939474507,11.0,7.848921465000001
2024-01-27 17:45:00,0.24376380583110435,0.0,0.0
2024-01-27 18:00:00,0.18354660118772614,0.0,0.0
2024-01-27 18:15:00,0.12249492373178812,0.0,0.0
2024-01-27 18:30:00,0.060870112101918825,0.0,0.0
2024-01-27 18:45:00,-0.0010640248964481624,0.0,0.0
2024-01-27 19:00:00,-0.0630423541479656,0.0,0.0
2024-01-27 19:15:00,-0.12479954491744509,0.0,0.0
2024-01-27 19:30:00,-0.1860711964899651,0.0,0.0
2024-01-27 19:45:00,-0.24659498661757412,0.0,0.0
2024-01-27 20:00:00,-0.30611178620377266,0.0,0.0
2024-01-27 20:15:00,-0.3643667608476498,0.0,0.0
2024-01-27 20:30:00,-0.4211104779457804,0.0,0.0
2024-01-27 20:45:00,-0.47609996638823104,0.0,0.0
2024-01-27 21:00:00,-0.5290997498315714,0.0,0.0
2024-01-27 21:15:00,-0.5798828697838418,0.0,0.0
2024-01-27 21:30:00,-0.6282318496847806,0.0,0.0
2024-01-27 21:45:00,-0.6739396201661937,0.0,0.0
2024-01-27 22:00:00,-0.7168104188156097,0.0,0.0
2024-01-27 22:15:00,-0.7566606215656897,0.0,0.0
2024-01-27 22:30:00,-0.7933195243941653,0.0,0.0
2024-01-27 22:45:00,-0.8266300852045003,0.0,0.0
2024-01-27 23:00:00,-0.8564495905618436,0.0,0.0
2024-01-27 23:15:00,-0.8826502637740952,0.0,0.0
2024-01-27 23:30:00,-0.9051198203747115,0.0,0.0
2024-01-27 23:45:00,-0.9237619445844536,0.0,0.0
2024-01-28 00:00:00,-0.9384967003712429,0.0,0.0
2024-01-28 00:15:00,-0.9492608792044639,0.0,0.0
2024-01-28 00:30:00,-0.9560082678772919,0.0,0.0
2024-01-28 00:45:00,-0.9587098467870735,0.0,0.0
2024-01-28 01:00:00,-0.9573539165299573,0.0,0.0
2024-01-28 01:15:00,-0.9519461468175558,0.0,0.0
2024-01-28 01:30:00,-0.9425095543009128,0.0,0.0
2024-01-28 01:45:00,-0.9290844031391375,0.0,0.0
2024-01-28 02:00:00,-0.9117280331054143,0.0,0.0
2024-01-28 02:15:00,-0.890514617785857,0.0,0.0
2024-01-28 02:30:00,-0.8655348429333933,0.0,0.0
2024-01-28 02:45:00,-0.8368955203211828,0.0,0.0
2024-01-28 03:00:00,-0.8047191356058492,0.0,0.0
2024-01-28 03:15:00,-0.769143316774216,0.0,0.0
2024-01-28 03:30:00,-0.7303202486030695,0.0,0.0
2024-01-28 03:45:00,-0.6884160274982536,0.0,0.0
2024-01-28 04:00:00,-0.643609940466282,0.0,0.0
2024-01-28 04:15:00,-0.5960937026480239,0.0,0.0
2024-01-28 04:30:00,-0.5460706438750962,0.0,0.0
2024-01-28 04:45:00,-0.4937548259026777,0.0,0.0
2024-01-28 05:00:00,-0.43937013221055,0.0,0.0
2024-01-28 05:15:00,-0.3831493176267461,0.0,0.0
2024-01-28 05:30:00,-0.3253329976178856,0.0,0.0
2024-01-28 05:45:00,-0.2661686253986833,0.0,0.0
2024-01-28 06:00:00,-0.2059094410738005,0.0,0.0
2024-01-28 06:15:00,-0.1448133717969242,0.0,0.0
2024-01-28 06:30:00,-0.08314193549606724,0.0,0.0
2024-01-28 06:45:00,-0.021159129898896706,0.0,0.0
2024-01-28 07:00:00,0.04086971419700988,0.0,0.0
2024-01-28 07:15:00,0.10267906042384231,0.0,0.0
2024-01-28 07:30:00,0.16400429538774858,0.0,0.0
2024-01-28 07:45:00,0.22458287802340482,0.0,0.0
2024-01-28 08:00:00,0.2841554552471594,2.0,1.3947349500000001
2024-01-28 08:15:00,0.3424669644820909,4.0,2.7732990600000003
2024-01-28 08:30:00,0.3992677417093811,6.0,4.1356923299999995
2024-01-28 08:45:00,0.4543145821737318,8.0,5.4980856000000005
2024-01-28 09:00:00,0.5073717747081612,10.0,6.832179899999999
2024-01-28 09:15:00,0.5582121257933689,13.0,8.855556255
2024-01-28 09:30:00,0.6066179246763572,16.0,10.8344628
2024-01-28 09:45:00,0.6523818695883296,73.0,49.284677609999996
2024-01-28 10:00:00,0.6953079686080632,116.69530796860806,78.54892053154896
2024-01-28 10:15:00,0.7352123719715502,195.78880417815077,131.39188118548262
2024-01-28 10:30:00,0.7719241547661364,280.24477490538817,187.50295258000958
2024-01-28 10:45:00,0.8052860597816003,354.38407739107845,236.39088882909832
2024-01-28 11:00:00,0.8351551651417488,380.42630864316925,253.76228496544638
2024-01-28 11:15:00,0.8614034933214836,392.39999647729826,260.95611961531245
2024-01-28 11:30:00,0.8839185674633148,390.97114346490616,259.2156040291098
2024-01-28 11:45:00,0.9026038886935075,157.9026038886935,104.69012746576506
2024-01-28 12:00:00,0.9173793479636188,175.5042760877817,116.00535783919366
2024-01-28 12:15:00,0.9281815745498971,224.06090251284724,147.64755994522716
2024-01-28 12:30:00,0.9349642045764834,97.0,63.723216375
2024-01-28 12:45:00,0.9376980799410548,86.0,56.32303572
2024-01-28 13:00:00,0.9363713755083813,80.0,52.3935216
2024-01-28 13:15:00,0.9309896485700748,68.0,44.397041220000006
2024-01-28 13:30:00,0.9215758171459896,118.0,76.80340457999999
2024-01-28 13:45:00,0.9081700609816146,346.3274684154628,224.71629393397907
2024-01-28 14:00:00,0.8908296500182652,143.0,92.786258565
2024-01-28 14:15:00,0.8696287028802516,24.0,15.572518919999998
2024-01-28 14:30:00,0.8446578654641179,212.78631461856472,138.06745459644463
2024-01-28 14:45:00,0.8160239249813437,306.2196126721829,198.69211300052666
2024-01-28 15:00:00,0.783849357902534,173.3800833054659,112.84898884935424
2024-01-28 15:15:00,0.7482717984484295,110.0,71.81874315000002
2024-01-28 15:30:00,0.7094434530133907,25.0,16.423509375
2024-01-28 15:45:00,0.6675304549266485,13.0,8.56650249
2024-01-28 16:00:00,0.6227121432336307,12.0,7.95605328
2024-01-28 16:15:00,0.5751803000073498,10.0,6.670471499999999
2024-01-28 16:30:00,0.525138336642144,9.0,6.039808740000001
2024-01-28 16:45:00,0.4728004106962351,7.0,4.740077475
2024-01-28 17:00:00,0.41839051528023213,6.0,4.087179809999999
2024-01-28 17:15:00,0.362141528232087,5.0,3.405983175
2024-01-28 17:30:00,0.30429420082304776,3.0,2.0496539699999996
2024-01-28 17:45:00,0.245096134329714,0.0,0.0
2024-01-28 18:00:00,0.18480072847994877,0.0,0.0
2024-01-28 18:15:00,0.12366608096905046,0.0,0.0
2024-01-28 18:30:00,0.06195389043039559,0.0,0.0
2024-01-28 18:45:00,-7.165535851935689e-05,0.0,0.0
2024-01-28 19:00:00,-0.0621450269583699,0.0,0.0
2024-01-28 19:15:00,-0.12400048171977697,0.0,0.0
2024-01-28 19:30:00,-0.1853731931390154,0.0,0.0
2024-01-28 19:45:00,-0.24600040118237754,0.0,0.0
2024-01-28 20:00:00,-0.30562252888790464,0.0,0.0
2024-01-28 20:15:00,-0.3639842858000477,0.0,0.0
2024-01-28 20:30:00,-0.42083577710633263,0.0,0.0
2024-01-28 20:45:00,-0.47593356526866293,0.0,0.0
2024-01-28 21:00:00,-0.5290417053626281,0.0,0.0
2024-01-28 21:15:00,-0.5799327701793897,0.0,0.0
2024-01-28 21:30:00,-0.6283888163088258,0.0,0.0
2024-01-28 21:45:00,-0.6742023114379708,0.0,0.0
2024-01-28 22:00:00,-0.7171770361260877,0.0,0.0
2024-01-28 22:15:00,-0.7571289171373061,0.0,0.0
2024-01-28 22:30:00,-0.7938868111062153,0.0,0.0
2024-01-28 22:45:00,-0.8272932483257983,0.0,0.0
2024-01-28 23:00:00,-0.8572051012980461,0.0,0.0
2024-01-28 23:15:00,-0.8834941946177944,0.0,0.0
2024-01-28 23:30:00,-0.9060478621857998,0.0,0.0
2024-01-28 23:45:00,-0.9247694253097329,0.0,0.0
2024-01-29 00:00:00,-0.9395786053087187,0.0,0.0
2024-01-29 00:15:00,-0.9504118727891065,0.0,0.0
2024-01-29 00:30:00,-0.95722271681595,0.0,0.0
2024-01-29 00:45:00,-0.959981844480507,0.0,0.0
2024-01-29 01:00:00,-0.9586773086794075,0.0,0.0
2024-01-29 01:15:00,-0.9533145580945365,0.0,0.0
2024-01-29 01:30:00,-0.9439164159575725,0.0,0.0
2024-01-29 01:45:00,-0.9305229814699965,0.0,0.0
2024-01-29 02:00:00,-0.9131914585940115,0.0,0.0
2024-01-29 02:15:00,-0.8919959148458503,0.0,0.0
2024-01-29 02:30:00,-0.8670269600864291,0.0,0.0
2024-01-29 02:45:00,-0.8383913607265964,0.0,0.0
2024-01-29 03:00:00,-0.8062115877439702,0.0,0.0
2024-01-29 03:15:00,-0.7706252852088702,0.0,0.0
2024-01-29 03:30:00,-0.7317846846606927,0.0,0.0
2024-01-29 03:45:00,-0.6898559597514108,0.0,0.0
2024-01-29 04:00:00,-0.6450185048544251,0.0,0.0
2024-01-29 04:15:00,-0.5974641721140764,0.0,0.0
2024-01-29 04:30:00,-0.5473964574723573,0.0,0.0
2024-01-29 04:45:00,-0.4950296170944968,0.0,0.0
2024-01-29 05:00:00,-0.4405877563684879,0.0,0.0
2024-01-29 05:15:00,-0.3843038785679955,0.0,0.0
2024-01-29 05:30:00,-0.32641887303506856,0.0,0.0
2024-01-29 05:45:00,-0.2671804911184532,0.0,0.0
2024-01-29 06:00:00,-0.20684229399857262,0.0,0.0
2024-01-29 06:15:00,-0.14566255149973534,0.0,0.0
2024-01-29 06:30:00,-0.08390314426436582,0.0,0.0
2024-01-29 06:45:00,-0.021828451264957943,0.0,0.0
2024-01-29 07:00:00,0.0402957986084414,0.0,0.0
2024-01-29 07:15:00,0.1022036557828172,0.0,0.0
2024-01-29 07:30:00,0.16363008028182652,0.0,0.0
2024-01-29 07:45:00,0.22431209302277408,0.0,0.0
2024-01-29 08:00:00,0.2839898932920429,2.0,1.33813701
2024-01-29 08:15:00,0.34240796320782513,4.0,2.6681885999999997
2024-01-29 08:30:00,0.39931617777740325,5.0,3.3150222
2024-01-29 08:45:00,0.4544708676078562,8.0,5.28786468
2024-01-29 09:00:00,0.5076358551700615,10.0,6.589617299999999
2024-01-29 09:15:00,0.5585834809539287,13.0,8.51394726
2024-01-29 09:30:00,0.6070955705368288,9.0,5.876078985
2024-01-29 09:45:00,0.6529643628897357,11.0,7.137404505
2024-01-29 10:00:00,0.6959934131297836,22.0,14.185869390000002
2024-01-29 10:15:00,0.735998426862889,25.0,16.06977225
2024-01-29 10:30:00,0.7728080447445151,28.0,17.94154698
2024-01-29 10:45:00,0.8062645872376003,31.0,19.80119358
2024-01-29 11:00:00,0.8362247240765192,33.0,21.07868994
2024-01-29 11:15:00,0.8625600850007447,19.0,12.097809675
2024-01-29 11:30:00,0.8851578178396046,20.0,12.7345365
2024-01-29 11:45:00,0.9039210673764463,26.0,16.502342220000003
2024-01-29 12:00:00,0.9187693887615931,42.0,26.657629740000004
2024-01-29 12:15:00,0.9296390974574886,99.0,62.635727385
2024-01-29 12:30:00,0.9364835391157829,173.74593415646314,109.92629258663014
2024-01-29 12:45:00,0.9392732897373258,63.0,39.859099244999996
2024-01-29 13:00:00,0.9379962840331556,41.0,25.857173160000002
2024-01-29 13:15:00,0.9326578659030547,40.0,25.2265104
2024-01-29 13:30:00,0.9232807676532573,39.0,24.517014795000005
2024-01-29 13:45:00,0.9099050117991849,39.0,24.517014795000005
2024-01-29 14:00:00,0.8925877402038787,37.0,23.259731985000002
2024-01-29 14:15:00,0.8714029731079647,36.0,22.631090580000002
2024-01-29 14:30:00,0.8464412881538359,33.0,20.745166365
2024-01-29 14:45:00,0.8178094347049987,87.0,54.51594435
2024-01-29 15:00:00,0.7856298819310105,128.0,80.2073664
2024-01-29 15:15:00,0.7500402873599756,26.0,16.34467653
2024-01-29 15:30:00,0.711192911172562,23.0,14.458752315000002
2024-01-29 15:45:00,0.6692539707209482,12.0,7.54369686
2024-01-29 16:00:00,0.624402918941954,17.0,10.686903885
2024-01-29 16:15:00,0.5768316811869232,14.0,8.80097967
2024-01-29 16:30:00,0.526743840871607,8.0,5.029131240000001
2024-01-29 16:45:00,0.47435375556695103,7.0,4.41463932
2024-01-29 17:00:00,0.41988564550797186,6.0,3.7839765599999997
2024-01-29 17:15:00,0.3635726418128586,5.0,3.1533138
2024-01-29 17:30:00,0.30565577408093747,3.0,1.8919882799999999
2024-01-29 17:45:00,0.24638294569767172,0.0,0.0
2024-01-29 18:00:00,0.1860078810764419,0.0,0.0
2024-01-29 18:15:00,0.12478902366108252,0.0,0.0
2024-01-29 18:30:00,0.06298843743758391,0.0,0.0
2024-01-29 18:45:00,0.0008706935755208312,0.0,0.0
2024-01-29 19:00:00,-0.06129827874656743,0.0,0.0
2024-01-29 19:15:00,-0.1232523225143419,0.0,0.0
2024-01-29 19:30:00,-0.18472618400808716,0.0,0.0
2024-01-29 19:45:00,-0.2454566650310731,0.0,0.0
2024-01-29 20:00:00,-0.3051837413420153,0.0,0.0
2024-01-29 20:15:00,-0.36365166807903415,0.0,0.0
2024-01-29 20:30:00,-0.4206100908377499,0.0,0.0
2024-01-29 20:45:00,-0.47581510931019616,0.0,0.0
2024-01-29 21:00:00,-0.5290303145924398,0.0,0.0
2024-01-29 21:15:00,-0.580027816328577,0.0,0.0
2024-01-29 21:30:00,-0.6285892107823587,0.0,0.0
2024-01-29 21:45:00,-0.6745065101020742,0.0,0.0
2024-01-29 22:00:00,-0.7175830461191471,0.0,0.0
2024-01-29 22:15:00,-0.7576343055879583,0.0,0.0
2024-01-29 22:30:00,-0.7944887157395,0.0,0.0
2024-01-29 22:45:00,-0.8279883899363084,0.0,0.0
2024-01-29 23:00:00,-0.8579897980486697,0.0,0.0
2024-01-29 23:15:00,-0.884364378023568,0.0,0.0
2024-01-29 23:30:00,-0.9069990948165612,0.0,0.0
2024-01-29 23:45:00,-0.9257969200620645,0.0,0.0
2024-01-30 00:00:00,-0.9406772461857921,0.0,0.0
2024-01-30 00:15:00,-0.9515762371022108,0.0,0.0
2024-01-30 00:30:00,-0.9584470987070541,0.0,0.0
2024-01-30 00:45:00,-0.9612602796575624,0.0,0.0
2024-01-30 01:00:00,-0.96000360027759,0.0,0.0
2024-01-30 01:15:00,-0.9546823035285964,0.0,0.0
2024-01-30 01:30:00,-0.945319034655528,0.0,0.0
2024-01-30 01:45:00,-0.9319537433747076,0.0,0.0
2024-01-30 02:00:00,-0.9146435133084851,0.0,0.0
2024-01-30 02:15:00,-0.8934623212813373,0.0,0.0
2024-01-30 02:30:00,-0.8685007165133733,0.0,0.0
2024-01-30 02:45:00,-0.8398654350559288,0.0,0.0
2024-01-30 03:00:00,-0.8076789479620117,0.0,0.0
2024-01-30 03:15:00,-0.7720789297901423,0.0,0.0
2024-01-30 03:30:00,-0.7332176728385059,0.0,0.0
2024-01-30 03:45:00,-0.6912614415066514,0.0,0.0
2024-01-30 04:00:00,-0.6463897505550762,0.0,0.0
2024-01-30 04:15:00,-0.5987946015707107,0.0,0.0
2024-01-30 04:30:00,-0.5486796683627201,0.0,0.0
2024-01-30 04:45:00,-0.49625941263031537,0.0,0.0
2024-01-30 05:00:00,-0.4417581720515407,0.0,0.0
2024-01-30 05:15:00,-0.3854092079123806,0.0,0.0
2024-01-30 05:30:00,-0.3274536922059737,0.0,0.0
2024-01-30 05:45:00,-0.26813968231330876,0.0,0.0
2024-01-30 06:00:00,-0.20772106753614855,0.0,0.0
2024-01-30 06:15:00,-0.14645646644559818,0.0,0.0
2024-01-30 06:30:00,-0.08460812755187218,0.0,0.0
2024-01-30 06:45:00,-0.022440815261271174,0.0,0.0
2024-01-30 07:00:00,0.03977934027239802,0.0,0.0
2024-01-30 07:15:00,0.10178597407589729,0.0,0.0
2024-01-30 07:30:00,0.16331361846344944,0.0,0.0
2024-01-30 07:45:00,0.22409885615081165,0.0,0.0
2024-01-30 08:00:00,0.28388143965731144,3.0,1.9829492549999999
2024-01-30 08:15:00,0.34240539770751344,5.0,3.2948086499999993
2024-01-30 08:30:00,0.39942014721323016,6.0,3.9416422499999997
2024-01-30 08:45:00,0.45468155801253696,7.0,4.58443314
2024-01-30 09:00:00,0.5079529910985456,8.0,5.223181320000001
2024-01-30 09:15:00,0.5590063267924849,10.0,6.508763099999999
2024-01-30 09:30:00,0.6076229337770161,11.0,7.137404505
2024-01-30 09:45:00,0.6535945993767844,13.0,8.408836800000001
2024-01-30 10:00:00,0.6967244343098062,26.0,16.765118370000003
2024-01-30 10:15:00,0.7368277088910965,32.0,20.50462512
2024-01-30 10:30:00,0.7737326394855704,34.0,21.71743812
2024-01-30 10:45:00,0.8072811351553926,70.0,44.57087775000001
2024-01-30 11:00:00,0.8373294688356996,84.0,53.14546566
2024-01-30 11:15:00,0.8637488897961125,107.0,67.48091532
2024-01-30 11:30:00,0.8864261833867422,57.0,35.832560085000004
2024-01-30 11:45:00,0.9052641514553377,75.0,46.99650375
2024-01-30 12:00:00,0.9201820272221191,95.0,59.528904749999995
2024-01-30 12:15:00,0.9311158266451156,98.0,61.4087649
2024-01-30 12:30:00,0.9380186195673145,42.0,26.402939010000004
2024-01-30 12:45:00,0.9408607310622263,37.0,23.259731985000002
2024-01-30 13:00:00,0.9396298708872621,36.0,22.70385936
2024-01-30 13:15:00,0.9343311849209837,83.0,52.512781545
2024-01-30 13:30:00,0.9249872352254678,58.0,36.69567867
2024-01-30 13:45:00,0.9116379026020094,70.0,44.4293829
2024-01-30 14:00:00,0.8943402163042469,120.0,76.40721900000001
2024-01-30 14:15:00,0.8731681135777266,171.9853449086218,109.5076826101967
2024-01-30 14:30:00,0.8482121190153378,179.72318178523005,114.79785526912485
2024-01-30 14:45:00,0.8195789591030604,32.0,20.50462512
2024-01-30 15:00:00,0.7873911104214695,135.0,86.77677015
2024-01-30 15:15:00,0.7517862681208438,109.0,70.28453470500001
2024-01-30 15:30:00,0.7129167600690487,24.0,15.5240064
2024-01-30 15:45:00,0.6709489010692828,80.0,51.908396399999994
2024-01-30 16:00:00,0.6260622708494341,41.0,26.68592871
2024-01-30 16:15:00,0.5784489503088261,34.0,22.198520610000003
2024-01-30 16:30:00,0.528312706524093,28.0,18.33773256
2024-01-30 16:45:00,0.4758681080131037,22.0,14.45268825
2024-01-30 17:00:00,0.42133961235312073,17.0,11.236712444999998
2024-01-30 17:15:00,0.36496061334803465,12.0,7.95605328
2024-01-30 17:30:00,0.3069724274661224,7.0,4.655180565
2024-01-30 17:45:00,0.2476232679575476,0.0,0.0
2024-01-30 18:00:00,0.18716719067105184,0.0,0.0
2024-01-30 18:15:00,0.12586299068226164,0.0,0.0
2024-01-30 18:30:00,0.06397310226401814,0.0,0.0
2024-01-30 18:45:00,0.0017624838930166142,0.0,0.0
2024-01-30 19:00:00,-0.060502532572887235,0.0,0.0
2024-01-30 19:15:00,-0.1225553737946516,0.0,0.0
2024-01-30 19:30:00,-0.18413035794868443,0.0,0.0
2024-01-30 19:45:00,-0.24496384876669577,0.0,0.0
2024-01-30 20:00:00,-0.3047953758601381,0.0,0.0
2024-01-30 20:15:00,-0.36336874210796233,0.0,0.0
2024-01-30 20:30:00,-0.42043313666009957,0.0,0.0
2024-01-30 20:45:00,-0.4757442005713408,0.0,0.0
2024-01-30 21:00:00,-0.5290650660549387,0.0,0.0
2024-01-30 21:15:00,-0.5801673856935969,0.0,0.0
2024-01-30 21:30:00,-0.6288323024130569,0.0,0.0
2024-01-30 21:45:00,-0.6748513807335198,0.0,0.0
2024-01-30 22:00:00,-0.718027512489134,0.0,0.0
2024-01-30 22:15:00,-0.7581757540103571,0.0,0.0
2024-01-30 22:30:00,-0.7951241134713718,0.0,0.0
2024-01-30 22:45:00,-0.8287142984146616,0.0,0.0
2024-01-30 23:00:00,-0.8588023878529915,0.0,0.0
2024-01-30 23:15:00,-0.8852594455276548,0.0,0.0
2024-01-30 23:30:00,-0.9079720804606526,0.0,0.0
2024-01-30 23:45:00,-0.9268429281540117,0.0,0.0
2024-01-31 00:00:00,-0.9417910661492294,0.0,0.0
2024-01-31 00:15:00,-0.952752366092279,0.0,0.0
2024-01-31 00:30:00,-0.9596797654853012,0.0,0.0
2024-01-31 00:45:00,-0.9625434696037515,0.0,0.0
2024-01-31 01:00:00,-0.9613310814736049,0.0,0.0
2024-01-31 01:15:00,-0.9560476537626359,0.0,0.0
2024-01-31 01:30:00,-0.9467156692391727,0.0,0.0
2024-01-31 01:45:00,-0.93337494366781,0.0,0.0
2024-01-31 02:00:00,-0.9160824558171545,0.0,0.0
2024-01-31 02:15:00,-0.8949121071799648,0.0,0.0
2024-01-31 02:30:00,-0.8699544015273233,0.0,0.0
2024-01-31 02:45:00,-0.8413160594901151,0.0,0.0
2024-01-31 03:00:00,-0.8091195668201209,0.0,0.0
2024-01-31 03:15:00,-0.7735026428140298,0.0,0.0
2024-01-31 03:30:00,-0.7346176543280611,0.0,0.0
2024-01-31 03:45:00,-0.6926309698562856,0.0,0.0
2024-01-31 04:00:00,-0.6477222372752534,0.0,0.0
2024-01-31 04:15:00,-0.6000836197901119,0.0,0.0
2024-01-31 04:30:00,-0.5499189805678616,0.0,0.0
2024-01-31 04:45:00,-0.49744299760753785,0.0,0.0
2024-01-31 05:00:00,-0.44288025086973126,0.0,0.0
2024-01-31 05:15:00,-0.386464268910036,0.0,0.0
2024-01-31 05:30:00,-0.32843651472085567,0.0,0.0
2024-01-31 05:45:00,-0.2690453592156722,0.0,0.0
2024-01-31 06:00:00,-0.2085450264143878,0.0,0.0
2024-01-31 06:15:00,-0.14719448924450737,0.0,0.0
2024-01-31 06:30:00,-0.08525636881802313,0.0,0.0
2024-01-31 06:45:00,-0.022995818615118485,0.0,0.0
2024-01-31 07:00:00,0.0393206272247463,0.0,0.0
2024-01-31 07:15:00,0.10142618666656945,0.0,0.0
2024-01-31 07:30:00,0.1630549636316661,0.0,0.0
2024-01-31 07:45:00,0.22394310299410172,0.0,0.0
2024-01-31 08:00:00,0.2838299118937312,3.0,2.11029462
2024-01-31 08:15:00,0.34245896803808074,4.0,2.8137261600000003
2024-01-31 08:30:00,0.3995792336831365,5.0,3.5171577000000003
2024-01-31 08:45:00,0.4549461222687818,6.0,4.22058924
2024-01-31 09:00:00,0.5083225386723407,7.0,4.92402078
2024-01-31 09:15:00,0.5594799093506324,13.0,9.118332405
2024-01-31 09:30:00,0.6081991533335624,10.0,7.0141018499999985
2024-01-31 09:45:00,0.6542716144140119,11.0,7.715512035
2024-01-31 10:00:00,0.6974999678670183,12.0,8.392665959999999
2024-01-31 10:15:00,0.73769905853262,14.0,9.763144650000001
2024-01-31 10:30:00,0.7746966890561662,15.0,10.430191800000001
2024-01-31 10:45:00,0.8083343683731683,17.0,11.786521004999999
2024-01-31 11:00:00,0.8384679845942218,18.0,12.40707699
2024-01-31 11:15:00,0.8649684191198622,20.0,13.745214
2024-01-31 11:30:00,0.887722107983143,21.0,14.390026245000001
2024-01-31 11:45:00,0.9066315237848721,22.0,15.03079578
2024-01-31 12:00:00,0.9216155919652487,45.0,30.653848574999998
2024-01-31 12:15:00,0.9326100435137517,46.0,31.242062880000002
2024-01-31 12:30:00,0.9395676873358638,91.0,61.621007174999995
2024-01-31 12:45:00,0.9424586127158359,25.0,16.928848125
2024-01-31 13:00:00,0.9412703197981396,42.0,28.35556794
2024-01-31 13:15:00,0.9360077719196569,66.0,44.55874961999999
2024-01-31 13:30:00,0.9266933764498893,42.0,28.35556794
2024-01-31 13:45:00,0.9133668880174703,100.0,67.3111215
2024-01-31 14:00:00,0.8960852387585019,127.0,85.485124305
2024-01-31 14:15:00,0.8749222982683507,54.0,36.34800561
2024-01-31 14:30:00,0.8499685532473589,34.0,22.88578131
2024-01-31 14:45:00,0.8213307222035465,32.0,21.53955888
2024-01-31 15:00:00,0.789131303674354,29.0,19.520225234999998
2024-01-31 15:15:00,0.7535080446114457,27.0,18.174002805
2024-01-31 15:30:00,0.7146133542870993,24.0,16.203181679999997
2024-01-31 15:45:00,0.6726136581558706,15.0,10.12698855
2024-01-31 16:00:00,0.6276886753657096,76.0,51.4636983
2024-01-31 16:15:00,0.5800306543730139,63.0,42.78804264
2024-01-31 16:30:00,0.5298435572543493,51.0,34.741028385
2024-01-31 16:45:00,0.47734217409497814,40.0,27.328719599999996
2024-01-31 17:00:00,0.42275120964073987,29.0,19.871941005
2024-01-31 17:15:00,0.3663043294111919,20.0,13.745214
2024-01-31 17:30:00,0.30824314491438276,11.0,7.559867700000001
2024-01-31 17:45:00,0.24881618652088527,0.0,0.0
2024-01-31 18:00:00,0.1882778479029879,0.0,0.0
2024-01-31 18:15:00,0.1268872811830011,0.0,0.0
2024-01-31 18:30:00,0.06490729533671746,0.0,0.0
2024-01-31 18:45:00,0.0026032396426021454,0.0,0.0
2024-01-31 19:00:00,-0.0597581489141102,0.0,0.0
2024-01-31 19:15:00,-0.12190987928620284,0.0,0.0
2024-01-31 19:30:00,-0.18358584110188547,0.0,0.0
2024-01-31 19:45:00,-0.2445219606358489,0.0,0.0
2024-01-31 20:00:00,-0.3044573230147781,0.0,0.0
2024-01-31 20:15:00,-0.36313528147529994,0.0,0.0
2024-01-31 20:30:00,-0.4203045723758435,0.0,0.0
2024-01-31 20:45:00,-0.4757203827818171,0.0,0.0
2024-01-31 21:00:00,-0.5291453916557541,0.0,0.0
2024-01-31 21:15:00,-0.580350801051182,0.0,0.0
2024-01-31 21:30:00,-0.6291173080215355,0.0,0.0
2024-01-31 21:45:00,-0.6752360377926012,0.0,0.0
2024-01-31 22:00:00,-0.7185094514314196,0.0,0.0
2024-01-31 22:15:00,-0.7587521848077569,0.0,0.0
2024-01-31 22:30:00,-0.7957918378244135,0.0,0.0
2024-01-31 22:45:00,-0.8294697236896073,0.0,0.0
2024-01-31 23:00:00,-0.8596415427101136,0.0,0.0
2024-01-31 23:15:00,-0.886177997172927,0.0,0.0
2024-01-31 23:30:00,-0.9089653534999753,0.0,0.0
2024-01-31 23:45:00,-0.9279059248818669,0.0,0.0
2024-02-01 00:00:00,-0.9429184882459722,0.0,0.0
2024-02-01 00:15:00,-0.9539386376219701,0.0,0.0
2024-02-01 00:30:00,-0.9609190570809611,0.0,0.0
2024-02-01 00:45:00,-0.9638297237401275,0.0,0.0
2024-02-01 01:00:00,-0.962658038730372,0.0,0.0
2024-02-01 01:15:00,-0.9574088799503302,0.0,0.0
2024-02-01 01:30:00,-0.9481045832701249,0.0,0.0
2024-02-01 01:45:00,-0.9347848460711076,0.0,0.0
2024-02-01 02:00:00,-0.9175065577384993,0.0,0.0
2024-02-01 02:15:00,-0.8963435597868218,0.0,0.0
2024-02-01 02:30:00,-0.8713863256301065,0.0,0.0
2024-02-01 02:45:00,-0.8427415753328528,0.0,0.0
2024-02-01 03:00:00,-0.8105318238325693,0.0,0.0
2024-02-01 03:15:00,-0.7748948492398078,0.0,0.0
2024-02-01 03:30:00,-0.7359831065956308,0.0,0.0
2024-02-01 03:45:00,-0.693963081587744,0.0,0.0
2024-02-01 04:00:00,-0.6490145676998805,0.0,0.0
2024-02-01 04:15:00,-0.601329901604393,0.0,0.0
2024-02-01 04:30:00,-0.551113147028183,0.0,0.0
2024-02-01 04:45:00,-0.4985792086854152,0.0,0.0
2024-02-01 05:00:00,-0.44395291850923685,0.0,0.0
2024-02-01 05:15:00,-0.38746808109941494,0.0,0.0
2024-02-01 05:30:00,-0.32936645846299817,0.0,0.0
2024-02-01 05:45:00,-0.26989674211533543,0.0,0.0
2024-02-01 06:00:00,-0.20931349688752504,0.0,0.0
2024-02-01 06:15:00,-0.1478760553012846,0.0,0.0
2024-02-01 06:30:00,-0.08584741521551076,0.0,0.0
2024-02-01 06:45:00,-0.02349312244985241,0.0,0.0
2024-02-01 07:00:00,0.03891988270428787,0.0,0.0
2024-02-01 07:15:00,0.10112439994798367,0.0,0.0
2024-02-01 07:30:00,0.1628541046325252,0.0,0.0
2024-02-01 07:45:00,0.22384470470040257,0.0,0.0
2024-02-01 08:00:00,0.28383506380843904,4.0,2.72478654
2024-02-01 08:15:00,0.3425683115240238,6.0,4.0750516800000005
2024-02-01 08:30:00,0.39979295934017867,8.0,5.4172314
2024-02-01 08:45:00,0.4552639692258412,9.0,6.07619313
2024-02-01 09:00:00,0.5087437957697613,38.0,25.57822617
2024-02-01 09:15:00,0.5600034183552207,49.0,32.883403140000006
2024-02-01 09:30:00,0.6088233140536261,15.0,10.036027575
2024-02-01 09:45:00,0.6549943917221084,13.0,8.645335335
2024-02-01 10:00:00,0.6983189005985229,14.0,9.28206216
2024-02-01 10:15:00,0.7386112702481973,16.0,10.57572936
2024-02-01 10:30:00,0.7756989005694626,18.0,11.89769553
2024-02-01 10:45:00,0.8094229120322877,21.0,13.83819633
2024-02-01 11:00:00,0.8396388202488837,382.07909573574995,251.00318443230444
2024-02-01 11:15:00,0.8662171516769315,298.95280092607777,195.78987540876196
2024-02-01 11:30:00,0.8890440065180055,199.8918361238421,130.91296542022727
2024-02-01 11:45:00,0.908021542083556,245.13690476750935,160.54482143617057
2024-02-01 12:00:00,0.9230683904212327,351.1527539739178,229.26681312789046
2024-02-01 12:15:00,0.934120012307284,433.09932259683694,283.6449839177843
2024-02-01 12:30:00,0.9411289707667826,444.98950253945895,291.43208891343
2024-02-01 12:45:00,0.9440651345886037,321.9658621129743,210.86156688848425
2024-02-01 13:00:00,0.9429158097714812,279.803285347203,183.24849343237054
2024-02-01 13:15:00,0.9376857926775575,531.2493689616267,347.925316095967
2024-02-01 13:30:00,0.9283973515868731,155.0,101.51244810000001
2024-02-01 13:45:00,0.9150901305267707,214.13198287158895,140.6719451271552
2024-02-01 14:00:00,0.8978209799949484,215.34334547986865,141.46773813329946
2024-02-01 14:15:00,0.8766637172403877,277.2564336619906,182.14094550107075
2024-02-01 14:30:00,0.8517088061581048,35.0,23.063660549999998
2024-02-01 14:45:00,0.8230629720477,100.0,65.89617299999999
2024-02-01 15:00:00,0.7908487498248253,114.0,75.35207169
2024-02-01 15:15:00,0.7552039522331966,114.0,75.35207169
2024-02-01 15:30:00,0.7162810834637601,45.0,29.835199799999998
2024-02-01 15:45:00,0.674246692591082,12.0,7.95605328
2024-02-01 16:00:00,0.6292806505425164,26.0,17.29067067
2024-02-01 16:15:00,0.5815753850798602,22.0,14.63056749
2024-02-01 16:30:00,0.5313350642806011,18.0,12.006848699999999
2024-02-01 16:45:00,0.4787747100498313,15.0,10.00570725
2024-02-01 17:00:00,0.42411928377593955,12.0,8.004565799999998
2024-02-01 17:15:00,0.3676027313140536,9.0,6.021616545
2024-02-01 17:30:00,0.3094669669828735,6.0,4.01441103
2024-02-01 17:45:00,0.24996084512524197,0.0,0.0
2024-02-01 18:00:00,0.18933910316575792,0.0,0.0
2024-02-01 18:15:00,0.12786125520577368,0.0,0.0
2024-02-01 18:30:00,0.06579048891988823,0.0,0.0
2024-02-01 18:45:00,0.0033925473281014307,0.0,0.0
2024-02-01 19:00:00,-0.059065425518023545,0.0,0.0
2024-02-01 19:15:00,-0.12131601989802294,0.0,0.0
2024-02-01 19:30:00,-0.18309269700894468,0.0,0.0
2024-02-01 19:45:00,-0.2441309467774316,0.0,0.0
2024-02-01 20:00:00,-0.3041694119833898,0.0,0.0
2024-02-01 20:15:00,-0.36295099939810754,0.0,0.0
2024-02-01 20:30:00,-0.4202239967372527,0.0,0.0
2024-02-01 20:45:00,-0.47574314222530245,0.0,0.0
2024-02-01 21:00:00,-0.5292706676445532,0.0,0.0
2024-02-01 21:15:00,-0.580577331559291,0.0,0.0
2024-02-01 21:30:00,-0.629443393079984,0.0,0.0
2024-02-01 21:45:00,-0.6756595469403966,0.0,0.0
2024-02-01 22:00:00,-0.7190278330432225,0.0,0.0
2024-02-01 22:15:00,-0.7593624772510721,0.0,0.0
2024-02-01 22:30:00,-0.7964906823300449,0.0,0.0
2024-02-01 22:45:00,-0.8302533790119367,0.0,0.0
2024-02-01 23:00:00,-0.8605059013880362,0.0,0.0
2024-02-01 23:15:00,-0.8871186033941135,0.0,0.0
2024-02-01 23:30:00,-0.9099774224516022,0.0,0.0
2024-02-01 23:45:00,-0.9289843635480246,0.0,0.0
2024-02-02 00:00:00,-0.9440579175042743,0.0,0.0
2024-02-02 00:15:00,-0.9551334155845326,0.0,0.0
2024-02-02 00:30:00,-0.9621633035780333,0.0,0.0
2024-02-02 00:45:00,-0.9651173458040591,0.0,0.0
2024-02-02 01:00:00,-0.9639827570191576,0.0,0.0
2024-02-02 01:15:00,-0.9587642559595074,0.0,0.0
2024-02-02 01:30:00,-0.9494840472256146,0.0,0.0
2024-02-02 01:45:00,-0.9361817253855313,0.0,0.0
2024-02-02 02:00:00,-0.9189141059129309,0.0,0.0
2024-02-02 02:15:00,-0.8977549856129179,0.0,0.0
2024-02-02 02:30:00,-0.8727948225880615,0.0,0.0
2024-02-02 02:45:00,-0.8441403510412568,0.0,0.0
2024-02-02 03:00:00,-0.8119141294460154,0.0,0.0
2024-02-02 03:15:00,-0.776254008625447,0.0,0.0
2024-02-02 03:30:00,-0.7373125452302872,0.0,0.0
2024-02-02 03:45:00,-0.695256354929324,0.0,0.0
2024-02-02 04:00:00,-0.6502653890993655,0.0,0.0
2024-02-02 04:15:00,-0.6025321694333152,0.0,0.0
2024-02-02 04:30:00,-0.5522609710404084,0.0,0.0
2024-02-02 04:45:00,-0.4996669354814714,0.0,0.0
2024-02-02 05:00:00,-0.44497515590197134,0.0,0.0
2024-02-02 05:15:00,-0.38841972143491904,0.0,0.0
2024-02-02 05:30:00,-0.33024270058955346,0.0,0.0
2024-02-02 05:45:00,-0.2706931121281578,0.0,0.0
2024-02-02 06:00:00,-0.21002586741522078,0.0,0.0
2024-02-02 06:15:00,-0.14850066325239764,0.0,0.0
2024-02-02 06:30:00,-0.08638087800885957,0.0,0.0
2024-02-02 06:45:00,-0.0239324525253036,0.0,0.0
2024-02-02 07:00:00,0.038577265001679545,0.0,0.0
2024-02-02 07:15:00,0.10088065537171623,0.0,0.0
2024-02-02 07:30:00,0.16271096570827578,0.0,0.0
2024-02-02 07:45:00,0.22380346839174672,0.0,0.0
2024-02-02 08:00:00,0.28389658597357487,3.0,1.9405008
2024-02-02 08:15:00,0.3427330033295307,4.0,2.5873344
2024-02-02 08:30:00,0.4000607855740382,6.0,3.8810016
2024-02-02 08:45:00,0.4556344485686447,9.0,5.8215024
2024-02-02 09:00:00,0.5092160029689766,11.0,7.115169600000001
2024-02-02 09:15:00,0.5605759883584787,9.0,5.8215024
2024-02-02 09:30:00,0.6094944479955147,10.0,6.468336
2024-02-02 09:45:00,0.6557618648144212,21.0,13.583505600000002
2024-02-02 10:00:00,0.6991800718741377,24.0,15.572518919999998
2024-02-02 10:15:00,0.7395630940535245,50.0,32.442747749999995
2024-02-02 10:30:00,0.7767379398612404,30.0,19.465648650000002
2024-02-02 10:45:00,0.8105453533445708,34.0,22.129794539999995
2024-02-02 11:00:00,0.8408404902887725,255.5405153007916,166.32526765447778
2024-02-02 11:15:00,0.8674935354457619,234.1697155596135,152.88886050258586
2024-02-02 11:30:00,0.8903902669411026,148.0,96.92801496
2024-02-02 11:45:00,0.9094325410233544,157.0,102.82228614
2024-02-02 12:00:00,0.9245387109623255,272.77416781389024,179.19636409396998
2024-02-02 12:15:00,0.9356439822799851,254.4257592911994,167.14255371842026
2024-02-02 12:30:00,0.9427006873488317,426.76933472037103,280.36200678970107
2024-02-02 12:45:00,0.9456784898936462,439.646804387772,288.8217365420546
2024-02-02 13:00:00,0.9445645173344351,501.20088744031403,329.25909894537267
2024-02-02 13:15:00,0.9393634146977422,482.8706683095994,317.2172379158088
2024-02-02 13:30:00,0.9300973268171726,266.50486634085865,174.53910588918615
2024-02-02 13:45:00,0.9168058026999899,230.5041740809997,150.96156779503772
2024-02-02 14:00:00,0.8995456266474726,156.0,102.16736712000001
2024-02-02 14:15:00,0.8783905788211147,104.0,68.321799
2024-02-02 14:30:00,0.8534311152678011,96.0,63.26032607999999
2024-02-02 14:45:00,0.8247739827507629,83.0,54.69382359
2024-02-02 15:00:00,0.7925417668184234,27.0,17.846543295
2024-02-02 15:15:00,0.7568723598151986,24.0,15.960619079999999
2024-02-02 15:30:00,0.7179183741326526,26.0,17.3432259
2024-02-02 15:45:00,0.6758464951922583,14.0,9.36695907
2024-02-02 16:00:00,0.6308367578027327,12.0,8.053078320000001
2024-02-02 16:15:00,0.5830817804124089,11.0,7.404223365
2024-02-02 16:30:00,0.5327859477911348,9.0,6.07619313
2024-02-02 16:45:00,0.4801645235761946,8.0,5.4172314
2024-02-02 17:00:00,0.4254427348939253,7.0,4.7542269600000004
2024-02-02 17:15:00,0.3688548161484572,5.0,3.405983175
2024-02-02 17:30:00,0.31064299185261324,4.0,2.7328719599999998
2024-02-02 17:45:00,0.25105644669734756,0.0,0.0
2024-02-02 18:00:00,0.19035026732023427,0.0,0.0
2024-02-02 18:15:00,0.12878433429276603,0.0,0.0
2024-02-02 18:30:00,0.06662221747024409,0.0,0.0
2024-02-02 18:45:00,0.004130056091986967,0.0,0.0
2024-02-02 19:00:00,-0.058424597247171625,0.0,0.0
2024-02-02 19:15:00,-0.12077391373940716,0.0,0.0
2024-02-02 19:30:00,-0.18265092673221217,0.0,0.0
2024-02-02 19:45:00,-0.24379069148183216,0.0,0.0
2024-02-02 20:00:00,-0.3039314110371171,0.0,0.0
2024-02-02 20:15:00,-0.3628155493636931,0.0,0.0
2024-02-02 20:30:00,-0.4201909502062986,0.0,0.0
2024-02-02 20:45:00,-0.47581190854878247,0.0,0.0
2024-02-02 21:00:00,-0.5294402155927156,0.0,0.0
2024-02-02 21:15:00,-0.5808461938790649,0.0,0.0
2024-02-02 21:30:00,-0.6298096729771405,0.0,0.0
2024-02-02 21:45:00,-0.6761209263745465,0.0,0.0
2024-02-02 22:00:00,-0.7195815828459966,0.0,0.0
2024-02-02 22:15:00,-0.7600054690545481,0.0,0.0
2024-02-02 22:30:00,-0.7972194021860174,0.0,0.0
2024-02-02 22:45:00,-0.8310639426930926,0.0,0.0
2024-02-02 23:00:00,-0.8613940712852938,0.0,0.0
2024-02-02 23:15:00,-0.8880798069353721,0.0,0.0
2024-02-02 23:30:00,-0.9110067719775625,0.0,0.0
2024-02-02 23:45:00,-0.9300766775297742,0.0,0.0
2024-02-03 00:00:00,-0.9452077430353971,0.0,0.0
2024-02-03 00:15:00,-0.9563350520505205,0.0,0.0
2024-02-03 00:30:00,-0.9634108273769115,0.0,0.0
2024-02-03 00:45:00,-0.9664046360332199,0.0,0.0
2024-02-03 01:00:00,-0.9653035220165689,0.0,0.0
2024-02-03 01:15:00,-0.9601120605677791,0.0,0.0
2024-02-03 01:30:00,-0.9508523406727774,0.0,0.0
2024-02-03 01:45:00,-0.9375638696632852,0.0,0.0
2024-02-03 02:00:00,-0.92030340452255,0.0,0.0
2024-02-03 02:15:00,-0.8991447125548979,0.0,0.0
2024-02-03 02:30:00,-0.8741782514843892,0.0,0.0
2024-02-03 02:45:00,-0.8455107842394133,0.0,0.0
2024-02-03 03:00:00,-0.8132649269944519,0.0,0.0
2024-02-03 03:15:00,-0.7775786169954974,0.0,0.0
2024-02-03 03:30:00,-0.7386045256461288,0.0,0.0
2024-02-03 03:45:00,-0.6965094112404735,0.0,0.0
2024-02-03 04:00:00,-0.6514733949445467,0.0,0.0
2024-02-03 04:15:00,-0.6036891947485712,0.0,0.0
2024-02-03 04:30:00,-0.5533613076684589,0.0,0.0
2024-02-03 04:45:00,-0.5007051218087308,0.0,0.0
2024-02-03 05:00:00,-0.44594600044589106,0.0,0.0
2024-02-03 05:15:00,-0.3893183252306741,0.0,0.0
2024-02-03 05:30:00,-0.3310644783560561,0.0,0.0
2024-02-03 05:45:00,-0.27143381199167577,0.0,0.0
2024-02-03 06:00:00,-0.21068158926693775,0.0,0.0
2024-02-03 06:15:00,-0.14906787553959192,0.0,0.0
2024-02-03 06:30:00,-0.08685643289565441,0.0,0.0
2024-02-03 06:45:00,-0.024313599470434016,0.0,0.0
2024-02-03 07:00:00,0.03829286746885663,0.0,0.0
2024-02-03 07:15:00,0.1006949296021895,0.0,0.0
2024-02-03 07:30:00,0.16262540672135148,0.0,0.0
2024-02-03 07:45:00,0.22381913749243446,0.0,0.0
2024-02-03 08:00:00,0.28401410627705825,3.0,1.9768851899999997
2024-02-03 08:15:00,0.3429525571553879,5.0,3.2948086499999993
2024-02-03 08:30:00,0.4003821137884181,6.0,3.9537703799999995
2024-02-03 08:45:00,0.4560568517850147,7.0,4.61273211
2024-02-03 09:00:00,0.5097383446912546,8.0,5.271693839999999
2024-02-03 09:15:00,0.5611966999928261,9.0,5.912463375
2024-02-03 09:30:00,0.6102115357593226,18.0,11.788542360000001
2024-02-03 09:45:00,0.6565729184372755,21.0,13.710850965000002
2024-02-03 10:00:00,0.7000822751621231,13.0,8.461392029999999
2024-02-03 10:15:00,0.7405532371576463,27.0,17.57366037
2024-02-03 10:30:00,0.7778124332642156,17.0,11.030534235
2024-02-03 10:45:00,0.8117002434804097,18.0,11.6430048
2024-02-03 11:00:00,0.8420714767482642,20.0,12.936672
2024-02-03 11:15:00,0.8687959896657764,21.0,13.583505600000002
2024-02-03 11:30:00,0.8917592523117257,22.0,14.230339200000001
2024-02-03 11:45:00,0.9108628343283544,29.0,18.758174399999998
2024-02-03 12:00:00,0.9260248250566314,24.0,15.5240064
2024-02-03 12:15:00,0.9371801898960136,25.0,16.221373874999998
2024-02-03 12:30:00,0.9442810459408953,32.0,20.76335856
2024-02-03 12:45:00,0.9472968674036781,32.0,20.828041919999997
2024-02-03 13:00:00,0.946214618780123,31.0,20.17716561
2024-02-03 13:15:00,0.9410388094553672,31.0,20.17716561
2024-02-03 13:30:00,0.9317914764811592,30.0,19.5262893
2024-02-03 13:45:00,0.9185120894056913,28.0,18.224536679999996
2024-02-03 14:00:00,0.9012573817371383,27.0,17.57366037
2024-02-03 14:15:00,0.8801011117060836,21.0,13.66840251
2024-02-03 14:30:00,0.8551337424032717,24.0,15.621031439999998
2024-02-03 14:45:00,0.8264620565429717,22.0,14.31927882
2024-02-03 15:00:00,0.7942087044096009,20.0,13.017526199999997
2024-02-03 15:15:00,0.7585116715289961,18.0,11.67938919
2024-02-03 15:30:00,0.719523691562852,14.0,9.08396937
2024-02-03 15:45:00,0.6774115987201453,12.0,7.7620032
2024-02-03 16:00:00,0.6323556034877854,13.0,8.382559185000002
2024-02-03 16:15:00,0.5845485260971423,11.0,7.070699790000001
2024-02-03 16:30:00,0.5341949783545159,9.0,5.766925815
2024-02-03 16:45:00,0.4815104751694642,8.0,5.093814600000001
2024-02-03 17:00:00,0.42672051808763806,6.0,3.8082328199999997
2024-02-03 17:15:00,0.3700596379274331,5.0,3.1634205749999995
2024-02-03 17:30:00,0.3117703762297272,4.0,2.52265104
2024-02-03 17:45:00,0.2521022540724179,14.52943155701385,9.133802267852525
2024-02-03 18:00:00,0.19131071226801444,0.0,0.0
2024-02-03 18:15:00,0.12965600189020363,0.0,0.0
2024-02-03 18:30:00,0.0674020779807486,0.0,0.0
2024-02-03 18:45:00,0.004815477977356375,0.0,0.0
2024-02-03 19:00:00,-0.05783583601726189,0.0,0.0
2024-02-03 19:15:00,-0.12028361619662006,0.0,0.0
2024-02-03 19:30:00,-0.18226046917914498,0.0,0.0
2024-02-03 19:45:00,-0.24350101763693216,0.0,0.0
2024-02-03 20:00:00,-0.303743028074611,0.0,0.0
2024-02-03 20:15:00,-0.36272852581557025,0.0,0.0
2024-02-03 20:30:00,-0.4202049157575801,0.0,0.0
2024-02-03 20:45:00,-0.4759260557405288,0.0,0.0
2024-02-03 21:00:00,-0.5296533034516749,0.0,0.0
2024-02-03 21:15:00,-0.5811565533798281,0.0,0.0
2024-02-03 21:30:00,-0.6302152143678056,0.0,0.0
2024-02-03 21:45:00,-0.6766191482942601,0.0,0.0
2024-02-03 22:00:00,-0.7201695832987369,0.0,0.0
2024-02-03 22:15:00,-0.7606799580290626,0.0,0.0
2024-02-03 22:30:00,-0.7979767159966739,0.0,0.0
2024-02-03 22:45:00,-0.831900059929136,0.0,0.0
2024-02-03 23:00:00,-0.8623046303151274,0.0,0.0
2024-02-03 23:15:00,-0.8890601248316238,0.0,0.0
2024-02-03 23:30:00,-0.9120518648952467,0.0,0.0
2024-02-03 23:45:00,-0.9311812823392782,0.0,0.0
2024-02-04 00:00:00,-0.9463663401518845,0.0,0.0
2024-02-04 00:15:00,-0.9575418894040566,0.0,0.0
2024-02-04 00:30:00,-0.9646599453651934,0.0,0.0
2024-02-04 00:45:00,-0.9676898933518914,0.0,0.0
2024-02-04 01:00:00,-0.9666186222920008,0.0,0.0
2024-02-04 01:15:00,-0.9614505796455863,0.0,0.0
2024-02-04 01:30:00,-0.9522077544482996,0.0,0.0
2024-02-04 01:45:00,-0.9389295823494955,0.0,0.0
2024-02-04 02:00:00,-0.9216727772109411,0.0,0.0
2024-02-04 02:15:00,-0.9005110919607089,0.0,0.0
2024-02-04 02:30:00,-0.8755349987504067,0.0,0.0
2024-02-04 02:45:00,-0.846851303660514,0.0,0.0
2024-02-04 03:00:00,-0.8145826945554817,0.0,0.0
2024-02-04 03:15:00,-0.7788672085962415,0.0,0.0
2024-02-04 03:30:00,-0.7398576448872238,0.0,0.0
2024-02-04 03:45:00,-0.6977209166186954,0.0,0.0
2024-02-04 04:00:00,-0.6526373264535204,0.0,0.0
2024-02-04 04:15:00,-0.6047997995531356,0.0,0.0
2024-02-04 04:30:00,-0.5544130650270137,0.0,0.0
2024-02-04 04:45:00,-0.50169276686341,0.0,0.0
2024-02-04 05:00:00,-0.44686454696982325,0.0,0.0
2024-02-04 05:15:00,-0.3901630871531302,0.0,0.0
2024-02-04 05:30:00,-0.3318310899450639,0.0,0.0
2024-02-04 05:45:00,-0.2721182467047518,0.0,0.0
2024-02-04 06:00:00,-0.21128017707633684,0.0,0.0
2024-02-04 06:15:00,-0.14957731873372462,0.0,0.0
2024-02-04 06:30:00,-0.08727382026967141,0.0,0.0
2024-02-04 06:45:00,-0.024636418832630236,0.0,0.0
2024-02-04 07:00:00,0.03806671853847571,0.0,0.0
2024-02-04 07:15:00,0.1005671347019263,0.0,0.0
2024-02-04 07:30:00,0.1625972234768178,0.0,0.0
2024-02-04 07:45:00,0.2238913922281539,0.0,0.0
2024-02-04 08:00:00,0.28418719052274455,4.0,2.5873344
2024-02-04 08:15:00,0.34322642604259146,5.0,3.2240612250000003
2024-02-04 08:30:00,0.4007562863761792,6.0,3.86887347
2024-02-04 08:45:00,0.4565304132393499,7.0,4.49953623
2024-02-04 09:00:00,0.5103099503240953,9.0,5.766925815
2024-02-04 09:15:00,0.5618645812176084,10.0,6.407695349999999
2024-02-04 09:30:00,0.6109735078519879,12.0,7.6649781599999995
2024-02-04 09:45:00,0.6574263900627138,11.0,7.003995075000001
2024-02-04 10:00:00,0.7010242596972516,13.0,8.251171110000001
2024-02-04 10:15:00,0.7415803657331537,15.0,9.490261725
2024-02-04 10:30:00,0.7789209694203023,16.0,10.09060416
2024-02-04 10:45:00,0.8128860994236038,18.0,11.315545290000001
2024-02-04 11:00:00,0.8433302311525925,24.0,15.08739372
2024-02-04 11:15:00,0.8701229068537744,26.0,16.2921213
2024-02-04 11:30:00,0.8931493028720007,27.0,16.91874135
2024-02-04 11:45:00,0.9123107169275482,23.0,14.365769984999998
2024-02-04 12:00:00,0.9275249894548127,24.0,14.990368679999998
2024-02-04 12:15:00,0.9387268610355797,25.0,15.614967374999997
2024-02-04 12:30:00,0.9458682489956504,25.0,15.564433499999998
2024-02-04 12:45:00,0.9489184536875682,25.0,15.564433499999998
2024-02-04 13:00:00,0.9478642924068781,31.0,19.29989754
2024-02-04 13:15:00,0.9427101546241061,30.0,18.6773202
2024-02-04 13:30:00,0.9334779852753754,30.0,18.616679550000004
2024-02-04 13:45:00,0.9202071899849535,28.0,17.375567580000002
2024-02-04 14:00:00,0.9029544667983226,28.0,17.31896964
2024-02-04 14:15:00,0.8817935670891184,22.0,13.60776186
2024-02-04 14:30:00,0.8568149757390852,20.0,12.370692599999998
2024-02-04 14:45:00,0.8281255257635587,19.0,11.752157969999999
2024-02-04 15:00:00,0.7958479460511063,17.0,10.515088709999999
2024-02-04 15:15:00,0.7601203287167482,28.0,17.375567580000002
2024-02-04 15:30:00,0.721095541467529,26.0,16.18701084
2024-02-04 15:45:00,0.6789405794947755,12.0,7.495184339999999
2024-02-04 16:00:00,0.6338358404364315,13.0,8.119783035
2024-02-04 16:15:00,0.5859743570870013,11.0,6.892820550000001
2024-02-04 16:30:00,0.5355609782617317,10.0,6.28641405
2024-02-04 16:45:00,0.4828114792970005,8.0,5.04530208
2024-02-04 17:00:00,0.42795164446908174,7.0,4.428788805
2024-02-04 17:15:00,0.3712163083949795,5.0,3.1634205749999995
2024-02-04 17:30:00,0.3128483361489659,4.0,2.53882188
2024-02-04 17:45:00,0.2530975906669597,10.364610854677508,6.57847520388519
2024-02-04 18:00:00,0.19221987152518538,0.0,0.0
2024-02-04 18:15:00,0.13047580381496554,0.0,0.0
2024-02-04 18:30:00,0.06812973024875407,0.0,0.0
2024-02-04 18:45:00,0.005448587996031651,0.0,0.0
2024-02-04 19:00:00,-0.05729925089486515,0.0,0.0
2024-02-04 19:15:00,-0.11984512018182523,0.0,0.0
2024-02-04 19:30:00,-0.181921201371269,0.0,0.0
2024-02-04 19:45:00,-0.2432616871940605,0.0,0.0
2024-02-04 20:00:00,-0.303603911254558,0.0,0.0
2024-02-04 20:15:00,-0.36268946485807535,0.0,0.0
2024-02-04 20:30:00,-0.42026531971802067,0.0,0.0
2024-02-04 20:45:00,-0.4760849031379445,0.0,0.0
2024-02-04 21:00:00,-0.5299091467566428,0.0,0.0
2024-02-04 21:15:00,-0.5815075254215044,0.0,0.0
2024-02-04 21:30:00,-0.6306590365162145,0.0,0.0
2024-02-04 21:45:00,-0.6771531403895292,0.0,0.0
2024-02-04 22:00:00,-0.7207906753939717,0.0,0.0
2024-02-04 22:15:00,-0.7613847037472337,0.0,0.0
2024-02-04 22:30:00,-0.7987613075475615,0.0,0.0
2024-02-04 22:45:00,-0.8327603446770651,0.0,0.0
2024-02-04 23:00:00,-0.8632361288387838,0.0,0.0
2024-02-04 23:15:00,-0.8900580503994118,0.0,0.0
2024-02-04 23:30:00,-0.91311114423966,0.0,0.0
2024-02-04 23:45:00,-0.932296577711826,0.0,0.0
2024-02-05 00:00:00,-0.9475320724837064,0.0,0.0
2024-02-05 00:15:00,-0.9587522625121012,0.0,0.0
2024-02-05 00:30:00,-0.9659089710984208,0.0,0.0
2024-02-05 00:45:00,-0.9689714175562836,0.0,0.0
2024-02-05 01:00:00,-0.9679263514945038,0.0,0.0
2024-02-05 01:15:00,-0.9627781083307063,0.0,0.0
2024-02-05 01:30:00,-0.9535485928123582,0.0,0.0
2024-02-05 01:45:00,-0.940277184413837,0.0,0.0
2024-02-05 02:00:00,-0.9230205691760839,0.0,0.0
2024-02-05 02:15:00,-0.9018525006661652,0.0,0.0
2024-02-05 02:30:00,-0.8768634801275098,0.0,0.0
2024-02-05 02:45:00,-0.8481603710579984,0.0,0.0
2024-02-05 03:00:00,-0.8158659468101288,0.0,0.0
2024-02-05 03:15:00,-0.7801183577214554,0.0,0.0
2024-02-05 03:30:00,-0.7410705432435991,0.0,0.0
2024-02-05 03:45:00,-0.6988895835312519,0.0,0.0
2024-02-05 04:00:00,-0.6537559740204517,0.0,0.0
2024-02-05 04:15:00,-0.605862857697949,0.0,0.0
2024-02-05 04:30:00,-0.5554152055087577,0.0,0.0
2024-02-05 04:45:00,-0.5026289263362179,0.0,0.0
2024-02-05 05:00:00,-0.44772994879866174,0.0,0.0
2024-02-05 05:15:00,-0.39095326204939096,0.0,0.0
2024-02-05 05:30:00,-0.3325418952247312,0.0,0.0
2024-02-05 05:45:00,-0.2727458841289346,0.0,0.0
2024-02-05 06:00:00,-0.21182120924807457,0.0,0.0
2024-02-05 06:15:00,-0.150028683853679,0.0,0.0
2024-02-05 06:30:00,-0.08763284532674884,0.0,0.0
2024-02-05 06:45:00,-0.024900831073457502,0.0,0.0
2024-02-05 07:00:00,0.0378987818587883,0.0,0.0
2024-02-05 07:15:00,0.10049711838312446,0.0,0.0
2024-02-05 07:30:00,0.16262614819964755,0.0,0.0
2024-02-05 07:45:00,0.22401985022374446,0.0,0.0
2024-02-05 08:00:00,0.2844153431467726,4.0,2.7894699000000003
2024-02-05 08:15:00,0.343554003160088,5.0,3.4666238249999997
2024-02-05 08:30:00,0.4011825876287662,7.0,4.824974385
2024-02-05 08:45:00,0.4570543111884251,10.0,6.852393449999999
2024-02-05 09:00:00,0.5109298954462014,12.0,8.198615879999998
2024-02-05 09:15:00,0.5625786086966023,16.0,10.86680448
2024-02-05 09:30:00,0.6117792461975259,19.0,12.827518829999999
2024-02-05 09:45:00,0.65832107146781,87.0,58.560675705
2024-02-05 10:00:00,0.7020047321272116,89.0,59.54709694500001
2024-02-05 10:15:00,0.7426431066488988,168.56607766622247,112.44152169393234
2024-02-05 10:30:00,0.7800621011092599,263.46664481869084,175.21211492653248
2024-02-05 10:45:00,0.8141014059082743,318.7434136980577,210.68400490957345
2024-02-05 11:00:00,0.8446151765010588,363.0984228291969,239.26796486779907
2024-02-05 11:15:00,0.8714726548859832,508.3445737236119,334.9796197370238
2024-02-05 11:30:00,0.894558738182323,336.1361660582434,220.82141898136473
2024-02-05 11:45:00,0.913774467100588,118.0,77.51896425
2024-02-05 12:00:00,0.9290374483676002,372.9942802198316,244.2810484671775
2024-02-05 12:15:00,0.9402822132007167,551.0987746202509,360.9250693974956
2024-02-05 12:30:00,0.9474604947854068,917.0804724424456,600.6134442731435
2024-02-05 12:45:00,0.9505414353450614,438.2072041983222,286.10446040726276
2024-02-05 13:00:00,0.9495117207486394,313.21337905614797,204.49628383251894
2024-02-05 13:15:00,0.9443756362976654,221.94313708965564,144.90615596861107
2024-02-05 13:30:00,0.935155050458385,140.0,91.40567310000002
2024-02-05 13:45:00,0.9218893204204219,91.0,59.41368751500001
2024-02-05 14:00:00,0.9046351240188233,117.0,76.389026805
2024-02-05 14:15:00,0.8834662207404482,180.0677297659236,117.9297811119235
2024-02-05 14:30:00,0.858473131826652,108.0,70.9495605
2024-02-05 14:45:00,0.8297627547736681,123.0,80.80366612499999
2024-02-05 15:00:00,0.7974579107766222,32.0,21.086775359999997
2024-02-05 15:15:00,0.7616968116498708,66.0,43.62488361
2024-02-05 15:30:00,0.7226324717096657,264.22697334132084,175.7177530067557
2024-02-05 15:45:00,0.6804320589939163,227.37357531524563,151.66889539934493
2024-02-05 16:00:00,0.6352761694783322,92.0,61.55430246
2024-02-05 16:15:00,0.5873580589164307,16.0,10.802121119999999
2024-02-05 16:30:00,0.536882822757026,13.0,8.88183387
2024-02-05 16:45:00,0.484066505540926,10.0,6.89282055
2024-02-05 17:00:00,0.4291351821601688,8.0,5.5627689600000005
2024-02-05 17:15:00,0.3723239979932033,6.0,4.196332979999999
2024-02-05 17:30:00,0.31387614769650973,4.0,2.8137261600000003
2024-02-05 17:45:00,0.25404184113663003,2.0,1.4109057900000002
2024-02-05 18:00:00,0.193077240685802,0.0,0.0
2024-02-05 18:15:00,0.13124334849950223,0.0,0.0
2024-02-05 18:30:00,0.06880489703891168,0.0,0.0
2024-02-05 18:45:00,0.006029224160666563,0.0,0.0
2024-02-05 19:00:00,-0.05681488816822575,0.0,0.0
2024-02-05 19:15:00,-0.11945835634814454,0.0,0.0
2024-02-05 19:30:00,-0.1816329388707367,0.0,0.0
2024-02-05 19:45:00,-0.24307240168113445,0.0,0.0
2024-02-05 20:00:00,-0.3035136496213219,0.0,0.0
2024-02-05 20:15:00,-0.36269784513530495,0.0,0.0
2024-02-05 20:30:00,-0.4203715328262672,0.0,0.0
2024-02-05 20:45:00,-0.4762877165134757,0.0,0.0
2024-02-05 21:00:00,-0.5302069097825122,0.0,0.0
2024-02-05 21:15:00,-0.5818981766466719,0.0,0.0
2024-02-05 21:30:00,-0.6311401127328766,0.0,0.0
2024-02-05 21:45:00,-0.6777217873581717,0.0,0.0
2024-02-05 22:00:00,-0.721443660293431,0.0,0.0
2024-02-05 22:15:00,-0.7621184292965544,0.0,0.0
2024-02-05 22:30:00,-0.7995718276285513,0.0,0.0
2024-02-05 22:45:00,-0.8336433815243244,0.0,0.0
2024-02-05 23:00:00,-0.8641870916366641,0.0,0.0
2024-02-05 23:15:00,-0.8910720552292982,0.0,0.0
2024-02-05 23:30:00,-0.9141830353122056,0.0,0.0
2024-02-05 23:45:00,-0.9334209497373929,0.0,0.0
2024-02-06 00:00:00,-0.9487032941393647,0.0,0.0
2024-02-06 00:15:00,-0.9599645008838122,0.0,0.0
2024-02-06 00:30:00,-0.9671562169750931,0.0,0.0
2024-02-06 00:45:00,-0.9702475114952333,0.0,0.0
2024-02-06 01:00:00,-0.9692250105254996,0.0,0.0
2024-02-06 01:15:00,-0.9640929531879985,0.0,0.0
2024-02-06 01:30:00,-0.9548731755737954,0.0,0.0
2024-02-06 01:45:00,-0.9416050164400747,0.0,0.0
2024-02-06 02:00:00,-0.924345149209612,0.0,0.0
2024-02-06 02:15:00,-0.9031673429810145,0.0,0.0
2024-02-06 02:30:00,-0.878162142616145,0.0,0.0
2024-02-06 02:45:00,-0.8494364831028818,0.0,0.0
2024-02-06 03:00:00,-0.8171132368464026,0.0,0.0
2024-02-06 03:15:00,-0.781330680368889,0.0,0.0
2024-02-06 03:30:00,-0.7422419058913496,0.0,0.0
2024-02-06 03:45:00,-0.7000141722406102,0.0,0.0
2024-02-06 04:00:00,-0.6548281786523793,0.0,0.0
2024-02-06 04:15:00,-0.6068772961527558,0.0,0.0
2024-02-06 04:30:00,-0.5563667469986124,0.0,0.0
2024-02-06 04:45:00,-0.5035127134924996,0.0,0.0
2024-02-06 05:00:00,-0.44854141866279323,0.0,0.0
2024-02-06 05:15:00,-0.3916881657619873,0.0,0.0
2024-02-06 05:30:00,-0.3331963163363142,0.0,0.0
2024-02-06 05:45:00,-0.27331625547579447,0.0,0.0
2024-02-06 06:00:00,-0.21230432832377233,0.0,0.0
2024-02-06 06:15:00,-0.15042172659631306,0.0,0.0
2024-02-06 06:30:00,-0.0879333781992301,0.0,0.0
2024-02-06 06:45:00,-0.025106821579720565,0.0,0.0
2024-02-06 07:00:00,0.03778895653155244,0.0,0.0
2024-02-06 07:15:00,0.1004846644028126,0.0,0.0
2024-02-06 07:30:00,0.16271184998947044,0.0,0.0
2024-02-06 07:45:00,0.2242040671257411,0.0,0.0
2024-02-06 08:00:00,0.28469800802431267,3.0,2.0739102299999996
2024-02-06 08:15:00,0.343934622751372,5.0,3.4363035
2024-02-06 08:30:00,0.401660244805874,7.0,4.768376445
2024-02-06 08:45:00,0.45762766904316565,10.0,6.751325699999999
2024-02-06 09:00:00,0.511597203142418,13.0,8.697890565
2024-02-06 09:15:00,0.5633377091883554,433.746252028633,286.69893577307334
2024-02-06 09:30:00,0.6126275856432922,19.0,12.405055635
2024-02-06 09:45:00,0.6592557103847707,23.0,14.8771728
2024-02-06 10:00:00,0.7030223582195163,25.0,15.9687045
2024-02-06 10:15:00,0.7437400492579347,28.0,17.71515522
2024-02-06 10:30:00,0.7812343471593239,32.0,20.116524960000003
2024-02-06 10:45:00,0.8153446173935261,327.2704834003577,203.75118701590884
2024-02-06 11:00:00,0.8459247093273898,124.0,76.69829412
2024-02-06 11:15:00,0.8728435790634583,251.38786611129984,154.98395663153897
2024-02-06 11:30:00,0.8959858592393648,236.35950507337776,144.76323961541206
2024-02-06 11:45:00,0.9152523486441395,164.91525234864415,100.67238551318046
2024-02-06 12:00:00,0.9305604356693962,185.58336261401638,112.91408723893316
2024-02-06 12:15:00,0.9418444577443283,254.90640047879583,155.0921544690847
2024-02-06 12:30:00,0.9490559796362509,232.82828753163378,141.65921556619517
2024-02-06 12:45:00,0.9521640012378176,222.1389520222807,135.15552609086413
2024-02-06 13:00:00,0.9511550927957899,231.92541204150737,141.1098809684055
2024-02-06 13:15:00,0.9460334511872392,190.62223415831068,116.36519225037576
2024-02-06 13:30:00,0.9368208840263181,124.0,75.94635006
2024-02-06 13:45:00,0.9235567154819511,66.0,40.42305729
2024-02-06 14:00:00,0.9062976183392719,41.0,25.19416872
2024-02-06 14:15:00,0.8851173750064876,39.0,24.044017725
2024-02-06 14:30:00,0.8601065575393463,37.0,22.810991174999998
2024-02-06 14:45:00,0.8313721418799724,35.0,21.64871205
2024-02-06 15:00:00,0.7990370550015689,33.0,20.478347505000002
2024-02-06 15:15:00,0.7632396413025287,29.0,18.054742859999998
2024-02-06 15:30:00,0.7241330739568592,26.0,16.23956607
2024-02-06 15:45:00,0.6818847054168444,36.0,22.5583218
2024-02-06 16:00:00,0.6366753408445673,11.0,6.915055455000001
2024-02-06 16:15:00,0.5886984690182447,15.0,9.4599414
2024-02-06 16:30:00,0.538159441246408,14.0,8.85757761
2024-02-06 16:45:00,0.48527457965834925,11.0,6.98176017
2024-02-06 17:00:00,0.4302702572230903,9.0,5.730541425
2024-02-06 17:15:00,0.37338193665285646,7.0,4.457087775000001
2024-02-06 17:30:00,0.3148531477157917,6.0,3.82036095
2024-02-06 17:45:00,0.25493445182931973,3.0,1.9162445399999999
2024-02-06 18:00:00,0.19388237774559106,0.0,0.0
2024-02-06 18:15:00,0.13195830727506463,0.0,0.0
2024-02-06 18:30:00,0.06942736414611472,0.0,0.0
2024-02-06 18:45:00,0.006557287424122316,0.0,0.0
2024-02-06 19:00:00,-0.05638273156582958,0.0,0.0
2024-02-06 19:15:00,-0.11912319343737139,0.0,0.0
2024-02-06 19:30:00,-0.18139543629025617,0.0,0.0
2024-02-06 19:45:00,-0.24293280288530747,0.0,0.0
2024-02-06 20:00:00,-0.3034717739495201,0.0,0.0
2024-02-06 20:15:00,-0.3627530886902345,0.0,0.0
2024-02-06 20:30:00,-0.42052287117159587,0.0,0.0
2024-02-06 20:45:00,-0.4765337092322464,0.0,0.0
2024-02-06 21:00:00,-0.530545706808749,0.0,0.0
2024-02-06 21:15:00,-0.5823275263876677,0.0,0.0
2024-02-06 21:30:00,-0.6316573719043265,0.0,0.0
2024-02-06 21:45:00,-0.678323932519544,0.0,0.0
2024-02-06 22:00:00,-0.7221273010535653,0.0,0.0
2024-02-06 22:15:00,-0.7628798230543342,0.0,0.0
2024-02-06 22:30:00,-0.800406895879912,0.0,0.0
2024-02-06 22:45:00,-0.8345477276136948,0.0,0.0
2024-02-06 23:00:00,-0.865156019873641,0.0,0.0
2024-02-06 23:15:00,-0.8921005912689903,0.0,0.0
2024-02-06 23:30:00,-0.9152659477860534,0.0,0.0
2024-02-06 23:45:00,-0.9345527729661278,0.0,0.0
2024-02-07 00:00:00,-0.9498783518435991,0.0,0.0
2024-02-07 00:15:00,-0.9611769308321233,0.0,0.0
2024-02-07 00:30:00,-0.968399996409046,0.0,0.0
2024-02-07 00:45:00,-0.9715164832424986,0.0,0.0
2024-02-07 01:00:00,-0.9705129097009852,0.0,0.0
2024-02-07 01:15:00,-0.9653934343471593,0.0,0.0
2024-02-07 01:30:00,-0.9561798402072259,0.0,0.0
2024-02-07 01:45:00,-0.942911440700933,0.0,0.0
2024-02-07 02:00:00,-0.925644911730615,0.0,0.0
2024-02-07 02:15:00,-0.9044540526856844,0.0,0.0
2024-02-07 02:30:00,-0.8794294663790082,0.0,0.0
2024-02-07 02:45:00,-0.8506781731657633,0.0,0.0
2024-02-07 03:00:00,-0.8183231578541648,0.0,0.0
2024-02-07 03:15:00,-0.7825028359072171,0.0,0.0
2024-02-07 03:30:00,-0.7433704644277634,0.0,0.0
2024-02-07 03:45:00,-0.7010934923215557,0.0,0.0
2024-02-07 04:00:00,-0.6558528332977986,0.0,0.0
2024-02-07 04:15:00,-0.6078420963054062,0.0,0.0
2024-02-07 04:30:00,-0.5572667639347407,0.0,0.0
2024-02-07 04:45:00,-0.504343300099101,0.0,0.0
2024-02-07 05:00:00,-0.4492982294924576,0.0,0.0
2024-02-07 05:15:00,-0.392367175780843,0.0,0.0
2024-02-07 05:30:00,-0.33379383829242837,0.0,0.0
2024-02-07 05:45:00,-0.27382895575899147,0.0,0.0
2024-02-07 06:00:00,-0.2127292413265211,0.0,0.0
2024-02-07 06:15:00,-0.15075626745519352,0.0,0.0
2024-02-07 06:30:00,-0.08817535391647567,0.0,0.0
2024-02-07 06:45:00,-0.02525444041669947,0.0,0.0
2024-02-07 07:00:00,0.0377370773980288,0.0,0.0
2024-02-07 07:15:00,0.10052949298459093,0.0,0.0
2024-02-07 07:30:00,0.1628539353899513,0.0,0.0
2024-02-07 07:45:00,0.22444353728328492,0.0,0.0
2024-02-07 08:00:00,0.28503456926011406,16.0,11.093196240000001
2024-02-07 08:15:00,0.344367561097322,30.0,20.7391023
2024-02-07 08:30:00,0.40218842927093335,46.0,31.613992200000002
2024-02-07 08:45:00,0.4582495565655805,64.0,43.85531808
2024-02-07 09:00:00,0.5123108453668993,86.63541929903589,59.19087703629451
2024-02-07 09:15:00,0.5641407610153678,110.41109674233809,74.98848754508457
2024-02-07 09:30:00,0.6135173154976304,135.2460714114218,91.30902777439674
2024-02-07 09:45:00,0.6602290121148089,136.22389320595175,91.41847342023712
2024-02-07 10:00:00,0.7040757646510265,159.30596988092668,106.26459318705797
2024-02-07 10:15:00,0.7448697472915415,267.8330671479004,177.57451269787612
2024-02-07 10:30:00,0.7824361943705992,739.4599995474565,487.27584056759116
2024-02-07 10:45:00,0.816614160044925,782.3540041993543,510.79710254515874
2024-02-07 11:00:00,0.8472572017333586,822.2116523409558,533.4961046801665
2024-02-07 11:15:00,0.8742340042274981,856.8106038047483,555.9458057752528
2024-02-07 11:30:00,0.8974289506254682,885.8654871679252,573.0075621805829
2024-02-07 11:45:00,0.9167426130621319,530.5259736672491,342.0896441111898
2024-02-07 12:00:00,0.9320921771062572,555.5531837582525,358.2274956360564
2024-02-07 12:15:00,0.9434118020871527,494.8343629593569,319.0752564829678
2024-02-07 12:30:00,0.9506529001525224,476.2060431364529,307.06348775738303
2024-02-07 12:45:00,0.9537843447102159,510.10583217415024,328.9224868318071
2024-02-07 13:00:00,0.9527926062044489,438.8889729974586,282.1138335642224
2024-02-07 13:15:00,0.9476818088117926,406.5767712186986,262.16568061438045
2024-02-07 13:30:00,0.938473714857545,405.7866366663525,261.6561921798301
2024-02-07 13:45:00,0.9252076308252595,386.48197514709,249.20831004662935
2024-02-07 14:00:00,0.9079402394810204,398.5213028671027,256.97141598206144
2024-02-07 14:15:00,0.8867453608438581,452.9875206236224,293.00754872005194
2024-02-07 14:30:00,0.8617136320262119,355.7358947562201,230.8209979839319
2024-02-07 14:45:00,0.8329521212050649,296.4576854537622,192.95728437928543
2024-02-07 15:00:00,0.8005838743186691,758.9038835370114,495.48657352074673
2024-02-07 15:15:00,0.76474738099145,712.9762843187667,468.3829075864772
2024-02-07 15:30:00,0.7255959852099414,662.3422837834116,437.79704606110494
2024-02-07 15:45:00,0.6832972351134023,604.8547074449281,402.24398267805566
2024-02-07 16:00:00,0.6380321555234625,546.8185346644018,365.859059494202
2024-02-07 16:15:00,0.5899944779507539,484.9259854701981,326.40911926491736
2024-02-07 16:30:00,0.5393898184185121,420.40324597984375,284.6777080979916
2024-02-07 16:45:00,0.48643478458074496,355.85895777793456,243.12924185653532
2024-02-07 17:00:00,0.4313560545532149,286.01023898622606,196.56359705284103
2024-02-07 17:15:00,0.3743894144557808,215.20447659659789,148.7715885184933
2024-02-07 17:30:00,0.3157787343301694,140.57501676484202,97.74829247636785
2024-02-07 17:45:00,0.25577493124635686,72.5493595304303,50.74021167923699
2024-02-07 18:00:00,0.19463490345517795,0.0,0.0
2024-02-07 18:15:00,0.13262041451990209,0.0,0.0
2024-02-07 18:30:00,0.06999698045507369,0.0,0.0
2024-02-07 18:45:00,0.007032741546164872,0.0,0.0
2024-02-07 19:00:00,-0.05600270254709461,0.0,0.0
2024-02-07 19:15:00,-0.11883943873348506,0.0,0.0
2024-02-07 19:30:00,-0.18120838782458915,0.0,0.0
2024-02-07 19:45:00,-0.24284247351575652,0.0,0.0
2024-02-07 20:00:00,-0.30347775754871215,0.0,0.0
2024-02-07 20:15:00,-0.36285456193954607,0.0,0.0
2024-02-07 20:30:00,-0.42071859730746075,0.0,0.0
2024-02-07 20:45:00,-0.47682204345610846,0.0,0.0
2024-02-07 21:00:00,-0.5309246035164771,0.0,0.0
2024-02-07 21:15:00,-0.5827945481318902,0.0,0.0
2024-02-07 21:30:00,-0.6322097000293502,0.0,0.0
2024-02-07 21:45:00,-0.6789583794786087,0.0,0.0
2024-02-07 22:00:00,-0.7228403242984498,0.0,0.0
2024-02-07 22:15:00,-0.7636675404822162,0.0,0.0
2024-02-07 22:30:00,-0.8012651026949392,0.0,0.0
2024-02-07 22:45:00,-0.8354719146362001,0.0,0.0
2024-02-07 23:00:00,-0.8661413931423695,0.0,0.0
2024-02-07 23:15:00,-0.8931420928646765,0.0,0.0
2024-02-07 23:30:00,-0.9163582778095333,0.0,0.0
2024-02-07 23:45:00,-0.9356904125480516,0.0,0.0
2024-02-08 00:00:00,-0.9510555871000956,0.0,0.0
2024-02-08 00:15:00,-0.962387877658542,0.0,0.0
2024-02-08 00:30:00,-0.9696386260067792,0.0,0.0
2024-02-08 00:45:00,-0.9727766482614174,0.0,0.0
2024-02-08 01:00:00,-0.971788370896111,0.0,0.0
2024-02-08 01:15:00,-0.9666778876220901,0.0,0.0
2024-02-08 01:30:00,-0.9574669439377703,0.0,0.0
2024-02-08 01:45:00,-0.944194843201741,0.0,0.0
2024-02-08 02:00:00,-0.926918278768206,0.0,0.0
2024-02-08 02:15:00,-0.9057110949201129,0.0,0.0
2024-02-08 02:30:00,-0.8806639665804095,0.0,0.0
2024-02-08 02:45:00,-0.8518840131197782,0.0,0.0
2024-02-08 03:00:00,-0.819494344863897,0.0,0.0
2024-02-08 03:15:00,-0.783633528684407,0.0,0.0
2024-02-08 03:30:00,-0.7444549983709704,0.0,0.0
2024-02-08 03:45:00,-0.7021264040102936,0.0,0.0
2024-02-08 04:00:00,-0.6568288841057874,0.0,0.0
2024-02-08 04:15:00,-0.6087562950191504,0.0,0.0
2024-02-08 04:30:00,-0.5581143883287788,0.0,0.0
2024-02-08 04:45:00,-0.5051199173395992,0.0,0.0
2024-02-08 05:00:00,-0.44999971521955917,0.0,0.0
2024-02-08 05:15:00,-0.39298973194227965,0.0,0.0
2024-02-08 05:30:00,-0.3343340094863972,0.0,0.0
2024-02-08 05:45:00,-0.27428364411575074,0.0,0.0
2024-02-08 06:00:00,-0.21309571987081877,0.0,0.0
2024-02-08 06:15:00,-0.15103219178931165,0.0,0.0
2024-02-08 06:30:00,-0.08835877231555703,0.0,0.0
2024-02-08 06:45:00,-0.025343802157794332,0.0,0.0
2024-02-08 07:00:00,0.037742915387125736,0.0,0.0
2024-02-08 07:15:00,0.10063126131532313,0.0,0.0
2024-02-08 07:30:00,0.1630519491007783,0.0,0.0
2024-02-08 07:45:00,0.2247376946162833,0.0,0.0
2024-02-08 08:00:00,0.2854243521752043,56.821770965374924,44.6793616605393
2024-02-08 08:15:00,0.3448520376311429,110.17774420358916,85.74270864183869
2024-02-08 08:30:00,0.40276625765351926,160.77455214298539,124.14329393154799
2024-02-08 08:45:00,0.4589189911515747,28.0,21.39402132
2024-02-08 09:00:00,0.5130697443059236,37.0,28.046300625
2024-02-08 09:15:00,0.5649865955939315,47.0,35.246367135
2024-02-08 09:30:00,0.6144471812094641,94.0,69.54269742000001
2024-02-08 09:45:00,0.6612396413148838,152.1596685220763,111.33987184908983
2024-02-08 10:00:00,0.705163540807964,227.22151762160436,164.42773556922248
2024-02-08 10:15:00,0.7460307207270535,496.2693296427997,356.1134542411431
2024-02-08 10:30:00,0.7836660994567466,540.8573700158785,384.829191707293
2024-02-08 10:45:00,0.8179084337562548,547.6855903717835,386.36638527755883
2024-02-08 11:00:00,0.8486110034821095,474.04163114909613,330.58121535932656
2024-02-08 11:15:00,0.8756422368865175,605.6967606801453,419.944564259823
2024-02-08 11:30:00,0.8988862826822648,608.0720979913935,420.36231486730446
2024-02-08 11:45:00,0.9182435017657762,610.8825498016624,419.8355687944754
2024-02-08 12:00:00,0.9336308925098706,521.4255766780599,356.2473344325749
2024-02-08 12:15:00,0.944982451937096,553.2390161105498,376.8645561252173
2024-02-08 12:30:00,0.9522494554358641,510.7253486111702,346.87203164608917
2024-02-08 12:45:00,0.9554006658004016,990.1400398341859,670.4772142733754
2024-02-08 13:00:00,0.9544224694860675,790.5515039453866,533.727068576014
2024-02-08 13:15:00,0.9493189336566736,531.3902315662555,357.68472440869357
2024-02-08 13:30:00,0.9401117908398442,784.8985889604105,528.3240428669276
2024-02-08 13:45:00,0.9268403450661908,528.1499524915782,354.4360776765799
2024-02-08 14:00:00,0.9095613039936407,930.4449935779841,624.4122004779503
2024-02-08 14:15:00,0.8883485397588253,903.159278833537,606.1010339900993
2024-02-08 14:30:00,0.863292768593682,869.9989820235305,583.8474950463136
2024-02-08 14:45:00,0.8345011644370581,444.1848504955545,298.08794913318263
2024-02-08 15:00:00,0.8020969051794866,788.887214661538,529.4142104430016
2024-02-08 15:15:00,0.76621863800005,742.3372759920442,501.1760729473081
2024-02-08 15:30:00,0.7270198893657354,690.8722043013611,467.82682481606855
2024-02-08 15:45:00,0.6846684140023238,635.8061361759543,431.8238105630219
2024-02-08 16:00:00,0.6393454665699638,339.3282951657672,231.83519577328218
2024-02-08 16:15:00,0.5912450305822007,515.1711238541166,353.0155234727087
2024-02-08 16:30:00,0.5405729952410443,448.9428704878907,309.44826434749217
2024-02-08 16:45:00,0.4875462612845922,382.8695590702224,264.6790317704412
2024-02-08 17:00:00,0.4323918185896455,145.47836371792908,100.8637523373177
2024-02-08 17:15:00,0.37534578232186844,98.42513843667092,68.63849026810665
2024-02-08 17:30:00,0.3166523674717809,162.11047511528113,113.37825552162057
2024-02-08 17:45:00,0.2565628504102547,13.769688551230765,9.686033222912627
2024-02-08 18:00:00,0.19533450151768433,0.0,0.0
2024-02-08 18:15:00,0.13322946769193358,0.0,0.0
2024-02-08 18:30:00,0.0705136578148208,0.0,0.0
2024-02-08 18:45:00,0.0074556128801351595,0.0,0.0
2024-02-08 19:00:00,-0.055674660651266014,0.0,0.0
2024-02-08 19:15:00,-0.1186068385455394,0.0,0.0
2024-02-08 19:30:00,-0.18107142790645467,0.0,0.0
2024-02-08 19:45:00,-0.24280093799504482,0.0,0.0
2024-02-08 20:00:00,-0.30353101713327846,0.0,0.0
2024-02-08 20:15:00,-0.36300157673776373,0.0,0.0
2024-02-08 20:30:00,-0.4209579214510514,0.0,0.0
2024-02-08 20:45:00,-0.4771518314542056,0.0,0.0
2024-02-08 21:00:00,-0.5313426183165503,0.0,0.0
2024-02-08 21:15:00,-0.5832981709535373,0.0,0.0
2024-02-08 21:30:00,-0.6327959417754282,0.0,0.0
2024-02-08 21:45:00,-0.6796238937729167,0.0,0.0
2024-02-08 22:00:00,-0.723581422068055,0.0,0.0
2024-02-08 22:15:00,-0.7644802060209415,0.0,0.0
2024-02-08 22:30:00,-0.8021450111452963,0.0,0.0
2024-02-08 22:45:00,-0.8364144507853519,0.0,0.0
2024-02-08 23:00:00,-0.8671416714896415,0.0,0.0
2024-02-08 23:15:00,-0.894194978846513,0.0,0.0
2024-02-08 23:30:00,-0.9174584101163754,0.0,0.0
2024-02-08 23:45:00,-0.936832226385343,0.0,0.0
2024-02-09 00:00:00,-0.9522333383516004,0.0,0.0
2024-02-09 00:15:00,-0.9635956678060456,0.0,0.0
2024-02-09 00:30:00,-0.9708704277251656,0.0,0.0
2024-02-09 00:45:00,-0.9740263315539378,0.0,0.0
2024-02-09 01:00:00,-0.9730497296767946,0.0,0.0
2024-02-09 01:15:00,-0.9679446666168425,0.0,0.0
2024-02-09 01:30:00,-0.9587328657905334,0.0,0.0
2024-02-09 01:45:00,-0.9454536356729853,0.0,0.0
2024-02-09 02:00:00,-0.9281637019093361,0.0,0.0
2024-02-09 02:15:00,-0.9069369680826733,0.0,0.0
2024-02-09 02:30:00,-0.8818641951921445,0.0,0.0
2024-02-09 02:45:00,-0.8530526150635178,0.0,0.0
2024-02-09 03:00:00,-0.8206254763411729,0.0,0.0
2024-02-09 03:15:00,-0.7847215095290916,0.0,0.0
2024-02-09 03:30:00,-0.7454943365858024,0.0,0.0
2024-02-09 03:45:00,-0.703111819533899,0.0,0.0
2024-02-09 04:00:00,-0.6577553316188277,0.0,0.0
2024-02-09 04:15:00,-0.6096189857578682,0.0,0.0
2024-02-09 04:30:00,-0.5589088107669338,0.0,0.0
2024-02-09 04:45:00,-0.5058418566445917,0.0,0.0
2024-02-09 05:00:00,-0.45064527146136446,0.0,0.0
2024-02-09 05:15:00,-0.39355533690438826,0.0,0.0
2024-02-09 05:30:00,-0.33481644203215377,0.0,0.0
2024-02-09 05:45:00,-0.27468004407742735,0.0,0.0
2024-02-09 06:00:00,-0.21340360033782607,0.0,0.0
2024-02-09 06:15:00,-0.15124944982072946,0.0,0.0
2024-02-09 06:30:00,-0.08848369789514815,0.0,0.0
2024-02-09 06:45:00,-0.025375085567346578,0.0,0.0
2024-02-09 07:00:00,0.03780617800963265,0.0,0.0
2024-02-09 07:15:00,0.10078956417932855,0.0,0.0
2024-02-09 07:30:00,0.16330537468040926,0.0,0.0
2024-02-09 07:45:00,0.22508591343283446,53.86597989850721,41.15749722754839
2024-02-09 08:00:00,0.2858666242895505,20.0,15.200589599999999
2024-02-09 08:15:00,0.34538721596335564,48.39777812679074,36.588079961249186
2024-02-09 08:30:00,0.40339279306876663,7.0,5.249458935
2024-02-09 08:45:00,0.45963493925393384,9.0,6.694727759999999
2024-02-09 09:00:00,0.5138727739272007,157.31733338446327,116.38586930294674
2024-02-09 09:15:00,0.5658739990400439,12.0,8.805022379999999
2024-02-09 09:30:00,0.6154158860335756,18.0,13.134764790000002
2024-02-09 09:45:00,0.6622862237395521,179.39945964811267,129.82153812300987
2024-02-09 10:00:00,0.7062842406315375,151.3005478501046,108.87623432823915
2024-02-09 10:15:00,0.7472214577226313,122.0,87.05167443
2024-02-09 10:30:00,0.7849224910823764,145.78492249108237,103.43376178268859
2024-02-09 10:45:00,0.8192258142380768,123.0,86.770706085
2024-02-09 11:00:00,0.8499844441009616,298.99844441009617,209.72055420839774
2024-02-09 11:15:00,0.8770665673741308,491.4154346944701,342.69714086891
2024-02-09 11:30:00,0.9003561136869445,404.46623714577163,280.4264588195264
2024-02-09 11:45:00,0.9197532482533917,423.43213016115794,291.0082621770485
2024-02-09 12:00:00,0.9351747980087266,451.99775636988494,308.81299859154245
2024-02-09 12:15:00,0.9465546135131653,336.2433606026717,229.04784578363154
2024-02-09 12:30:00,0.95384384930123,256.52300317763934,174.2240825096141
2024-02-09 12:45:00,0.9570111734376701,291.76458101875886,197.56953121283306
2024-02-09 13:00:00,0.9560429041793239,326.5713465259873,220.47895246845033
2024-02-09 13:15:00,0.9509430673087654,337.6339329904801,228.63014293769058
2024-02-09 13:30:00,0.9417333809670771,343.2898713347736,232.46008378708692
2024-02-09 13:45:00,0.9284531618396126,422.62074126400756,286.1792937333322
2024-02-09 14:00:00,0.9111591572251768,551.9512064877658,374.8716152126662
2024-02-09 14:15:00,0.8899253057214276,533.4925125054854,362.33492655881656
2024-02-09 14:30:00,0.8648424165126871,374.2122653062329,254.91213590233306
2024-02-09 14:45:00,0.8360177826089074,215.58858682609394,146.8582198903405
2024-02-09 15:00:00,0.8035747265617825,299.05399027334636,204.31906613603525
2024-02-09 15:15:00,0.7676520651556258,170.05008510764563,116.52500893635734
2024-02-09 15:30:00,0.7284035186398801,318.4215459516546,219.4822575498334
2024-02-09 15:45:00,0.6859970589380459,481.1583530053057,332.6264101825515
2024-02-09 16:00:00,0.6406141802887408,241.90441064908595,168.2072933557286
2024-02-09 16:15:00,0.5924491271650675,191.05614089563343,133.23633855963215
2024-02-09 16:30:00,0.5417080699752431,154.2542231374748,108.19548318788748
2024-02-09 16:45:00,0.48860820968195673,118.13422393582871,83.33813027410866
2024-02-09 17:00:00,0.433376854072413,84.66884270362065,59.901025990112
2024-02-09 17:15:00,0.3762504525785499,54.030010861885195,38.33405524460981
2024-02-09 17:30:00,0.31747356931722304,28.0,19.97907282
2024-02-09 17:45:00,0.25729784313146176,31.0929986271787,22.248895836974445
2024-02-09 18:00:00,0.1959809186981954,0.0,0.0
2024-02-09 18:15:00,0.13378532733560222,0.0,0.0
2024-02-09 18:30:00,0.07097737088106836,0.0,0.0
2024-02-09 18:45:00,0.007825990044547287,0.0,0.0
2024-02-09 19:00:00,-0.05539840394617439,0.0,0.0
2024-02-09 19:15:00,-0.1184250787748261,0.0,0.0
2024-02-09 19:30:00,-0.18098413193135726,0.0,0.0
2024-02-09 19:45:00,-0.2428076633037454,0.0,0.0
2024-02-09 20:00:00,-0.3036309138702726,0.0,0.0
2024-02-09 20:15:00,-0.36319339146431345,0.0,0.0
2024-02-09 20:30:00,-0.42124000267235945,0.0,0.0
2024-02-09 20:45:00,-0.4775221368898404,0.0,0.0
2024-02-09 21:00:00,-0.5317987238359632,0.0,0.0
2024-02-09 21:15:00,-0.5838372811519131,0.0,0.0
2024-02-09 21:30:00,-0.6334149021980326,0.0,0.0
2024-02-09 21:45:00,-0.6803192046563817,0.0,0.0
2024-02-09 22:00:00,-0.7243492535907889,0.0,0.0
2024-02-09 22:15:00,-0.7653164149743323,0.0,0.0
2024-02-09 22:30:00,-0.8030451589343846,0.0,0.0
2024-02-09 22:45:00,-0.8373738227742036,0.0,0.0
2024-02-09 23:00:00,-0.8681552974741167,0.0,0.0
2024-02-09 23:15:00,-0.8952576546447769,0.0,0.0
2024-02-09 23:30:00,-0.9185647201660905,0.0,0.0
2024-02-09 23:45:00,-0.9379765672789189,0.0,0.0
2024-02-10 00:00:00,-0.9534099431359684,0.0,0.0
2024-02-10 00:15:00,-0.9647986310211465,0.0,0.0
2024-02-10 00:30:00,-0.9720937310231155,0.0,0.0
2024-02-10 00:45:00,-0.9752638697945317,0.0,0.0
2024-02-10 01:00:00,-0.974295337402472,0.0,0.0
2024-02-10 01:15:00,-0.9691921447786406,0.0,0.0
2024-02-10 01:30:00,-0.9599760086133637,0.0,0.0
2024-02-10 01:45:00,-0.9466862575515862,0.0,0.0
2024-02-10 02:00:00,-0.9293796641920515,0.0,0.0
2024-02-10 02:15:00,-0.9081302056672957,0.0,0.0
2024-02-10 02:30:00,-0.8830287427753842,0.0,0.0
2024-02-10 02:45:00,-0.8541826329648528,0.0,0.0
2024-02-10 03:00:00,-0.8217152757824633,0.0,0.0
2024-02-10 03:15:00,-0.7857655772345752,0.0,0.0
2024-02-10 03:30:00,-0.746487358633703,0.0,0.0
2024-02-10 03:45:00,-0.7040487043452509,0.0,0.0
2024-02-10 04:00:00,-0.6586312319393354,0.0,0.0
2024-02-10 04:15:00,-0.6104293196028561,0.0,0.0
2024-02-10 04:30:00,-0.5596492812234513,0.0,0.0
2024-02-10 04:45:00,-0.5065084704237656,0.0,0.0
2024-02-10 05:00:00,-0.4512343561097779,0.0,0.0
2024-02-10 05:15:00,-0.3940635566482297,0.0,0.0
2024-02-10 05:30:00,-0.3352408121517484,0.0,0.0
2024-02-10 05:45:00,-0.27501794375519695,0.0,0.0
2024-02-10 06:00:00,-0.21365278393150994,0.0,0.0
2024-02-10 06:15:00,-0.151408056470761,0.0,0.0
2024-02-10 06:30:00,-0.08855025953586869,0.0,0.0
2024-02-10 06:45:00,-0.025348533178461433,0.0,0.0
2024-02-10 07:00:00,0.037926509879237444,0.0,0.0
2024-02-10 07:15:00,0.10100393460412019,0.0,0.0
2024-02-10 07:30:00,0.16361363534159878,0.0,0.0
2024-02-10 07:45:00,0.22548750935728837,14.480362602930171,10.946962552617972
2024-02-10 08:00:00,0.28636059637226075,5.0,3.7900406249999996
2024-02-10 08:15:00,0.3459722051868762,6.0,4.5480487499999995
2024-02-10 08:30:00,0.404067046500298,7.0,5.29190739
2024-02-10 08:45:00,0.46039631775985435,11.0,8.315854470000001
2024-02-10 09:00:00,0.5147187614784358,10.0,7.5598677
2024-02-10 09:15:00,0.5668017137476269,18.0,13.571377470000002
2024-02-10 09:30:00,0.6164220927322912,13.0,9.801550395000001
2024-02-10 09:45:00,0.6633673480407001,14.0,10.555515810000001
2024-02-10 10:00:00,0.7074363845447478,16.0,12.031104959999999
2024-02-10 10:15:00,0.7484404165817461,19.0,14.286937139999997
2024-02-10 10:30:00,0.7862037718659951,19.0,14.286937139999997
2024-02-10 10:45:00,0.8205646550803471,83.0,62.41135698
2024-02-10 11:00:00,0.8513758350132196,22.0,16.542769319999998
2024-02-10 11:15:00,0.8785052719935498,255.1682530556904,191.87225218580323
2024-02-10 11:30:00,0.9018366920328645,207.42938707252583,155.5560070499206
2024-02-10 11:45:00,0.9212700803424256,204.97651104445154,153.71653962391747
2024-02-10 12:00:00,0.9367221082469444,474.81330597926666,356.0732787899643
2024-02-10 12:15:00,0.9481264957536781,444.8327931677209,332.6910465344093
2024-02-10 12:30:00,0.9554342924754186,450.265121325182,335.8437464427011
2024-02-10 12:45:00,0.9586140876218798,295.8065466439596,220.03825548967234
2024-02-10 13:00:00,0.9576521470012997,639.3245968275733,474.2748231442865
2024-02-10 13:15:00,0.9525524705758392,515.8095868200833,381.6041491762157
2024-02-10 13:30:00,0.9433367773964672,35.0,25.822810125000004
2024-02-10 13:45:00,0.9300444117825177,216.8107550003028,159.52354733720387
2024-02-10 14:00:00,0.9127321752660189,582.1329240343338,427.14111868809573
2024-02-10 14:15:00,0.8914740870208859,579.1168055930227,426.0986368072923
2024-02-10 14:30:00,0.8663610628325658,549.1389242640125,404.04171453306856
2024-02-10 14:45:00,0.8375005278134541,390.90011400770607,287.61383558181694
2024-02-10 15:00:00,0.8050159615904137,299.8219792372113,220.60098309013605
2024-02-10 15:15:00,0.7690463622823231,136.0,100.3400622
2024-02-10 15:30:00,0.7297456549564867,116.0,86.05312505999999
2024-02-10 15:45:00,0.6872820389218008,229.9755883592417,171.06932839010534
2024-02-10 16:00:00,0.6418372573984908,50.0,37.29399975
2024-02-10 16:15:00,0.5936058243701062,20.0,14.998454099999998
2024-02-10 16:30:00,0.5427941990632872,17.0,12.783049019999998
2024-02-10 16:45:00,0.48961988934391076,14.0,10.58381478
2024-02-10 17:00:00,0.4343105266464499,12.0,9.096097499999999
2024-02-10 17:15:00,0.37710289940538355,9.0,6.84026532
2024-02-10 17:30:00,0.31824192457651257,9.0,6.84026532
2024-02-10 17:45:00,0.257979606200701,5.0,3.8102541749999994
2024-02-10 18:00:00,0.1965739648999738,0.0,0.0
2024-02-10 18:15:00,0.13428791704971663,0.0,0.0
2024-02-10 18:30:00,0.07138815695537928,0.0,0.0
2024-02-10 18:45:00,0.008144023599442232,0.0,0.0
2024-02-10 19:00:00,-0.05517366952710798,0.0,0.0
2024-02-10 19:15:00,-0.11829378560047336,0.0,0.0
2024-02-10 19:30:00,-0.1809460170432471,0.0,0.0
2024-02-10 19:45:00,-0.24286205993152604,0.0,0.0
2024-02-10 20:00:00,-0.3037767543970387,0.0,0.0
2024-02-10 20:15:00,-0.3634292121772388,0.0,0.0
2024-02-10 20:30:00,-0.4215639501974683,0.0,0.0
2024-02-10 20:45:00,-0.47793197629017714,0.0,0.0
2024-02-10 21:00:00,-0.5322918484078039,0.0,0.0
2024-02-10 21:15:00,-0.5844107238071731,0.0,0.0
2024-02-10 21:30:00,-0.634065348406682,0.0,0.0
2024-02-10 21:45:00,-0.681043006876616,0.0,0.0
2024-02-10 22:00:00,-0.725142447160976,0.0,0.0
2024-02-10 22:15:00,-0.76617473539686,0.0,0.0
2024-02-10 22:30:00,-0.8039640603920714,0.0,0.0
2024-02-10 22:45:00,-0.8383484979057778,0.0,0.0
2024-02-10 23:00:00,-0.869180698275293,0.0,0.0
2024-02-10 23:15:00,-0.8963285143861861,0.0,0.0
2024-02-10 23:30:00,-0.9196755762785547,0.0,0.0
2024-02-10 23:45:00,-0.9391217850701765,0.0,0.0
2024-02-11 00:00:00,-0.9545837402440644,0.0,0.0
2024-02-11 00:15:00,-0.965995102513252,0.0,0.0
2024-02-11 00:30:00,-0.9733068750051245,0.0,0.0
2024-02-11 00:45:00,-0.9764876134463678,0.0,0.0
2024-02-11 01:00:00,-0.9755235633096171,0.0,0.0
2024-02-11 01:15:00,-0.9704187174535462,0.0,0.0
2024-02-11 01:30:00,-0.961194801085258,0.0,0.0
2024-02-11 01:45:00,-0.9478911779143099,0.0,0.0
2024-02-11 02:00:00,-0.9305646819931888,0.0,0.0
2024-02-11 02:15:00,-0.9092893780337987,0.0,0.0
2024-02-11 02:30:00,-0.8841562401344694,0.0,0.0
2024-02-11 02:45:00,-0.8552727642813398,0.0,0.0
2024-02-11 03:00:00,-0.8227625132002075,0.0,0.0
2024-02-11 03:15:00,-0.7867645799778777,0.0,0.0
2024-02-11 03:30:00,-0.7474329961087417,0.0,0.0
2024-02-11 03:45:00,-0.7049360783206122,0.0,0.0
2024-02-11 04:00:00,-0.6594556977334293,0.0,0.0
2024-02-11 04:15:00,-0.6111865061266251,0.0,0.0
2024-02-11 04:30:00,-0.5603351098871013,0.0,0.0
2024-02-11 04:45:00,-0.5071191727048422,0.0,0.0
2024-02-11 05:00:00,-0.45176648983797896,0.0,0.0
2024-02-11 05:15:00,-0.3945140208633571,0.0,0.0
2024-02-11 05:30:00,-0.3356068604059955,0.0,0.0
2024-02-11 05:45:00,-0.2752971959476752,0.0,0.0
2024-02-11 06:00:00,-0.21384323656735776,0.0,0.0
2024-02-11 06:15:00,-0.15150809122945255,0.0,0.0
2024-02-11 06:30:00,-0.08855865019253095,0.0,0.0
2024-02-11 06:45:00,-0.02526445083689123,0.0,0.0
2024-02-11 07:00:00,0.038103493293944427,0.0,0.0
2024-02-11 07:15:00,0.1012738446068138,0.0,0.0
2024-02-11 07:30:00,0.1639760948385205,0.0,0.0
2024-02-11 07:45:00,0.22594174040199225,4.0,3.1533138000000003
2024-02-11 08:00:00,0.2869054236045634,9.0,7.05857166
2024-02-11 08:15:00,0.34660606106916403,12.0,9.314403839999999
2024-02-11 08:30:00,0.40478797812895134,16.0,12.32218008
2024-02-11 08:45:00,0.46120199547995555,18.0,13.71691503
2024-02-11 09:00:00,0.5156064890620866,23.0,17.341204545
2024-02-11 09:15:00,0.5677684401397173,28.0,20.88463986
2024-02-11 09:30:00,0.6174644253807647,36.0,26.48783592
2024-02-11 09:45:00,0.6644815676684126,96.0,69.8580288
2024-02-11 10:00:00,0.7086184613442781,108.0,77.4987507
2024-02-11 10:15:00,0.7496860277575959,176.2427786384247,125.0434768569502
2024-02-11 10:30:00,0.7875083204251372,205.35029953530494,144.03479158686363
2024-02-11 10:45:00,0.8219232898362591,222.0550083036141,153.9562364491763
2024-02-11 11:00:00,0.8527834716671427,212.31958679167857,145.4897345838005
2024-02-11 11:15:00,0.8799566152068636,176.3997830760343,119.80637206260486
2024-02-11 11:30:00,0.903326258442475,279.48959673122107,188.69252972941288
2024-02-11 11:45:00,0.9227922223677362,404.2607166906765,270.47811334645945
2024-02-11 12:00:00,0.9382710385883715,488.382572762858,324.78700871576496
2024-02-11 12:15:00,0.9496963125169959,566.6452278183635,374.54291078390975
2024-02-11 12:30:00,0.9570190047833025,549.4609865067403,360.96310652360785
2024-02-11 12:45:00,0.9602076415835346,487.6885881305471,319.3965322036416
2024-02-11 13:00:00,0.9592484519718822,675.0724930142504,439.3886932356161
2024-02-11 13:15:00,0.9541454255569801,633.1449692661724,410.8192505416787
2024-02-11 13:30:00,0.9449202974787891,616.8114452385703,398.9743676448673
2024-02-11 13:45:00,0.9316124545169869,332.8451209065288,214.62260964903527
2024-02-11 14:00:00,0.9142787668318664,392.4560451594349,253.0604635430766
2024-02-11 14:15:00,0.8929933481142553,346.05219512182487,222.43919848881146
2024-02-11 14:30:00,0.86784723409782,383.2125021376076,246.3255053081597
2024-02-11 14:45:00,0.8389479948010932,417.73699870027326,268.5175371804775
2024-02-11 15:00:00,0.8064192790376236,761.3269992513939,489.3740594298328
2024-02-11 15:15:00,0.7704002776744585,715.9882346349175,461.6779809685279
2024-02-11 15:30:00,0.7310451312531763,202.74539195641836,131.55235217433918
2024-02-11 15:45:00,0.6885222763409786,221.78666080507492,144.35568339202877
2024-02-11 16:00:00,0.6430137141401533,283.4652091087959,185.07377313586957
2024-02-11 16:15:00,0.5947142362408705,283.0618427460933,187.09909006409762
2024-02-11 16:30:00,0.5438305979107237,235.764463663056,157.74257723516772
2024-02-11 16:45:00,0.49058062017620724,190.39947829929423,129.3146189857771
2024-02-11 17:00:00,0.43519226338641503,144.20499193632753,99.10642370165482
2024-02-11 17:15:00,0.3779026592372009,100.01685899702213,68.93982610411265
2024-02-11 17:30:00,0.31895708080724666,70.91276385848408,49.165575337683975
2024-02-11 17:45:00,0.25860789953438257,28.602923880909685,19.888932141245892
2024-02-11 18:00:00,0.19711351314638292,0.0,0.0
2024-02-11 18:15:00,0.13473722320116277,0.0,0.0
2024-02-11 18:30:00,0.07174611558380714,0.0,0.0
2024-02-11 18:45:00,0.008409925553149206,0.0,0.0
2024-02-11 19:00:00,-0.05500013415586481,0.0,0.0
2024-02-11 19:15:00,-0.11821252620542169,0.0,0.0
2024-02-11 19:30:00,-0.18095654298620675,0.0,0.0
2024-02-11 19:45:00,-0.24296348279642313,0.0,0.0
2024-02-11 20:00:00,-0.3039677919265136,0.0,0.0
2024-02-11 20:15:00,-0.36370819389714965,0.0,0.0
2024-02-11 20:30:00,-0.4219288247542939,0.0,0.0
2024-02-11 20:45:00,-0.47838032046337986,0.0,0.0
2024-02-11 21:00:00,-0.5328208776564886,0.0,0.0
2024-02-11 21:15:00,-0.5850173044477909,0.0,0.0
2024-02-11 21:30:00,-0.6347460112816369,0.0,0.0
2024-02-11 21:45:00,-0.6817939624526828,0.0,0.0
2024-02-11 22:00:00,-0.7259596020338756,0.0,0.0
2024-02-11 22:15:00,-0.7670537101175892,0.0,0.0
2024-02-11 22:30:00,-0.8049002084838629,0.0,0.0
2024-02-11 22:45:00,-0.8393369260996474,0.0,0.0
2024-02-11 23:00:00,-0.8702162877509763,0.0,0.0
2024-02-11 23:15:00,-0.8974059430204593,0.0,0.0
2024-02-11 23:30:00,-0.9207893417667636,0.0,0.0
2024-02-11 23:45:00,-0.9402662288058086,0.0,0.0
2024-02-12 00:00:00,-0.9557530718767205,0.0,0.0
2024-02-12 00:15:00,-0.9671834250896599,0.0,0.0
2024-02-12 00:30:00,-0.9745082105392667,0.0,0.0
2024-02-12 00:45:00,-0.9776959288541673,0.0,0.0
2024-02-12 01:00:00,-0.9767327965707647,0.0,0.0
2024-02-12 01:15:00,-0.9716228038886732,0.0,0.0
2024-02-12 01:30:00,-0.9623876996452658,0.0,0.0
2024-02-12 01:45:00,-0.9490668973524452,0.0,0.0
2024-02-12 02:00:00,-0.9317173068267987,0.0,0.0
2024-02-12 02:15:00,-0.9104130941556288,0.0,0.0
2024-02-12 02:30:00,-0.8852453600054611,0.0,0.0
2024-02-12 02:45:00,-0.8563217515352299,0.0,0.0
2024-02-12 03:00:00,-0.8237660066058087,0.0,0.0
2024-02-12 03:15:00,-0.7877174166472489,0.0,0.0
2024-02-12 03:30:00,-0.7483302338084995,0.0,0.0
2024-02-12 03:45:00,-0.7057730168552422,0.0,0.0
2024-02-12 04:00:00,-0.6602278992529627,0.0,0.0
2024-02-12 04:15:00,-0.6118898143100643,0.0,0.0
2024-02-12 04:30:00,-0.5609656678850988,0.0,0.0
2024-02-12 04:45:00,-0.5076734397757067,0.0,0.0
2024-02-12 05:00:00,-0.45224125663098397,0.0,0.0
2024-02-12 05:15:00,-0.3949064232498385,0.0,0.0
2024-02-12 05:30:00,-0.33591439180768795,0.0,0.0
2024-02-12 05:45:00,-0.2755177181303332,0.0,0.0
2024-02-12 06:00:00,-0.21397498880729854,0.0,0.0
2024-02-12 06:15:00,-0.15154969786504852,0.0,0.0
2024-02-12 06:30:00,-0.08850912648962815,0.0,0.0
2024-02-12 06:45:00,-0.02512320717748226,0.0,0.0
2024-02-12 07:00:00,0.038336648974889365,0.0,0.0
2024-02-12 07:15:00,0.10159870603977207,0.0,0.0
2024-02-12 07:30:00,0.1643920584576627,0.0,0.0
2024-02-12 07:45:00,0.2264478079965583,3.0,2.28008844
2024-02-12 08:00:00,0.28750020680007937,5.0,3.7900406249999996
2024-02-12 08:15:00,0.3472877873701502,6.0,4.53592062
2024-02-12 08:30:00,0.4055544987504475,7.0,5.29190739
2024-02-12 08:45:00,0.4620507947344155,9.0,6.785688735000001
2024-02-12 09:00:00,0.5165346953074799,10.0,7.5194405999999985
2024-02-12 09:15:00,0.5687728383698547,12.0,8.999072459999999
2024-02-12 09:30:00,0.6185414711982355,14.0,10.44231993
2024-02-12 09:45:00,0.6656274027436343,16.0,11.901738239999998
2024-02-12 10:00:00,0.7098289302007836,18.0,13.35307113
2024-02-12 10:15:00,0.7509566958725823,19.0,13.979691179999998
2024-02-12 10:30:00,0.7888344934889817,21.0,15.323892255000002
2024-02-12 10:45:00,0.8233000341896559,24.0,17.367482159999998
2024-02-12 11:00:00,0.8542056357135401,26.0,18.709661880000002
2024-02-12 11:15:00,0.8814188518185557,27.0,19.21095792
2024-02-12 11:30:00,0.9048230481618831,30.0,21.102946200000005
2024-02-12 11:45:00,0.9243178973756934,32.0,22.315759200000002
2024-02-12 12:00:00,0.9398198073178428,33.0,22.746307815
2024-02-12 12:15:00,0.9512622847791966,49.0,33.47768151
2024-02-12 12:30:00,0.9585962173158358,87.0,58.912391475
2024-02-12 12:45:00,0.9617900839221676,194.7325305874552,130.68302668938105
2024-02-12 13:00:00,0.9608300925102602,85.0,56.527192574999994
2024-02-12 13:15:00,0.9557202376974613,31.0,20.553137640000003
2024-02-12 13:30:00,0.9464822857540702,32.0,21.086775359999997
2024-02-12 13:45:00,0.9331556805695025,30.0,19.70821125
2024-02-12 14:00:00,0.9157973751394444,30.0,19.586929950000002
2024-02-12 14:15:00,0.8944815913526718,48.0,31.33908792
2024-02-12 14:30:00,0.8692994980288298,27.0,17.628236955000002
2024-02-12 14:45:00,0.8403588225739916,39.0,25.463008935000005
2024-02-12 15:00:00,0.8077833948113156,40.0,26.115906600000002
2024-02-12 15:15:00,0.7717126094426254,33.0,21.545622945
2024-02-12 15:30:00,0.7323008327733235,29.0,18.99265158
2024-02-12 15:45:00,0.6897167480944829,26.0,17.08044975
2024-02-12 16:00:00,0.6441426232188263,23.0,15.156119789999998
2024-02-12 16:15:00,0.5957735350460571,52.0,34.371120420000004
2024-02-12 16:30:00,0.5448165416560492,16.0,10.64041272
2024-02-12 16:45:00,0.49148978303527063,9.0,6.021616545
2024-02-12 17:00:00,0.43602155327394,8.0,5.36871888
2024-02-12 17:15:00,0.378649331133008,6.0,4.03866729
2024-02-12 17:30:00,0.3196187485694878,5.0,3.3756628499999994
2024-02-12 17:45:00,0.25918254615193276,4.0,2.7086157
2024-02-12 18:00:00,0.19759949943479801,0.0,0.0
2024-02-12 18:15:00,0.13513329475399996,0.0,0.0
2024-02-12 18:30:00,0.07205140818921806,0.0,0.0
2024-02-12 18:45:00,0.00862396880597284,0.0,0.0
2024-02-12 19:00:00,-0.05487741486960525,0.0,0.0
2024-02-12 19:15:00,-0.11818080953350354,0.0,0.0
2024-02-12 19:30:00,-0.18101511304784637,0.0,0.0
2024-02-12 19:45:00,-0.24311123240313176,0.0,0.0
2024-02-12 20:00:00,-0.3042032274515093,0.0,0.0
2024-02-12 20:15:00,-0.3640294418552821,0.0,0.0
2024-02-12 20:30:00,-0.4223336399962239,0.0,0.0
2024-02-12 20:45:00,-0.4788660960075217,0.0,0.0
2024-02-12 21:00:00,-0.5333846560690144,0.0,0.0
2024-02-12 21:15:00,-0.5856557907537228,0.0,0.0
2024-02-12 21:30:00,-0.6354555873083294,0.0,0.0
2024-02-12 21:45:00,-0.6825707025970025,0.0,0.0
2024-02-12 22:00:00,-0.7267992903633315,0.0,0.0
2024-02-12 22:15:00,-0.7679518586743024,0.0,0.0
2024-02-12 22:30:00,-0.8058520768472488,0.0,0.0
2024-02-12 22:45:00,-0.8403375419690362,0.0,0.0
2024-02-12 23:00:00,-0.8712604685718561,0.0,0.0
2024-02-12 23:15:00,-0.898488318468513,0.0,0.0
2024-02-12 23:30:00,-0.9219043770978588,0.0,0.0
2024-02-12 23:45:00,-0.9414082488801712,0.0,0.0
2024-02-13 00:00:00,-0.9569162857841931,0.0,0.0
2024-02-13 00:15:00,-0.9683619512818022,0.0,0.0
2024-02-13 00:30:00,-0.9756961023589116,0.0,0.0
2024-02-13 00:45:00,-0.9788872003132523,0.0,0.0
2024-02-13 01:00:00,-0.9779214483156514,0.0,0.0
2024-02-13 01:15:00,-0.9728028492087069,0.0,0.0
2024-02-13 01:30:00,-0.9635531904184391,0.0,0.0
2024-02-13 01:45:00,-0.9502119498297377,0.0,0.0
2024-02-13 02:00:00,-0.9328361271090745,0.0,0.0
2024-02-13 02:15:00,-0.9115000033149538,0.0,0.0
2024-02-13 02:30:00,-0.8862948186399788,0.0,0.0
2024-02-13 02:45:00,-0.8573283837765606,0.0,0.0
2024-02-13 03:00:00,-0.8247246233788829,0.0,0.0
2024-02-13 03:15:00,-0.7886230381187402,0.0,0.0
2024-02-13 03:30:00,-0.749178110925156,0.0,0.0
2024-02-13 03:45:00,-0.7065586518953769,0.0,0.0
2024-02-13 04:00:00,-0.660947065245478,0.0,0.0
2024-02-13 04:15:00,-0.6125385732882783,0.0,0.0
2024-02-13 04:30:00,-0.5615403879215619,0.0,0.0
2024-02-13 04:45:00,-0.5081708106308668,0.0,0.0
2024-02-13 05:00:00,-0.4526583040337159,0.0,0.0
2024-02-13 05:15:00,-0.39524052171788854,0.0,0.0
2024-02-13 05:30:00,-0.3361632759774635,0.0,0.0
2024-02-13 05:45:00,-0.2756794924292657,0.0,0.0
2024-02-13 06:00:00,-0.2140481356431035,0.0,0.0
2024-02-13 06:15:00,-0.15153308408591887,0.0,0.0
2024-02-13 06:30:00,-0.08840200821450112,0.0,0.0
2024-02-13 06:45:00,-0.024925232950353635,0.0,0.0
2024-02-13 07:00:00,0.03862543678486724,0.0,0.0
2024-02-13 07:15:00,0.10197787148437393,0.0,0.0
2024-02-13 07:30:00,0.16486077397836116,0.0,0.0
2024-02-13 07:45:00,0.22700485816296823,3.0,2.0981664899999997
2024-02-13 08:00:00,0.28814399360554377,4.0,2.7813844800000003
2024-02-13 08:15:00,0.34801633727065834,5.0,3.4666238249999997
2024-02-13 08:30:00,0.4063654713304891,9.0,6.22173069
2024-02-13 08:45:00,0.46294149289141695,12.0,8.271384659999999
2024-02-13 09:00:00,0.5175020770485934,15.0,10.308910500000001
2024-02-13 09:15:00,0.5698135300887555,10.0,6.852393449999999
2024-02-13 09:30:00,0.6196517823639995,22.0,15.03079578
2024-02-13 09:45:00,0.6668033419697791,25.0,17.029915875
2024-02-13 10:00:00,0.7110662226319775,29.0,19.69608312
2024-02-13 10:15:00,0.7522508017712064,32.0,21.604242239999998
2024-02-13 10:30:00,0.7901806279827297,36.0,24.23200374
2024-02-13 10:45:00,0.8246931880576989,40.0,26.762740199999996
2024-02-13 11:00:00,0.8556405971773371,100.0,66.5025795
2024-02-13 11:15:00,0.8828902291497738,219.423585041295,145.03527816235504
2024-02-13 11:30:00,0.9063252931384917,302.3490958128329,199.23648324076012
2024-02-13 11:45:00,0.925845329340052,903.0764977833063,591.4419749132751
2024-02-13 12:00:00,0.941366637846982,478.33842661834683,311.3391500485553
2024-02-13 12:15:00,0.9528226428016721,342.94274728094376,223.2133098914832
2024-02-13 12:30:00,0.960164174582348,260.80492523747046,170.27892670804405
2024-02-13 12:45:00,0.963359680717902,592.7362044198806,386.9960838267027
2024-02-13 13:00:00,0.9623953635050051,146.0,95.61817692
2024-02-13 13:15:00,0.9572752378023309,52.0,34.05578904
2024-02-13 13:30:00,0.9480211158940972,51.0,33.40087002
2024-02-13 13:45:00,0.9346725132464222,49.0,32.091031980000004
2024-02-13 14:00:00,0.9172864796761757,270.27789158542794,177.55645945234036
2024-02-13 14:15:00,0.8959373587227587,571.5424423588855,375.4693064116621
2024-02-13 14:30:00,0.8707164651437914,224.50934455888236,147.9430660916872
2024-02-13 14:45:00,0.8417316959246628,245.4031214043838,162.20731225449913
2024-02-13 15:00:00,0.8091070733924461,753.8408345762623,498.27604043719253
2024-02-13 15:15:00,0.7729822068109563,100.0,66.5025795
2024-02-13 15:30:00,0.7335116981897938,662.2104287409738,441.72557919194463
2024-02-13 15:45:00,0.6908644866424167,208.12397201153885,139.24919480842215
2024-02-13 16:00:00,0.6452231147664687,113.0,75.83315418000001
2024-02-13 16:15:00,0.5967829520901806,141.67775217942688,95.93764597347622
2024-02-13 16:30:00,0.5457513658236555,435.48020471073517,296.64765005806396
2024-02-13 16:45:00,0.49234682026694754,370.97951409511757,254.95964054267037
2024-02-13 17:00:00,0.436797947584138,304.2051726553145,210.29807319625766
2024-02-13 17:15:00,0.3793425769627269,233.1201122897298,162.57038407920535
2024-02-13 17:30:00,0.3202267015147713,161.57385442711532,113.32954712488602
2024-02-13 17:45:00,0.25970343218940073,89.6005198267594,63.390060564046735
2024-02-13 18:00:00,0.19803192256717086,0.0,0.0
2024-02-13 18:15:00,0.1354762429518587,0.0,0.0
2024-02-13 18:30:00,0.07230425765569552,0.0,0.0
2024-02-13 18:45:00,0.008786486646151781,0.0,0.0
2024-02-13 19:00:00,-0.054805069753977795,0.0,0.0
2024-02-13 19:15:00,-0.11819808722234526,0.0,0.0
2024-02-13 19:30:00,-0.18112107507810615,0.0,0.0
2024-02-13 19:45:00,-0.24330455589621774,0.0,0.0
2024-02-13 20:00:00,-0.3044822109848114,0.0,0.0
2024-02-13 20:15:00,-0.36439201287276857,0.0,0.0
2024-02-13 20:30:00,-0.42277736393041315,0.0,0.0
2024-02-13 20:45:00,-0.47938818690223717,0.0,0.0
2024-02-13 21:00:00,-0.533981988696942,0.0,0.0
2024-02-13 21:15:00,-0.5863249143031252,0.0,0.0
2024-02-13 21:30:00,-0.6361927403703836,0.0,0.0
2024-02-13 21:45:00,-0.6833718295756743,0.0,0.0
2024-02-13 22:00:00,-0.7276600591074374,0.0,0.0
2024-02-13 22:15:00,-0.7688676793423711,0.0,0.0
2024-02-13 22:30:00,-0.8068181218397409,0.0,0.0
2024-02-13 22:45:00,-0.8413487669416535,0.0,0.0
2024-02-13 23:00:00,-0.8723116343269094,0.0,0.0
2024-02-13 23:15:00,-0.8995740137382697,0.0,0.0
2024-02-13 23:30:00,-0.9230190420269915,0.0,0.0
2024-02-13 23:45:00,-0.9425461991731241,0.0,0.0
2024-02-14 00:00:00,-0.9580717373849555,0.0,0.0
2024-02-14 00:15:00,-0.9695290454640719,0.0,0.0
2024-02-14 00:30:00,-0.9768689311477197,0.0,0.0
2024-02-14 00:45:00,-0.9800598321128056,0.0,0.0
2024-02-14 01:00:00,-0.9790879536304682,0.0,0.0
2024-02-14 01:15:00,-0.9739573263516375,0.0,0.0
2024-02-14 01:30:00,-0.9646897910978256,0.0,0.0
2024-02-14 01:45:00,-0.9513249044841119,0.0,0.0
2024-02-14 02:00:00,-0.9339197699095572,0.0,0.0
2024-02-14 02:15:00,-0.9125487967070894,0.0,0.0
2024-02-14 02:30:00,-0.8873033773275838,0.0,0.0
2024-02-14 02:45:00,-0.8582914980286709,0.0,0.0
2024-02-14 03:00:00,-0.8256372815902384,0.0,0.0
2024-02-14 03:15:00,-0.7894804484812585,0.0,0.0
2024-02-14 03:30:00,-0.7499757221565003,0.0,0.0
2024-02-14 03:45:00,-0.7072921729259618,0.0,0.0
2024-02-14 04:00:00,-0.6616124837568874,0.0,0.0
2024-02-14 04:15:00,-0.6131321730516072,0.0,0.0
2024-02-14 04:30:00,-0.5620587648250439,0.0,0.0
2024-02-14 04:45:00,-0.5086108874157882,0.0,0.0
2024-02-14 05:00:00,-0.4530173435117925,0.0,0.0
2024-02-14 05:15:00,-0.3955161386028263,0.0,0.0
2024-02-14 05:30:00,-0.3363534470984607,0.0,0.0
2024-02-14 05:45:00,-0.27578256545908747,0.0,0.0
2024-02-14 06:00:00,-0.214062836184636,0.0,0.0
2024-02-14 06:15:00,-0.1514585210802495,0.0,0.0
2024-02-14 06:30:00,-0.08823767774536957,0.0,0.0
2024-02-14 06:45:00,-0.02467102033994177,0.0,0.0
2024-02-14 07:00:00,0.03896925657860151,0.0,0.0
2024-02-14 07:15:00,0.10241063516183224,0.0,0.0
2024-02-14 07:30:00,0.16538143282885093,0.0,0.0
2024-02-14 07:45:00,0.22761198271070499,3.0,2.0921024249999998
2024-02-14 08:00:00,0.28883577990720544,5.0,3.4767306000000002
2024-02-14 08:15:00,0.3487906148163905,7.0,4.853273355
2024-02-14 08:30:00,0.40721971250272143,10.0,6.913034099999999
2024-02-14 08:45:00,0.463872824051516,9.0,6.203538495
2024-02-14 09:00:00,0.518507291062979,10.0,6.872607
2024-02-14 09:15:00,0.5708891002956327,12.0,8.198615879999998
2024-02-14 09:30:00,0.6207938779543261,14.0,9.508453920000001
2024-02-14 09:45:00,0.6680078446509948,16.0,10.8344628
2024-02-14 10:00:00,0.7123287445631264,34.0,22.88578131
2024-02-14 10:15:00,0.753566704629322,32.0,21.345508799999998
2024-02-14 10:30:00,0.7915450431442834,36.0,23.79539106
2024-02-14 10:45:00,0.8261010377665159,39.0,25.541841780000002
2024-02-14 11:00:00,0.8570866165998401,41.0,26.603053154999998
2024-02-14 11:15:00,0.8843689892505255,161.0,103.48933329
2024-02-14 11:30:00,0.9078312242497475,100.0,63.6726825
2024-02-14 11:45:00,0.9273727453538001,158.0,99.96409016999999
2024-02-14 12:00:00,0.942909760882463,50.0,31.331002499999997
2024-02-14 12:15:00,0.9543756282916951,51.0,31.95762255
2024-02-14 12:30:00,0.9617211366277487,51.0,31.95762255
2024-02-14 12:45:00,0.9649147176161934,51.0,31.95762255
2024-02-14 13:00:00,0.9639425833439108,138.0,86.4735669
2024-02-14 13:15:00,0.9588087840064131,85.0,53.434519425
2024-02-14 13:30:00,0.9495351926120824,49.0,30.90247524
2024-02-14 13:45:00,0.9361614104688458,107.0,67.697200305
2024-02-14 14:00:00,0.9187445979739268,210.86242437163497,133.83553416613802
2024-02-14 14:15:00,0.8973592335036202,98.0,62.20113606
2024-02-14 14:30:00,0.8720967903146116,86.0,54.58467042
2024-02-14 14:45:00,0.843065346866247,90.0,57.123492299999995
2024-02-14 15:00:00,0.8103891291402379,86.0,54.58467042
2024-02-14 15:15:00,0.774207971348134,33.0,21.011985225
2024-02-14 15:30:00,0.7346767207510999,37.0,23.63368266
2024-02-14 15:45:00,0.6919645809651866,603.2725502480197,385.3392435148811
2024-02-14 16:00:00,0.6462543772111811,546.7520197767523,350.34203747266037
2024-02-14 16:15:00,0.5977417784389134,487.7876298053842,314.53143665803873
2024-02-14 16:30:00,0.546634466901098,38.0,24.65648829
2024-02-14 16:45:00,0.4931512360959208,30.0,19.5262893
2024-02-14 17:00:00,0.4375210601760756,23.0,15.06313746
2024-02-14 17:15:00,0.379982121567972,16.0,10.511046
2024-02-14 17:30:00,0.32078077639096786,11.0,7.248579029999999
2024-02-14 17:45:00,0.26017050674800263,6.0,3.9658985099999997
2024-02-14 18:00:00,0.19841084391133518,0.0,0.0
2024-02-14 18:15:00,0.13576624083408612,0.0,0.0
2024-02-14 18:30:00,0.0725049476913051,0.0,0.0
2024-02-14 18:45:00,0.00889787192663588,0.0,0.0
2024-02-14 19:00:00,-0.05478259879380347,0.0,0.0
2024-02-14 19:15:00,-0.11826375454838983,0.0,0.0
2024-02-14 19:30:00,-0.1812737225107737,0.0,0.0
2024-02-14 19:45:00,-0.2435426482713105,0.0,0.0
2024-02-14 20:00:00,-0.3048038428382664,0.0,0.0
2024-02-14 20:15:00,-0.364794916795914,0.0,0.0
2024-02-14 20:30:00,-0.42325892050040076,0.0,0.0
2024-02-14 20:45:00,-0.47994543610551127,0.0,0.0
2024-02-14 21:00:00,-0.5346116428433573,0.0,0.0
2024-02-14 21:15:00,-0.58702337234187,0.0,0.0
2024-02-14 21:30:00,-0.6369561036155321,0.0,0.0
2024-02-14 21:45:00,-0.684195918634838,0.0,0.0
2024-02-14 22:00:00,-0.7285404320881893,0.0,0.0
2024-02-14 22:15:00,-0.7697996511715747,0.0,0.0
2024-02-14 22:30:00,-0.807796784643249,0.0,0.0
2024-02-14 22:45:00,-0.842369011329739,0.0,0.0
2024-02-14 23:00:00,-0.8733681716668984,0.0,0.0
2024-02-14 23:15:00,-0.9006613990635989,0.0,0.0
2024-02-14 23:30:00,-0.9241316977289149,0.0,0.0
2024-02-14 23:45:00,-0.9436784391937781,0.0,0.0
2024-02-15 00:00:00,-0.9592177919011438,0.0,0.0
2024-02-15 00:15:00,-0.9706830859360953,0.0,0.0
2024-02-15 00:30:00,-0.9780250955945156,0.0,0.0
2024-02-15 00:45:00,-0.9812122505473748,0.0,0.0
2024-02-15 01:00:00,-0.9802307735162245,0.0,0.0
2024-02-15 01:15:00,-0.9750847379749116,0.0,0.0
2024-02-15 01:30:00,-0.9657960527551485,0.0,0.0
2024-02-15 01:45:00,-0.9524043673661233,0.0,0.0
2024-02-15 02:00:00,-0.9349669025707392,0.0,0.0
2024-02-15 02:15:00,-0.913558209033017,0.0,0.0
2024-02-15 02:30:00,-0.8882698438828363,0.0,0.0
2024-02-15 02:45:00,-0.8592099806641048,0.0,0.0
2024-02-15 03:00:00,-0.8265029512665091,0.0,0.0
2024-02-15 03:15:00,-0.7902887061507706,0.0,0.0
2024-02-15 03:30:00,-0.7507222186679735,0.0,0.0
2024-02-15 03:45:00,-0.7079728278259638,0.0,0.0
2024-02-15 04:00:00,-0.6622235029107786,0.0,0.0
2024-02-15 04:15:00,-0.613670065058443,0.0,0.0
2024-02-15 04:30:00,-0.5625203560932142,0.0,0.0
2024-02-15 04:45:00,-0.5089933358102583,0.0,0.0
2024-02-15 05:00:00,-0.4533181506636767,0.0,0.0
2024-02-15 05:15:00,-0.39573316062495506,0.0,0.0
2024-02-15 05:30:00,-0.33648490383712526,0.0,0.0
2024-02-15 05:45:00,-0.27582704809456193,0.0,0.0
2024-02-15 06:00:00,-0.21401931331740146,0.0,0.0
2024-02-15 06:15:00,-0.15132634307573178,0.0,0.0
2024-02-15 06:30:00,-0.0880165794594226,0.0,0.0
2024-02-15 06:45:00,-0.02436112220961191,0.0,0.0
2024-02-15 07:00:00,0.03936744913272014,0.0,0.0
2024-02-15 07:15:00,0.10289623406150439,0.0,0.0
2024-02-15 07:30:00,0.16595317121960146,0.0,0.0
2024-02-15 07:45:00,0.22826822055798887,4.0,2.8137261600000003
2024-02-15 08:00:00,0.28957451120444994,9.0,6.312691664999999
2024-02-15 08:15:00,0.3496094763403088,14.0,9.70654671
2024-02-15 08:30:00,0.4081159941776963,20.0,13.745214
2024-02-15 08:45:00,0.46484348073248005,27.0,18.392309145000002
2024-02-15 09:00:00,0.5195489558561148,146.200759159482,98.70489426729212
2024-02-15 09:15:00,0.5719980992022803,180.05980041623943,119.74441191935097
2024-02-15 09:30:00,0.6219662458782332,214.5018482430227,140.9149246229644
2024-02-15 09:45:00,0.6692393426608323,240.32415717526487,155.44973975264242
2024-02-15 10:00:00,0.7136148783287373,204.24881830808056,130.050701591306
2024-02-15 10:15:00,0.754902743996942,152.01961097598777,95.56582183149838
2024-02-15 10:30:00,0.7929260426613073,291.0147907354051,181.17921431670516
2024-02-15 10:45:00,0.8275218582053394,407.2951585364601,250.27958397577376
2024-02-15 11:00:00,0.8585419472742316,449.3721579749456,272.50219751503386
2024-02-15 11:15:00,0.8858533710843772,508.2447854891695,306.14825523499314
2024-02-15 11:30:00,0.9093390734867399,493.7962624293137,295.44871303667037
2024-02-15 11:45:00,0.9288983778030104,472.43332202810143,279.8019490908971
2024-02-15 12:00:00,0.9444474165923936,374.6114529081253,220.3518154173931
2024-02-15 12:15:00,0.9559194965413569,373.23930562646655,218.79024962113002
2024-02-15 12:30:00,0.9632653811427639,200.74285766799935,117.67404792783465
2024-02-15 12:45:00,0.9664535018811984,392.940873727625,229.54489694616026
2024-02-15 13:00:00,0.9654700959171182,257.1022224938451,149.6721205293253
2024-02-15 13:15:00,0.9603192637159017,255.92862012032936,149.50623022184186
2024-02-15 13:30:00,0.9510229535337228,253.6776197454105,148.19125974247993
2024-02-15 13:45:00,0.937620866563317,228.8771755981397,133.70354472826034
2024-02-15 14:00:00,0.9201702872926588,577.3453903203811,338.43579752080564
2024-02-15 14:15:00,0.8987458418559071,569.7008450586511,335.1061866340872
2024-02-15 14:30:00,0.8734391742736789,515.2099542986929,304.0952874140588
2024-02-15 14:45:00,0.8443585560357979,383.4281256468016,227.08799716261967
2024-02-15 15:00:00,0.8116284276021362,300.9023838914393,178.8197782281188
2024-02-15 15:15:00,0.7753888581320136,121.0,72.39685068
2024-02-15 15:30:00,0.7357949493087297,419.207207004599,251.66787542268997
2024-02-15 15:45:00,0.6930161775404022,371.92327387817113,224.03311284246317
2024-02-15 16:00:00,0.6472356580113494,147.23918447624968,89.2867985210969
2024-02-15 16:15:00,0.5986493655320608,138.95948096596183,84.54681893603347
2024-02-15 16:30:00,0.5474653028242178,108.66451423953905,66.55381643174103
2024-02-15 16:45:00,0.493902597042771,85.48170779112831,52.527818745449395
2024-02-15 17:00:00,0.4381905677074922,65.0,40.204750950000005
2024-02-15 17:15:00,0.38056775289916545,17.0,10.583814779999999
2024-02-15 17:30:00,0.32128087303835534,11.0,6.892820550000001
2024-02-15 17:45:00,0.260583781667683,7.0,4.400489835
2024-02-15 18:00:00,0.19873638701941262,28.687538444727725,18.150149872431037
2024-02-15 18:15:00,0.1360035228119196,0.0,0.0
2024-02-15 18:30:00,0.07265382227453393,0.0,0.0
2024-02-15 18:45:00,0.008958576405546786,0.0,0.0
2024-02-15 19:00:00,-0.05480944467059455,0.0,0.0
2024-02-15 19:15:00,-0.11837715136594304,0.0,0.0
2024-02-15 19:30:00,-0.18147229556497188,0.0,0.0
2024-02-15 19:45:00,-0.24382465364519335,0.0,0.0
2024-02-15 20:00:00,-0.30516717503137275,0.0,0.0
2024-02-15 20:15:00,-0.365237117943971,0.0,0.0
2024-02-15 20:30:00,-0.42377719109557954,0.0,0.0
2024-02-15 20:45:00,-0.48053664721933376,0.0,0.0
2024-02-15 21:00:00,-0.5352723497837351,0.0,0.0
2024-02-15 21:15:00,-0.5877498296399198,0.0,0.0
2024-02-15 21:30:00,-0.6377442813528473,0.0,0.0
2024-02-15 21:45:00,-0.6850415199689383,0.0,0.0
2024-02-15 22:00:00,-0.7294389119544846,0.0,0.0
2024-02-15 22:15:00,-0.7707462360443673,0.0,0.0
2024-02-15 22:30:00,-0.8087864932837487,0.0,0.0
2024-02-15 22:45:00,-0.8433966764616742,0.0,0.0
2024-02-15 23:00:00,-0.8744284623916676,0.0,0.0
2024-02-15 23:15:00,-0.9017488440459087,0.0,0.0
2024-02-15 23:30:00,-0.9252407089406962,0.0,0.0
2024-02-15 23:45:00,-0.9448033361859196,0.0,0.0
2024-02-16 00:00:00,-0.9603528264490855,0.0,0.0
2024-02-16 00:15:00,-0.97182246699252,0.0,0.0
2024-02-16 00:30:00,-0.9791630144181341,0.0,0.0
2024-02-16 00:45:00,-0.9823429058969386,0.0,0.0
2024-02-16 01:00:00,-0.9813483968100932,0.0,0.0
2024-02-16 01:15:00,-0.9761836183034759,0.0,0.0
2024-02-16 01:30:00,-0.9668705616399476,0.0,0.0
2024-02-16 01:45:00,-0.9534489831517057,0.0,0.0
2024-02-16 02:00:00,-0.9359762343560232,0.0,0.0
2024-02-16 02:15:00,-0.914527020019443,0.0,0.0
2024-02-16 02:30:00,-0.8891930740538679,0.0,0.0
2024-02-16 02:45:00,-0.8600827686930134,0.0,0.0
2024-02-16 03:00:00,-0.8273206555732063,0.0,0.0
2024-02-16 03:15:00,-0.7910469249618912,0.0,0.0
2024-02-16 03:30:00,-0.7514168090747912,0.0,0.0
2024-02-16 03:45:00,-0.7085999236945925,0.0,0.0
2024-02-16 04:00:00,-0.6627795315974271,0.0,0.0
2024-02-16 04:15:00,-0.6141517628218415,0.0,0.0
2024-02-16 04:30:00,-0.5629247822093049,0.0,0.0
2024-02-16 04:45:00,-0.509317885243036,0.0,0.0
2024-02-16 05:00:00,-0.4535605652790838,0.0,0.0
2024-02-16 05:15:00,-0.39589153894614204,0.0,0.0
2024-02-16 05:30:00,-0.3365577091862151,0.0,0.0
2024-02-16 05:45:00,-0.2758131152196065,0.0,0.0
2024-02-16 06:00:00,-0.21391785329105842,0.0,0.0
2024-02-16 06:15:00,-0.15113694670563194,0.0,0.0
2024-02-16 06:30:00,-0.08773921895497956,0.0,0.0
2024-02-16 06:45:00,-0.0239961512326472,0.0,0.0
2024-02-16 07:00:00,0.03981929711652071,0.0,0.0
2024-02-16 07:15:00,0.10343384898124736,0.0,0.0
2024-02-16 07:30:00,0.16657507134694075,0.0,0.0
2024-02-16 07:45:00,0.2289725590173655,67.91601786578568,49.00981047863499
2024-02-16 08:00:00,0.2903590840335219,134.9810656722355,96.58700680867317
2024-02-16 08:15:00,0.35047173212923627,204.1750162256457,144.44856647297652
2024-02-16 08:30:00,0.4090530452206579,273.8878114140097,191.00045147906414
2024-02-16 08:45:00,0.46585211564284,343.95268497063205,237.08041351932488
2024-02-16 09:00:00,0.5206256535048226,411.10794699729865,279.2143550121155
2024-02-16 09:15:00,0.5731390440996098,475.09894601631675,316.9133979081879
2024-02-16 09:30:00,0.6231673448181732,537.2303494066298,351.84237394764756
2024-02-16 09:45:00,0.6704962424532288,596.0330240229572,383.124597981108
2024-02-16 10:00:00,0.7149229848106622,652.092078590311,411.25019005790244
2024-02-16 10:15:00,0.7562572419728415,702.9873115312683,436.24298354978816
2024-02-16 10:30:00,0.7943219168488893,750.3509169889514,459.56785007649125
2024-02-16 10:45:00,0.8289539150133431,795.1899060616086,480.6009666775817
2024-02-16 11:00:00,0.8600048373957528,833.524266583054,495.3454425004228
2024-02-16 11:15:00,0.8873416127098703,868.3960601499142,510.80298498582
2024-02-16 11:30:00,0.9108470761245193,898.6732155881919,523.1628281362375
2024-02-16 11:45:00,0.930420466550675,933.4997724924757,537.7763132985605
2024-02-16 12:00:00,0.9459778567571187,951.7053846408775,540.5693770135838
2024-02-16 12:15:00,0.9574525185419068,967.2181048366829,547.4255226446029
2024-02-16 12:30:00,0.9647952055286957,976.0131075803879,548.4575750703372
2024-02-16 12:45:00,0.9679743644167388,979.9919794584843,548.7125374758103
2024-02-16 13:00:00,0.9669762725750268,979.0567674028001,544.230855320209
2024-02-16 13:15:00,0.9618050954962958,971.2877642890365,539.912279165728
2024-02-16 13:30:00,0.9524828710025738,959.7140357743988,531.5388375504762
2024-02-16 13:45:00,0.9390494139827057,941.5597573479855,521.4840673880735
2024-02-16 14:00:00,0.9215621462685821,919.7587367133641,509.40954442229224
2024-02-16 14:15:00,0.9000958543731228,892.6876108970342,498.0250441400378
2024-02-16 14:30:00,0.8747423650465638,860.6418403671402,481.8865643641838
2024-02-16 14:45:00,0.8456101540359189,827.2035284782911,466.50808473771883
2024-02-16 15:00:00,0.8128238867175628,785.1619636317606,444.3854970791257
2024-02-16 15:15:00,0.7765238768393283,739.352296727055,422.94164967545265
2024-02-16 15:30:00,0.7368654892760711,690.2831278417647,399.0578740372768
2024-02-16 15:45:00,0.6940184811024085,636.7293577961015,371.95920452707423
2024-02-16 16:00:00,0.64816626437069,579.4220090827762,341.9955319494984
2024-02-16 16:15:00,0.5995051257739202,519.2159776005622,311.7073842836269
2024-02-16 16:30:00,0.5482433934590594,456.7001111597039,278.79222206435344
2024-02-16 16:45:00,0.49460053218881844,390.25276933904,242.96253106273306
2024-02-16 17:00:00,0.43880620981375507,321.9583618611757,203.6979412409877
2024-02-16 17:15:00,0.38109932194950763,29.0,18.52369722
2024-02-16 17:30:00,0.3217269541797065,183.46375714372,118.29967711997689
2024-02-16 17:45:00,0.26094333128992014,113.89582593921158,74.13209491171631
2024-02-16 18:00:00,0.19900873718896042,50.408686277469364,33.01360741632769
2024-02-16 18:15:00,0.1361883841126029,0.0,0.0
2024-02-16 18:30:00,0.07275128494172343,0.0,0.0
2024-02-16 18:45:00,0.008969109894095106,0.0,0.0
2024-02-16 19:00:00,-0.054884993828203624,0.0,0.0
2024-02-16 19:15:00,-0.11853756328959475,0.0,0.0
2024-02-16 19:30:00,-0.18171598242099868,0.0,0.0
2024-02-16 19:45:00,-0.24414966655989115,0.0,0.0
2024-02-16 20:00:00,-0.3055712127040357,0.0,0.0
2024-02-16 20:15:00,-0.36571753663070805,0.0,0.0
2024-02-16 20:30:00,-0.42433101619381514,0.0,0.0
2024-02-16 20:45:00,-0.4811605862199658,0.0,0.0
2024-02-16 21:00:00,-0.535962806611781,0.0,0.0
2024-02-16 21:15:00,-0.5885029203506744,0.0,0.0
2024-02-16 21:30:00,-0.6385558510038103,0.0,0.0
2024-02-16 21:45:00,-0.6859071607061713,0.0,0.0
2024-02-16 22:00:00,-0.730353982214698,0.0,0.0
2024-02-16 22:15:00,-0.7717058807159655,0.0,0.0
2024-02-16 22:30:00,-0.8097856648120907,0.0,0.0
2024-02-16 22:45:00,-0.8444301567875172,0.0,0.0
2024-02-16 23:00:00,-0.8754908856327109,0.0,0.0
2024-02-16 23:15:00,-0.9028347197918147,0.0,0.0
2024-02-16 23:30:00,-0.9263444460928204,0.0,0.0
2024-02-16 23:45:00,-0.9459192672441736,0.0,0.0
2024-02-17 00:00:00,-0.9614752321115012,0.0,0.0
2024-02-17 00:15:00,-0.9729456009710671,0.0,0.0
2024-02-17 00:30:00,-0.9802811283728887,0.0,0.0
2024-02-17 00:45:00,-0.9834502743732547,0.0,0.0
2024-02-17 01:00:00,-0.9824393420709655,0.0,0.0
2024-02-17 01:15:00,-0.9772525349480101,0.0,0.0
2024-02-17 01:30:00,-0.9679119409086631,0.0,0.0
2024-02-17 01:45:00,-0.9544574367970786,0.0,0.0
2024-02-17 02:00:00,-0.936946517995725,0.0,0.0
2024-02-17 02:15:00,-0.9154540558575127,0.0,0.0
2024-02-17 02:30:00,-0.8900719728699218,0.0,0.0
2024-02-17 02:45:00,-0.860908851008251,0.0,0.0
2024-02-17 03:00:00,-0.828089471927499,0.0,0.0
2024-02-17 03:15:00,-0.7917542751487368,0.0,0.0
2024-02-17 03:30:00,-0.7520587603032972,0.0,0.0
2024-02-17 03:45:00,-0.7091728276153334,0.0,0.0
2024-02-17 04:00:00,-0.6632800400682158,0.0,0.0
2024-02-17 04:15:00,-0.6145768423440007,0.0,0.0
2024-02-17 04:30:00,-0.5632717270401306,0.0,0.0
2024-02-17 04:45:00,-0.5095843290912517,0.0,0.0
2024-02-17 05:00:00,-0.45374449145366563,0.0,0.0
2024-02-17 05:15:00,-0.39599128906675496,0.0,0.0
2024-02-17 05:30:00,-0.3365719902796797,0.0,0.0
2024-02-17 05:45:00,-0.27574100525236694,0.0,0.0
2024-02-17 06:00:00,-0.21375880513116483,0.0,0.0
2024-02-17 06:15:00,-0.15089079036635478,0.0,0.0
2024-02-17 06:30:00,-0.08740616228156478,0.0,0.0
2024-02-17 06:45:00,-0.023576778934433704,0.0,0.0
2024-02-17 07:00:00,0.04032402609207174,0.0,0.0
2024-02-17 07:15:00,0.10402260571414756,0.0,0.0
2024-02-17 07:30:00,0.1672461627465938,0.0,0.0
2024-02-17 07:45:00,0.2297239352540094,85.53883696467877,60.51652452745839
2024-02-17 08:00:00,0.2911883475179351,152.2109894327121,106.45466581248687
2024-02-17 08:15:00,0.3513761479748497,25.0,17.282585249999997
2024-02-17 08:30:00,0.4100295531614948,37.0,25.279065629999998
2024-02-17 08:45:00,0.4668973433970114,358.3543227326006,241.93667487707006
2024-02-17 09:00:00,0.5217359314774812,63.0,42.02397044999999
2024-02-17 09:15:00,0.5743104213472021,78.0,51.24134925
2024-02-17 09:30:00,0.6243956062466908,551.2725289348857,356.58159447205634
2024-02-17 09:45:00,0.6717769271675841,609.8417494959162,388.30260090898014
2024-02-17 10:00:00,0.7162514055037179,308.93901282919524,193.58737966598096
2024-02-17 10:15:00,0.7576285053172669,374.64949782399947,231.73368851625332
2024-02-17 10:30:00,0.7957309447584411,431.92355248277386,264.54046222593166
2024-02-17 10:45:00,0.8303954667365198,805.560778995293,486.8689682193832
2024-02-17 11:00:00,0.8614735322517889,535.6673099169387,320.5010433901975
2024-02-17 11:15:00,0.8888319534802613,591.4195636708741,351.4678542844383
2024-02-17 11:30:00,0.9123534729210466,908.7157811956787,538.1932960543458
2024-02-17 11:45:00,0.9319372610839243,661.5811951922068,389.15152293105325
2024-02-17 12:00:00,0.947499346895076,646.532208062099,377.68575120250824
2024-02-17 12:15:00,0.9589729830598348,641.5224907834896,374.7592166693639
2024-02-17 12:30:00,0.9663089289360698,743.4928698539844,435.83027868367316
2024-02-17 12:45:00,0.969475661748814,744.3874568290657,436.35467926162767
2024-02-17 13:00:00,0.9684595140486891,756.1703298870674,443.2617163789732
2024-02-17 13:15:00,0.9632647309238009,744.4731323213473,437.9097461195744
2024-02-17 13:30:00,0.9539134538531322,716.4680534346353,421.43675810575684
2024-02-17 13:45:00,0.94044562499525,685.03172499753,404.33015232485553
2024-02-17 14:00:00,0.922918816491178,667.3031904929567,395.2149957013349
2024-02-17 14:15:00,0.9014079875735259,611.3378183708072,364.5405729766123
2024-02-17 14:30:00,0.8760051593343101,397.8049235208415,238.01507147030728
2024-02-17 14:45:00,0.8468190226697889,432.0111176221077,260.22785413298857
2024-02-17 15:00:00,0.8139744779536988,488.54260788696115,295.26789490643915
2024-02-17 15:15:00,0.7776120927610015,448.0537840953065,273.5140785384904
2024-02-17 15:30:00,0.7378875035242443,414.40597619119455,255.48678556120538
2024-02-17 15:45:00,0.6949707554211331,388.45988137571203,241.84631964360634
2024-02-17 16:00:00,0.6490455639097359,333.0117603007402,208.67184589023782
2024-02-17 16:15:00,0.6003085330197935,506.02769736860756,322.20140910757436
2024-02-17 16:30:00,0.548968320884571,442.27782461919975,285.1861570064225
2024-02-17 16:45:00,0.4952447333695561,377.3948108903201,246.4001908134066
2024-02-17 17:00:00,0.4393677891211717,309.42383452709714,204.5239207182502
2024-02-17 17:15:00,0.3815767426960489,241.94621317272964,161.38953195016174
2024-02-17 17:30:00,0.32211904524035584,173.15542754383372,116.5528602178744
2024-02-17 17:45:00,0.2612492920633505,106.29352699995542,72.19193596238229
2024-02-17 18:00:00,0.19922814102616024,45.0757307052118,30.88766418383572
2024-02-17 18:15:00,0.13632118008759214,0.0,0.0
2024-02-17 18:30:00,0.07279779798943853,0.0,0.0
2024-02-17 18:45:00,0.00893003932867395,0.0,0.0
2024-02-17 19:00:00,-0.05500857742782052,0.0,0.0
2024-02-17 19:15:00,-0.11874422278526366,0.0,0.0
2024-02-17 19:30:00,-0.1820039204281128,0.0,0.0
2024-02-17 19:45:00,-0.24451673335035937,0.0,0.0
2024-02-17 20:00:00,-0.30601491556892096,0.0,0.0
2024-02-17 20:15:00,-0.36623505077502666,0.0,0.0
2024-02-17 20:30:00,-0.42491919704960635,0.0,0.0
2024-02-17 20:45:00,-0.4818159831859652,0.0,0.0
2024-02-17 21:00:00,-0.5366816780446414,0.0,0.0
2024-02-17 21:15:00,-0.5892812498681047,0.0,0.0
2024-02-17 21:30:00,-0.6393893649941921,0.0,0.0
2024-02-17 21:45:00,-0.6867913469011419,0.0,0.0
2024-02-17 22:00:00,-0.7312841092964447,0.0,0.0
2024-02-17 22:15:00,-0.7726770189287058,0.0,0.0
2024-02-17 22:30:00,-0.8107927073551565,0.0,0.0
2024-02-17 22:45:00,-0.8454678420270014,0.0,0.0
2024-02-17 23:00:00,-0.8765538199454778,0.0,0.0
2024-02-17 23:15:00,-0.903917401008963,0.0,0.0
2024-02-17 23:30:00,-0.9274412873937032,0.0,0.0
2024-02-17 23:45:00,-0.9470246214004396,0.0,0.0
2024-02-18 00:00:00,-0.9625834160046862,0.0,0.0
2024-02-18 00:15:00,-0.9740509202642876,0.0,0.0
2024-02-18 00:30:00,-0.9813779022089916,0.0,0.0
2024-02-18 00:45:00,-0.984532860026884,0.0,0.0
2024-02-18 01:00:00,-0.983502159420442,0.0,0.0
2024-02-18 01:15:00,-0.9782900906722736,0.0,0.0
2024-02-18 01:30:00,-0.9689188523072944,0.0,0.0
2024-02-18 01:45:00,-0.9554284551171524,0.0,0.0
2024-02-18 02:00:00,-0.9378765511794704,0.0,0.0
2024-02-18 02:15:00,-0.9163381906061678,0.0,0.0
2024-02-18 02:30:00,-0.8909054959274976,0.0,0.0
2024-02-18 02:45:00,-0.8616872695632923,0.0,0.0
2024-02-18 03:00:00,-0.8288085330718569,0.0,0.0
2024-02-18 03:15:00,-0.792409984270392,0.0,0.0
2024-02-18 03:30:00,-0.7526473983780786,0.0,0.0
2024-02-18 03:45:00,-0.7096909672849219,0.0,0.0
2024-02-18 04:00:00,-0.6637245604316531,0.0,0.0
2024-02-18 04:15:00,-0.6149449424777418,0.0,0.0
2024-02-18 04:30:00,-0.5635609380738633,0.0,0.0
2024-02-18 04:45:00,-0.5097925248188744,0.0,0.0
2024-02-18 05:00:00,-0.4538698975237395,0.0,0.0
2024-02-18 05:15:00,-0.3960324906174362,0.0,0.0
2024-02-18 05:30:00,-0.3365279379688917,0.0,0.0
2024-02-18 05:45:00,-0.275611019776845,0.0,0.0
2024-02-18 06:00:00,-0.21354258007170224,0.0,0.0
2024-02-18 06:15:00,-0.1505883934937457,0.0,0.0
2024-02-18 06:30:00,-0.08701803511198784,0.0,0.0
2024-02-18 06:45:00,-0.02310373478523889,0.0,0.0
2024-02-18 07:00:00,0.0408808057092967,0.0,0.0
2024-02-18 07:15:00,0.10466157630698912,0.0,0.0
2024-02-18 07:30:00,0.16796542359010147,0.0,0.0
2024-02-18 07:45:00,0.23052123771957558,3.0,2.0617821000000003
2024-02-18 08:00:00,0.2920611049124882,27.0,18.392309145000002
2024-02-18 08:15:00,0.3523214468009995,41.0,27.763310925
2024-02-18 08:30:00,0.41104416587376413,58.0,39.040450469999996
2024-02-18 08:45:00,0.467977742427219,76.0,50.84920638
2024-02-18 09:00:00,0.52287830460484,16.0,10.64041272
2024-02-18 09:15:00,0.5755106883158734,20.0,13.219661699999998
2024-02-18 09:30:00,0.6256494364818219,23.0,15.156119789999998
2024-02-18 09:45:00,0.6730797586495427,166.17315348353765,108.82995882974807
2024-02-18 10:00:00,0.7175984646131816,190.11594626146135,124.1262573933736
2024-02-18 10:15:00,0.7590148275771486,212.87862275824023,138.12734919025993
2024-02-18 10:30:00,0.7971513963989784,236.06041842354995,152.2146483593286
2024-02-18 10:45:00,0.8318447670232653,282.2202022937682,180.83810779138375
2024-02-18 11:00:00,0.8629462764219031,414.76693294291204,264.9316235414671
2024-02-18 11:15:00,0.8903226362180099,230.47742063301422,146.75115627384864
2024-02-18 11:30:00,0.9138565122594647,48.0,30.465862559999998
2024-02-18 11:45:00,0.9334470226445339,256.06996365669147,162.52900663560328
2024-02-18 12:00:00,0.949010168354415,311.09357959620166,196.8239660890049
2024-02-18 12:15:00,0.9604791987103465,289.3796471471242,183.08590595429055
2024-02-18 12:30:00,0.9678048942778013,196.8068293656668,124.91437113174536
2024-02-18 12:45:00,0.9709557779742386,188.88382311189696,119.88559572363341
2024-02-18 13:00:00,0.9699182523285904,158.0,100.60283835000001
2024-02-18 13:15:00,0.964696656380519,86.0,54.93234348
2024-02-18 13:30:00,0.9553132491325758,133.0,84.95350794000001
2024-02-18 13:45:00,0.9418081133044509,265.1378596257424,169.89226302328223
2024-02-18 14:00:00,0.9242389840405612,369.28748316466454,237.37462996927474
2024-02-18 14:15:00,0.9026810053034479,437.2442440765999,281.9404426363604
2024-02-18 14:30:00,0.8772264038208657,227.05343369170077,147.32474550062398
2024-02-18 14:45:00,0.8479840961486416,322.5822823840533,209.9611656295106
2024-02-18 15:00:00,0.8150792273774615,778.6736901362591,508.3942340868972
2024-02-18 15:15:00,0.7786526277479436,732.6333862135,481.29645147661654
2024-02-18 15:30:00,0.7388602131931163,683.470557589866,451.76247766241977
2024-02-18 15:45:00,0.6958723240185889,634.3111780192614,421.8332954396459
2024-02-18 16:00:00,0.6498729851166609,576.6490231677454,385.8176998405538
2024-02-18 16:15:00,0.6010591229548454,517.4112881834117,348.2753408438514
2024-02-18 16:30:00,0.5496397296703873,452.0384437407012,307.013336598355
2024-02-18 16:45:00,0.49583495529940425,388.1427793353913,265.97070387826307
2024-02-18 17:00:00,0.439875171248813,322.0011082292498,221.94958559253467
2024-02-18 17:15:00,0.38199999197363177,253.0659954811547,175.45692184646265
2024-02-18 17:30:00,0.32245723402194837,183.84472892640352,128.2073344034655
2024-02-18 17:45:00,0.2615018621047239,114.52565173665337,80.3294585718516
2024-02-18 18:00:00,0.19939490580707356,52.08442700915105,36.7431098180218
2024-02-18 18:15:00,0.13640232554338963,0.0,0.0
2024-02-18 18:30:00,0.072793881652851,0.0,0.0
2024-02-18 18:45:00,0.008841987835732867,0.0,0.0
2024-02-18 19:00:00,-0.055179472441888686,0.0,0.0
2024-02-18 19:15:00,-0.11899631037569297,0.0,0.0
2024-02-18 19:30:00,-0.1823351975421408,0.0,0.0
2024-02-18 19:45:00,-0.2449248535983498,0.0,0.0
2024-02-18 20:00:00,-0.3064971994861778,0.0,0.0
2024-02-18 20:15:00,-0.3667884974963764,0.0,0.0
2024-02-18 20:30:00,-0.4255404973967195,0.0,0.0
2024-02-18 20:45:00,-0.4825015340929916,0.0,0.0
2024-02-18 21:00:00,-0.5374275982474502,0.0,0.0
2024-02-18 21:15:00,-0.5900833968020585,0.0,0.0
2024-02-18 21:30:00,-0.640243352819759,0.0,0.0
2024-02-18 21:45:00,-0.6876925655653823,0.0,0.0
2024-02-18 22:00:00,-0.7322277446238573,0.0,0.0
2024-02-18 22:15:00,-0.7736580734945687,0.0,0.0
2024-02-18 22:30:00,-0.8118060222424445,0.0,0.0
2024-02-18 22:45:00,-0.8465081192460484,0.0,0.0
2024-02-18 23:00:00,-0.8776156454334874,0.0,0.0
2024-02-18 23:15:00,-0.9049952681520372,0.0,0.0
2024-02-18 23:30:00,-0.9285296209476493,0.0,0.0
2024-02-18 23:45:00,-0.9481178016866542,0.0,0.0
2024-02-19 00:00:00,-0.9636758033042953,0.0,0.0
2024-02-19 00:15:00,-0.9751368793023764,0.0,0.0
2024-02-19 00:30:00,-0.9824518266045874,0.0,0.0
2024-02-19 00:45:00,-0.9855891966155486,0.0,0.0
2024-02-19 01:00:00,-0.9845354323394799,0.0,0.0
2024-02-19 01:15:00,-0.9792949251083906,0.0,0.0
2024-02-19 01:30:00,-0.9698899978022312,0.0,0.0
2024-02-19 01:45:00,-0.9563608083291496,0.0,0.0
2024-02-19 02:00:00,-0.938765177994296,0.0,0.0
2024-02-19 02:15:00,-0.9171783475287372,0.0,0.0
2024-02-19 02:30:00,-0.8916926506120122,0.0,0.0
2024-02-19 02:45:00,-0.8624171204520088,0.0,0.0
2024-02-19 03:00:00,-0.8294770280168857,0.0,0.0
2024-02-19 03:15:00,-0.7930133380693996,0.0,0.0
2024-02-19 03:30:00,-0.7531821091406825,0.0,0.0
2024-02-19 03:45:00,-0.7101538315925882,0.0,0.0
2024-02-19 04:00:00,-0.6641126871741496,0.0,0.0
2024-02-19 04:15:00,-0.6152557653178308,0.0,0.0
2024-02-19 04:30:00,-0.5637922265579778,0.0,0.0
2024-02-19 04:45:00,-0.5099423939658014,0.0,0.0
2024-02-19 05:00:00,-0.4539368159500088,0.0,0.0
2024-02-19 05:15:00,-0.39601528710126666,0.0,0.0
2024-02-19 05:30:00,-0.3364258065112624,0.0,0.0
2024-02-19 05:45:00,-0.2754235229649997,0.0,0.0
2024-02-19 06:00:00,-0.2132696509509431,0.0,0.0
2024-02-19 06:15:00,-0.15023033575553205,0.0,0.0
2024-02-19 06:30:00,-0.08657552173346267,0.0,0.0
2024-02-19 06:45:00,-0.02257780503617554,0.0,0.0
2024-02-19 07:00:00,0.041488750864458995,0.0,0.0
2024-02-19 07:15:00,0.105349780342896,0.0,0.0
2024-02-19 07:30:00,0.16873178209999232,0.0,0.0
2024-02-19 07:45:00,0.23136330764533328,81.38582329543198,59.22347070504165
2024-02-19 08:00:00,0.29297611520272293,146.84663715946738,105.96801877920464
2024-02-19 08:15:00,0.353306310461563,215.18001105755056,153.539182511686
2024-02-19 08:30:00,0.4120954934677389,283.3065267700789,199.85940948234716
2024-02-19 08:45:00,0.4690918568202306,352.8115127944869,246.0392738284215
2024-02-19 09:00:00,0.5240512569813501,419.02321354618755,288.82518172582
2024-02-19 09:15:00,0.5767382753514791,482.8654644558768,327.9502870241502
2024-02-19 09:30:00,0.6269272186727526,544.0916134099648,364.0345623672431
2024-02-19 09:45:00,0.6744030795863089,603.4528359527703,398.872117160061
2024-02-19 10:00:00,0.7189624712317939,658.2354515826803,428.4298618373185
2024-02-19 10:15:00,0.7604144912719333,710.1856857207923,456.50088898972837
2024-02-19 10:30:00,0.7985815348802295,757.5928861830754,482.37971306193606
2024-02-19 10:45:00,0.8333000668065513,801.6378578544735,503.94274926282657
2024-02-19 11:00:00,0.8644213159444554,840.9619153992318,521.8639497580571
2024-02-19 11:15:00,0.8918119093654209,874.9289755164938,539.4053280880684
2024-02-19 11:30:00,0.9153544522920991,905.0729437060129,552.5010634777101
2024-02-19 11:45:00,0.9349480263585148,932.86775595989,565.697070854491
2024-02-19 12:00:00,0.9505086204013873,952.764879046868,573.911063521563
2024-02-19 12:15:00,0.9619694959780525,967.1260278118741,578.6518894565106
2024-02-19 12:30:00,0.9692814701936971,975.7696711080076,581.8511865450454
2024-02-19 12:45:00,0.9724131266640907,980.5649027842917,580.7464423367899
2024-02-19 13:00:00,0.9713509524950072,979.5855782003966,578.1863402755927
2024-02-19 13:15:00,0.9660993948135961,972.8114432285084,574.1880042495311
2024-02-19 13:30:00,0.956680843751823,961.2763337204217,565.4364905523059
2024-02-19 13:45:00,0.9431355356193365,944.9690150916929,555.8442924586947
2024-02-19 14:00:00,0.9255213809411096,923.2244566564098,541.187667759568
2024-02-19 14:15:00,0.9039137200957132,895.3301755263334,526.6460169427502
2024-02-19 14:30:00,0.8784049964024221,863.415661787363,507.8734434243688
2024-02-19 14:45:00,0.8491043622241063,518.4704052984712,306.01972186181064
2024-02-19 15:00:00,0.8161372166646568,787.30392736491,464.6948531888197
2024-02-19 15:15:00,0.7796446610842522,741.7147638713727,440.7850408784143
2024-02-19 15:30:00,0.7397828984325747,692.1574175817954,412.7332777607348
2024-02-19 15:45:00,0.6967225707208662,639.705953132552,384.0426295875921
2024-02-19 16:00:00,0.6506480178843634,582.5664702538377,352.09452059650386
2024-02-19 16:15:00,0.6017564934345436,522.1489869577294,319.80088505617823
2024-02-19 16:30:00,0.5502573271181419,458.7883634504799,285.631238939953
2024-02-19 16:45:00,0.49637101564944264,394.99237181376486,249.90539919274278
2024-02-19 17:00:00,0.4403282847331581,153.41548011990372,98.30396585823244
2024-02-19 17:15:00,0.38236910918084965,260.47986866980773,168.48713117921895
2024-02-19 17:30:00,0.32274167035396767,72.40126699114916,47.270618161562865
2024-02-19 17:45:00,0.2617013006923638,122.66139036102115,80.82916199650381
2024-02-19 18:00:00,0.19950939884226931,59.28863353719513,39.30862727669328
2024-02-19 18:15:00,0.13643229395964682,0.0,0.0
2024-02-19 18:30:00,0.07274011321575863,0.0,0.0
2024-02-19 18:45:00,0.008705633681057354,0.0,0.0
2024-02-19 19:00:00,-0.05539690286812614,0.0,0.0
2024-02-19 19:15:00,-0.11929295595551223,0.0,0.0
2024-02-19 19:30:00,-0.18270885362422315,0.0,0.0
2024-02-19 19:45:00,-0.2453729816118234,0.0,0.0
2024-02-19 20:00:00,-0.3070169380198249,0.0,0.0
2024-02-19 20:15:00,-0.36737667478824004,0.0,0.0
2024-02-19 20:30:00,-0.42619364517873465,0.0,0.0
2024-02-19 20:45:00,-0.483215902657544,0.0,0.0
2024-02-19 21:00:00,-0.5381991727972587,0.0,0.0
2024-02-19 21:15:00,-0.5909079149179852,0.0,0.0
2024-02-19 21:30:00,-0.6411163229934607,0.0,0.0
2024-02-19 21:45:00,-0.6886092867510336,0.0,0.0
2024-02-19 22:00:00,-0.7331833266545202,0.0,0.0
2024-02-19 22:15:00,-0.7746474583847245,0.0,0.0
2024-02-19 22:30:00,-0.812824006130676,0.0,0.0
2024-02-19 22:45:00,-0.8475493750214802,0.0,0.0
2024-02-19 23:00:00,-0.8786747458771712,0.0,0.0
2024-02-19 23:15:00,-0.9060667095130117,0.0,0.0
2024-02-19 23:30:00,-0.9296078468232556,0.0,0.0
2024-02-19 23:45:00,-0.9491972271800828,0.0,0.0
2024-02-20 00:00:00,-0.9647508392458519,0.0,0.0
2024-02-20 00:15:00,-0.9762019565124154,0.0,0.0
2024-02-20 00:30:00,-0.9835014200629736,0.0,0.0
2024-02-20 00:45:00,-0.9866178494305646,0.0,0.0
2024-02-20 01:00:00,-0.9855377794186322,0.0,0.0
2024-02-20 01:15:00,-0.9802657164249251,0.0,0.0
2024-02-20 01:30:00,-0.9708241211670032,0.0,0.0
2024-02-20 01:45:00,-0.9572533115418534,0.0,0.0
2024-02-20 02:00:00,-0.939611290314455,0.0,0.0
2024-02-20 02:15:00,-0.9179735003493152,0.0,0.0
2024-02-20 02:30:00,-0.8924324972460277,0.0,0.0
2024-02-20 02:45:00,-0.8630975549530064,0.0,0.0
2024-02-20 03:00:00,-0.8300942029696299,0.0,0.0
2024-02-20 03:15:00,-0.7935636812433823,0.0,0.0
2024-02-20 03:30:00,-0.753662338911007,0.0,0.0
2024-02-20 03:45:00,-0.7105609711717252,0.0,0.0
2024-02-20 04:00:00,-0.6644440774500417,0.0,0.0
2024-02-20 04:15:00,-0.6155090763410167,0.0,0.0
2024-02-20 04:30:00,-0.5639654675930184,0.0,0.0
2024-02-20 04:45:00,-0.5100339220942257,0.0,0.0
2024-02-20 05:00:00,-0.4539453431035349,0.0,0.0
2024-02-20 05:15:00,-0.39593988562338445,0.0,0.0
2024-02-20 05:30:00,-0.3362659130684137,0.0,0.0
2024-02-20 05:45:00,-0.2751789409708994,0.0,0.0
2024-02-20 06:00:00,-0.21294055133872347,0.0,0.0
2024-02-20 06:15:00,-0.14981725615068667,0.0,0.0
2024-02-20 06:30:00,-0.08607936409654052,0.0,0.0
2024-02-20 06:45:00,-0.02199983166572636,0.0,0.0
2024-02-20 07:00:00,0.04214692290824115,0.0,0.0
2024-02-20 07:15:00,0.1060861862846666,0.0,0.0
2024-02-20 07:30:00,0.16954411805744624,35.75344123638715,26.30642458457735
2024-02-20 07:45:00,0.23224894068565527,94.22942055323878,68.76007084804351
2024-02-20 08:00:00,0.2939320948015525,159.74225752308,115.59670032209242
2024-02-20 08:15:00,0.3543293814253021,229.98353658823785,164.1020651749121
2024-02-20 08:30:00,0.41318211005134675,299.28063346147553,211.1283892928318
2024-02-20 08:45:00,0.47023819820929,370.2917365841079,257.4809223018215
2024-02-20 09:00:00,0.5252532439162472,74.0,50.857291800000006
2024-02-20 09:15:00,0.5779915878802393,500.58557314050285,338.97348565046605
2024-02-20 09:30:00,0.6282273149432263,563.0689426948081,375.593533478085
2024-02-20 09:45:00,0.675745215592721,623.8412932951803,409.82653315782073
2024-02-20 10:00:00,0.7203417214524312,678.5701215131141,438.9219545507651
2024-02-20 10:15:00,0.7618257700598463,734.312071492186,470.5248045949347
2024-02-20 10:30:00,0.8000196185775305,781.6174016782695,494.5169140494154
2024-02-20 10:45:00,0.8347596164605604,826.7879336638861,516.4106644082098
2024-02-20 11:00:00,0.8658969004710557,866.295663931016,534.08277688841
2024-02-20 11:15:00,0.8932980291523842,900.407378936803,551.4730161075928
2024-02-20 11:30:00,0.9168455630796629,929.5832192271662,565.5843241183794
2024-02-20 11:45:00,0.936438563310318,958.9344423282506,577.6273850423814
2024-02-20 12:00:00,0.9519930222601953,680.6206018407152,407.2296535635866
2024-02-20 12:15:00,0.9634422292058686,647.6091784956707,384.86012699344616
2024-02-20 12:30:00,0.970737052983996,627.7337653988385,371.77972610982636
2024-02-20 12:45:00,0.9738461527261497,622.2446149668538,366.0131837327205
2024-02-20 13:00:00,0.972756114503669,619.8652745953648,362.10768614548715
2024-02-20 13:15:00,0.9674715074273337,617.8018152852501,360.9022718290799
2024-02-20 13:30:00,0.9580148661000751,613.0876342519284,356.9091134207923
2024-02-20 13:45:00,0.9444265931569267,600.1043990270044,348.13789589113117
2024-02-20 14:00:00,0.926764786569898,580.1226766711526,336.54592158045125
2024-02-20 14:15:00,0.9051049944860292,565.7939529543169,328.2334150671303
2024-02-20 14:30:00,0.8795398873847364,547.9479178818915,317.8804146388933
2024-02-20 14:45:00,0.8501788632147438,522.5661793894552,304.2120267474544
2024-02-20 15:00:00,0.817147584012508,809.7871538673697,471.4177859728062
2024-02-20 15:15:00,0.7805874302680025,764.6257500898622,448.21822409113906
2024-02-20 15:30:00,0.7406548990529818,714.295001368518,421.6023815674481
2024-02-20 15:45:00,0.6975209402157326,660.8680085855301,392.7395629273548
2024-02-20 16:00:00,0.651370213889551,603.1968690255542,360.9054021279881
2024-02-20 16:15:00,0.6024003047508484,542.3418465434363,329.9758863691621
2024-02-20 16:30:00,0.5508208832821441,479.4370054269438,295.57927837195786
2024-02-20 16:45:00,0.49685279497173673,413.68365709919823,259.22247389568247
2024-02-20 17:00:00,0.4407271208350923,346.3388048928733,220.52320761373372
2024-02-20 17:15:00,0.38268419599825654,276.0295699109156,177.42929290935464
2024-02-20 17:30:00,0.32297256560710624,206.40518542783738,133.92702730254607
2024-02-20 17:45:00,0.26184792769691695,137.1183047650681,90.07855055172813
2024-02-20 18:00:00,0.19957204679479637,71.67846128972218,47.52313808745394
2024-02-20 18:15:00,0.13641161661343418,0.0,0.0
2024-02-20 18:30:00,0.07263712597938815,0.0,0.0
2024-02-20 18:45:00,0.008521709165665275,0.0,0.0
2024-02-20 19:00:00,-0.05566004089449059,0.0,0.0
2024-02-20 19:15:00,-0.11963324010408623,0.0,0.0
2024-02-20 19:30:00,-0.1831238818879758,0.0,0.0
2024-02-20 19:45:00,-0.2458600279098224,0.0,0.0
2024-02-20 20:00:00,-0.30757296405066054,0.0,0.0
2024-02-20 20:15:00,-0.3679983432638555,0.0,0.0
2024-02-20 20:30:00,-0.42687733437874387,0.0,0.0
2024-02-20 20:45:00,-0.4839577222174115,0.0,0.0
2024-02-20 21:00:00,-0.5389949805833311,0.0,0.0
2024-02-20 21:15:00,-0.5917533351035091,0.0,0.0
2024-02-20 21:30:00,-0.6420067650848642,0.0,0.0
2024-02-20 21:45:00,-0.6895399655387104,0.0,0.0
2024-02-20 22:00:00,-0.7341492830187117,0.0,0.0
2024-02-20 22:15:00,-0.7756435808608066,0.0,0.0
2024-02-20 22:30:00,-0.8138450531132488,0.0,0.0
2024-02-20 22:45:00,-0.8485899975356322,0.0,0.0
2024-02-20 23:00:00,-0.8797295108304146,0.0,0.0
2024-02-20 23:15:00,-0.9071301232795572,0.0,0.0
2024-02-20 23:30:00,-0.9306743791089496,0.0,0.0
2024-02-20 23:45:00,-0.9502613350273044,0.0,0.0
2024-02-21 00:00:00,-0.9658069910996298,0.0,0.0
2024-02-21 00:15:00,-0.9772446562310462,0.0,0.0
2024-02-21 00:30:00,-0.9845252307619725,0.0,0.0
2024-02-21 00:45:00,-0.9876174170788579,0.0,0.0
2024-02-21 01:00:00,-0.9865078560624542,0.0,0.0
2024-02-21 01:15:00,-0.9812011829478222,0.0,0.0
2024-02-21 01:30:00,-0.9717200094905578,0.0,0.0
2024-02-21 01:45:00,-0.9581048261670588,0.0,0.0
2024-02-21 02:00:00,-0.940413829096869,0.0,0.0
2024-02-21 02:15:00,-0.9187226744550808,0.0,0.0
2024-02-21 02:30:00,-0.8931241501613748,0.0,0.0
2024-02-21 02:45:00,-0.8637277804945909,0.0,0.0
2024-02-21 03:00:00,-0.8306593621756455,0.0,0.0
2024-02-21 03:15:00,-0.7940604181398884,0.0,0.0
2024-02-21 03:30:00,-0.7540875950334849,0.0,0.0
2024-02-21 03:45:00,-0.7109119987828315,0.0,0.0
2024-02-21 04:00:00,-0.6647184514067317,0.0,0.0
2024-02-21 04:15:00,-0.6157047045927817,0.0,0.0
2024-02-21 04:30:00,-0.5640806001860977,0.0,0.0
2024-02-21 04:45:00,-0.5100671587026951,0.0,0.0
2024-02-21 05:00:00,-0.4538956390595965,0.0,0.0
2024-02-21 05:15:00,-0.39580655639026774,0.0,0.0
2024-02-21 05:30:00,-0.3360486371587942,0.0,0.0
2024-02-21 05:45:00,-0.27487776124058905,0.0,0.0
2024-02-21 06:00:00,-0.2125558748034882,0.0,0.0
2024-02-21 06:15:00,-0.14934985212696095,0.0,0.0
2024-02-21 06:30:00,-0.08553036077209004,0.0,0.0
2024-02-21 06:45:00,-0.021370711165762404,0.0,0.0
2024-02-21 07:00:00,0.042854331004292034,0.0,0.0
2024-02-21 07:15:00,0.1068697129507584,0.0,0.0
2024-02-21 07:30:00,0.170401264312264,46.421055391077324,34.62453656299148
2024-02-21 07:45:00,0.2331768884640077,108.04227184321884,79.93139382300377
2024-02-21 08:00:00,0.29492771927593747,176.10443788376125,129.21695973198646
2024-02-21 08:15:00,0.3553892645792228,245.54733051426612,177.68912008925585
2024-02-21 08:30:00,0.4143025556159141,315.36817392842374,225.6647464647255
2024-02-21 08:45:00,0.4714152477338285,386.0619021296874,272.3484865065946
2024-02-21 09:00:00,0.5264826939882861,452.60036473710915,314.71390753053373
2024-02-21 09:15:00,0.5792690084152352,517.0981306985273,354.3359843805832
2024-02-21 09:30:00,0.6295480684536594,580.0067045427227,391.581417055159
2024-02-21 09:45:00,0.6771044773700883,639.5701191966853,424.0378287187316
2024-02-21 10:00:00,0.7217345005014177,694.795953438239,453.6306556512751
2024-02-21 10:15:00,0.7632469308656853,746.8162623321913,481.55627071692925
2024-02-21 10:30:00,0.8014639033377053,794.9277603272988,504.5449977345855
2024-02-21 10:45:00,0.8362216679889867,838.3239345498678,525.3105857838349
2024-02-21 11:00:00,0.867371285446591,878.5226667507762,543.3966926253047
2024-02-21 11:15:00,0.8947792617259872,913.092506022428,559.2422830608224
2024-02-21 11:30:00,0.9183281286833405,942.6567378631235,571.6331731089941
2024-02-21 11:45:00,0.9379169426105542,969.5244310209109,582.0466577110832
2024-02-21 12:00:00,0.9534617151217584,989.1836316622533,587.8504362549243
2024-02-21 12:15:00,0.9648957785573083,1004.0893220863599,594.6789446922411
2024-02-21 12:30:00,0.9721700685014827,1013.0606263094353,595.8967522274692
2024-02-21 12:45:00,0.9752533342222174,1016.0452275271065,593.5447611566476
2024-02-21 13:00:00,0.9741322749202614,1014.9600421228131,590.8592321122057
2024-02-21 13:15:00,0.9688115953319247,1007.8720010906393,584.6956602154313
2024-02-21 13:30:00,0.9593139875952357,996.7786840418072,576.2452629880595
2024-02-21 13:45:00,0.9456800330969493,978.9071517399743,563.9348767260263
2024-02-21 14:00:00,0.9279680289935143,956.2814996598127,550.9005513622852
2024-02-21 14:15:00,0.9062537421982351,928.2222938617286,534.7360308205292
2024-02-21 14:30:00,0.8806300805666927,895.9116456521244,516.1223130816877
2024-02-21 14:45:00,0.8512066970073339,859.6222282168205,495.21648139840516
2024-02-21 15:00:00,0.8181095249993747,817.024543949426,472.328041051979
2024-02-21 15:15:00,0.7814802317651717,771.4581295157152,449.1045352475247
2024-02-21 15:30:00,0.7414756151422596,721.4303462463265,421.43911604811876
2024-02-21 15:45:00,0.6982669384998987,663.6043679254126,390.34158207421086
2024-02-21 16:00:00,0.6520391868688706,606.3649561567202,359.12389893398495
2024-02-21 16:15:00,0.6029902797715858,545.2310974542993,328.4274702884311
2024-02-21 16:30:00,0.5513302310479691,482.0375802174159,294.25946003403317
2024-02-21 16:45:00,0.4972802365778565,416.4846553041917,258.45204550967816
2024-02-21 17:00:00,0.4410717332458619,348.7805676728906,219.96291544295198
2024-02-21 17:15:00,0.38294541601279447,279.48972125603495,178.52355078099964
2024-02-21 17:30:00,0.3231501922006698,210.08630532596706,135.89088118469445
2024-02-21 17:45:00,0.2619421228653914,141.3023025522338,92.255943395477
2024-02-21 18:00:00,0.19958333480340204,76.07458377582401,50.284013074235105
2024-02-21 18:15:00,0.13634088164341002,0.0,0.0
2024-02-21 18:30:00,0.07248560823762709,0.0,0.0
2024-02-21 18:45:00,0.008290999438706967,0.0,0.0
2024-02-21 19:00:00,-0.05596800820776933,0.0,0.0
2024-02-21 19:15:00,-0.1200161954390569,0.0,0.0
2024-02-21 19:30:00,-0.18357923044029656,0.0,0.0
2024-02-21 19:45:00,-0.24638486092084455,0.0,0.0
2024-02-21 20:00:00,-0.3081640715141844,0.0,0.0
2024-02-21 20:15:00,-0.36865222790152957,0.0,0.0
2024-02-21 20:30:00,-0.42759022685827297,0.0,0.0
2024-02-21 20:45:00,-0.48472559756757444,0.0,0.0
2024-02-21 21:00:00,-0.5398135757328117,0.0,0.0
2024-02-21 21:15:00,-0.5926181673958086,0.0,0.0
2024-02-21 21:30:00,-0.6429131517809692,0.0,0.0
2024-02-21 21:45:00,-0.690483044184607,0.0,0.0
2024-02-21 22:00:00,-0.7351240325976724,0.0,0.0
2024-02-21 22:15:00,-0.7766448435671557,0.0,0.0
2024-02-21 22:30:00,-0.8148675568212638,0.0,0.0
2024-02-21 22:45:00,-0.8496283786799331,0.0,0.0
2024-02-21 23:00:00,-0.8807783377092246,0.0,0.0
2024-02-21 23:15:00,-0.9081839196449049,0.0,0.0
2024-02-21 23:30:00,-0.9317276479491845,0.0,0.0
2024-02-21 23:45:00,-0.9513085824334715,0.0,0.0
2024-02-22 00:00:00,-0.9668427501164465,0.0,0.0
2024-02-22 00:15:00,-0.9782635105833029,0.0,0.0
2024-02-22 00:30:00,-0.9855218383655306,0.0,0.0
2024-02-22 00:45:00,-0.988586533217284,0.0,0.0
2024-02-22 01:00:00,-0.9874443561387549,0.0,0.0
2024-02-22 01:15:00,-0.982100084712374,0.0,0.0
2024-02-22 01:30:00,-0.9725764946494292,0.0,0.0
2024-02-22 01:45:00,-0.9589142612750707,0.0,0.0
2024-02-22 02:00:00,-0.9411717856363394,0.0,0.0
2024-02-22 02:15:00,-0.9194249480397344,0.0,0.0
2024-02-22 02:30:00,-0.8937667787386503,0.0,0.0
2024-02-22 02:45:00,-0.8643070615135946,0.0,0.0
2024-02-22 03:00:00,-0.8311718686297276,0.0,0.0
2024-02-22 03:15:00,-0.7945030133806306,0.0,0.0
2024-02-22 03:30:00,-0.7544574463516953,0.0,0.0
2024-02-22 03:45:00,-0.7112065896739066,0.0,0.0
2024-02-22 04:00:00,-0.6649355924221458,0.0,0.0
2024-02-22 04:15:00,-0.6158425427799599,0.0,0.0
2024-02-22 04:30:00,-0.5641376271272038,0.0,0.0
2024-02-22 04:45:00,-0.5100422169591408,0.0,0.0
2024-02-22 05:00:00,-0.45378792716308186,0.0,0.0
2024-02-22 05:15:00,-0.3956156322774953,0.0,0.0
2024-02-22 05:30:00,-0.33577442000287694,0.0,0.0
2024-02-22 05:45:00,-0.2745205317774222,0.0,0.0
2024-02-22 06:00:00,-0.21211627403317374,0.0,0.0
2024-02-22 06:15:00,-0.14882887847571125,0.0,0.0
2024-02-22 06:30:00,-0.08492936570103579,0.0,0.0
2024-02-22 06:45:00,-0.020691393258272614,0.0,0.0
2024-02-22 07:00:00,0.0436099334755137,0.0,0.0
2024-02-22 07:15:00,0.10769923094755889,0.0,0.0
2024-02-22 07:30:00,0.171302008323237,16.768644183111213,12.676873153269536
2024-02-22 07:45:00,0.23414586027702217,56.69262807158053,42.400493069782975
2024-02-22 08:00:00,0.2959616250287545,115.07117375661353,85.36408712136944
2024-02-22 08:15:00,0.35648452909779654,178.35286366046847,130.50623188623507
2024-02-22 08:30:00,0.41545533798253975,244.24487593871908,176.2528996295101
2024-02-22 08:45:00,0.47262145802939876,305.1868423577586,217.14561430639165
2024-02-22 09:00:00,0.5277380110301059,370.1179318128658,259.60448702467954
2024-02-22 09:15:00,0.5805688986117716,431.66597890454517,296.66706282812294
2024-02-22 09:30:00,0.630887805500304,491.73422477168634,331.98579092706626
2024-02-22 09:45:00,0.6784791627883526,541.7279559055087,359.1680400374765
2024-02-22 10:00:00,0.7231390849537778,596.3792397296781,388.1691189158583
2024-02-22 10:15:00,0.7646762360796256,646.7445167702251,414.4141832746568
2024-02-22 10:30:00,0.8029126446233568,694.4475891702198,439.36595836804406
2024-02-22 10:45:00,0.837684477181408,725.7037650726228,451.80671968689836
2024-02-22 11:00:00,0.8688427342448892,765.3537122508509,470.3036721201529
2024-02-22 11:15:00,0.8962538852542703,799.4728284651088,484.805519754627
2024-02-22 11:30:00,0.9198004492390184,829.7325319876346,496.446464649976
2024-02-22 11:45:00,0.9393814934339588,918.3225177941102,542.0266973830684
2024-02-22 12:00:00,0.9549130641314955,937.594018050927,545.8205826309115
2024-02-22 12:15:00,0.9663285519324492,951.4364685966904,548.109395949375
2024-02-22 12:30:00,0.9735789739956838,961.7230760901974,548.2034170686248
2024-02-22 12:45:00,0.9766331841370663,966.3671015930296,544.9905013667213
2024-02-22 13:00:00,0.9754780086051744,964.3716035897638,539.9664494884498
2024-02-22 13:15:00,0.9701183011360833,957.6742233008894,534.2806839807419
2024-02-22 13:30:00,0.9605769241741267,945.425962500709,525.5364115184207
2024-02-22 13:45:00,0.9468946499622692,923.9045561672497,511.7057117920175
2024-02-22 14:00:00,0.9291299862441584,901.9100481424646,497.70094520410214
2024-02-22 14:15:00,0.9073589293324799,874.8845256499378,482.7874534242205
2024-02-22 14:30:00,0.8816746342901338,842.1333913408729,464.71439776229556
2024-02-22 14:45:00,0.8521870179614799,804.3152249080283,443.8452021942031
2024-02-22 15:00:00,0.8190222933663918,763.3221913869756,421.2240199906885
2024-02-22 15:15:00,0.7823224216112227,717.0756148673669,397.1532399803219
2024-02-22 15:30:00,0.742244507527528,667.2084713639443,372.2315895789469
2024-02-22 15:45:00,0.6989601332335691,613.0159404581111,343.23702566194333
2024-02-22 16:00:00,0.6526546128747996,556.8272489471045,312.9016611751419
2024-02-22 16:15:00,0.603526204034641,496.2436593960062,285.87911160944805
2024-02-22 16:30:00,0.5517852660978093,433.31577876186947,255.758424665926
2024-02-22 16:45:00,0.49765334642543924,367.5873145481144,222.16431240332275
2024-02-22 17:00:00,0.4413622378558115,301.65969515570566,186.58696792904718
2024-02-22 17:15:00,0.3831529941942641,234.08190727130412,147.15357907211234
2024-02-22 17:30:00,0.32327488294833473,165.87463087152219,105.61682706287131
2024-02-22 17:45:00,0.2619843251148179,99.80600290427856,64.55787616018496
2024-02-22 18:00:00,0.19954380569562324,41.94753765499667,27.47224025242352
2024-02-22 18:15:00,0.13622073312381164,0.0,0.0
2024-02-22 18:30:00,0.0722863021871826,0.0,0.0
2024-02-22 18:45:00,0.00801434131237215,0.0,0.0
2024-02-22 19:00:00,-0.05631987731846863,0.0,0.0
2024-02-22 19:15:00,-0.12044080813874412,0.0,0.0
2024-02-22 19:30:00,-0.18407380377562785,0.0,0.0
2024-02-22 19:45:00,-0.24694630852844007,0.0,0.0
2024-02-22 20:00:00,-0.30878901707341877,0.0,0.0
2024-02-22 20:15:00,-0.3693370198156242,0.0,0.0
2024-02-22 20:30:00,-0.42833095416611733,0.0,0.0
2024-02-22 20:45:00,-0.4855181069692305,0.0,0.0
2024-02-22 21:00:00,-0.5406534896452817,0.0,0.0
2024-02-22 21:15:00,-0.5935009029946782,0.0,0.0
2024-02-22 21:30:00,-0.6438339409402387,0.0,0.0
2024-02-22 21:45:00,-0.6914369541905305,0.0,0.0
2024-02-22 22:00:00,-0.736105987592038,0.0,0.0
2024-02-22 22:15:00,-0.7776496466402202,0.0,0.0
2024-02-22 22:30:00,-0.8158899125513821,0.0,0.0
2024-02-22 22:45:00,-0.8506629161586097,0.0,0.0
2024-02-22 23:00:00,-0.8818196338742457,0.0,0.0
2024-02-22 23:15:00,-0.9092265228259959,0.0,0.0
2024-02-22 23:30:00,-0.9327661015499098,0.0,0.0
2024-02-22 23:45:00,-0.9523374486129537,0.0,0.0
2024-02-23 00:00:00,-0.9678566334139819,0.0,0.0
2024-02-23 00:15:00,-0.9792570813244823,0.0,0.0
2024-02-23 00:30:00,-0.9864898557931874,0.0,0.0
2024-02-23 00:45:00,-0.9895238682403186,0.0,0.0
2024-02-23 01:00:00,-0.9883460135787575,0.0,0.0
2024-02-23 01:15:00,-0.9829612249709632,0.0,0.0
2024-02-23 01:30:00,-0.9733924547084642,0.0,0.0
2024-02-23 01:45:00,-0.9596805749009276,0.0,0.0
2024-02-23 02:00:00,-0.9418842027525123,0.0,0.0
2024-02-23 02:15:00,-0.9200794531464515,0.0,0.0
2024-02-23 02:30:00,-0.8943596083112246,0.0,0.0
2024-02-23 02:45:00,-0.8648347202996991,0.0,0.0
2024-02-23 03:00:00,-0.8316311447964216,0.0,0.0
2024-02-23 03:15:00,-0.7948909924260985,0.0,0.0
2024-02-23 03:30:00,-0.7547715236745595,0.0,0.0
2024-02-23 03:45:00,-0.7114444818871637,0.0,0.0
2024-02-23 04:00:00,-0.6650953471835453,0.0,0.0
2024-02-23 04:15:00,-0.615922547233716,0.0,0.0
2024-02-23 04:30:00,-0.5641366148566663,0.0,0.0
2024-02-23 04:45:00,-0.5099592734347681,0.0,0.0
2024-02-23 05:00:00,-0.45362249366208435,0.0,0.0
2024-02-23 05:15:00,-0.395367508249242,0.0,0.0
2024-02-23 05:30:00,-0.3354437638876719,0.0,0.0
2024-02-23 05:45:00,-0.27410786027949935,0.0,0.0
2024-02-23 06:00:00,-0.21162245981537556,0.0,0.0
2024-02-23 06:15:00,-0.14825514629232764,0.0,0.0
2024-02-23 06:30:00,-0.08427728708469873,0.0,0.0
2024-02-23 06:45:00,-0.019962879599592517,0.0,0.0
2024-02-23 07:00:00,0.04441263924499477,0.0,0.0
2024-02-23 07:15:00,0.10857356419236547,0.0,0.0
2024-02-23 07:30:00,0.17224509383438633,20.200823378037907,14.16906326274189
2024-02-23 07:45:00,0.23515452482555452,65.56771514935652,45.45972069751455
2024-02-23 08:00:00,0.2970324111869468,126.01062137572785,86.60214785411769
2024-02-23 08:15:00,0.35761371029799216,189.88661796906513,128.96629692739285
2024-02-23 08:30:00,0.41663893471182123,256.07088168560773,171.84657214047107
2024-02-23 08:45:00,0.47385525516586724,320.19232487942645,212.28893304898224
2024-02-23 09:00:00,0.5290175761848877,53.0,34.71070806
2024-02-23 09:15:00,0.5818896013937991,123.0732272097566,79.60789861970483
2024-02-23 09:30:00,0.6322448376614789,171.0253038311362,109.58780440911086
2024-02-23 09:45:00,0.6798675591055925,232.14847764218655,146.87665412564405
2024-02-23 10:00:00,0.7245537448472008,291.5393092992193,182.68437657004228
2024-02-23 10:15:00,0.7661119457238531,354.327381633256,219.87997732189612
2024-02-23 10:30:00,0.8043640996587174,404.19937882184627,249.19428279042205
2024-02-23 10:45:00,0.839146305739621,418.9338946512374,255.73786503207106
2024-02-23 11:00:00,0.8703095202680353,461.8367610264728,279.12727777931514
2024-02-23 11:15:00,0.897720192036522,522.7023787631757,314.856985913802
2024-02-23 11:30:00,0.9212608430238469,578.6539034885849,347.390493442592
2024-02-23 11:45:00,0.940830567017728,622.2730573741089,372.3190877429788
2024-02-23 12:00:00,0.9563454603316272,605.3280202590541,360.9569320152684
2024-02-23 12:15:00,0.9677389868418378,753.3531343945823,447.70147274240327
2024-02-23 12:30:00,0.9749622599178442,590.962885433628,351.19646028599317
2024-02-23 12:45:00,0.9779842520973867,571.5493858645343,338.5041331972123
2024-02-23 13:00:00,0.9767919303416908,771.2376146926226,456.7708875335729
2024-02-23 13:15:00,0.9713903104772902,770.8627959758968,456.54889851923866
2024-02-23 13:30:00,0.9618024377152549,555.9991020619934,329.29436852991654
2024-02-23 13:45:00,0.9480692869385419,540.4594003427917,320.0908711757118
2024-02-23 14:00:00,0.9302495875174766,531.1211324424808,314.5602165038033
2024-02-23 14:15:00,0.9084195754361821,506.9069636695139,300.2192051856198
2024-02-23 14:30:00,0.8826726623929316,494.0310181324138,293.5919481851713
2024-02-23 14:45:00,0.8531190377433249,781.3141352133334,465.89740396632357
2024-02-23 15:00:00,0.8198852016995892,737.0133272831898,439.48084438030116
2024-02-23 15:15:00,0.7831134160030901,691.3714741782743,415.05963429772476
2024-02-23 15:30:00,0.742961098236488,641.4742241408525,388.99413910146984
2024-02-23 15:45:00,0.6996001540352346,601.3129105972985,367.0709912369215
2024-02-23 16:00:00,0.65321623043057,545.0659827666627,334.9386422769735
2024-02-23 16:15:00,0.6040079257903328,485.02118346687763,300.982798252154
2024-02-23 16:30:00,0.5521859467313952,422.48998534634524,265.5946979865559
2024-02-23 16:45:00,0.4979721927540752,368.79142688142883,234.81939432543183
2024-02-23 17:00:00,0.4415988122352862,131.27668359905806,84.38345628688694
2024-02-23 17:15:00,0.3833072163865381,95.44819793067113,61.9320361731367
2024-02-23 17:30:00,0.3233470304159257,62.93388121663703,41.08938409572968
2024-02-23 17:45:00,0.26197503174592146,33.57185019047553,22.122564480816582
2024-02-23 18:00:00,0.1994540589973182,14.0,9.28206216
2024-02-23 18:15:00,0.13605186990738266,0.0,0.0
2024-02-23 18:30:00,0.07204000270800487,0.0,0.0
2024-02-23 18:45:00,0.0076926219143435,0.0,0.0
2024-02-23 19:00:00,-0.05671467299475555,0.0,0.0
2024-02-23 19:15:00,-0.12090601937822928,0.0,0.0
2024-02-23 19:30:00,-0.18460646439184833,0.0,0.0
2024-02-23 19:45:00,-0.24754315979552136,0.0,0.0
2024-02-23 20:00:00,-0.30944652189581173,0.0,0.0
2024-02-23 20:15:00,-0.37005137813910366,0.0,0.0
2024-02-23 20:30:00,-0.4290981195164885,0.0,0.0
2024-02-23 20:45:00,-0.4863338040756846,0.0,0.0
2024-02-23 21:00:00,-0.5415132329614225,0.0,0.0
2024-02-23 21:15:00,-0.5944000163059355,0.0,0.0
2024-02-23 21:30:00,-0.6447675776385987,0.0,0.0
2024-02-23 21:45:00,-0.6924001183464743,0.0,0.0
2024-02-23 22:00:00,-0.7370935556894415,0.0,0.0
2024-02-23 22:15:00,-0.7786563898249137,0.0,0.0
2024-02-23 22:30:00,-0.816910519353999,0.0,0.0
2024-02-23 22:45:00,-0.8516920155689776,0.0,0.0
2024-02-23 23:00:00,-0.8828518186793363,0.0,0.0
2024-02-23 23:15:00,-0.9102563730899864,0.0,0.0
2024-02-23 23:30:00,-0.9337882081514366,0.0,0.0
2024-02-23 23:45:00,-0.9533464367307416,0.0,0.0
2024-02-24 00:00:00,-0.968847185861657,0.0,0.0
2024-02-24 00:15:00,-0.9802239616358328,0.0,0.0
2024-02-24 00:30:00,-0.987427930940146,0.0,0.0
2024-02-24 00:45:00,-0.9904281309155829,0.0,0.0
2024-02-24 01:00:00,-0.9892116039215271,0.0,0.0
2024-02-24 01:15:00,-0.9837834516458452,0.0,0.0
2024-02-24 01:30:00,-0.9741668152583052,0.0,0.0
2024-02-24 01:45:00,-0.9604027752680829,0.0,0.0
2024-02-24 02:00:00,-0.9425501758954429,0.0,0.0
2024-02-24 02:15:00,-0.920685376676768,0.0,0.0
2024-02-24 02:30:00,-0.8949019210540612,0.0,0.0
2024-02-24 02:45:00,-0.8653101377194449,0.0,0.0
2024-02-24 03:00:00,-0.8320366732266735,0.0,0.0
2024-02-24 03:15:00,-0.795223942014824,0.0,0.0
2024-02-24 03:30:00,-0.755029520052064,0.0,0.0
2024-02-24 03:45:00,-0.7116254764009745,0.0,0.0
2024-02-24 04:00:00,-0.6651976257704242,0.0,0.0
2024-02-24 04:15:00,-0.6159447378197722,0.0,0.0
2024-02-24 04:30:00,-0.5640776932583754,0.0,0.0
2024-02-24 04:45:00,-0.5098185677585388,0.0,0.0
2024-02-24 05:00:00,-0.4533996871740684,0.0,0.0
2024-02-24 05:15:00,-0.39506264071355973,0.0,0.0
2024-02-24 05:30:00,-0.3350572313413699,0.0,0.0
2024-02-24 05:45:00,-0.27364041324467,0.0,0.0
2024-02-24 06:00:00,-0.2110752000228997,0.0,0.0
2024-02-24 06:15:00,-0.14762952185421008,0.0,0.0
2024-02-24 06:30:00,-0.08357508610299638,0.0,0.0
2024-02-24 06:45:00,-0.019186222415151555,0.0,0.0
2024-02-24 07:00:00,0.04526130932170136,0.0,0.0
2024-02-24 07:15:00,0.109491491541381,0.0,0.0
2024-02-24 07:30:00,0.1732292225393657,6.0,4.37825493
2024-02-24 07:45:00,0.2362015119650842,15.0,10.85467635
2024-02-24 08:00:00,0.2981386414101447,26.0,18.60455142
2024-02-24 08:15:00,0.3587753115389051,40.0,28.379824199999995
2024-02-24 08:30:00,0.41785179505961917,55.0,38.688734700000005
2024-02-24 08:45:00,0.47511504073880784,72.0,50.210458200000005
2024-02-24 09:00:00,0.5303197499924917,90.0,62.39922884999999
2024-02-24 09:15:00,0.5832294430585898,108.0,74.00584926
2024-02-24 09:30:00,0.6336174639187598,144.60340956702512,97.91876635669362
2024-02-24 09:45:00,0.6812679450774369,186.8443780777103,125.01168870810841
2024-02-24 10:00:00,0.7259767458319288,252.98204664988202,167.72822016915893
2024-02-24 10:15:00,0.7675523195986471,300.8036213930417,197.0020129351819
2024-02-24 10:30:00,0.8058165296283126,370.43534227383964,239.61002601021988
2024-02-24 10:45:00,0.8406054234346045,431.1798528133936,275.41534623722305
2024-02-24 11:00:00,0.8717699290856935,525.914696172793,331.6748138128951
2024-02-24 11:15:00,0.8991764905529427,595.7631846361535,370.9086587607053
2024-02-24 11:30:00,0.9227076484628554,615.2328435182335,379.2992152449886
2024-02-24 11:45:00,0.9422625386223464,646.9419417620984,393.6174979358484
2024-02-24 12:00:00,0.9577573225560749,641.8072302803225,386.60143568105786
2024-02-24 12:15:00,0.96912555224248,624.5764543297175,373.69725869712727
2024-02-24 12:30:00,0.9763184516727517,583.7297646635348,345.71804798627755
2024-02-24 12:45:00,0.9793051260402201,569.0812660475029,334.74174139665206
2024-02-24 13:00:00,0.978072696411338,574.5533727449333,335.63776016903716
2024-02-24 13:15:00,0.9726263534975013,593.158312179693,345.30725379340316
2024-02-24 13:30:00,0.9629893374218863,583.1565879750036,337.127214677457
2024-02-24 13:45:00,0.9492028371381873,567.1512851871145,326.72801452977893
2024-02-24 14:00:00,0.9313258143299263,795.8593958452784,456.8748808212285
2024-02-24 14:15:00,0.9094347545243331,738.9476776500975,424.20386555962125
2024-02-24 14:30:00,0.8836233350971254,521.9922205608859,299.65737013768523
2024-02-24 14:45:00,0.8540020260655801,504.6966564452479,290.748766346832
2024-02-24 15:00:00,0.8206976220846989,492.31998199713644,283.6187353047992
2024-02-24 15:15:00,0.7838526917993911,489.56713903456495,284.0120385007622
2024-02-24 15:30:00,0.7436249708510259,445.19223944807135,260.06866060000175
2024-02-24 15:45:00,0.7001866927157081,411.36702268493923,241.97196734854077
2024-02-24 16:00:00,0.6537238405879855,474.0465222510358,281.7155945475143
2024-02-24 16:15:00,0.6044353558840978,313.51730069757707,188.85146947876217
2024-02-24 16:30:00,0.5525322936705933,282.96981727586035,173.31068386489298
2024-02-24 16:45:00,0.49823690576966323,286.7894730251743,178.54862725601475
2024-02-24 17:00:00,0.44178169522722605,236.90100892930087,149.8835051770418
2024-02-24 17:15:00,0.38340842872145564,187.29159833552328,120.01075037486001
2024-02-24 17:30:00,0.3233670861901431,99.18169584233132,64.55501620939894
2024-02-24 17:45:00,0.2619147975073087,58.096161370672405,38.283147003177454
2024-02-24 18:00:00,0.19931474994755594,19.0,12.67389585
2024-02-24 18:15:00,0.1358350445763329,0.0,0.0
2024-02-24 18:30:00,0.07174755613489853,0.0,0.0
2024-02-24 18:45:00,0.007326777377816965,0.0,0.0
2024-02-24 19:00:00,-0.057151373669565846,0.0,0.0
2024-02-24 19:15:00,-0.12141072691263616,0.0,0.0
2024-02-24 19:30:00,-0.1851760344432154,0.0,0.0
2024-02-24 19:45:00,-0.24817416666619252,0.0,0.0
2024-02-24 20:00:00,-0.3101352734588629,0.0,0.0
2024-02-24 20:15:00,-0.3707939318773798,0.0,0.0
2024-02-24 20:30:00,-0.42989029968389464,0.0,0.0
2024-02-24 20:45:00,-0.48717121984841916,0.0,0.0
2024-02-24 21:00:00,-0.5423912975904148,0.0,0.0
2024-02-24 21:15:00,-0.5953139669909968,0.0,0.0
2024-02-24 21:30:00,-0.6457124962767761,0.0,0.0
2024-02-24 21:45:00,-0.6933709528931005,0.0,0.0
2024-02-24 22:00:00,-0.7380851421140594,0.0,0.0
2024-02-24 22:15:00,-0.7796634745607038,0.0,0.0
2024-02-24 22:30:00,-0.817927782104297,0.0,0.0
2024-02-24 22:45:00,-0.8527140924564475,0.0,0.0
2024-02-24 23:00:00,-0.8838733255104451,0.0,0.0
2024-02-24 23:15:00,-0.9112719287532925,0.0,0.0
2024-02-24 23:30:00,-0.9347924579860623,0.0,0.0
2024-02-24 23:45:00,-0.9543340757799762,0.0,0.0
2024-02-25 00:00:00,-0.9698129818991277,0.0,0.0
2024-02-25 00:15:00,-0.9811627778742129,0.0,0.0
2024-02-25 00:30:00,-0.9883347483422307,0.0,0.0
2024-02-25 00:45:00,-0.9912980699665078,0.0,0.0
2024-02-25 01:00:00,-0.990039945801862,0.0,0.0
2024-02-25 01:15:00,-0.9845656587024778,0.0,0.0
2024-02-25 01:30:00,-0.9748985506941821,0.0,0.0
2024-02-25 01:45:00,-0.9610799219502113,0.0,0.0
2024-02-25 02:00:00,-0.9431688541966575,0.0,0.0
2024-02-25 02:15:00,-0.9212419613139363,0.0,0.0
2024-02-25 02:30:00,-0.8953930567825402,0.0,0.0
2024-02-25 02:45:00,-0.8657327538772459,0.0,0.0
2024-02-25 03:00:00,-0.8323879970375991,0.0,0.0
2024-02-25 03:15:00,-0.795501510582628,0.0,0.0
2024-02-25 03:30:00,-0.7552311910395004,0.0,0.0
2024-02-25 03:45:00,-0.7117494372750005,0.0,0.0
2024-02-25 04:00:00,-0.6652424016507295,0.0,0.0
2024-02-25 04:15:00,-0.6159091978008824,0.0,0.0
2024-02-25 04:30:00,-0.5639610553307253,0.0,0.0
2024-02-25 04:45:00,-0.5096204021360488,0.0,0.0
2024-02-25 05:00:00,-0.4531199181109554,0.0,0.0
2024-02-25 05:15:00,-0.3947015468130927,0.0,0.0
2024-02-25 05:30:00,-0.33461544428577505,0.0,0.0
2024-02-25 05:45:00,-0.27311891500874785,0.0,0.0
2024-02-25 06:00:00,-0.2104753185772661,0.0,0.0
2024-02-25 06:15:00,-0.14695292533812365,0.0,0.0
2024-02-25 06:30:00,-0.08282377554560832,0.0,0.0
2024-02-25 06:45:00,-0.018362523036339437,0.0,0.0
2024-02-25 07:00:00,0.04615475832318851,0.0,0.0
2024-02-25 07:15:00,0.11045174840851649,0.0,0.0
2024-02-25 07:30:00,0.17425305578220443,49.411068375490025,37.55386860366813
2024-02-25 07:45:00,0.23728541449530927,108.91432634290047,81.89748074244552
2024-02-25 08:00:00,0.2992788457408113,175.0697113492916,130.58099542586106
2024-02-25 08:15:00,0.3599678061850041,242.26235778938226,177.7604568472565
2024-02-25 08:30:00,0.4190923420231647,310.5799750282926,224.12188159612327
2024-02-25 08:45:00,0.4763991939132157,373.85266556446203,265.24682313552063
2024-02-25 09:00:00,0.531642874485612,438.4031551358133,305.7281013290954
2024-02-25 09:15:00,0.5845867353579004,502.5171178416358,344.3445006810903
2024-02-25 09:30:00,0.6350039728059946,562.7630828974518,378.8021424862495
2024-02-25 09:45:00,0.6826785930930601,620.5082316606342,411.3997126475491
2024-02-25 10:00:00,0.7274063513789939,675.382833536291,439.5906865294453
2024-02-25 10:15:00,0.7689956194415499,725.494311569785,467.80761577804265
2024-02-25 10:30:00,0.80726820177229,773.6361171206248,492.5948685595436
2024-02-25 10:45:00,0.8420601102225622,816.4343560038517,513.2444406485315
2024-02-25 11:00:00,0.8732222604953026,625.7521299031936,389.5790965344647
2024-02-25 11:15:00,0.9006211075113479,653.3105537556739,402.774629087974
2024-02-25 11:30:00,0.9241392261240393,678.3110053232601,415.4455246760552
2024-02-25 11:45:00,0.9436758094742902,677.1333611192365,411.9867984547174
2024-02-25 12:00:00,0.9591470993043465,772.7937602707818,467.0650688563518
2024-02-25 12:15:00,0.9704867503257415,829.6358577247616,499.7425995789882
2024-02-25 12:30:00,0.9776461113245412,815.335849028899,489.4807089488015
2024-02-25 12:45:00,0.9805944338269532,822.1341096272699,493.56199327019215
2024-02-25 13:00:00,0.9793190061113833,608.092548041202,363.83459008396386
2024-02-25 13:15:00,0.9738252062593532,611.9696961594768,366.15436953341
2024-02-25 13:30:00,0.9641364811119882,611.2684507947558,365.73479964944516
2024-02-25 13:45:00,0.9502942447807406,597.55327991804,358.7365911082327
2024-02-25 14:00:00,0.9323577015634842,928.7160776165167,557.5476714599486
2024-02-25 14:15:00,0.9104035960184393,510.62977811701546,307.5848884334245
2024-02-25 14:30:00,0.8845258798306291,378.7574161376431,228.91535587217476
2024-02-25 14:45:00,0.8548353114094337,232.37088278523584,140.91121373170512
2024-02-25 15:00:00,0.8214589866323205,796.5980722899128,484.6724564204865
2024-02-25 15:15:00,0.7845397869016731,751.2732963092423,461.65137029379514
2024-02-25 15:30:00,0.7442357707608356,701.8792262929061,434.136607539769
2024-02-25 15:45:00,0.7007195033753257,644.7871147542658,401.4298467699855
2024-02-25 16:00:00,0.6541773069136279,588.1084270755932,368.52053197952955
2024-02-25 16:15:00,0.604808467646952,37.0,23.48410239
2024-02-25 16:30:00,0.5528243898182092,31.0,19.92651759
2024-02-25 16:45:00,0.49844767727309747,37.0,24.08242347
2024-02-25 17:00:00,0.44191118635223015,331.7525802837916,217.94166449885165
2024-02-25 17:15:00,0.38345703683640897,22.0,14.6750373
2024-02-25 17:30:00,0.3233355599834806,16.0,10.8344628
2024-02-25 17:45:00,0.2618042336683264,10.0,6.852393449999999
2024-02-25 18:00:00,0.19912658842833578,6.0,4.172076720000001
2024-02-25 18:15:00,0.13557106222592485,0.0,0.0
2024-02-25 18:30:00,0.07140985897107313,0.0,0.0
2024-02-25 18:45:00,0.006917791419665767,0.0,0.0
2024-02-25 19:00:00,-0.05762891298447954,0.0,0.0
2024-02-25 19:15:00,-0.12195378666502683,0.0,0.0
2024-02-25 19:30:00,-0.1857812974152775,0.0,0.0
2024-02-25 19:45:00,-0.2488380457758077,0.0,0.0
2024-02-25 20:00:00,-0.3108539273901358,0.0,0.0
2024-02-25 20:15:00,-0.3715632817718374,0.0,0.0
2024-02-25 20:30:00,-0.43070604690993874,0.0,0.0
2024-02-25 20:45:00,-0.48802886467465545,0.0,0.0
2024-02-25 21:00:00,-0.5432861587526437,0.0,0.0
2024-02-25 21:15:00,-0.5962412020554475,0.0,0.0
2024-02-25 21:30:00,-0.6466671226711945,0.0,0.0
2024-02-25 21:45:00,-0.6943478695818769,0.0,0.0
2024-02-25 22:00:00,-0.739079151743165,0.0,0.0
2024-02-25 22:15:00,-0.780669306071136,0.0,0.0
2024-02-25 22:30:00,-0.8189401136153115,0.0,0.0
2024-02-25 22:45:00,-0.8537275743790821,0.0,0.0
2024-02-25 23:00:00,-0.8848826037965409,0.0,0.0
2024-02-25 23:15:00,-0.9122716681484029,0.0,0.0
2024-02-25 23:30:00,-0.9357773651896406,0.0,0.0
2024-02-25 23:45:00,-0.9552989224366184,0.0,0.0
2024-02-26 00:00:00,-0.9707526273046025,0.0,0.0
2024-02-26 00:15:00,-0.9820721912831312,0.0,0.0
2024-02-26 00:30:00,-0.9892090308064672,0.0,0.0
2024-02-26 00:45:00,-0.9921324756022866,0.0,0.0
2024-02-26 01:00:00,-0.9908299023790099,0.0,0.0
2024-02-26 01:15:00,-0.9853067874849197,0.0,0.0
2024-02-26 01:30:00,-0.9755866854410564,0.0,0.0
2024-02-26 01:45:00,-0.9617111269785572,0.0,0.0
2024-02-26 02:00:00,-0.9437394414532707,0.0,0.0
2024-02-26 02:15:00,-0.921748506366932,0.0,0.0
2024-02-26 02:30:00,-0.8958324136628002,0.0,0.0
2024-02-26 02:45:00,-0.8661020687053234,0.0,0.0
2024-02-26 03:00:00,-0.8326847204098434,0.0,0.0
2024-02-26 03:15:00,-0.7957234085884216,0.0,0.0
2024-02-26 03:30:00,-0.755376354922151,0.0,0.0
2024-02-26 03:45:00,-0.7118162917034596,0.0,0.0
2024-02-26 04:00:00,-0.6652297115255541,0.0,0.0
2024-02-26 04:15:00,-0.615816073566662,0.0,0.0
2024-02-26 04:30:00,-0.5637869568112941,0.0,0.0
2024-02-26 04:45:00,-0.5093651408553308,0.0,0.0
2024-02-26 05:00:00,-0.45278365803768206,0.0,0.0
2024-02-26 05:15:00,-0.394284803651272,0.0,0.0
2024-02-26 05:30:00,-0.3341190831670657,0.0,0.0
2024-02-26 05:45:00,-0.2725441467033483,0.0,0.0
2024-02-26 06:00:00,-0.20982369420116484,0.0,0.0
2024-02-26 06:15:00,-0.14622632958273213,0.0,0.0
2024-02-26 06:30:00,-0.0820244184639117,0.0,0.0
2024-02-26 06:45:00,-0.017492930375777316,0.0,0.0
2024-02-26 07:00:00,0.0470917560702247,0.0,0.0
2024-02-26 07:15:00,0.1114530283949819,0.0,0.0
2024-02-26 07:30:00,0.17531521636387812,3.0,2.1042305549999996
2024-02-26 07:45:00,0.23840479002253623,5.0,3.4969441499999996
2024-02-26 08:00:00,0.30045152254925356,7.0,4.867422840000001
2024-02-26 08:15:00,0.36118963959170775,9.0,6.22173069
2024-02-26 08:30:00,0.42035897434673525,13.0,8.960666715
2024-02-26 08:45:00,0.4777060734301213,27.0,18.501462315
2024-02-26 09:00:00,0.532985275240083,20.0,13.664359799999998
2024-02-26 09:15:00,0.5859597776918564,39.0,26.487835920000002
2024-02-26 09:30:00,0.636402644557118,29.0,19.578844529999998
2024-02-26 09:45:00,0.6840977713873766,52.0,34.896672720000005
2024-02-26 10:00:00,0.7288408249106333,77.0,51.36263055
2024-02-26 10:15:00,0.7704401110800545,139.0,92.15761716
2024-02-26 10:30:00,0.808717391514486,288.2712391466154,189.9597144572974
2024-02-26 10:45:00,0.8435086583070094,376.2133160626654,246.3892562667111
2024-02-26 11:00:00,0.8746648305858,425.3116529807162,276.825279292089
2024-02-26 11:15:00,0.902052389863307,466.5494733800642,301.7798754445311
2024-02-26 11:30:00,0.9255539606686902,441.269727274346,283.64416072473415
2024-02-26 11:45:00,0.9450688086437535,340.26467898777526,218.03124013192104
2024-02-26 12:00:00,0.960513270555133,287.6969379283194,183.18435784932092
2024-02-26 12:15:00,0.9718211182489909,185.91546335474698,118.00156154884246
2024-02-26 12:30:00,0.9789438392472285,179.95788767849444,113.4927381270893
2024-02-26 12:45:00,0.9818508448013601,217.83665760321225,136.9411424961873
2024-02-26 13:00:00,0.9805296032114521,182.94158880963437,114.63486752697254
2024-02-26 13:15:00,0.9749856920908836,170.97498569209088,106.79075294092364
2024-02-26 13:30:00,0.9652427764637244,199.79145665878235,124.7894831012245
2024-02-26 13:45:00,0.9513425063123928,178.90268501262477,111.38075775401781
2024-02-26 14:00:00,0.9333443384777544,173.93334433847775,108.28695885555354
2024-02-26 14:15:00,0.9113252856319809,258.51710799769546,161.46944829053461
2024-02-26 14:30:00,0.8853795819752511,173.77075916395052,108.53698940296276
2024-02-26 14:45:00,0.8556182815943156,109.0,68.30158545
2024-02-26 15:00:00,0.8221687879695456,52.0,32.68935306
2024-02-26 15:15:00,0.7851743006098681,40.0,25.2265104
2024-02-26 15:30:00,0.744793205376716,37.0,23.409312255
2024-02-26 15:45:00,0.701198402483427,34.0,21.64871205
2024-02-26 16:00:00,0.6545765554457645,589.7700553575997,376.7145494781661
2024-02-26 16:15:00,0.6051272966587097,25.0,16.06977225
2024-02-26 16:30:00,0.5530623798465002,467.62941252825215,303.4236614226955
2024-02-26 16:45:00,0.49860476007267746,71.0,46.355734215000005
2024-02-26 17:00:00,0.441987645185108,56.0,36.788661
2024-02-26 17:15:00,0.38345350519832117,41.0,27.266057595
2024-02-26 17:30:00,0.32325301880505575,29.0,19.461605940000002
2024-02-26 17:45:00,0.2616440070532312,18.0,12.18877065
2024-02-26 18:00:00,0.1988903378235223,76.49595256364512,52.26341095366896
2024-02-26 18:15:00,0.13526077920137697,0.0,0.0
2024-02-26 18:30:00,0.0710278565157122,0.0,0.0
2024-02-26 18:45:00,0.006466693886170716,0.0,0.0
2024-02-26 19:00:00,-0.05814618134804368,0.0,0.0
2024-02-26 19:15:00,-0.12253401439596354,0.0,0.0
2024-02-26 19:30:00,-0.18642099984158833,0.0,0.0
2024-02-26 19:45:00,-0.24953348019432728,0.0,0.0
2024-02-26 20:00:00,-0.3116011093129042,0.0,0.0
2024-02-26 20:15:00,-0.37235800229151167,0.0,0.0
2024-02-26 20:30:00,-0.43154389097594464,0.0,0.0
2024-02-26 20:45:00,-0.48890523032227706,0.0,0.0
2024-02-26 21:00:00,-0.5441962770600539,0.0,0.0
2024-02-26 21:15:00,-0.5971801579001929,0.0,0.0
2024-02-26 21:30:00,-0.6476298761264531,0.0,0.0
2024-02-26 21:45:00,-0.6953292777642406,0.0,0.0
2024-02-26 22:00:00,-0.7400739912073491,0.0,0.0
2024-02-26 22:15:00,-0.7816722954637065,0.0,0.0
2024-02-26 22:30:00,-0.8199459366528741,0.0,0.0
2024-02-26 22:45:00,-0.8547309029209739,0.0,0.0
2024-02-26 23:00:00,-0.8858781209971782,0.0,0.0
2024-02-26 23:15:00,-0.9132540915508088,0.0,0.0
2024-02-26 23:30:00,-0.9367414696699918,0.0,0.0
2024-02-26 23:45:00,-0.9562395628814258,0.0,0.0
2024-02-27 00:00:00,-0.9716647609602173,0.0,0.0
2024-02-27 00:15:00,-0.9829508996497257,0.0,0.0
2024-02-27 00:30:00,-0.9900495409741734,0.0,0.0
2024-02-27 00:45:00,-0.9929301809892908,0.0,0.0
2024-02-27 01:00:00,-0.9915803827106104,0.0,0.0
2024-02-27 01:15:00,-0.9860058279742459,0.0,0.0
2024-02-27 01:30:00,-0.976230295085666,0.0,0.0
2024-02-27 01:45:00,-0.9622955558615939,0.0,0.0
2024-02-27 02:00:00,-0.9442611970126946,0.0,0.0
2024-02-27 02:15:00,-0.922204368544491,0.0,0.0
2024-02-27 02:30:00,-0.8962194488600689,0.0,0.0
2024-02-27 02:45:00,-0.8664176424956912,0.0,0.0
2024-02-27 03:00:00,-0.8329265089579168,0.0,0.0
2024-02-27 03:15:00,-0.7958894087111452,0.0,0.0
2024-02-27 03:30:00,-0.7554648927459247,0.0,0.0
2024-02-27 03:45:00,-0.7118260299355805,0.0,0.0
2024-02-27 04:00:00,-0.6651596551922098,0.0,0.0
2024-02-27 04:15:00,-0.6156655743203449,0.0,0.0
2024-02-27 04:30:00,-0.5635557157495592,0.0,0.0
2024-02-27 04:45:00,-0.5090532096999033,0.0,0.0
2024-02-27 05:00:00,-0.45239143894521744,0.0,0.0
2024-02-27 05:15:00,-0.3938130474146872,0.0,0.0
2024-02-27 05:30:00,-0.3335688859233821,0.0,0.0
2024-02-27 05:45:00,-0.27191694512687464,0.0,0.0
2024-02-27 06:00:00,-0.2091212592547724,0.0,0.0
2024-02-27 06:15:00,-0.14545075878417005,0.0,0.0
2024-02-27 06:30:00,-0.08117812671625561,0.0,0.0
2024-02-27 06:45:00,-0.016578639493019118,0.0,0.0
2024-02-27 07:00:00,0.048071029245090255,0.0,0.0
2024-02-27 07:15:00,0.1124939851065724,0.0,0.0
2024-02-27 07:30:00,0.17641429031941092,57.57624383803452,38.87159747331891
2024-02-27 07:45:00,0.23955816285871412,118.1574039320068,79.53307372191887
2024-02-27 08:00:00,0.30165514049028713,7.0,4.69762902
2024-02-27 08:15:00,0.3624392310582227,10.0,6.690685049999999
2024-02-27 08:30:00,0.42165006854316756,13.0,8.67161295
2024-02-27 08:45:00,0.47903401977451543,17.0,11.305438514999999
2024-02-27 09:00:00,0.5343452635699317,20.0,13.2600888
2024-02-27 09:15:00,0.5873468591952972,24.0,15.863594039999999
2024-02-27 09:30:00,0.6378117532453003,28.0,18.3943305
2024-02-27 09:45:00,0.6855237461579577,32.0,20.95740864
2024-02-27 10:00:00,0.730278431917891,36.0,23.50431594
2024-02-27 10:15:00,0.7718840665312472,40.0,26.035052399999994
2024-02-27 10:30:00,0.8101623845927095,43.0,27.8138448
2024-02-27 10:45:00,0.8449493742438703,47.0,30.306175515000007
2024-02-27 11:00:00,0.8760959737507041,50.0,32.1395445
2024-02-27 11:15:00,0.9034687067707255,53.0,34.06791717
2024-02-27 11:30:00,0.9269502627765602,56.0,35.99628984
2024-02-27 11:45:00,0.9464399948964566,57.0,36.63908073
2024-02-27 12:00:00,0.9618543495340425,955.8214971825021,614.393350855073
2024-02-27 12:15:00,0.9731272298359239,59.0,38.043922455
2024-02-27 12:30:00,0.9802102757243455,60.0,38.688734700000005
2024-02-27 12:45:00,0.9830730712912584,60.0,38.810016000000005
2024-02-27 13:00:00,0.9817032773516643,61.0,39.4568496
2024-02-27 13:15:00,0.9761066828791253,59.0,38.282442345
2024-02-27 13:30:00,0.966307182190626,57.0,36.984732435
2024-02-27 13:45:00,0.9523466714759595,57.0,36.984732435
2024-02-27 14:00:00,0.9342848696464359,54.0,35.14732074
2024-02-27 14:15:00,0.9121990661613991,52.0,33.845568119999996
2024-02-27 14:30:00,0.886183785515001,50.0,32.64488325
2024-02-27 14:45:00,0.8563503843379685,47.0,30.686190255000007
2024-02-27 15:00:00,0.8228265796075913,66.0,43.224655320000004
2024-02-27 15:15:00,0.7857558938873022,55.0,36.020546100000004
2024-02-27 15:30:00,0.7452970442519329,96.0,63.066275999999995
2024-02-27 15:45:00,0.7016232688750149,33.0,21.679032375
2024-02-27 16:00:00,0.6549215744830192,80.0,52.71693839999999
2024-02-27 16:15:00,0.6053919404624588,530.7302263942435,351.8764965415886
2024-02-27 16:30:00,0.5532464697687147,468.97641587069916,311.8814138006623
2024-02-27 16:45:00,0.4987084674821596,156.88892820346572,104.96944064414515
2024-02-27 17:00:00,0.4420114906523245,122.28873540174877,82.31391926708463
2024-02-27 17:15:00,0.3833983562253064,89.71933260523755,60.57244360045882
2024-02-27 17:30:00,0.32312008600923603,59.81616154816625,40.625658268001054
2024-02-27 17:45:00,0.2614348388921648,35.0,23.91262965
2024-02-27 18:00:00,0.19860681383592188,6.0,4.123564200000001
2024-02-27 18:15:00,0.13490510181051607,19.554685701388898,13.439166983416527
2024-02-27 18:30:00,0.07060254144947806,0.0,0.0
2024-02-27 18:45:00,0.005974559203018898,0.0,0.0
2024-02-27 19:00:00,-0.05870202749973513,0.0,0.0
2024-02-27 19:15:00,-0.12315018736071624,0.0,0.0
2024-02-27 19:30:00,-0.18709385310311094,0.0,0.0
2024-02-27 19:45:00,-0.25025912130972977,0.0,0.0
2024-02-27 20:00:00,-0.31237541679810954,0.0,0.0
2024-02-27 20:15:00,-0.3731766435513719,0.0,0.0
2024-02-27 20:30:00,-0.4324023411548815,0.0,0.0
2024-02-27 20:45:00,-0.48979879194868003,0.0,0.0
2024-02-27 21:00:00,-0.545120100505734,0.0,0.0
2024-02-27 21:15:00,-0.5981292624250059,0.0,0.0
2024-02-27 21:30:00,-0.6485991715363804,0.0,0.0
2024-02-27 21:45:00,-0.6963135865284047,0.0,0.0
2024-02-27 22:00:00,-0.7410680709674367,0.0,0.0
2024-02-27 22:15:00,-0.7826708617802433,0.0,0.0
2024-02-27 22:30:00,-0.8209436859925021,0.0,0.0
2024-02-27 22:45:00,-0.8557225356890699,0.0,0.0
2024-02-27 23:00:00,-0.8868583645515006,0.0,0.0
2024-02-27 23:15:00,-0.9142177230979267,0.0,0.0
2024-02-27 23:30:00,-0.9376833389588528,0.0,0.0
2024-02-27 23:45:00,-0.9571546145581358,0.0,0.0
2024-02-28 00:00:00,-0.972548056527469,0.0,0.0
2024-02-28 00:15:00,-0.9837976388989252,0.0,0.0
2024-02-28 00:30:00,-0.9908550828331384,0.0,0.0
2024-02-28 00:45:00,-0.9936900636659567,0.0,0.0
2024-02-28 01:00:00,-0.9922903430570236,0.0,0.0
2024-02-28 01:15:00,-0.9866618199859623,0.0,0.0
2024-02-28 01:30:00,-0.9768285074648898,0.0,0.0
2024-02-28 01:45:00,-0.9628324285492222,0.0,0.0
2024-02-28 02:00:00,-0.9447334366254582,0.0,0.0
2024-02-28 02:15:00,-0.9226089626769136,0.0,0.0
2024-02-28 02:30:00,-0.8965536791211965,0.0,0.0
2024-02-28 02:45:00,-0.8666790963101162,0.0,0.0
2024-02-28 03:00:00,-0.8331130900113695,0.0,0.0
2024-02-28 03:15:00,-0.7959993460374417,0.0,0.0
2024-02-28 03:30:00,-0.7554967483910094,0.0,0.0
2024-02-28 03:45:00,-0.7117787051781568,0.0,0.0
2024-02-28 04:00:00,-0.6650323952820603,0.0,0.0
2024-02-28 04:15:00,-0.615457971728552,0.0,0.0
2024-02-28 04:30:00,-0.5632677119093186,0.0,0.0
2024-02-28 04:45:00,-0.5086850952568118,0.0,0.0
2024-02-28 05:00:00,-0.4519438524256145,0.0,0.0
2024-02-28 05:15:00,-0.393286972451551,0.0,0.0
2024-02-28 05:30:00,-0.33296564695887393,0.0,0.0
2024-02-28 05:45:00,-0.27123820161948875,0.0,0.0
2024-02-28 06:00:00,-0.20836899843988596,0.0,0.0
2024-02-28 06:15:00,-0.1446272870189061,0.0,0.0
2024-02-28 06:30:00,-0.08028605944334674,0.0,0.0
2024-02-28 06:45:00,-0.015620889864561255,0.0,0.0
2024-02-28 07:00:00,0.04909126308340491,0.0,0.0
2024-02-28 07:15:00,0.11357323388649747,0.0,0.0
2024-02-28 07:30:00,0.17754882874824532,3.0,2.0496539699999996
2024-02-28 07:45:00,0.24074402586470894,5.0,3.4160899499999995
2024-02-28 08:00:00,0.3028881404216245,7.0,4.768376445
2024-02-28 08:15:00,0.3637149758989164,10.0,6.81196635
2024-02-28 08:30:00,0.4229639810134489,13.0,8.829278640000002
2024-02-28 08:45:00,0.48038135723355757,17.0,11.511616725
2024-02-28 09:00:00,0.5357211386064442,21.0,14.17778397
2024-02-28 09:15:00,0.5887462608867191,25.0,16.827780375
2024-02-28 09:30:00,0.639229568949403,29.0,19.461605940000002
2024-02-28 09:45:00,0.6869547836870467,33.0,22.079260665
2024-02-28 10:00:00,0.7317174421399737,36.0,24.013697399999998
2024-02-28 10:15:00,0.7733257661572279,54.0,35.91139293
2024-02-28 10:30:00,0.8116014791240933,44.0,29.26113498
2024-02-28 10:45:00,0.8463805809773606,67.0,44.42129748000001
2024-02-28 11:00:00,0.8775140447199858,179.63254213415996,118.73407186622954
2024-02-28 11:15:00,0.90486845154622,186.61947380618489,122.97509131101326
2024-02-28 11:30:00,0.9283265710102615,198.56995942606156,130.44862360909167
2024-02-28 11:45:00,0.9477878585037327,170.94778785850374,111.95695769545918
2024-02-28 12:00:00,0.963168884448499,289.821404302352,189.22371813602658
2024-02-28 12:15:00,0.9744036972076153,329.72018486038075,215.27353879871097
2024-02-28 12:30:00,0.9814441024947373,184.94433230748422,120.74972271854051
2024-02-28 12:45:00,0.9842598700506113,243.77963818070856,159.16315654272947
2024-02-28 13:00:00,0.9828388653790202,109.0,71.165845485
2024-02-28 13:15:00,0.9771871002926412,119.0,77.69482213500001
2024-02-28 13:30:00,0.9673287091382248,155.0,101.19913807500001
2024-02-28 13:45:00,0.9533058442715587,318.7119863693064,208.08631170803196
2024-02-28 14:00:00,0.9351784957924363,53.0,34.49644443
2024-02-28 14:15:00,0.9130242382000238,118.0,77.04192447000001
2024-02-28 14:30:00,0.8869378936458268,113.0,73.77743614500001
2024-02-28 14:45:00,0.8570311277117314,329.1328014940558,214.89003757037756
2024-02-28 15:00:00,0.8234319763100819,323.16662960731827,210.994737876538
2024-02-28 15:15:00,0.7862842895216815,101.0,65.94266416500001
2024-02-28 15:30:00,0.7457471190925247,91.0,59.41368751500001
2024-02-28 15:45:00,0.7019940435990397,68.0,44.53449336
2024-02-28 16:00:00,0.6552124143754035,63.0,41.25989826
2024-02-28 16:15:00,0.6056025581514491,53.0,34.817839875
2024-02-28 16:30:00,0.5533769264708861,89.0,58.827494565
2024-02-28 16:45:00,0.4987591726648425,157.89577050384676,104.68559690127145
2024-02-28 17:00:00,0.44198320026372234,98.51371440448328,65.71329242942451
2024-02-28 17:15:00,0.38329216939096095,91.33168677563845,61.47638265354942
2024-02-28 17:30:00,0.3229374402088667,53.0,35.99628984
2024-02-28 17:45:00,0.2611775036831371,37.0,25.353855765
2024-02-28 18:00:00,0.19827688319340936,19.0,13.134764789999998
2024-02-28 18:15:00,0.13450498496388041,25.450498496388043,17.594016396752927
2024-02-28 18:30:00,0.07013495238663263,0.0,0.0
2024-02-28 18:45:00,0.005442504889133282,0.0,0.0
2024-02-28 19:00:00,-0.05929526022144947,0.0,0.0
2024-02-28 19:15:00,-0.1238010460592055,0.0,0.0
2024-02-28 19:30:00,-0.18779853523091583,0.0,0.0
2024-02-28 19:45:00,-0.2510135906967909,0.0,0.0
2024-02-28 20:00:00,-0.313175421250006,0.0,0.0
2024-02-28 20:15:00,-0.37401773328825744,0.0,0.0
2024-02-28 20:30:00,-0.43327988820201635,0.0,0.0
2024-02-28 20:45:00,-0.49070801022434557,0.0,0.0
2024-02-28 21:00:00,-0.5460560666253746,0.0,0.0
2024-02-28 21:15:00,-0.5990869371076002,0.0,0.0
2024-02-28 21:30:00,-0.649573421484228,0.0,0.0
2024-02-28 21:45:00,-0.6972992067427584,0.0,0.0
2024-02-28 22:00:00,-0.7420598073658282,0.0,0.0
2024-02-28 22:15:00,-0.7836634340354911,0.0,0.0
2024-02-28 22:30:00,-0.8219318104388322,0.0,0.0
2024-02-28 22:45:00,-0.8567009483058422,0.0,0.0
2024-02-28 23:00:00,-0.8878218438061428,0.0,0.0
2024-02-28 23:15:00,-0.9151611126441879,0.0,0.0
2024-02-28 23:30:00,-0.9386015700069903,0.0,0.0
2024-02-28 23:45:00,-0.9580427279047394,0.0,0.0
2024-02-29 00:00:00,-0.9734012240861698,0.0,0.0
2024-02-29 00:15:00,-0.9846111846648318,0.0,0.0
2024-02-29 00:30:00,-0.9916245031775713,0.0,0.0
2024-02-29 00:45:00,-0.9944110468977805,0.0,0.0
2024-02-29 01:00:00,-0.9929587881304555,0.0,0.0
2024-02-29 01:15:00,-0.9872738543008182,0.0,0.0
2024-02-29 01:30:00,-0.977380503684627,0.0,0.0
2024-02-29 01:45:00,-0.9633210203245681,0.0,0.0
2024-02-29 02:00:00,-0.9451555332077424,0.0,0.0
2024-02-29 02:15:00,-0.9229617623287494,0.0,0.0
2024-02-29 02:30:00,-0.8968346812596857,0.0,0.0
2024-02-29 02:45:00,-0.8668861123446702,0.0,0.0
2024-02-29 03:00:00,-0.8332442528535582,0.0,0.0
2024-02-29 03:15:00,-0.796053118162979,0.0,0.0
2024-02-29 03:30:00,-0.755471928506969,0.0,0.0
2024-02-29 03:45:00,-0.7116744334103707,0.0,0.0
2024-02-29 04:00:00,-0.6648481569103437,0.0,0.0
2024-02-29 04:15:00,-0.6151935993648214,0.0,0.0
2024-02-29 04:30:00,-0.5629233862323242,0.0,0.0
2024-02-29 04:45:00,-0.508261344194463,0.0,0.0
2024-02-29 05:00:00,-0.45144154883317383,0.0,0.0
2024-02-29 05:15:00,-0.39270733030743604,0.0,0.0
2024-02-29 05:30:00,-0.3323102160376142,0.0,0.0
2024-02-29 05:45:00,-0.2705088607773698,0.0,0.0
2024-02-29 06:00:00,-0.20756794741497986,0.0,0.0
2024-02-29 06:15:00,-0.14375703685122262,0.0,0.0
2024-02-29 06:30:00,-0.07934942156145508,0.0,0.0
2024-02-29 06:45:00,-0.014620963819102092,0.0,0.0
2024-02-29 07:00:00,0.05015110304719892,0.0,0.0
2024-02-29 07:15:00,0.11468935356822306,0.0,0.0
2024-02-29 07:30:00,0.17871734975255849,69.96855383220102,47.379480854048715
2024-02-29 07:45:00,0.24196084247237978,130.2361020437862,87.66338088355691
2024-02-29 08:00:00,0.30414893745945426,194.81180916686222,130.3424459156178
2024-02-29 08:15:00,0.36501524747113334,259.533919770613,173.12136151131605
2024-02-29 08:30:00,0.42429905009375807,326.52148541066146,216.48519458266378
2024-02-29 08:45:00,0.48174639599903923,18.0,11.89769553
2024-02-29 09:00:00,0.5371111894211879,22.0,14.497158059999999
2024-02-29 09:15:00,0.5901562578373334,26.0,17.08044975
2024-02-29 09:30:00,0.6406543598744749,29.0,18.934032285
2024-02-29 09:45:00,0.6883891525384129,34.0,22.129794539999995
2024-02-29 10:00:00,0.7331561316687061,38.0,24.65648829
2024-02-29 10:15:00,0.7747635007318605,41.0,26.5201776
2024-02-29 10:30:00,0.8130329876559508,45.0,29.016551025000002
2024-02-29 10:45:00,0.8478006198337273,48.0,30.85396272
2024-02-29 11:00:00,0.8789174204783692,51.0,32.679246285
2024-02-29 11:15:00,0.9062500435679979,55.0,35.242324425
2024-02-29 11:30:00,0.9296813536646358,57.0,36.523863495
2024-02-29 11:45:00,0.9491109230031277,57.0,36.523863495
2024-02-29 12:00:00,0.9644554601565722,120.0,76.64978160000001
2024-02-29 12:15:00,0.9756491723652287,155.0,99.319277925
2024-02-29 12:30:00,0.9826440442317566,182.94793213269526,117.22746140187868
2024-02-29 12:45:00,0.985410043641096,75.0,48.057715125
2024-02-29 13:00:00,0.9839352526165441,63.0,40.368480704999996
2024-02-29 13:15:00,0.9782259169322853,101.0,64.92187989
2024-02-29 13:30:00,0.9683064213260457,57.0,36.63908073
2024-02-29 13:45:00,0.954219183875934,56.0,35.99628984
2024-02-29 14:00:00,0.9360244745806494,57.0,36.63908073
2024-02-29 14:15:00,0.9138001608198332,55.0,35.35349895
2024-02-29 14:30:00,0.8876413692873706,140.0,90.27371430000001
2024-02-29 14:45:00,0.8576600804937139,105.0,67.705285725
2024-02-29 15:00:00,0.8239846542774787,119.0,76.9731984
2024-02-29 15:15:00,0.786759272229208,758.8408446560986,490.8437553759451
2024-02-29 15:30:00,0.746143323759408,709.4448284618126,460.32679224657204
2024-02-29 15:45:00,0.702310729799114,91.0,59.22974420999999
2024-02-29 16:00:00,0.655449187216887,105.0,68.554254825
2024-02-29 16:15:00,0.6057593699759014,124.0,81.20995848000001
2024-02-29 16:30:00,0.5534540770560289,52.0,34.26600996
2024-02-29 16:45:00,0.49875730787958095,87.0,57.505528395
2024-02-29 17:00:00,0.4419033092538344,353.0294767666381,234.0601105471579
2024-02-29 17:15:00,0.38313558024658145,286.14168671583946,190.86999661999357
2024-02-29 17:30:00,0.3227058142101499,219.0379617718941,146.99415510018576
2024-02-29 17:45:00,0.26087282804616874,150.6971367610068,102.04515764397753
2024-02-29 18:00:00,0.19790146237918044,13.0,8.855556255
2024-02-29 18:15:00,0.13406143072233662,9.373378689728515,6.385114022023774
2024-02-29 18:30:00,0.0696261723166499,0.0,0.0
2024-02-29 18:45:00,0.004871689863165704,0.0,0.0
2024-02-29 19:00:00,-0.05992464999375347,0.0,0.0
2024-02-29 19:15:00,-0.12448529604121913,0.0,0.0
2024-02-29 19:30:00,-0.1885336927098222,0.0,0.0
2024-02-29 19:45:00,-0.25179548200362767,0.0,0.0
2024-02-29 20:00:00,-0.31399966985967476,0.0,0.0
2024-02-29 20:15:00,-0.3748797788856306,0.0,0.0
2024-02-29 20:30:00,-0.43417500645349444,0.0,0.0
2024-02-29 20:45:00,-0.4916313333494945,0.0,0.0
2024-02-29 21:00:00,-0.5470026045332852,0.0,0.0
2024-02-29 21:15:00,-0.60005159907299,0.0,0.0
2024-02-29 21:30:00,-0.6505510382903743,0.0,0.0
2024-02-29 21:45:00,-0.698284553126746,0.0,0.0
2024-02-29 22:00:00,-0.7430476247171267,0.0,0.0
2024-02-29 22:15:00,-0.7846484532504698,0.0,0.0
2024-02-29 22:30:00,-0.8229087748093262,0.0,0.0
2024-02-29 22:45:00,-0.8576646363369602,0.0,0.0
2024-02-29 23:00:00,-0.8887670919165083,0.0,0.0
2024-02-29 23:15:00,-0.9160828375784602,0.0,0.0
2024-02-29 23:30:00,-0.9394947909348736,0.0,0.0
2024-02-29 23:45:00,-0.9589025880248951,0.0,0.0
2024-03-01 00:00:00,-0.9742230117407964,0.0,0.0
2024-03-01 00:15:00,-0.9853903537792459,0.0,0.0
2024-03-01 00:30:00,-0.9923566930090668,0.0,0.0
2024-03-01 00:45:00,-0.9950921009710016,0.0,0.0
2024-03-01 01:00:00,-0.9935847722773123,0.0,0.0
2024-03-01 01:15:00,-0.9878410737373468,0.0,0.0
2024-03-01 01:30:00,-0.9778855190533597,0.0,0.0
2024-03-01 01:45:00,-0.9637606626188193,0.0,0.0
2024-03-01 02:00:00,-0.945526917516857,0.0,0.0
2024-03-01 02:15:00,-0.9232623003603766,0.0,0.0
2024-03-01 02:30:00,-0.8970620925767199,0.0,0.0
2024-03-01 02:45:00,-0.8670384342418838,0.0,0.0
2024-03-01 03:00:00,-0.8333198488669945,0.0,0.0
2024-03-01 03:15:00,-0.7960506851682243,0.0,0.0
2024-03-01 03:30:00,-0.755390502346288,0.0,0.0
2024-03-01 03:45:00,-0.7115133930959724,0.0,0.0
2024-03-01 04:00:00,-0.6646072272598474,0.0,0.0
2024-03-01 04:15:00,-0.6148728522356843,0.0,0.0
2024-03-01 04:30:00,-0.5625232401330293,0.0,0.0
2024-03-01 04:45:00,-0.5077825624743626,0.0,0.0
2024-03-01 05:00:00,-0.45088523634332606,0.0,0.0
2024-03-01 05:15:00,-0.3920749286003882,0.0,0.0
2024-03-01 05:30:00,-0.33160349707824927,0.0,0.0
2024-03-01 05:45:00,-0.26972991919453226,0.0,0.0
2024-03-01 06:00:00,-0.20671919144965367,0.0,0.0
2024-03-01 06:15:00,-0.1428411778354651,0.0,0.0
2024-03-01 06:30:00,-0.0783694621248697,0.0,0.0
2024-03-01 06:45:00,-0.013580184853199853,0.0,0.0
2024-03-01 07:00:00,0.05124915667826167,0.0,0.0
2024-03-01 07:15:00,0.11584088842496303,27.912769710044603,19.521879349567534
2024-03-01 07:30:00,0.17991834031876014,79.21403222136573,55.08116995468165
2024-03-01 07:45:00,0.24320704866053405,6.0,4.147820459999999
2024-03-01 08:00:00,0.30543592299810485,8.0,5.4980856000000005
2024-03-01 08:15:00,0.3663383992368957,11.0,7.4931629850000006
2024-03-01 08:30:00,0.4256535981568951,15.0,10.12698855
2024-03-01 08:45:00,0.4831274343242842,18.0,12.006848699999999
2024-03-01 09:00:00,0.5385136972027104,22.0,14.541627870000001
2024-03-01 09:15:00,0.5915751213116773,26.0,17.02789452
2024-03-01 09:30:00,0.6420843945274226,31.0,20.114503605
2024-03-01 09:45:00,0.6898251256516754,34.0,21.854890259999998
2024-03-01 10:00:00,0.734592785037866,39.0,24.75351333
2024-03-01 10:15:00,0.7761955735141237,43.0,27.205416944999996
2024-03-01 10:30:00,0.814455239228232,45.0,28.288863225
2024-03-01 10:45:00,0.8492078525475523,48.0,30.077762399999997
2024-03-01 11:00:00,0.8803045022402698,88.0,54.78680592
2024-03-01 11:15:00,0.9076119301414834,230.61417895212224,143.1090089746005
2024-03-01 11:30:00,0.9310131105488646,199.5860786632932,123.45090131915096
2024-03-01 11:45:00,0.9504077468901719,310.8675331162774,191.6539609326871
2024-03-01 12:00:00,0.9657126997902011,232.5885523974824,142.92378613274957
2024-03-01 12:15:00,0.9768623487204686,244.67607288208657,150.3514698033733
2024-03-01 12:30:00,0.9838088699769078,356.01234106859135,218.04707968125288
2024-03-01 12:45:00,0.9865224417513997,355.19134650508397,217.54424467707958
2024-03-01 13:00:00,0.9849913740712175,295.5497412221365,181.01551699192572
2024-03-01 13:15:00,0.979222157422688,235.75066588907225,144.3903435362063
2024-03-01 13:30:00,0.9692394369128421,212.75391549530275,130.30551082937035
2024-03-01 13:45:00,0.9550859054878049,215.59577314939025,132.04606499241888
2024-03-01 14:00:00,0.9368221213390949,256.673264548121,157.20481935818214
2024-03-01 14:15:00,0.9145262521106844,71.0,43.485410115
2024-03-01 14:30:00,0.8882937355179288,222.43611229725101,136.68519372287338
2024-03-01 14:45:00,0.858236872493681,260.03829053727884,159.7914284257703
2024-03-01 15:00:00,0.8244843513475726,205.54278091886601,126.71985301689757
2024-03-01 15:15:00,0.7871806887021535,43.0,26.596989089999997
2024-03-01 15:30:00,0.7464856141411247,202.16916912524587,125.86594354400572
2024-03-01 15:45:00,0.7025733924263866,108.0,67.6749654
2024-03-01 16:00:00,0.655632066434509,186.94712232520783,117.52270163922553
2024-03-01 16:15:00,0.6058626567725474,30.0,19.041164100000003
2024-03-01 16:30:00,0.5534783082389523,24.0,15.329956319999999
2024-03-01 16:45:00,0.4987033637227076,19.0,12.251432655
2024-03-01 17:00:00,0.441772409653108,15.0,9.732824325000001
2024-03-01 17:15:00,0.3829292794288797,68.0,44.397041220000006
2024-03-01 17:30:00,0.32242599391699844,9.0,5.912463375
2024-03-01 17:45:00,0.26052168937712805,6.0,3.9658985099999997
2024-03-01 18:00:00,0.1974815162261998,20.0,13.300515899999999
2024-03-01 18:15:00,0.13357548681815798,10.140840091362897,6.743920243726483
2024-03-01 18:30:00,0.06907732705915882,0.0,0.0
2024-03-01 18:45:00,0.004263312824953257,0.0,0.0
2024-03-01 19:00:00,-0.060588930730885275,0.0,0.0
2024-03-01 19:15:00,-0.1252016096429714,0.0,0.0
2024-03-01 19:30:00,-0.18929794240093673,0.0,0.0
2024-03-01 19:45:00,-0.2526033628884546,0.0,0.0
2024-03-01 20:00:00,-0.3148466876378333,0.0,0.0
2024-03-01 20:15:00,-0.37576126936449733,0.0,0.0
2024-03-01 20:30:00,-0.4350861558357483,0.0,0.0
2024-03-01 20:45:00,-0.49256719912400593,0.0,0.0
2024-03-01 21:00:00,-0.5479581369867794,0.0,0.0
2024-03-01 21:15:00,-0.6010216632138816,0.0,0.0
2024-03-01 21:30:00,-0.6515304361524414,0.0,0.0
2024-03-01 21:45:00,-0.6992680463570735,0.0,0.0
2024-03-01 22:00:00,-0.7440299573443021,0.0,0.0
2024-03-01 22:15:00,-0.7856243744869731,0.0,0.0
2024-03-01 22:30:00,-0.8238730618920742,0.0,0.0
2024-03-01 22:45:00,-0.8586121172029098,0.0,0.0
2024-03-01 23:00:00,-0.889692667670466,0.0,0.0
2024-03-01 23:15:00,-0.9169815046383617,0.0,0.0
2024-03-01 23:30:00,-0.9403616627535141,0.0,0.0
2024-03-01 23:45:00,-0.959732916334231,0.0,0.0
2024-03-02 00:00:00,-0.9750122071464972,0.0,0.0
2024-03-02 00:15:00,-0.9861340057146126,0.0,0.0
2024-03-02 00:30:00,-0.9930505888712436,0.0,0.0
2024-03-02 00:45:00,-0.9957322444232459,0.0,0.0
2024-03-02 01:00:00,-0.99416740059394,0.0,0.0
2024-03-02 01:15:00,-0.9883626741381828,0.0,0.0
2024-03-02 01:30:00,-0.9783428439624878,0.0,0.0
2024-03-02 01:45:00,-0.9641507437517285,0.0,0.0
2024-03-02 02:00:00,-0.9458470787681502,0.0,0.0
2024-03-02 02:15:00,-0.9235101694276342,0.0,0.0
2024-03-02 02:30:00,-0.8972356112306499,0.0,0.0
2024-03-02 02:45:00,-0.8671358672655614,0.0,0.0
2024-03-02 03:00:00,-0.8333397915930566,0.0,0.0
2024-03-02 03:15:00,-0.7959920695551523,0.0,0.0
2024-03-02 03:30:00,-0.7552526016047858,0.0,0.0
2024-03-02 03:45:00,-0.7112958248436593,0.0,0.0
2024-03-02 04:00:00,-0.6643099551639122,0.0,0.0
2024-03-02 04:15:00,-0.6144961861417217,0.0,0.0
2024-03-02 04:30:00,-0.5620678347259818,0.0,0.0
2024-03-02 04:45:00,-0.5072494144234745,0.0,0.0
2024-03-02 05:00:00,-0.45027567994251927,0.0,0.0
2024-03-02 05:15:00,-0.39139062996196994,0.0,0.0
2024-03-02 05:30:00,-0.33084644690528586,0.0,0.0
2024-03-02 05:45:00,-0.2689024241026522,0.0,0.0
2024-03-02 06:00:00,-0.20582386393750962,0.0,0.0
2024-03-02 06:15:00,-0.14188092491472773,0.0,0.0
2024-03-02 06:30:00,-0.07734747268877297,0.0,0.0
2024-03-02 06:45:00,-0.012499915843539156,0.0,0.0
2024-03-02 07:00:00,0.05238399536370391,0.0,0.0
2024-03-02 07:15:00,0.11702634998481844,1.9362107998785474,1.3893881303929179
2024-03-02 07:30:00,0.18115025824542738,4.0,2.88649494
2024-03-02 07:45:00,0.24448105483984356,6.0,4.353998669999999
2024-03-02 08:00:00,0.3067474666977671,7.0,5.107964085
2024-03-02 08:15:00,0.36768276686259665,8.0,5.85384408
2024-03-02 08:30:00,0.4270259337396658,10.0,7.357732199999998
2024-03-02 08:45:00,0.48452276064501887,12.0,8.8535349
2024-03-02 09:00:00,0.5399269373696591,14.0,10.35742302
2024-03-02 09:15:00,0.593001120865448,16.0,11.83705488
2024-03-02 09:30:00,0.6435179438087213,19.0,14.05650267
2024-03-02 09:45:00,0.6912609824394456,21.0,15.493686075000003
2024-03-02 10:00:00,0.7360256973189435,24.0,17.7070698
2024-03-02 10:15:00,0.7776203023166096,27.0,19.920453525000003
2024-03-02 10:30:00,0.8158665813557071,31.0,22.808969819999998
2024-03-02 10:45:00,0.8506006631861711,33.0,24.280516259999995
2024-03-02 11:00:00,0.8816737173163248,35.0,25.681315275
2024-03-02 11:15:00,0.9089525883029097,38.0,27.805759379999998
2024-03-02 11:30:00,0.9323203747302773,41.0,30.00095091
2024-03-02 11:45:00,0.9516769253108965,43.0,31.377493665
2024-03-02 12:00:00,0.9669392663235995,44.0,32.0182632
2024-03-02 12:15:00,0.9780419625699748,44.0,32.0182632
2024-03-02 12:30:00,0.9849373945031732,44.0,32.0182632
2024-03-02 12:45:00,0.987595962453834,47.0,34.106322915
2024-03-02 13:00:00,0.986006215574897,45.0,32.654990025
2024-03-02 13:15:00,0.9801748994376955,46.0,33.38065647
2024-03-02 13:30:00,0.9701269290880006,182.910380787264,132.73192577949015
2024-03-02 13:45:00,0.9559052810840423,160.0,116.10663119999998
2024-03-02 14:00:00,0.9375708096671029,50.0,36.28332225
2024-03-02 14:15:00,0.9152019897024362,220.98242387642924,160.3595299418915
2024-03-02 14:30:00,0.8888945759354523,459.2233880667677,334.1712569708524
2024-03-02 14:45:00,0.8587611947935276,235.8927462854576,171.6562735804228
2024-03-02 15:00:00,0.8249308670828732,95.0,69.130341
2024-03-02 15:15:00,0.7875484475353643,208.96342050317193,152.48252100127928
2024-03-02 15:30:00,0.7467740079441856,301.38546289769295,220.53293847271496
2024-03-02 15:45:00,0.7027821579207687,90.0,66.03766784999999
2024-03-02 16:00:00,0.6557612863229942,24.0,17.658557279999997
2024-03-02 16:15:00,0.6059127593705804,22.0,16.23148065
2024-03-02 16:30:00,0.5534500656031096,20.0,14.7558915
2024-03-02 16:45:00,0.4985978882870038,12.0,8.87779116
2024-03-02 17:00:00,0.4415911493679674,68.0,50.44493538
2024-03-02 17:15:00,0.38267401148258573,52.0,38.57553882
2024-03-02 17:30:00,0.3220988170092405,7.0,5.207010479999999
2024-03-02 17:45:00,0.2601250145664313,24.0,17.852607359999997
2024-03-02 18:00:00,0.19701805648330736,14.0,10.44231993
2024-03-02 18:15:00,0.133048245209119,5.0,3.7293999749999998
2024-03-02 18:30:00,0.06848958367738103,0.0,0.0
2024-03-02 18:45:00,0.0036186105635780605,0.0,0.0
2024-03-02 19:00:00,-0.06128680159225803,0.0,0.0
2024-03-02 19:15:00,-0.12594862790261507,0.0,0.0
2024-03-02 19:30:00,-0.19008987343197353,0.0,0.0
2024-03-02 19:45:00,-0.2534357769969773,0.0,0.0
2024-03-02 20:00:00,-0.3157149793599711,0.0,0.0
2024-03-02 20:15:00,-0.3766606774378939,0.0,0.0
2024-03-02 20:30:00,-0.43601178391257633,0.0,0.0
2024-03-02 20:45:00,-0.4935140370366447,0.0,0.0
2024-03-02 21:00:00,-0.5489210825124778,0.0,0.0
2024-03-02 21:15:00,-0.6019955442557805,0.0,0.0
2024-03-02 21:30:00,-0.6525100331675829,0.0,0.0
2024-03-02 21:45:00,-0.7002481150882462,0.0,0.0
2024-03-02 22:00:00,-0.7450052515481642,0.0,0.0
2024-03-02 22:15:00,-0.7865896687741434,0.0,0.0
2024-03-02 22:30:00,-0.82482317438739,0.0,0.0
2024-03-02 22:45:00,-0.859541932075853,0.0,0.0
2024-03-02 23:00:00,-0.8905971573394103,0.0,0.0
2024-03-02 23:15:00,-0.9178557516260908,0.0,0.0
2024-03-02 23:30:00,-0.9412008810318868,0.0,0.0
2024-03-02 23:45:00,-0.9605324721101114,0.0,0.0
2024-03-03 00:00:00,-0.9757676390033174,0.0,0.0
2024-03-03 00:15:00,-0.9868410439724673,0.0,0.0
2024-03-03 00:30:00,-0.9937051741344285,0.0,0.0
2024-03-03 00:45:00,-0.9963305452119726,0.0,0.0
2024-03-03 01:00:00,-0.9947058299760706,0.0,0.0
2024-03-03 01:15:00,-0.9888379053072274,0.0,0.0
2024-03-03 01:30:00,-0.9787518246888982,0.0,0.0
2024-03-03 01:45:00,-0.9644907096243431,0.0,0.0
2024-03-03 02:00:00,-0.9461155651977801,0.0,0.0
2024-03-03 02:15:00,-0.9237050223544474,0.0,0.0
2024-03-03 02:30:00,-0.8973549964641722,0.0,0.0
2024-03-03 02:45:00,-0.8671782784441888,0.0,0.0
2024-03-03 03:00:00,-0.833304056733932,0.0,0.0
2024-03-03 03:15:00,-0.7958773561197477,0.0,0.0
2024-03-03 03:30:00,-0.7550584201149486,0.0,0.0
2024-03-03 03:45:00,-0.7110220309965272,0.0,0.0
2024-03-03 04:00:00,-0.6639567504587591,0.0,0.0
2024-03-03 04:15:00,-0.6140641169706338,0.0,0.0
2024-03-03 04:30:00,-0.5615577900410293,0.0,0.0
2024-03-03 04:45:00,-0.506662621817459,0.0,0.0
2024-03-03 05:00:00,-0.44961370033145354,0.0,0.0
2024-03-03 05:15:00,-0.39065535082775904,0.0,0.0
2024-03-03 05:30:00,-0.33004007400690505,0.0,0.0
2024-03-03 05:45:00,-0.26802747195938814,0.0,0.0
2024-03-03 06:00:00,-0.20488314486804757,0.0,0.0
2024-03-03 06:15:00,-0.1408775368252737,0.0,0.0
2024-03-03 06:30:00,-0.07628478561769189,0.0,0.0
2024-03-03 06:45:00,-0.011381557280760492,0.0,0.0
2024-03-03 07:00:00,0.05355415617613119,0.0,0.0
2024-03-03 07:15:00,0.11824421895874246,2.0,1.54027251
2024-03-03 07:30:00,0.18241153415051986,4.0,3.0724595999999997
2024-03-03 07:45:00,0.24578124803481272,6.0,4.59656127
2024-03-03 08:00:00,0.30808191862913015,9.0,6.858457515
2024-03-03 08:15:00,0.36904667030032823,12.0,9.096097499999999
2024-03-03 08:30:00,0.42841435366080605,15.0,11.309481225000003
2024-03-03 08:45:00,0.485930655680052,19.0,14.286937139999997
2024-03-03 09:00:00,0.541349181713864,53.0,39.63877155
2024-03-03 09:15:00,0.5944325265244799,194.6381142240912,144.3898102135197
2024-03-03 09:30:00,0.644953283153854,254.81458084584705,187.48574465189918
2024-03-03 09:45:00,0.6926950109153628,298.05538656089686,217.49374427055042
2024-03-03 10:00:00,0.7374531762157284,267.78389456861106,193.78050048565305
2024-03-03 10:15:00,0.7790360215221965,223.8130086026215,160.151562577399
2024-03-03 10:30:00,0.8172653820045763,421.89479174897934,297.62690222473964
2024-03-03 10:45:00,0.8519774600725207,454.3988834364622,316.883001984905
2024-03-03 11:00:00,0.8830235209539534,435.2951632088498,300.04114462815636
2024-03-03 11:15:00,0.9102705266274063,298.1416326449785,204.29837707087566
2024-03-03 11:30:00,0.9336017142424982,153.0,104.22308515499999
2024-03-03 11:45:00,0.9529170916371492,404.1033775302635,273.6401882003747
2024-03-03 12:00:00,0.9681338640952362,469.02888279885684,315.7086011708311
2024-03-03 12:15:00,0.979186794498005,494.33687583164885,332.7436951103453
2024-03-03 12:30:00,0.9860284796187435,459.09987322814914,309.02527347494544
2024-03-03 12:45:00,0.9886295533946834,519.7600220187526,349.8562999294693
2024-03-03 13:00:00,0.9869788148565437,542.0962757130093,364.89108279215867
2024-03-03 13:15:00,0.9810832746392584,492.7274065125917,331.6603432614895
2024-03-03 13:30:00,0.9709681268976986,446.1387608773939,300.3010033927771
2024-03-03 13:45:00,0.9566766401164606,536.559070268067,361.1639277074089
2024-03-03 14:00:00,0.9382699720155809,551.8390522203315,371.4490549244758
2024-03-03 14:15:00,0.9158269111922661,915.9075277178085,618.3590030704703
2024-03-03 14:30:00,0.8894435349762,543.8430441224316,367.1661520550006
2024-03-03 14:45:00,0.8592327998605889,850.2948902755058,575.7805223575032
2024-03-03 15:00:00,0.8253240627645284,808.9358233583141,547.7740678601891
2024-03-03 15:15:00,0.7878625191012799,760.5010790226071,516.5135332854813
2024-03-03 15:30:00,0.7470085844442178,711.210288193141,484.4740550945479
2024-03-03 15:45:00,0.7029372138163463,658.9525735366492,450.20825279703666
2024-03-03 16:00:00,0.6558371415478867,602.8514332199799,413.0975212319703
2024-03-03 16:15:00,0.6059100779586828,313.1425303472162,215.84352682562908
2024-03-03 16:30:00,0.5533698528099692,242.15994335860444,167.89548582151772
2024-03-03 16:45:00,0.49844148618938444,175.3394730775066,121.9216222872887
2024-03-03 17:00:00,0.4413602310461656,139.7501787147394,97.7397139835925
2024-03-03 17:15:00,0.3823705737582726,104.41275213046326,73.44722302677006
2024-03-03 17:30:00,0.3217251717434314,73.2952054957898,52.00262616683471
2024-03-03 17:45:00,0.2596837786325842,45.81778645042809,32.69274614086829
2024-03-03 18:00:00,0.19651214037675535,24.0,17.221944599999997
2024-03-03 18:15:00,0.13248084039671681,9.0,6.44003703
2024-03-03 18:30:00,0.06786414875174188,0.0,0.0
2024-03-03 18:45:00,0.0029388562016411934,0.0,0.0
2024-03-03 19:00:00,-0.062016928759780834,0.0,0.0
2024-03-03 19:15:00,-0.1267249624089454,0.0,0.0
2024-03-03 19:30:00,-0.19090804909479617,0.0,0.0
2024-03-03 19:45:00,-0.25429124590072893,0.0,0.0
2024-03-03 20:00:00,-0.3166030315850165,0.0,0.0
2024-03-03 20:15:00,-0.3775764615324799,0.0,0.0
2024-03-03 20:30:00,-0.43695032798656547,0.0,0.0
2024-03-03 20:45:00,-0.49447027033923996,0.0,0.0
2024-03-03 21:00:00,-0.549889857458971,0.0,0.0
2024-03-03 21:15:00,-0.6029716587926257,0.0,0.0
2024-03-03 21:30:00,-0.6534882533979465,0.0,0.0
2024-03-03 21:45:00,-0.7012231979617994,0.0,0.0
2024-03-03 22:00:00,-0.7459719676707401,0.0,0.0
2024-03-03 22:15:00,-0.787542825110974,0.0,0.0
2024-03-03 22:30:00,-0.8257576368265827,0.0,0.0
2024-03-03 22:45:00,-0.8604526477116758,0.0,0.0
2024-03-03 23:00:00,-0.8914791764406429,0.0,0.0
2024-03-03 23:15:00,-0.9187042491252453,0.0,0.0
2024-03-03 23:30:00,-0.9420111774947857,0.0,0.0
2024-03-03 23:45:00,-0.9613000540453038,0.0,0.0
2024-03-04 00:00:00,-0.9764881784814309,0.0,0.0
2024-03-04 00:15:00,-0.9875104174116803,0.0,0.0
2024-03-04 00:30:00,-0.9943194802115483,0.0,0.0
2024-03-04 00:45:00,-0.9968861218160813,0.0,0.0
2024-03-04 01:00:00,-0.9951992701068801,0.0,0.0
2024-03-04 01:15:00,-0.9892660718683219,0.0,0.0
2024-03-04 01:30:00,-0.9791118641229117,0.0,0.0
2024-03-04 01:45:00,-0.964780064296722,0.0,0.0
2024-03-04 02:00:00,-0.9463319845009333,0.0,0.0
2024-03-04 02:15:00,-0.9238465724888032,0.0,0.0
2024-03-04 02:30:00,-0.8974200688361988,0.0,0.0
2024-03-04 02:45:00,-0.8671655966411569,0.0,0.0
2024-03-04 03:00:00,-0.8332126820737821,0.0,0.0
2024-03-04 03:15:00,-0.7957066917176052,0.0,0.0
2024-03-04 03:30:00,-0.754808213472469,0.0,0.0
2024-03-04 03:45:00,-0.7106923751111163,0.0,0.0
2024-03-04 04:00:00,-0.6635480833908791,0.0,0.0
2024-03-04 04:15:00,-0.6135772199694343,0.0,0.0
2024-03-04 04:30:00,-0.5609937841148809,0.0,0.0
2024-03-04 04:45:00,-0.5060229628838375,0.0,0.0
2024-03-04 05:00:00,-0.4489001728725931,0.0,0.0
2024-03-04 05:15:00,-0.38987006015186804,0.0,0.0
2024-03-04 05:30:00,-0.3291854371040443,0.0,0.0
2024-03-04 05:45:00,-0.26710620695972614,0.0,0.0
2024-03-04 06:00:00,-0.20389825929554853,0.0,0.0
2024-03-04 06:15:00,-0.13983231448818745,0.0,0.0
2024-03-04 06:30:00,-0.0751827723421671,0.0,0.0
2024-03-04 06:45:00,-0.010226545528022636,0.0,0.0
2024-03-04 07:00:00,0.0547581438146825,0.0,0.0
2024-03-04 07:15:00,0.11949294720714128,2.0,1.29770991
2024-03-04 07:30:00,0.18370057346283306,4.0,2.5873344
2024-03-04 07:45:00,0.24710599382946685,5.0,3.2139544499999997
2024-03-04 08:00:00,0.30943761129810177,6.0,3.8446172099999996
2024-03-04 08:15:00,0.37042841588787934,8.0,5.10998544
2024-03-04 08:30:00,0.42981714511336633,9.0,5.730541425
2024-03-04 08:45:00,0.4873493946091477,11.0,6.98176017
2024-03-04 09:00:00,0.542778700534231,15.0,9.490261725
2024-03-04 09:15:00,0.5958676109036527,18.0,11.315545290000001
2024-03-04 09:30:00,0.6463886946505852,17.0,10.65254085
2024-03-04 09:45:00,0.6941255097576641,40.0,24.9030936
2024-03-04 10:00:00,0.738873544039814,77.0,47.78281084500001
2024-03-04 10:15:00,0.7804410840639309,107.0,65.966920425
2024-03-04 10:30:00,0.8186500315567742,47.0,28.786116555000003
2024-03-04 10:45:00,0.853336677670879,174.70667335534176,106.29640652377624
2024-03-04 11:00:00,0.8843523981850845,310.52373429836473,187.67593217985865
2024-03-04 11:15:00,0.9115642869462806,356.83670724264874,215.66680504817083
2024-03-04 11:30:00,0.9348557337249164,427.33581258541386,258.2754170531282
2024-03-04 11:45:00,0.9541269190464893,461.8437993712523,278.1979813772672
2024-03-04 12:00:00,0.9692952402465259,309.8946286488749,186.66930301357885
2024-03-04 12:15:00,0.9802956707379964,115.0,69.27183585
2024-03-04 12:30:00,0.9870810354085727,209.90956724786,126.86622423798512
2024-03-04 12:45:00,0.9896222129199529,231.89622212919954,140.62337642459045
2024-03-04 13:00:00,0.9879082625454769,282.72189003854595,171.44439181165953
2024-03-04 13:15:00,0.9819464695658167,270.6389293913163,165.21132064217483
2024-03-04 13:30:00,0.9717623159986495,267.435246319973,163.79621641450802
2024-03-04 13:45:00,0.9573993701400789,256.2331886625214,157.97116230602393
2024-03-04 14:00:00,0.9389191001741228,225.32811010191534,139.37323921048747
2024-03-04 14:15:00,0.9164006144794339,54.0,33.510023190000005
2024-03-04 14:30:00,0.8899403180780687,229.34910477117103,142.78755557981697
2024-03-04 14:45:00,0.8596515016441205,215.17546952137357,134.39831745906218
2024-03-04 15:00:00,0.8256638613329599,132.0,82.7138466
2024-03-04 15:15:00,0.7881229353658843,103.0,64.75006471500001
2024-03-04 15:30:00,0.7471894841709303,47.0,29.546146035000003
2024-03-04 15:45:00,0.7030388082569238,67.0,42.25440492
2024-03-04 16:00:00,0.6558599864892454,28.0,17.65855728
2024-03-04 16:15:00,0.605855071300837,85.0,53.778149774999996
2024-03-04 16:30:00,0.5532382306909496,45.0,28.561746149999998
2024-03-04 16:45:00,0.4982348176120346,41.0,26.02292427
2024-03-04 17:00:00,0.44108041104491413,28.0,17.828351100000003
2024-03-04 17:15:00,0.38201981517563427,22.0,14.05245996
2024-03-04 17:30:00,0.32130599562049067,18.0,11.53385163
2024-03-04 17:45:00,0.2591990032448804,13.0,8.330003955
2024-03-04 18:00:00,0.19596486901427107,10.0,6.427908899999999
2024-03-04 18:15:00,0.13187444785372046,5.0,3.2139544499999997
2024-03-04 18:30:00,0.06720226670335064,0.0,0.0
2024-03-04 18:45:00,0.002225357392982623,0.0,0.0
2024-03-04 19:00:00,-0.06277794727870893,0.0,0.0
2024-03-04 19:15:00,-0.12752919718021655,0.0,0.0
2024-03-04 19:30:00,-0.19175100885353868,0.0,0.0
2024-03-04 19:45:00,-0.25516827111888485,0.0,0.0
2024-03-04 20:00:00,-0.31750931471724003,0.0,0.0
2024-03-04 20:15:00,-0.37850706788782124,0.0,0.0
2024-03-04 20:30:00,-0.43790021714782895,0.0,0.0
2024-03-04 20:45:00,-0.4954343181027282,0.0,0.0
2024-03-04 21:00:00,-0.550862878051129,0.0,0.0
2024-03-04 21:15:00,-0.6039484274110007,0.0,0.0
2024-03-04 21:30:00,-0.6544635289108373,0.0,0.0
2024-03-04 21:45:00,-0.7021917456682572,0.0,0.0
2024-03-04 22:00:00,-0.7469285820384426,0.0,0.0
2024-03-04 22:15:00,-0.7884823523777542,0.0,0.0
2024-03-04 22:30:00,-0.8266749974004624,0.0,0.0
2024-03-04 22:45:00,-0.8613428582441349,0.0,0.0
2024-03-04 23:00:00,-0.892337371451077,0.0,0.0
2024-03-04 23:15:00,-0.9195257021515157,0.0,0.0
2024-03-04 23:30:00,-0.9427913216131588,0.0,0.0
2024-03-04 23:45:00,-0.9620345017148119,0.0,0.0
2024-03-05 00:00:00,-0.9771727405962889,0.0,0.0
2024-03-05 00:15:00,-0.9881411215051872,0.0,0.0
2024-03-05 00:30:00,-0.9948925877069014,0.0,0.0
2024-03-05 00:45:00,-0.9973981442720778,0.0,0.0
2024-03-05 01:00:00,-0.9956469843640594,0.0,0.0
2024-03-05 01:15:00,-0.9896465340505678,0.0,0.0
2024-03-05 01:30:00,-0.9794224224305152,0.0,0.0
2024-03-05 01:45:00,-0.9650183705278252,0.0,0.0
2024-03-05 02:00:00,-0.9464960042355955,0.0,0.0
2024-03-05 02:15:00,-0.923934593958802,0.0,0.0
2024-03-05 02:30:00,-0.8974307103274887,0.0,0.0
2024-03-05 02:45:00,-0.8670978125093969,0.0,0.0
2024-03-05 03:00:00,-0.8330657673038007,0.0,0.0
2024-03-05 03:15:00,-0.7954802849580042,0.0,0.0
2024-03-05 03:30:00,-0.7545022986256849,0.0,0.0
2024-03-05 03:45:00,-0.710307281413355,0.0,0.0
2024-03-05 04:00:00,-0.6630844839580057,0.0,0.0
2024-03-05 04:15:00,-0.61303612888373,0.0,0.0
2024-03-05 04:30:00,-0.5603765520441935,0.0,0.0
2024-03-05 04:45:00,-0.5053312711832503,0.0,0.0
2024-03-05 05:00:00,-0.44813602629405536,0.0,0.0
2024-03-05 05:15:00,-0.3890357781476984,0.0,0.0
2024-03-05 05:30:00,-0.32828364375775787,0.0,0.0
2024-03-05 05:45:00,-0.2661398195774252,0.0,0.0
2024-03-05 06:00:00,-0.20287047572298914,0.0,0.0
2024-03-05 06:15:00,-0.13874659925515828,0.0,0.0
2024-03-05 06:30:00,-0.07404284157372125,0.0,0.0
2024-03-05 06:45:00,-0.009036350847292603,0.0,0.0
2024-03-05 07:00:00,0.05599443247090309,0.0,0.0
2024-03-05 07:15:00,0.12077095969895335,2.0,1.28153907
2024-03-05 07:30:00,0.18501575842276263,4.0,2.55499272
2024-03-05 07:45:00,0.24845363843634993,7.0,4.47123726
2024-03-05 08:00:00,0.3108128617596027,9.0,5.730541425
2024-03-05 08:15:00,0.3718262984775772,8.0,5.07764376
2024-03-05 08:30:00,0.4312325878323358,16.0,10.12294584
2024-03-05 08:45:00,0.4887772491869077,20.0,12.6132552
2024-03-05 09:00:00,0.544213764758296,13.0,8.172338265
2024-03-05 09:15:00,0.5973046512684173,29.0,18.113362154999997
2024-03-05 09:30:00,0.6478224690798546,33.0,20.478347505000002
2024-03-05 09:45:00,0.695550790346426,37.0,22.810991174999998
2024-03-05 10:00:00,0.7402851397945331,57.0,35.02603944
2024-03-05 10:15:00,0.7818338634231208,43.0,26.24931603
2024-03-05 10:30:00,0.8200189446944948,48.0,29.107512
2024-03-05 10:45:00,0.8546767784293349,36.0,21.68509644
2024-03-05 11:00:00,0.8856588655587045,40.0,23.932843199999997
2024-03-05 11:15:00,0.9128324460278354,78.0,46.66904424
2024-03-05 11:30:00,0.9360810760082242,36.0,21.4667901
2024-03-05 11:45:00,0.9553051220120227,71.0,42.337280475
2024-03-05 12:00:00,0.9704221861414044,492.79430476088714,292.85699617858324
2024-03-05 12:15:00,0.9813674644563364,529.1058000713742,314.43613242396214
2024-03-05 12:30:00,0.988094021413894,479.202197233498,284.77950067234167
2024-03-05 12:45:00,0.9905729911334229,459.75563482961184,274.152158616098
2024-03-05 13:00:00,0.9887937031098704,320.58536701506523,191.16496619010746
2024-03-05 13:15:00,0.9827637264397282,327.29331278402884,195.1649124074554
2024-03-05 13:30:00,0.9725088393333337,397.58077786133333,237.07730850399918
2024-03-05 13:45:00,0.9580729173433762,361.19088546200624,215.37802567350082
2024-03-05 14:00:00,0.939517745664437,441.3510376300145,263.1775023672423
2024-03-05 14:15:00,0.9169227580455352,381.775353046508,227.65253803341062
2024-03-05 14:30:00,0.8903846918427045,285.7250029818655,170.95529236711297
2024-03-05 14:45:00,0.8600171755705401,371.4820267173237,223.01642447821314
2024-03-05 15:00:00,0.8259502472602903,308.12031829726146,184.977702159553
2024-03-05 15:15:00,0.7883297895768175,311.8913300097977,188.50248671221442
2024-03-05 15:30:00,0.7473169084476249,254.34438068996224,154.23608568886758
2024-03-05 15:45:00,0.7030872494482854,258.6531544547594,157.89461380091583
2024-03-05 16:00:00,0.6558302345672375,179.08409539504646,109.68373708911801
2024-03-05 16:15:00,0.6057482559447911,159.1149651188958,98.41811607727912
2024-03-05 16:30:00,0.5530558163852863,192.45668857636406,120.20819652881839
2024-03-05 16:45:00,0.49797859726614857,213.64019031337443,134.734912069958
2024-03-05 17:00:00,0.4407524982207118,149.75299232740903,95.35174733888051
2024-03-05 17:15:00,0.38162263493399007,116.00332025498324,74.5658774696557
2024-03-05 17:30:00,0.3208422739494046,11.0,7.15963941
2024-03-05 17:45:00,0.25867175525617,8.0,5.271693839999999
2024-03-05 18:00:00,0.19537738584637637,5.0,3.3352357499999994
2024-03-05 18:15:00,0.13123028238577442,14.0,9.36695907
2024-03-05 18:30:00,0.06650521808428367,0.0,0.0
2024-03-05 18:45:00,0.0014794545998410014,0.0,0.0
2024-03-05 19:00:00,-0.06356846298792965,0.0,0.0
2024-03-05 19:15:00,-0.12835989064168876,0.0,0.0
2024-03-05 19:30:00,-0.19261727028997042,0.0,0.0
2024-03-05 19:45:00,-0.2560653361436274,0.0,0.0
2024-03-05 20:00:00,-0.31843228502584614,0.0,0.0
2024-03-05 20:15:00,-0.37945093254272255,0.0,0.0
2024-03-05 20:30:00,-0.43885987435122514,0.0,0.0
2024-03-05 20:45:00,-0.49640459732092934,0.0,0.0
2024-03-05 21:00:00,-0.5518385624972448,0.0,0.0
2024-03-05 21:15:00,-0.6049242767096726,0.0,0.0
2024-03-05 21:30:00,-0.6554343018288168,0.0,0.0
2024-03-05 21:45:00,-0.7031522229045406,0.0,0.0
2024-03-05 22:00:00,-0.7478735888831003,0.0,0.0
2024-03-05 22:15:00,-0.7894067812026397,0.0,0.0
2024-03-05 22:30:00,-0.8275738298328881,0.0,0.0
2024-03-05 22:45:00,-0.8622111869714753,0.0,0.0
2024-03-05 23:00:00,-0.8931704215314771,0.0,0.0
2024-03-05 23:15:00,-0.9203188517548826,0.0,0.0
2024-03-05 23:30:00,-0.9435401221018066,0.0,0.0
2024-03-05 23:45:00,-0.9627346969698154,0.0,0.0
2024-03-06 00:00:00,-0.977820285513094,0.0,0.0
2024-03-06 00:15:00,-0.9887321995515965,0.0,0.0
2024-03-06 00:30:00,-0.995423627510629,0.0,0.0
2024-03-06 00:45:00,-0.9978658351430412,0.0,0.0
2024-03-06 01:00:00,-0.9960482906690064,0.0,0.0
2024-03-06 01:15:00,-0.989978708403998,0.0,0.0
2024-03-06 01:30:00,-0.9796830176428946,0.0,0.0
2024-03-06 01:45:00,-0.9652052502269652,0.0,0.0
2024-03-06 02:00:00,-0.9466073521561571,0.0,0.0
2024-03-06 02:15:00,-0.9239689218367311,0.0,0.0
2024-03-06 02:30:00,-0.8973868643734311,0.0,0.0
2024-03-06 02:45:00,-0.8669749784129747,0.0,0.0
2024-03-06 03:00:00,-0.832863473791686,0.0,0.0
2024-03-06 03:15:00,-0.7951984058495515,0.0,0.0
2024-03-06 03:30:00,-0.7541410533679733,0.0,0.0
2024-03-06 03:45:00,-0.7098672341469144,0.0,0.0
2024-03-06 04:00:00,-0.6625665410716309,0.0,0.0
2024-03-06 04:15:00,-0.6124415350797306,0.0,0.0
2024-03-06 04:30:00,-0.559706884936566,0.0,0.0
2024-03-06 04:45:00,-0.5045884344705553,0.0,0.0
2024-03-06 05:00:00,-0.4473222414874203,0.0,0.0
2024-03-06 05:15:00,-0.3881535749113546,0.0,0.0
2024-03-06 05:30:00,-0.32733584894301143,0.0,0.0
2024-03-06 05:45:00,-0.26512954493748886,0.0,0.0
2024-03-06 06:00:00,-0.20180110443202168,0.0,0.0
2024-03-06 06:15:00,-0.13762177117573374,0.0,0.0
2024-03-06 06:30:00,-0.07286643749568537,0.0,0.0
2024-03-06 06:45:00,-0.007812475615255436,0.0,0.0
2024-03-06 07:00:00,0.05726146777459741,0.0,0.0
2024-03-06 07:15:00,0.1220766564956187,3.0,2.0435899049999997
2024-03-06 07:30:00,0.18635545014579802,5.0,3.3655560749999998
2024-03-06 07:45:00,0.24982251081586337,6.0,4.002282899999999
2024-03-06 08:00:00,0.31220597370749775,7.0,4.61273211
2024-03-06 08:15:00,0.37323860357730354,13.0,8.461392029999999
2024-03-06 08:30:00,0.4326589562172375,16.0,10.316995920000002
2024-03-06 08:45:00,0.49021248982688226,11.0,7.003995075000001
2024-03-06 09:00:00,0.5456526480481713,13.0,8.19861588
2024-03-06 09:15:00,0.598741931702793,15.0,9.368980425
2024-03-06 09:30:00,0.6492529080356793,18.0,11.170007730000002
2024-03-06 09:45:00,0.6969691788435246,38.0,23.35069296
2024-03-06 10:00:00,0.7416863211196704,23.0,13.993840664999999
2024-03-06 10:15:00,0.7832127555230148,25.0,15.160162499999998
2024-03-06 10:30:00,0.821370562267161,48.0,28.91346192
2024-03-06 10:45:00,0.8559962545583235,52.0,31.112696160000002
2024-03-06 11:00:00,0.8869414728694789,58.0,34.58538405
2024-03-06 11:15:00,0.914073617216584,76.0,45.16515612
2024-03-06 11:30:00,0.9372764236817567,88.0,52.118617320000006
2024-03-06 11:45:00,0.9564504577486692,164.0,96.79864823999999
2024-03-06 12:00:00,0.9715135386890879,279.34481138984904,164.31461408703615
2024-03-06 12:15:00,0.9824010969790165,276.63042303655936,162.71797202830575
2024-03-06 12:30:00,0.989066447736587,333.54079080493665,195.51926010727868
2024-03-06 12:45:00,0.9914809908859754,414.22477017062374,242.81563998938995
2024-03-06 13:00:00,0.9896343357178272,436.85977692896097,256.0841213743295
2024-03-06 13:15:00,0.9835343438999571,414.43576267049593,242.9393223053179
2024-03-06 13:30:00,0.9732070977304088,457.329372389066,268.08325392239516
2024-03-06 13:45:00,0.9586967870312659,432.96100801781444,254.67385842329816
2024-03-06 14:00:00,0.9400655200833377,491.3727108961675,289.0324576357551
2024-03-06 14:15:00,0.9173930611618182,539.3656987583381,318.35286918798886
2024-03-06 14:30:00,0.8907764841125523,594.8397228674452,351.0956164208836
2024-03-06 14:45:00,0.8603297584592706,507.77497043626994,300.7332882822985
2024-03-06 15:00:00,0.8261832663157636,423.88901979578424,251.90807574513636
2024-03-06 15:15:00,0.7884832359292873,272.9435444479694,162.7561604948494
2024-03-06 15:30:00,0.747391118913961,376.215179377362,225.09747243745696
2024-03-06 15:45:00,0.7030829050285001,378.98922368729603,227.52331338719094
2024-03-06 16:00:00,0.6557483575303968,380.839474409727,229.4039091870512
2024-03-06 16:15:00,0.6055902053685014,331.0155693514969,201.39909283213498
2024-03-06 16:30:00,0.552823282268899,356.03095106923996,218.0584777588648
2024-03-06 16:45:00,0.4976735932179224,292.1345766770671,180.10484460791724
2024-03-06 17:00:00,0.4403773526913984,270.1603748938443,168.19572757481234
2024-03-06 17:15:00,0.38117998114602214,220.56609255267875,139.10282069168784
2024-03-06 17:30:00,0.32033503844638905,169.75793353312895,108.43257108484708
2024-03-06 17:45:00,0.2581031451931496,120.39853097717227,77.87781522667586
2024-03-06 18:00:00,0.19475087507514077,74.23469426668126,48.767767889563935
2024-03-06 18:15:00,0.13054959637261027,30.18550923363364,19.891095385526196
2024-03-06 18:30:00,0.06577431775848228,0.0,0.0
2024-03-06 18:45:00,0.0007025191130784827,0.0,0.0
2024-03-06 19:00:00,-0.06438705437044825,0.0,0.0
2024-03-06 19:15:00,-0.12921557756237828,0.0,0.0
2024-03-06 19:30:00,-0.1935053310960608,0.0,0.0
2024-03-06 19:45:00,-0.25698090842352056,0.0,0.0
2024-03-06 20:00:00,-0.31937038670105244,0.0,0.0
2024-03-06 20:15:00,-0.3804064834930501,0.0,0.0
2024-03-06 20:30:00,-0.4398277184862389,0.0,0.0
2024-03-06 20:45:00,-0.4973795249708276,0.0,0.0
2024-03-06 21:00:00,-0.5528153330371414,0.0,0.0
2024-03-06 21:15:00,-0.6058976413092281,0.0,0.0
2024-03-06 21:30:00,-0.6563990262773176,0.0,0.0
2024-03-06 21:45:00,-0.7041031103267186,0.0,0.0
2024-03-06 22:00:00,-0.7488055023002986,0.0,0.0
2024-03-06 22:15:00,-0.7903146658603899,0.0,0.0
2024-03-06 22:30:00,-0.8284527351668782,0.0,0.0
2024-03-06 22:45:00,-0.8630562880636024,0.0,0.0
2024-03-06 23:00:00,-0.8939770401260847,0.0,0.0
2024-03-06 23:15:00,-0.9210824765599689,0.0,0.0
2024-03-06 23:30:00,-0.9442564283818766,0.0,0.0
2024-03-06 23:45:00,-0.9633995653276961,0.0,0.0
2024-03-07 00:00:00,-0.9784298198081265,0.0,0.0
2024-03-07 00:15:00,-0.9892827438114085,0.0,0.0
2024-03-07 00:30:00,-0.9959117818182615,0.0,0.0
2024-03-07 00:45:00,-0.9982884704192185,0.0,0.0
2024-03-07 01:00:00,-0.996402562262735,0.0,0.0
2024-03-07 01:15:00,-0.9902620684544244,0.0,0.0
2024-03-07 01:30:00,-0.979893226163252,0.0,0.0
2024-03-07 01:45:00,-0.9653403848329429,0.0,0.0
2024-03-07 02:00:00,-0.9466658164196484,0.0,0.0
2024-03-07 02:15:00,-0.9239494522551615,0.0,0.0
2024-03-07 02:30:00,-0.8972885358373832,0.0,0.0
2024-03-07 02:45:00,-0.8667972082452735,0.0,0.0
2024-03-07 03:00:00,-0.8326060243009057,0.0,0.0
2024-03-07 03:15:00,-0.7948613853551645,0.0,0.0
2024-03-07 03:30:00,-0.7537249157390837,0.0,0.0
2024-03-07 03:45:00,-0.7093727768612008,0.0,0.0
2024-03-07 04:00:00,-0.6619949017534281,0.0,0.0
2024-03-07 04:15:00,-0.6117941865542209,0.0,0.0
2024-03-07 04:30:00,-0.5589856288874876,0.0,0.0
2024-03-07 04:45:00,-0.5037953935636308,0.0,0.0
2024-03-07 05:00:00,-0.4464598502024235,0.0,0.0
2024-03-07 05:15:00,-0.3872245689767604,0.0,0.0
2024-03-07 05:30:00,-0.3263432534549616,0.0,0.0
2024-03-07 05:45:00,-0.2640766612245171,0.0,0.0
2024-03-07 06:00:00,-0.2006914957621136,0.0,0.0
2024-03-07 06:15:00,-0.13645924725378805,0.0,0.0
2024-03-07 06:30:00,-0.07165503791882957,0.0,0.0
2024-03-07 06:45:00,-0.0065564523713077805,0.0,0.0
2024-03-07 07:00:00,0.05855766880924476,0.0,0.0
2024-03-07 07:15:00,0.12340841480678344,4.0,2.8541532600000004
2024-03-07 07:30:00,0.1877179906956828,5.0,3.527264475
2024-03-07 07:45:00,0.2512109247235147,6.0,4.196332979999999
2024-03-07 08:00:00,0.31361523960570936,7.0,4.83912387
2024-03-07 08:15:00,0.3746636093929577,8.0,5.44957308
2024-03-07 08:30:00,0.4340945213931044,10.0,6.7311121499999995
2024-03-07 08:45:00,0.49165338779709844,12.0,7.95605328
2024-03-07 09:00:00,0.5470936289419117,14.0,9.140567310000002
2024-03-07 09:15:00,0.6001777451443953,162.0035549028879,104.13440923919119
2024-03-07 09:30:00,0.6506783259459876,355.98450465730866,224.50617022441114
2024-03-07 09:45:00,0.698379018142504,463.2240505654242,287.45645697431667
2024-03-07 10:00:00,0.7430754662427902,425.7765078791952,259.9149328714135
2024-03-07 10:15:00,0.7845761806483845,596.1631708146663,357.9020496241976
2024-03-07 10:30:00,0.8227033531300962,631.7776576340733,374.17474965404824
2024-03-07 10:45:00,0.8572936298120115,701.9522804113793,408.64168851003177
2024-03-07 11:00:00,0.8881988048442835,757.9751872941127,435.1268894584611
2024-03-07 11:15:00,0.915286452020232,776.5807770454745,439.5287222437314
2024-03-07 11:30:00,0.9384405005602061,808.9548618826208,451.3110475360456
2024-03-07 11:45:00,0.957561727587203,756.1072526315953,415.7142397749336
2024-03-07 12:00:00,0.9725681816168064,749.4885680752906,407.53028295637193
2024-03-07 12:15:00,0.9833955389576463,695.1091486674231,373.746585952434
2024-03-07 12:30:00,0.989997376087042,674.189000289163,359.77268096338827
2024-03-07 12:45:00,0.9923453686969294,901.2666811540001,475.48455710613547
2024-03-07 13:00:00,0.9904294150339168,917.5349437264551,480.35793615963286
2024-03-07 13:15:00,0.984257677667652,930.2014919438011,485.10899868099995
2024-03-07 13:30:00,0.9738565504465329,713.8432959576378,370.8331938836158
2024-03-07 13:45:00,0.9592705440171772,917.9501747983601,475.00881294836205
2024-03-07 14:00:00,0.9405620953777581,886.4392319236284,456.91113527947135
2024-03-07 14:15:00,0.9178113039966178,869.8655710131961,448.36831593032167
2024-03-07 14:30:00,0.8911155839124479,614.1396205719286,316.55551914899854
2024-03-07 14:45:00,0.8605892483708665,836.2944138277664,431.06421319002027
2024-03-07 15:00:00,0.8263630252688265,798.9358319838791,411.8078993582423
2024-03-07 15:15:00,0.7885834891635154,753.3932171914597,386.8102872201549
2024-03-07 15:30:00,0.7474124369961719,711.2798709427154,363.7505282529413
2024-03-07 15:45:00,0.7030262014141144,605.3182056365458,308.33787135172395
2024-03-07 16:00:00,0.6556148846001548,574.5453867191184,291.50140773307754
2024-03-07 16:15:00,0.6053815489865317,479.8657175473264,246.3746577431905
2024-03-07 16:30:00,0.5525413549337417,372.3520608836598,194.18517060709243
2024-03-07 16:45:00,0.49732062576027536,360.4888329287953,190.1844111749289
2024-03-07 17:00:00,0.4399558845928188,292.77816287344535,156.237471301574
2024-03-07 17:15:00,0.3806928495177103,239.73801792862903,129.8716318496732
2024-03-07 17:30:00,0.3197853657291704,186.39114141187653,102.85620772206882
2024-03-07 17:45:00,0.2574943256094189,108.51116651821343,60.97640574128368
2024-03-07 18:00:00,0.194086559892804,63.66567646306303,36.41953416549952
2024-03-07 18:15:00,0.12983367805683127,37.17671492795638,21.41699150191179
2024-03-07 18:30:00,0.06501091307736863,0.0,0.0
2024-03-07 18:45:00,-0.00010404871860470594,0.0,0.0
2024-03-07 19:00:00,-0.0652322744719036,0.0,0.0
2024-03-07 19:15:00,-0.1300947709831522,0.0,0.0
2024-03-07 19:30:00,-0.19441367110320779,0.0,0.0
2024-03-07 19:45:00,-0.2579134414623135,0.0,0.0
2024-03-07 20:00:00,-0.3203220539294688,0.0,0.0
2024-03-07 20:15:00,-0.38137214269617215,0.0,0.0
2024-03-07 20:30:00,-0.44080216644251025,0.0,0.0
2024-03-07 20:45:00,-0.49835752004472833,0.0,0.0
2024-03-07 21:00:00,-0.5537916179338906,0.0,0.0
2024-03-07 21:15:00,-0.6068669659061238,0.0,0.0
2024-03-07 21:30:00,-0.6573561704233383,0.0,0.0
2024-03-07 21:45:00,-0.7050429065104512,0.0,0.0
2024-03-07 22:00:00,-0.7497228581077156,0.0,0.0
2024-03-07 22:15:00,-0.7912045860762423,0.0,0.0
2024-03-07 22:30:00,-0.8293103434689817,0.0,0.0
2024-03-07 22:45:00,-0.863876848234866,0.0,0.0
2024-03-07 23:00:00,-0.894755976593957,0.0,0.0
2024-03-07 23:15:00,-0.9218153942956394,0.0,0.0
2024-03-07 23:30:00,-0.9449391319824894,0.0,0.0
2024-03-07 23:45:00,-0.9640280772529628,0.0,0.0
2024-03-08 00:00:00,-0.9790003976548101,0.0,0.0
2024-03-08 00:15:00,-0.9897918965815397,0.0,0.0
2024-03-08 00:30:00,-0.9963562850844528,0.0,0.0
2024-03-08 00:45:00,-0.9986653803494732,0.0,0.0
2024-03-08 01:00:00,-0.9967092284066277,0.0,0.0
2024-03-08 01:15:00,-0.9904961452653083,0.0,0.0
2024-03-08 01:30:00,-0.9800526832057361,0.0,0.0
2024-03-08 01:45:00,-0.9654235156080584,0.0,0.0
2024-03-08 02:00:00,-0.9466712457929587,0.0,0.0
2024-03-08 02:15:00,-0.9238761424376274,0.0,0.0
2024-03-08 02:30:00,-0.8971357909097352,0.0,0.0
2024-03-08 02:45:00,-0.8665646771984219,0.0,0.0
2024-03-08 03:00:00,-0.832293702569163,0.0,0.0
2024-03-08 03:15:00,-0.7944696148488357,0.0,0.0
2024-03-08 03:30:00,-0.7532543833892402,0.0,0.0
2024-03-08 03:45:00,-0.7088245116409857,0.0,0.0
2024-03-08 04:00:00,-0.6613702702274916,0.0,0.0
2024-03-08 04:15:00,-0.6110948869490678,0.0,0.0
2024-03-08 04:30:00,-0.5582136837399988,0.0,0.0
2024-03-08 04:45:00,-0.5029531409599608,0.0,0.0
2024-03-08 05:00:00,-0.44554993362146855,0.0,0.0
2024-03-08 05:15:00,-0.38624992584544204,0.0,0.0
2024-03-08 05:30:00,-0.3253071023830574,0.0,0.0
2024-03-08 05:45:00,-0.26298248805377383,0.0,0.0
2024-03-08 06:00:00,-0.19954303843446866,0.0,0.0
2024-03-08 06:15:00,-0.13526047958902623,0.0,0.0
2024-03-08 06:30:00,-0.07041015237635145,0.0,0.0
2024-03-08 06:45:00,-0.005269841838151913,0.0,0.0
2024-03-08 07:00:00,0.05988143007061201,0.0,0.0
2024-03-08 07:15:00,0.12476459101365561,56.055083531055715,36.59823314880624
2024-03-08 07:30:00,0.18910170509951668,112.20475024378734,72.12419127143178
2024-03-08 07:45:00,0.2526171808142513,174.67636354376694,110.51496048010645
2024-03-08 08:00:00,0.31503894277456934,240.21437817688042,150.03758712951597
2024-03-08 08:15:00,0.3760995890500781,307.7565172664537,189.1138931875763
2024-03-08 08:30:00,0.4355375534340099,372.6845642205633,225.998342193017
2024-03-08 08:45:00,0.4930982172847401,438.6580201783889,261.57165680141776
2024-03-08 09:00:00,0.5485349929121449,503.66773928010093,296.26456921156574
2024-03-08 09:15:00,0.6016103954444671,566.3446801961301,327.40812419682464
2024-03-08 09:30:00,0.6520970520786684,626.4992706834975,354.58568132188344
2024-03-08 09:45:00,0.6997786698652935,683.4056721417277,378.50509944089947
2024-03-08 10:00:00,0.7444509759245722,737.2836234524922,400.8939115059455
2024-03-08 10:15:00,0.7859225852950024,787.4036300331571,421.77990011520313
2024-03-08 10:30:00,0.824015815944021,834.7425823003873,440.3881951283537
2024-03-08 10:45:00,0.8585674611824349,877.1848738220293,455.6872218705037
2024-03-08 11:00:00,0.8894294827326974,914.9531432514683,466.06016794102203
2024-03-08 11:15:00,0.9164696416200236,947.8132202557824,478.96674795753177
2024-03-08 11:30:00,0.9395720731117543,976.3517577486136,489.4412698064192
2024-03-08 11:45:00,0.9586377783105885,1002.1681805130967,498.33146498017845
2024-03-08 12:00:00,0.9735850467007725,1020.4831551129463,503.31312963281243
2024-03-08 12:15:00,0.9843498114646807,1033.8349673092757,507.80863772394207
2024-03-08 12:30:00,0.9908859207617008,1041.1593431388496,509.30173986020384
2024-03-08 12:45:00,0.9931653356047023,1044.363540872166,506.64707163831764
2024-03-08 13:00:00,0.9911782519421672,1041.4429043839023,503.12507145583044
2024-03-08 13:15:00,0.9849331411418283,1034.4002137664315,497.6318304952871
2024-03-08 13:30:00,0.9744567156166957,1017.401817138878,489.45419951969603
2024-03-08 13:45:00,0.959793812942523,999.4422666118795,478.79394661005966
2024-03-08 14:00:00,0.9410072040013795,975.720872617316,465.4576704147725
2024-03-08 14:15:00,0.9181773276642933,947.4321066257501,451.9628037096844
2024-03-08 14:30:00,0.8914019413863585,914.8092268445633,434.5512381111722
2024-03-08 14:45:00,0.860795704388648,877.26159649022,414.94216476339625
2024-03-08 15:00:00,0.8264896915714954,835.0234956289188,393.2757878956293
2024-03-08 15:15:00,0.7886308240205848,789.6540498587322,370.3117095729098
2024-03-08 15:30:00,0.7473812432457357,738.9062127049335,345.0196983114838
2024-03-08 15:45:00,0.7029176229917302,685.5675082327226,318.7283214388636
2024-03-08 16:00:00,0.655430401576429,628.6701453557289,291.00530904140624
2024-03-08 16:15:00,0.6051229711730166,568.4879268718149,266.5948919138987
2024-03-08 16:30:00,0.5522108140587131,506.2907593875576,241.52083247427345
2024-03-08 16:45:00,0.4969205661583292,443.10112103733843,214.06385529694856
2024-03-08 17:00:00,0.43948905267106797,376.7824099239192,184.30986398724679
2024-03-08 17:15:00,0.38016228183068473,309.69213674500315,152.7434507731278
2024-03-08 17:30:00,0.3191943757914649,243.0924567486229,120.38715746322261
2024-03-08 17:45:00,0.25684648952089656,177.2929551945767,88.51788435749138
2024-03-08 18:00:00,0.193385700851322,115.21695108394623,57.75780131925594
2024-03-08 18:15:00,0.12908384975487724,58.532328823031456,29.815283113075846
2024-03-08 18:30:00,0.06421638209010186,0.0,0.0
2024-03-08 18:45:00,-0.0009388214298696601,0.0,0.0
2024-03-08 19:00:00,-0.06610265293432654,0.0,0.0
2024-03-08 19:15:00,-0.13099596430493524,0.0,0.0
2024-03-08 19:30:00,-0.19534075430894582,0.0,0.0
2024-03-08 19:45:00,-0.2588613768405782,0.0,0.0
2024-03-08 20:00:00,-0.3212857129027034,0.0,0.0
2024-03-08 20:15:00,-0.38234632813262776,0.0,0.0
2024-03-08 20:30:00,-0.4417816351674715,0.0,0.0
2024-03-08 20:45:00,-0.49933700563249694,0.0,0.0
2024-03-08 21:00:00,-0.5547658535686769,0.0,0.0
2024-03-08 21:15:00,-0.6078307072526115,0.0,0.0
2024-03-08 21:30:00,-0.6583042183943377,0.0,0.0
2024-03-08 21:45:00,-0.7059701298542931,0.0,0.0
2024-03-08 22:00:00,-0.7506242156917031,0.0,0.0
2024-03-08 22:15:00,-0.7920751487854758,0.0,0.0
2024-03-08 22:30:00,-0.8301453156150823,0.0,0.0
2024-03-08 22:45:00,-0.8646715883836071,0.0,0.0
2024-03-08 23:00:00,-0.895506017730601,0.0,0.0
2024-03-08 23:15:00,-0.9225164632220668,0.0,0.0
2024-03-08 23:30:00,-0.9455871679007435,0.0,0.0
2024-03-08 23:45:00,-0.9646192493964878,0.0,0.0
2024-03-09 00:00:00,-0.9795311219477401,0.0,0.0
2024-03-09 00:15:00,-0.9902588512048991,0.0,0.0
2024-03-09 00:30:00,-0.9967564249141995,0.0,0.0
2024-03-09 00:45:00,-0.9989959502034187,0.0,0.0
2024-03-09 01:00:00,-0.9969677750157222,0.0,0.0
2024-03-09 01:15:00,-0.9906805279434254,0.0,0.0
2024-03-09 01:30:00,-0.9801610831722931,0.0,0.0
2024-03-09 01:45:00,-0.9654544438916134,0.0,0.0
2024-03-09 02:00:00,-0.946623549715057,0.0,0.0
2024-03-09 02:15:00,-0.9237490106499509,0.0,0.0
2024-03-09 02:30:00,-0.896928756920893,0.0,0.0
2024-03-09 02:45:00,-0.8662776214132788,0.0,0.0
2024-03-09 03:00:00,-0.8319268528670009,0.0,0.0
2024-03-09 03:15:00,-0.7940235455723836,0.0,0.0
2024-03-09 03:30:00,-0.7527300128653756,0.0,0.0
2024-03-09 03:45:00,-0.7082230982542985,0.0,0.0
2024-03-09 04:00:00,-0.6606934069320511,0.0,0.0
2024-03-09 04:15:00,-0.6103444944010645,0.0,0.0
2024-03-09 04:30:00,-0.5573920019534422,0.0,0.0
2024-03-09 04:45:00,-0.5020627196161986,0.0,0.0
2024-03-09 05:00:00,-0.4445936210048627,0.0,0.0
2024-03-09 05:15:00,-0.3852308565010312,0.0,0.0
2024-03-09 05:30:00,-0.3242286834992353,0.0,0.0
2024-03-09 05:45:00,-0.261848384710372,0.0,0.0
2024-03-09 06:00:00,-0.19835715769720527,0.0,0.0
2024-03-09 06:15:00,-0.13402695353603356,0.0,0.0
2024-03-09 06:30:00,-0.06913332019066688,0.0,0.0
2024-03-09 06:45:00,-0.003954230998488829,0.0,0.0
2024-03-09 07:00:00,0.06123112348750238,0.0,0.0
2024-03-09 07:15:00,0.12614352269202989,61.38422362452204,39.08498181353192
2024-03-09 07:30:00,0.19050490350003796,117.72780954851788,74.0085756021527
2024-03-09 07:45:00,0.2540395687722368,181.81871247526394,112.8286902115192
2024-03-09 08:00:00,0.3164753595384343,248.97488513813605,152.99305520031268
2024-03-09 08:15:00,0.37754481266276646,316.1894514285525,191.10020744911617
2024-03-09 08:30:00,0.4369863234137543,383.1096057944533,228.4481525800909
2024-03-09 08:45:00,0.4945452574771891,450.13075123922846,264.77334699931066
2024-03-09 09:00:00,0.5499750343988985,514.5792286198836,297.4821268467462
2024-03-09 09:15:00,0.6030381994207394,577.4067751029944,327.96748420061596
2024-03-09 09:30:00,0.6535074325840898,638.7400481065831,356.3492276235731
2024-03-09 09:45:00,0.7011665163202524,698.5556972698284,382.65987294426543
2024-03-09 10:00:00,0.7458112753328066,752.8921845815148,404.8153935494283
2024-03-09 10:15:00,0.7872504439905392,804.0791651311541,427.46164293925887
2024-03-09 10:30:00,0.8253064808680861,846.4387049777371,444.8478082100712
2024-03-09 10:45:00,0.8598163405368603,889.545156191091,462.10824314250914
2024-03-09 11:00:00,0.8906321659090091,927.0068792726487,475.94773757484984
2024-03-09 11:15:00,0.9176219183721719,960.3403950658902,489.1795925356399
2024-03-09 11:30:00,0.9406699518385013,989.2718631388618,501.91707635567855
2024-03-09 11:45:00,0.9596775034146302,1012.524275842923,509.6210808915214
2024-03-09 12:00:00,0.9745631148977034,1031.9955419444425,517.3352784744028
2024-03-09 12:15:00,0.9852629870178478,1044.4840422125799,521.4844411632125
2024-03-09 12:30:00,0.9917312495432845,1047.8800870515054,521.0618627270509
2024-03-09 12:45:00,0.9939401579469277,1051.049235103883,520.5131885227353
2024-03-09 13:00:00,0.9918802141943508,1049.0263703388525,517.390946511175
2024-03-09 13:15:00,0.9855602059091212,1040.834561996848,513.3506596398938
2024-03-09 13:30:00,0.9750071706347596,1027.557012880795,506.8020314082848
2024-03-09 13:45:00,0.960266278523811,694.4774288290007,342.5236432487573
2024-03-09 14:00:00,0.9414006390452383,981.5688154005645,484.120164016378
2024-03-09 14:15:00,0.9184910342058283,637.8258509217721,315.8717558580448
2024-03-09 14:30:00,0.8916355676419621,624.378573977266,309.21223433844506
2024-03-09 14:45:00,0.8609492462989814,879.9875452895476,437.5767372537534
2024-03-09 15:00:00,0.8265634928534008,834.2649769179822,416.52738355725774
2024-03-09 15:15:00,0.7886255746896453,788.8606473928876,397.04728606380166
2024-03-09 15:30:00,0.7472979766335882,738.8316890870615,373.3602822236443
2024-03-09 15:45:00,0.702757711299554,681.6964511193124,347.243533547974
2024-03-09 16:00:00,0.6551955499286325,625.261021889409,321.0241211969216
2024-03-09 16:15:00,0.6048152102183177,564.972548430112,294.63860209304283
2024-03-09 16:30:00,0.5518324911864669,502.8104954756141,265.26957087043075
2024-03-09 16:45:00,0.4964743353400738,435.8451745110756,233.46442302181632
2024-03-09 17:00:00,0.43897786292048474,369.55223839938515,200.9419952445933
2024-03-09 17:15:00,0.379589364456799,302.90856990594415,166.54172463164647
2024-03-09 17:30:00,0.31856323036505263,236.50081175830147,131.4643270467179
2024-03-09 17:45:00,0.25616086870372534,168.84891695797384,94.88240150544868
2024-03-09 18:00:00,0.1926495941042567,108.86718804759842,61.83664500576287
2024-03-09 18:15:00,0.12830146602952291,53.71687383752835,30.619805767471703
2024-03-09 18:30:00,0.06339213158977756,0.0,0.0
2024-03-09 18:45:00,-0.0018003463950090476,0.0,0.0
2024-03-09 19:00:00,-0.06699669788839792,0.0,0.0
2024-03-09 19:15:00,-0.13191763322446548,0.0,0.0
2024-03-09 19:30:00,-0.19628503088305332,0.0,0.0
2024-03-09 19:45:00,-0.25982314622629477,0.0,0.0
2024-03-09 20:00:00,-0.3222597839614154,0.0,0.0
2024-03-09 20:15:00,-0.3833274559213745,0.0,0.0
2024-03-09 20:30:00,-0.44276454375145424,0.0,0.0
2024-03-09 20:45:00,-0.5003164109623175,0.0,0.0
2024-03-09 21:00:00,-0.5557364864120152,0.0,0.0
2024-03-09 21:15:00,-0.6087873361110185,0.0,0.0
2024-03-09 21:30:00,-0.659241672199787,0.0,0.0
2024-03-09 21:45:00,-0.7068833204228315,0.0,0.0
2024-03-09 22:00:00,-0.7515081598343047,0.0,0.0
2024-03-09 22:15:00,-0.7929249899254363,0.0,0.0
2024-03-09 22:30:00,-0.8309563449121776,0.0,0.0
2024-03-09 22:45:00,-0.8654392651740672,0.0,0.0
2024-03-09 23:00:00,-0.8962259892425,0.0,0.0
2024-03-09 23:15:00,-0.923184583515019,0.0,0.0
2024-03-09 23:30:00,-0.9461995158666554,0.0,0.0
2024-03-09 23:45:00,-0.9651721457816125,0.0,0.0
2024-03-10 00:00:00,-0.9800211453717755,0.0,0.0
2024-03-10 00:15:00,-0.990682853017655,0.0,0.0
2024-03-10 00:30:00,-0.9971115428800791,0.0,0.0
2024-03-10 00:45:00,-0.9992796209625698,0.0,0.0
2024-03-10 01:00:00,-0.9971777452228014,0.0,0.0
2024-03-10 01:15:00,-0.9908148640703784,0.0,0.0
2024-03-10 01:30:00,-0.9802181799355972,0.0,0.0
2024-03-10 01:45:00,-0.9654330312300468,0.0,0.0
2024-03-10 02:00:00,-0.9465226983317031,0.0,0.0
2024-03-10 02:15:00,-0.9235681360756982,0.0,0.0
2024-03-10 02:30:00,-0.8966676220754375,0.0,0.0
2024-03-10 02:45:00,-0.8659363376410115,0.0,0.0
2024-03-10 03:00:00,-0.831505879494649,0.0,0.0
2024-03-10 03:15:00,-0.793523687927267,0.0,0.0
2024-03-10 03:30:00,-0.7521524188118482,0.0,0.0
2024-03-10 03:45:00,-0.7075692532206493,0.0,0.0
2024-03-10 04:00:00,-0.6599651274965386,0.0,0.0
2024-03-10 04:15:00,-0.6095439204128509,0.0,0.0
2024-03-10 04:30:00,-0.5565215872962651,0.0,0.0
2024-03-10 04:45:00,-0.5011252215312925,0.0,0.0
2024-03-10 05:00:00,-0.44359208815721896,0.0,0.0
2024-03-10 05:15:00,-0.3841686157645681,0.0,0.0
2024-03-10 05:30:00,-0.3231093255564419,0.0,0.0
2024-03-10 05:45:00,-0.2606757484277031,0.0,0.0
2024-03-10 06:00:00,-0.19713531351518107,0.0,0.0
2024-03-10 06:15:00,-0.13276018582012925,0.0,0.0
2024-03-10 06:30:00,-0.0678261086098877,0.0,0.0
2024-03-10 06:45:00,-0.0026112310868752764,0.0,0.0
2024-03-10 07:00:00,0.06260510047924238,0.0,0.0
2024-03-10 07:15:00,0.12754353073894906,20.0,13.017526199999997
2024-03-10 07:30:00,0.19192588322805837,43.37392473038563,27.7926895806142
2024-03-10 07:45:00,0.2554763694201808,73.09501127347139,46.24605251847127
2024-03-10 08:00:00,0.31792276130723074,8.0,4.99678956
2024-03-10 08:15:00,0.3789975494135304,10.0,6.20555985
2024-03-10 08:30:00,0.4384391054946287,12.0,7.398159299999999
2024-03-10 08:45:00,0.4959927946809305,14.0,8.60288688
2024-03-10 09:00:00,0.5514120589638992,21.0,12.81943341
2024-03-10 09:15:00,0.6044594888765961,345.9423061518554,210.48093528572664
2024-03-10 09:30:00,0.6549078324179373,463.0106673930278,279.8367693488819
2024-03-10 09:45:00,0.7025409623928085,399.90130562041514,240.88606607946156
2024-03-10 10:00:00,0.7471548158613093,296.74962379579523,178.15139173490164
2024-03-10 10:15:00,0.7885582610486399,411.86588525392256,246.428041280283
2024-03-10 10:30:00,0.8265739113136035,305.2475825014434,182.0190495025255
2024-03-10 10:45:00,0.8610388962722615,436.542845743918,259.427970803857
2024-03-10 11:00:00,0.8918055533735924,553.0006937789457,327.5185401904474
2024-03-10 11:15:00,0.9187420571977738,577.6475218457053,342.11579701048475
2024-03-10 11:30:00,0.9417329925837945,615.1309504710739,363.0722225377216
2024-03-10 11:45:00,0.9606798442898015,640.0413447228796,377.77522552979633
2024-03-10 12:00:00,0.9755014174305119,633.9154677520689,372.87814629253313
2024-03-10 12:15:00,0.9861341905509224,648.2994905967628,382.64947771004404
2024-03-10 12:30:00,0.9925325845460081,555.3870382619377,327.80923508398007
2024-03-10 12:45:00,0.9946691580696754,460.36562981029135,271.72421135239296
2024-03-10 13:00:00,0.992534726987606,245.91041672385128,145.64216936627426
2024-03-10 13:15:00,0.9861384021914026,268.76435283725385,159.17757334979876
2024-03-10 13:30:00,0.9755075524674333,475.49758000284294,282.5779267830341
2024-03-10 13:45:00,0.9606876857279607,559.2898583748063,333.504388744186
2024-03-10 14:00:00,0.9417422542602638,297.1940098820682,177.8174409621697
2024-03-10 14:15:00,0.9187523864743117,150.0,89.748162
2024-03-10 14:30:00,0.8918165344750046,168.891816534475,101.39292438987998
2024-03-10 14:45:00,0.8610500542183459,858.9450487965113,517.3973949948014
2024-03-10 15:00:00,0.8265847164591034,817.8338129321429,494.28660761489607
2024-03-10 15:15:00,0.7885681341785463,772.5742536745852,468.49404916091726
2024-03-10 15:30:00,0.7471631338214209,722.3074582202433,440.93201724765555
2024-03-10 15:45:00,0.7025470641762499,670.9497221647549,410.9369554208405
2024-03-10 16:00:00,0.6549110257387767,613.9917741830133,377.2929841819263
2024-03-10 16:15:00,0.604459057124098,554.9627866421542,343.2637018994738
2024-03-10 16:30:00,0.5514072685233247,492.58359676296,306.67138540031624
2024-03-10 16:45:00,0.4959829025540349,431.52333079253987,271.27343295970206
2024-03-10 17:00:00,0.43842336714122443,366.4579336317159,231.8521134245109
2024-03-10 17:15:00,0.37897522686864904,300.5759470108846,191.3847684116088
2024-03-10 17:30:00,0.31789313137172776,235.6032681152042,151.44363439868073
2024-03-10 17:45:00,0.2554387319767878,170.48568218432425,110.62047964185402
2024-03-10 18:00:00,0.19187956956683222,109.1761891180324,71.28087894876177
2024-03-10 18:15:00,0.1274879118420131,55.764393343397366,36.63388147465897
2024-03-10 18:30:00,0.06253959525949974,0.0,0.0
2024-03-10 18:45:00,-0.0026871477518007614,0.0,0.0
2024-03-10 19:00:00,-0.06791289798935714,0.0,0.0
2024-03-10 19:15:00,-0.13285823778654435,0.0,0.0
2024-03-10 19:30:00,-0.1972449392416157,0.0,0.0
2024-03-10 19:45:00,-0.26079717351763393,0.0,0.0
2024-03-10 20:00:00,-0.32324268359634845,0.0,0.0
2024-03-10 20:15:00,-0.3843139423508334,0.0,0.0
2024-03-10 20:30:00,-0.443749315432458,0.0,0.0
2024-03-10 20:45:00,-0.5012941733586531,0.0,0.0
2024-03-10 21:00:00,-0.5567019750066151,0.0,0.0
2024-03-10 21:15:00,-0.6097353392365322,0.0,0.0
2024-03-10 21:30:00,-0.6601670536574763,0.0,0.0
2024-03-10 21:45:00,-0.707781041834314,0.0,0.0
2024-03-10 22:00:00,-0.7523733024697942,0.0,0.0
2024-03-10 22:15:00,-0.7937527760934353,0.0,0.0
2024-03-10 22:30:00,-0.831742158715483,0.0,0.0
2024-03-10 22:45:00,-0.8661786725438506,0.0,0.0
2024-03-10 23:00:00,-0.8969147572171634,0.0,0.0
2024-03-10 23:15:00,-0.9238186986301637,0.0,0.0
2024-03-10 23:30:00,-0.9467752015840666,0.0,0.0
2024-03-10 23:45:00,-0.9656858789147696,0.0,0.0
2024-03-11 00:00:00,-0.9804696713962477,0.0,0.0
2024-03-11 00:15:00,-0.9910632002159292,0.0,0.0
2024-03-11 00:30:00,-0.9974210352704125,0.0,0.0
2024-03-11 00:45:00,-0.9995158899408472,0.0,0.0
2024-03-11 01:00:00,-0.997338739862274,0.0,0.0
2024-03-11 01:15:00,-0.9908988600484054,0.0,0.0
2024-03-11 01:30:00,-0.9802237870543784,0.0,0.0
2024-03-11 01:45:00,-0.9653591994710755,0.0,0.0
2024-03-11 02:00:00,-0.9463687224368793,0.0,0.0
2024-03-11 02:15:00,-0.9233336586445653,0.0,0.0
2024-03-11 02:30:00,-0.8963526351375732,0.0,0.0
2024-03-11 02:45:00,-0.8655411827157518,0.0,0.0
2024-03-11 03:00:00,-0.8310312461463297,0.0,0.0
2024-03-11 03:15:00,-0.7929706107790035,0.0,0.0
2024-03-11 03:30:00,-0.7515222731019903,0.0,0.0
2024-03-11 03:45:00,-0.7068637488531874,0.0,0.0
2024-03-11 04:00:00,-0.6591863016377959,0.0,0.0
2024-03-11 04:15:00,-0.6086941286736047,0.0,0.0
2024-03-11 04:30:00,-0.5556034935277683,0.0,0.0
2024-03-11 04:45:00,-0.5001417862985996,0.0,0.0
2024-03-11 05:00:00,-0.4425465558996462,0.0,0.0
2024-03-11 05:15:00,-0.3830645007481497,0.0,0.0
2024-03-11 05:30:00,-0.32195039659701924,0.0,0.0
2024-03-11 05:45:00,-0.2594660126251245,0.0,0.0
2024-03-11 06:00:00,-0.19587899878729523,0.0,0.0
2024-03-11 06:15:00,-0.13146172263538025,0.0,0.0
2024-03-11 06:30:00,-0.0664901107213538,0.0,0.0
2024-03-11 06:45:00,-0.001242475565749867,0.0,0.0
2024-03-11 07:00:00,0.06400169401702244,20.64022869229803,14.01833310135555
2024-03-11 07:15:00,0.12896292142661134,4.0,2.7005302799999997
2024-03-11 07:30:00,0.1933629308691695,117.88632665156541,79.1123184485133
2024-03-11 07:45:00,0.25692585676220303,182.07999878949826,121.45594426453826
2024-03-11 08:00:00,0.31937941671843695,12.0,7.95605328
2024-03-11 08:15:00,0.3804560697273435,15.0,9.914746275
2024-03-11 08:30:00,0.4398941790440164,19.0,12.481867124999999
2024-03-11 08:45:00,0.4974391243678438,23.0,15.06313746
2024-03-11 09:00:00,0.5528443852128027,28.0,18.281134620000003
2024-03-11 09:15:00,0.6058726125256187,33.0,21.412213514999998
2024-03-11 09:30:00,0.6562966372720982,304.0385720517194,196.66236409907307
2024-03-11 09:45:00,0.7039004374219702,390.0868106677584,251.53275213156726
2024-03-11 10:00:00,0.7484800769816833,442.5561824786515,284.47108241045487
2024-03-11 10:15:00,0.7898445723329408,464.94632482555636,297.9234403584307
2024-03-11 10:30:00,0.8278167055617192,446.9805916957696,285.50803944099596
2024-03-11 10:45:00,0.8622337948388468,564.0929971677906,359.17314309138135
2024-03-11 11:00:00,0.8929483852000848,617.9652508504341,392.2259249846927
2024-03-11 11:15:00,0.919828876951398,641.5306951653163,405.88628011600287
2024-03-11 11:30:00,0.9427600977788901,689.0703242938373,435.9638482986094
2024-03-11 11:45:00,0.9616437913866889,609.1479315384869,384.1669157523532
2024-03-11 12:00:00,0.97639903681215,680.7012205039871,429.29291045841313
2024-03-11 12:15:00,0.9869626003026976,651.5672841029171,410.91922171804987
2024-03-11 12:30:00,0.993289202977788,581.3692763236024,366.64795238544576
2024-03-11 12:45:00,0.9953517149645751,609.7170733302228,384.5258522855607
2024-03-11 13:00:00,0.9931412734723732,619.0041105804606,390.38284083001855
2024-03-11 13:15:00,0.9866673192185245,657.346894407265,414.56420670431436
2024-03-11 13:30:00,0.9759575578879852,646.6813150292429,409.14499548631267
2024-03-11 13:45:00,0.9610578398631677,669.5789045858144,424.9853933372245
2024-03-11 14:00:00,0.9420319640185146,645.7402741831096,409.85488422331946
2024-03-11 14:15:00,0.9189614079676766,943.7151480019716,600.8887498917005
2024-03-11 14:30:00,0.8919449740800629,619.0216044505855,395.3989232234914
2024-03-11 14:45:00,0.8610983681654099,873.90500687135,559.9717048871267
2024-03-11 15:00:00,0.8265537088656192,832.2045528145197,534.9335051656972
2024-03-11 15:15:00,0.7884589536009561,782.3630918440481,504.4773016571019
2024-03-11 15:30:00,0.7469772682738671,732.3641779348121,475.19812571750447
2024-03-11 15:45:00,0.7022863347308137,459.1893842102865,298.87549198596355
2024-03-11 16:00:00,0.6545775786240795,356.9172825491403,233.03046037447896
2024-03-11 16:15:00,0.604055354457805,342.59227421059467,225.0626970920109
2024-03-11 16:30:00,0.5509360776331257,330.92949932686025,218.73880138257348
2024-03-11 16:45:00,0.4954472839848065,325.4649359412085,216.44257776892624
2024-03-11 17:00:00,0.43782666140647397,276.5141577591579,185.00691414325394
2024-03-11 17:15:00,0.3783210399686029,221.00535310813189,148.76118175211866
2024-03-11 17:30:00,0.31718531917385384,239.62837682348615,162.26529590740267
2024-03-11 17:45:00,0.2546813834656734,174.96240770294423,119.18380337874369
2024-03-11 18:00:00,0.19107698915441712,113.63448942316403,77.86682310173835
2024-03-11 18:15:00,0.12664460069493974,58.96706659736289,40.64494084155215
2024-03-11 18:30:00,0.06166023173437476,17.5976447955781,12.165311855151892
2024-03-11 18:45:00,-0.0035977283468754603,0.0,0.0
2024-03-11 19:00:00,-0.0688497244119189,0.0,0.0
2024-03-11 19:15:00,-0.13381622440518498,0.0,0.0
2024-03-11 19:30:00,-0.19821890811399343,0.0,0.0
2024-03-11 19:45:00,-0.2617818768548684,0.0,0.0
2024-03-11 20:00:00,-0.32423282650837565,0.0,0.0
2024-03-11 20:15:00,-0.3853042058821325,0.0,0.0
2024-03-11 20:30:00,-0.44473437962090057,0.0,0.0
2024-03-11 20:45:00,-0.5022687403210654,0.0,0.0
2024-03-11 21:00:00,-0.5576607919522535,0.0,0.0
2024-03-11 21:15:00,-0.610673221258383,0.0,0.0
2024-03-11 21:30:00,-0.6610789062503024,0.0,0.0
2024-03-11 21:45:00,-0.7086618830150693,0.0,0.0
2024-03-11 22:00:00,-0.7532182844252913,0.0,0.0
2024-03-11 22:15:00,-0.7945572062182473,0.0,0.0
2024-03-11 22:30:00,-0.8325015200057786,0.0,0.0
2024-03-11 22:45:00,-0.8668886432180158,0.0,0.0
2024-03-11 23:00:00,-0.8975712294835352,0.0,0.0
2024-03-11 23:15:00,-0.9244177965508159,0.0,0.0
2024-03-11 23:30:00,-0.9473132979010599,0.0,0.0
2024-03-11 23:45:00,-0.9661596108325177,0.0,0.0
2024-03-12 00:00:00,-0.9808759551989856,0.0,0.0
2024-03-12 00:15:00,-0.9913992446715756,0.0,0.0
2024-03-12 00:30:00,-0.9976843537717794,0.0,0.0
2024-03-12 00:45:00,-0.9997043113335922,0.0,0.0
2024-03-12 01:00:00,-0.9974504178877728,0.0,0.0
2024-03-12 01:15:00,-0.99093228138667,0.0,0.0
2024-03-12 01:30:00,-0.980177777931801,0.0,0.0
2024-03-12 01:45:00,-0.965232930774513,0.0,0.0
2024-03-12 02:00:00,-0.9461617133423815,0.0,0.0
2024-03-12 02:15:00,-0.9230457787428539,0.0,0.0
2024-03-12 02:30:00,-0.8959841050245586,0.0,0.0
2024-03-12 02:45:00,-0.8650925730601111,0.0,0.0
2024-03-12 03:00:00,-0.8305034752602525,0.0,0.0
2024-03-12 03:15:00,-0.7923649406577811,0.0,0.0
2024-03-12 03:30:00,-0.7508403039507385,0.0,0.0
2024-03-12 03:45:00,-0.7061074122108943,0.0,0.0
2024-03-12 04:00:00,-0.6583578519888912,0.0,0.0
2024-03-12 04:15:00,-0.6077961337056115,0.0,0.0
2024-03-12 04:30:00,-0.5546388230118791,0.0,0.0
2024-03-12 04:45:00,-0.4991135996682242,0.0,0.0
2024-03-12 05:00:00,-0.4414582885450628,0.0,0.0
2024-03-12 05:15:00,-0.38191984913621024,0.0,0.0
2024-03-12 05:30:00,-0.3207533022611791,0.0,0.0
2024-03-12 05:45:00,-0.2582206450525004,0.0,0.0
2024-03-12 06:00:00,-0.19458973736748147,0.0,0.0
2024-03-12 06:15:00,-0.1301331376495629,0.0,0.0
2024-03-12 06:30:00,-0.06512694353669633,0.0,0.0
2024-03-12 06:45:00,0.00015038191757952776,0.0,0.0
2024-03-12 07:00:00,0.06541922062704013,22.747463873428977,16.920897540338007
2024-03-12 07:15:00,0.1303999884799874,65.94559638271605,48.52100379533133
2024-03-12 07:30:00,0.19481432440606755,120.91311706307579,88.23140848051312
2024-03-12 07:45:00,0.2583863002084391,185.37085141484994,134.1427064554757
2024-03-12 08:00:00,0.32084359373943316,252.13146405584288,180.9247544119424
2024-03-12 08:15:00,0.3819186473283267,317.76002936188877,225.44934427693101
2024-03-12 08:30:00,0.4413498307164564,384.39212557659545,270.3935448582179
2024-03-12 08:45:00,0.4988825531828458,451.13286126988834,313.6934846885151
2024-03-12 09:00:00,0.5542703468618899,514.8504402644071,354.87716948310526
2024-03-12 09:15:00,0.6072759380482179,578.075408270262,394.9515185068377
2024-03-12 09:30:00,0.6576722555047789,638.2827952231003,432.2157000452936
2024-03-12 09:45:00,0.7052433970390399,693.3827290121209,465.3221185391622
2024-03-12 10:00:00,0.7497855679812866,748.0589410713263,497.47849199281694
2024-03-12 10:15:00,0.7911079469176839,797.952691960504,527.4332320161086
2024-03-12 10:30:00,0.8290334983476995,844.2237179848404,552.8981700433881
2024-03-12 10:45:00,0.8633997422432453,879.6009633792992,570.7334435114318
2024-03-12 11:00:00,0.8940594439645219,916.8990451111472,591.2277317164752
2024-03-12 11:15:00,0.9208812417188568,950.1030797654122,606.8766130125518
2024-03-12 11:30:00,0.9437502176295501,978.1252045717771,620.821417686576
2024-03-12 11:45:00,0.9625683852599456,997.7394189148688,627.2203101305267
2024-03-12 12:00:00,0.9772551077936067,1015.4833319727519,634.2695639444325
2024-03-12 12:15:00,0.9877474486407554,1029.372328760077,638.7831594054535
2024-03-12 12:30:00,0.9940004378361966,1036.3004159443867,638.8929633177361
2024-03-12 12:45:00,0.9959872648338846,1035.2119780031871,634.0368650623797
2024-03-12 13:00:00,0.9936993951785542,1029.077431467841,626.119374256888
2024-03-12 13:15:00,0.987146605521483,1021.9306625846725,619.7053963406522
2024-03-12 13:30:00,0.9763569436270054,1007.8700992348771,609.1417160672356
2024-03-12 13:45:00,0.9613766066084357,984.3506078995862,592.9371628631986
2024-03-12 14:00:00,0.9422697432166482,960.0613545296665,576.3655713277382
2024-03-12 14:15:00,0.919118182574015,932.3166643249277,557.8247135008882
2024-03-12 14:30:00,0.8920210786760107,899.4950340444376,538.1868402241047
2024-03-12 14:45:00,0.8610944875144069,867.8737946630814,517.5129050923019
2024-03-12 15:00:00,0.8264708750055352,826.344374879965,492.7489234962201
2024-03-12 15:15:00,0.7882985413641724,780.6442091072926,465.49792721352105
2024-03-12 15:30:00,0.7467409893808463,729.6646607613363,436.57374786455637
2024-03-12 15:45:00,0.7019762303767597,677.1896769721295,406.5456996303117
2024-03-12 16:00:00,0.6541960106477827,621.2536688908986,372.96494033464575
2024-03-12 16:15:00,0.6036049951147555,560.5236510380666,339.90518539321533
2024-03-12 16:30:00,0.5504198980458351,498.9787801698889,305.60981541366266
2024-03-12 16:45:00,0.49486854126049173,435.1514059453688,268.27661840023376
2024-03-12 17:00:00,0.437188884520732,369.8412968942405,230.25481084256649
2024-03-12 17:15:00,0.3776280145076911,303.9897456040915,192.32948316659977
2024-03-12 17:30:00,0.3164410708740305,239.7632889496625,154.11765789328072
2024-03-12 17:45:00,0.2538901608169287,176.06956555460607,114.95540822816675
2024-03-12 18:00:00,0.19024324493997424,115.56556830394882,76.62048489664134
2024-03-12 18:15:00,0.12577297270510746,60.48652964776288,40.22510246579458
2024-03-12 18:30:00,0.06075552264122797,19.505773169771917,13.050698493568408
2024-03-12 18:45:00,-0.004530571792966405,0.0,0.0
2024-03-12 19:00:00,-0.06980563287965606,0.0,0.0
2024-03-12 19:15:00,-0.13479002792862246,0.0,0.0
2024-03-12 19:30:00,-0.19920535854168012,0.0,0.0
2024-03-12 19:45:00,-0.262775670630385,0.0,0.0
2024-03-12 20:00:00,-0.32522862768247324,0.0,0.0
2024-03-12 20:15:00,-0.38629666926144146,0.0,0.0
2024-03-12 20:30:00,-0.44571817395356367,0.0,0.0
2024-03-12 20:45:00,-0.5032385714625861,0.0,0.0
2024-03-12 21:00:00,-0.5586114258227364,0.0,0.0
2024-03-12 21:15:00,-0.6115995065769005,0.0,0.0
2024-03-12 21:30:00,-0.6619757969158175,0.0,0.0
2024-03-12 21:45:00,-0.7095244599921176,0.0,0.0
2024-03-12 22:00:00,-0.7540417771089301,0.0,0.0
2024-03-12 22:15:00,-0.7953370131671818,0.0,0.0
2024-03-12 22:30:00,-0.8332332289203548,0.0,0.0
2024-03-12 22:45:00,-0.8675680501076155,0.0,0.0
2024-03-12 23:00:00,-0.8981943569315571,0.0,0.0
2024-03-12 23:15:00,-0.9249809110064366,0.0,0.0
2024-03-12 23:30:00,-0.9478129258967903,0.0,0.0
2024-03-12 23:45:00,-0.9665925540910391,0.0,0.0
2024-03-13 00:00:00,-0.9812393045415219,0.0,0.0
2024-03-13 00:15:00,-0.991690392667397,0.0,0.0
2024-03-13 00:30:00,-0.9979010060766118,0.0,0.0
2024-03-13 00:45:00,-0.999844496694748,0.0,0.0
2024-03-13 01:00:00,-0.9975124967177593,0.0,0.0
2024-03-13 01:15:00,-0.9909149529097192,0.0,0.0
2024-03-13 01:30:00,-0.9800800858749095,0.0,0.0
2024-03-13 01:45:00,-0.965054267536382,0.0,0.0
2024-03-13 02:00:00,-0.9459018226672192,0.0,0.0
2024-03-13 02:15:00,-0.9227047568762725,0.0,0.0
2024-03-13 02:30:00,-0.8955624003189611,0.0,0.0
2024-03-13 02:45:00,-0.8645909840701047,0.0,0.0
2024-03-13 03:00:00,-0.8299231473003792,0.0,0.0
2024-03-13 03:15:00,-0.7917073608747518,0.0,0.0
2024-03-13 03:30:00,-0.7501072949008665,0.0,0.0
2024-03-13 03:45:00,-0.7053011239734881,0.0,0.0
2024-03-13 04:00:00,-0.6574807528797653,0.0,0.0
2024-03-13 04:15:00,-0.606850999592815,0.0,0.0
2024-03-13 04:30:00,-0.5536287253023602,0.0,0.0
2024-03-13 04:45:00,-0.4980418919848125,0.0,0.0
2024-03-13 05:00:00,-0.4403285922174141,0.0,0.0
2024-03-13 05:15:00,-0.38073603751226726,0.0,0.0
2024-03-13 05:30:00,-0.31951948390679685,0.0,0.0
2024-03-13 05:45:00,-0.25694114595053297,0.0,0.0
2024-03-13 06:00:00,-0.19326908219194378,0.0,0.0
2024-03-13 06:15:00,-0.12877603011434768,0.0,0.0
2024-03-13 06:30:00,-0.06373824598504364,0.0,0.0
2024-03-13 06:45:00,0.001565669559802009,0.0,0.0
2024-03-13 07:00:00,0.06685598254852802,21.889005940726307,15.441662609557572
2024-03-13 07:15:00,0.13185301519567866,62.94104902685484,43.89304043370897
2024-03-13 07:30:00,0.19627833533286845,115.56715910315435,79.65836891713418
2024-03-13 07:45:00,0.25985596658500987,174.51043186055978,118.87591895581012
2024-03-13 08:00:00,0.32231356173992376,236.52865388913753,159.6881979788139
2024-03-13 08:15:00,0.3833835613157969,300.9310408931625,200.1269047101529
2024-03-13 08:30:00,0.44280435645828276,133.4981524760399,87.43047919141863
2024-03-13 08:45:00,0.5003214010285283,315.12663200524014,203.19751104258776
2024-03-13 09:00:00,0.5556882946861839,365.833395473511,232.1964572157107
2024-03-13 09:15:00,0.6086678539315528,423.8132163703089,265.56985883262377
2024-03-13 09:30:00,0.6590331199955408,466.74556639790416,288.69829621606806
2024-03-13 09:45:00,0.7065683249755725,511.56593263822595,312.2850194419182
2024-03-13 10:00:00,0.7510698296706791,456.0762980495572,274.7238474223009
2024-03-13 10:15:00,0.7923469887217648,634.2388052781719,378.19642517170246
2024-03-13 10:30:00,0.8302229624291939,671.6244463448039,396.4166983604599
2024-03-13 10:45:00,0.8645354855177472,700.2631493685773,409.07384088636496
2024-03-13 11:00:00,0.895137556080426,722.5506078631296,417.71194721175243
2024-03-13 11:15:00,0.9218980620645265,779.014759721297,447.20496781674956
2024-03-13 11:30:00,0.9447023512432333,784.2131366096155,447.0188268199313
2024-03-13 11:45:00,0.9634527175854443,785.692934352314,444.68601556896203
2024-03-13 12:00:00,0.9780688182324713,696.0520778388483,391.1372006883848
2024-03-13 12:15:00,0.9884880228179911,757.2440114089956,423.9925343248115
2024-03-13 12:30:00,0.994665678537529,707.8662714150116,394.914331467481
2024-03-13 12:45:00,0.9965753015829752,819.9862773307894,454.1504410822299
2024-03-13 13:00:00,0.9942086923783471,848.3109370450071,468.12335228311656
2024-03-13 13:15:00,0.9875759691535966,723.5210023967361,397.798040457506
2024-03-13 13:30:00,0.9767055264763227,677.1015111139552,372.2762067993877
2024-03-13 13:45:00,0.9616439119600656,721.6657899169113,395.31928600270203
2024-03-13 14:00:00,0.9424556270523913,803.6537019570019,440.23121518292913
2024-03-13 14:15:00,0.9192228542444638,778.8179638419236,425.05224803145677
2024-03-13 14:30:00,0.8920451000119202,785.5679308084394,428.7361494904091
2024-03-13 14:45:00,0.8610387704185766,575.7233062844548,314.2101196191458
2024-03-13 15:00:00,0.8263366775664347,792.2964724782387,432.4083577540876
2024-03-13 15:15:00,0.788087462388311,747.1721564703565,407.7810470723772
2024-03-13 15:30:00,0.7464549615020939,697.8820638551939,382.29086517886816
2024-03-13 15:45:00,0.7016175117233099,642.2616591441817,351.822719141254
2024-03-13 16:00:00,0.6537671750516736,419.50892346932596,230.64959711982027
2024-03-13 16:15:00,0.6031089209790483,528.4757301566633,293.7651913709761
2024-03-13 16:30:00,0.5498597558808598,363.9895547846506,203.8033335037485
2024-03-13 16:45:00,0.4942477799811666,405.1920303475323,229.3303422208781
2024-03-13 17:00:00,0.4365112164729832,341.7639317803036,195.5038237476285
2024-03-13 17:15:00,0.3768973993972415,279.32392805883865,162.04387893859428
2024-03-13 17:30:00,0.3156616986268797,216.4621727106936,127.76369337493021
2024-03-13 17:45:00,0.25306643337341883,157.31243348382327,94.12334509946929
2024-03-13 18:00:00,0.1893797572199643,100.68469963980819,61.05585631212734
2024-03-13 18:15:00,0.12487449266069754,50.97389447342509,31.11697361192571
2024-03-13 18:30:00,0.05982697062012497,15.128060972788624,9.29607123304595
2024-03-13 18:45:00,-0.0054841444453209015,0.0,0.0
2024-03-13 19:00:00,-0.07077906566678295,0.0,0.0
2024-03-13 19:15:00,-0.13577807364337904,0.0,0.0
2024-03-13 19:30:00,-0.20020270597569184,0.0,0.0
2024-03-13 19:45:00,-0.2637769676539916,0.0,0.0
2024-03-13 20:00:00,-0.3262285044440908,0.0,0.0
2024-03-13 20:15:00,-0.38728976149617356,0.0,0.0
2024-03-13 20:30:00,-0.4466991462557883,0.0,0.0
2024-03-13 20:45:00,-0.5042021404484496,0.0,0.0
2024-03-13 21:00:00,-0.5595523830837325,0.0,0.0
2024-03-13 21:15:00,-0.6125127412498844,0.0,0.0
2024-03-13 21:30:00,-0.6628563179014659,0.0,0.0
2024-03-13 21:45:00,-0.7103674176079271,0.0,0.0
2024-03-13 22:00:00,-0.7548424841665493,0.0,0.0
2024-03-13 22:15:00,-0.7960909653124936,0.0,0.0
2024-03-13 22:30:00,-0.8339361242028703,0.0,0.0
2024-03-13 22:45:00,-0.8682158076848115,0.0,0.0
2024-03-13 23:00:00,-0.8987831347822479,0.0,0.0
2024-03-13 23:15:00,-0.9255071226403353,0.0,0.0
2024-03-13 23:30:00,-0.9482732559389957,0.0,0.0
2024-03-13 23:45:00,-0.9669839726928542,0.0,0.0
2024-03-14 00:00:00,-0.9815590805631841,0.0,0.0
2024-03-14 00:15:00,-0.9919361055608364,0.0,0.0
2024-03-14 00:30:00,-0.9980705564193816,0.0,0.0
2024-03-14 00:45:00,-0.9999361153420907,0.0,0.0
2024-03-14 01:00:00,-0.9975247525026414,0.0,0.0
2024-03-14 01:15:00,-0.990846758890073,0.0,0.0
2024-03-14 01:30:00,-0.9799307040951327,0.0,0.0
2024-03-14 01:45:00,-0.9648233122591849,0.0,0.0
2024-03-14 02:00:00,-0.9455892620808253,0.0,0.0
2024-03-14 02:15:00,-0.9223109132841781,0.0,0.0
2024-03-14 02:30:00,-0.8950879487562522,0.0,0.0
2024-03-14 02:45:00,-0.8640369494280701,0.0,0.0
2024-03-14 03:00:00,-0.8292908999192773,0.0,0.0
2024-03-14 03:15:00,-0.7909986106094952,0.0,0.0
2024-03-14 03:30:00,-0.7493240837520015,0.0,0.0
2024-03-14 03:45:00,-0.7044458172932375,0.0,0.0
2024-03-14 04:00:00,-0.6565560290837811,0.0,0.0
2024-03-14 04:15:00,-0.6058598385933851,0.0,0.0
2024-03-14 04:30:00,-0.5525743956242466,0.0,0.0
2024-03-14 04:45:00,-0.49692793659835505,0.0,0.0
2024-03-14 05:00:00,-0.4391588131939931,0.0,0.0
2024-03-14 05:15:00,-0.379514479560619,0.0,0.0
2024-03-14 05:30:00,-0.3182504168467304,0.0,0.0
2024-03-14 05:45:00,-0.25562904619596105,0.0,0.0
2024-03-14 06:00:00,-0.19191861336042051,0.0,0.0
2024-03-14 06:15:00,-0.12739202279703832,0.0,0.0
2024-03-14 06:30:00,-0.062325676825498874,0.0,0.0
2024-03-14 06:45:00,0.0030016994701990082,0.0,0.0
2024-03-14 07:00:00,0.06831026977464093,3.0,2.1042305549999996
2024-03-14 07:15:00,0.13332027653307915,5.0,3.4767306000000002
2024-03-14 07:30:00,0.19775323071581613,6.0,4.147820459999999
2024-03-14 07:45:00,0.2613331222615174,8.0,5.4980856000000005
2024-03-14 08:00:00,0.3237875936059639,10.0,6.832179899999999
2024-03-14 08:15:00,0.3848490982356425,12.0,8.101590839999998
2024-03-14 08:30:00,0.4442560636001412,11.0,7.33751865
2024-03-14 08:45:00,0.5017540030157084,18.0,11.86131114
2024-03-14 09:00:00,0.5570965984840872,19.0,12.366649889999998
2024-03-14 09:15:00,0.6100467713770817,22.0,14.09692977
2024-03-14 09:30:00,0.6603776899330501,27.0,16.973317935
2024-03-14 09:45:00,0.7078737347606834,30.0,18.5560389
2024-03-14 10:00:00,0.7523314360766576,210.7896344133032,127.82420444085074
2024-03-14 10:15:00,0.7935603381045757,378.4791283489543,225.68700015272114
2024-03-14 10:30:00,0.8313838100835311,567.4083021224935,332.61074647567574
2024-03-14 10:45:00,0.8656398140954564,539.6919442286369,310.9090678289887
2024-03-14 11:00:00,0.8961815930701109,726.8509583182953,409.91344545956235
2024-03-14 11:15:00,0.9228782961794508,713.8195923094938,396.79277055350815
2024-03-14 11:30:00,0.9456155476767228,768.5114021048225,420.98071296963184
2024-03-14 11:45:00,0.9642959320910174,823.1136924703421,444.2359290841847
2024-03-14 12:00:00,0.9788394099243813,774.5944419492415,411.7870815782593
2024-03-14 12:15:00,0.9891836656591502,819.5750974015352,430.72957746210085
2024-03-14 12:30:00,0.9952843714659664,831.1564759939778,433.45607302146414
2024-03-14 12:45:00,0.9971153772400599,800.4076882365131,414.18446915976114
2024-03-14 13:00:00,0.9946688243707142,868.4494370308956,445.8829313945549
2024-03-14 13:15:00,0.9879551778421385,739.3871128744365,378.1246508987096
2024-03-14 13:30:00,0.9770031832782535,710.1573624430926,361.7409941110116
2024-03-14 13:45:00,0.9618597421014461,711.646182656158,361.0608819552775
2024-03-14 14:00:00,0.9425897107967908,968.4362001734058,489.38833885037866
2024-03-14 14:15:00,0.9192756266034849,665.9656219459125,336.53823493711997
2024-03-14 14:30:00,0.8920173488677093,658.0040325257494,331.1848755503554
2024-03-14 14:45:00,0.8609316331695813,870.8915127169973,438.33484750832844
2024-03-14 15:00:00,0.8261516362043178,828.0149274924989,416.7543163266384
2024-03-14 15:15:00,0.7878263371335505,782.9532663859935,394.07399844413925
2024-03-14 15:30:00,0.7461199029122438,732.3471548540379,368.60306221679593
2024-03-14 15:45:00,0.7012109914236391,677.9378196500587,342.5882503596861
2024-03-14 16:00:00,0.6532919750316518,621.4586750765242,314.0471500398269
2024-03-14 16:15:00,0.6025681215555342,562.0930190677603,288.59214177765904
2024-03-14 16:30:00,0.5492567223858736,500.8142972400684,260.16713533600847
2024-03-14 16:45:00,0.4935861481461845,436.6575418503693,230.36901533731483
2024-03-14 17:00:00,0.43579487672539435,372.02913173538235,199.28078057842805
2024-03-14 17:15:00,0.3761304799906837,305.50289967379535,165.49799009039342
2024-03-14 17:30:00,0.31484854774656157,240.42791702990942,131.70333667378597
2024-03-14 17:45:00,0.25221160030776213,177.94205256588378,98.91311585768581
2024-03-14 18:00:00,0.1884879726565931,117.06563580484051,65.78347589691757
2024-03-14 18:15:00,0.12395064814619874,64.28396064751459,36.383397476903916
2024-03-14 18:30:00,0.05887609735364232,21.89118435541191,12.43420924171815
2024-03-14 18:45:00,-0.006456897379978437,0.0,0.0
2024-03-14 19:00:00,-0.07176845368405865,0.0,0.0
2024-03-14 19:15:00,-0.13677877936426386,0.0,0.0
2024-03-14 19:30:00,-0.2012093623331964,0.0,0.0
2024-03-14 19:45:00,-0.2647841811049851,0.0,0.0
2024-03-14 20:00:00,-0.32723087843207654,0.0,0.0
2024-03-14 20:15:00,-0.3882819198452877,0.0,0.0
2024-03-14 20:30:00,-0.447675756499172,0.0,0.0
2024-03-14 20:45:00,-0.5051579369753758,0.0,0.0
2024-03-14 21:00:00,-0.5604821899717027,0.0,0.0
2024-03-14 21:15:00,-0.6134114947786143,0.0,0.0
2024-03-14 21:30:00,-0.6637190884696627,0.0,0.0
2024-03-14 21:45:00,-0.7111894312004142,0.0,0.0
2024-03-14 22:00:00,-0.755619143046763,0.0,0.0
2024-03-14 22:15:00,-0.7968178680104618,0.0,0.0
2024-03-14 22:30:00,-0.8346090846260336,0.0,0.0
2024-03-14 22:45:00,-0.8688308733031866,0.0,0.0
2024-03-14 23:00:00,-0.8993366038029975,0.0,0.0
2024-03-14 23:15:00,-0.9259955601053802,0.0,0.0
2024-03-14 23:30:00,-0.9486935086501332,0.0,0.0
2024-03-14 23:45:00,-0.967333182918084,0.0,0.0
2024-03-15 00:00:00,-0.981834698494968,0.0,0.0
2024-03-15 00:15:00,-0.9921359003883121,0.0,0.0
2024-03-15 00:30:00,-0.9981926260476117,0.0,0.0
2024-03-15 00:45:00,-0.9999788946901376,0.0,0.0
2024-03-15 01:00:00,-0.9974870203236184,0.0,0.0
2024-03-15 01:15:00,-0.9907276431071337,0.0,0.0
2024-03-15 01:30:00,-0.9797296856365949,0.0,0.0
2024-03-15 01:45:00,-0.9645402273353858,0.0,0.0
2024-03-15 02:00:00,-0.9452243029402947,0.0,0.0
2024-03-15 02:15:00,-0.9218646274227379,0.0,0.0
2024-03-15 02:30:00,-0.894561236579888,0.0,0.0
2024-03-15 02:45:00,-0.8634310603748698,0.0,0.0
2024-03-15 03:00:00,-0.8286074270971362,0.0,0.0
2024-03-15 03:15:00,-0.7902394839181255,0.0,0.0
2024-03-15 03:30:00,-0.748491561531641,0.0,0.0
2024-03-15 03:45:00,-0.703542476570153,0.0,0.0
2024-03-15 04:00:00,-0.6555847544456278,0.0,0.0
2024-03-15 04:15:00,-0.6048238096737495,0.0,0.0
2024-03-15 04:30:00,-0.5514770733697567,0.0,0.0
2024-03-15 04:45:00,-0.4957730482769949,0.0,0.0
2024-03-15 05:00:00,-0.4379503362358385,0.0,0.0
2024-03-15 05:15:00,-0.37825662436170343,0.0,0.0
2024-03-15 05:30:00,-0.31694760850161946,0.0,0.0
2024-03-15 05:45:00,-0.2542859053303103,0.0,0.0
2024-03-15 06:00:00,-0.1905399361112793,0.0,0.0
2024-03-15 06:15:00,-0.12598276000425587,0.0,0.0
2024-03-15 06:30:00,-0.060890912620783916,0.0,0.0
2024-03-15 06:45:00,0.004456769767520855,0.0,0.0
2024-03-15 07:00:00,0.06978036213841429,33.44509053460357,23.526331540195617
2024-03-15 07:15:00,0.1348000411879949,81.59401668113793,56.736082914444545
2024-03-15 07:30:00,0.1992372753172341,138.6033831649617,95.25665813631981
2024-03-15 07:45:00,0.2628160352798723,201.79214945016236,137.05223960461586
2024-03-15 08:00:00,0.3252639678022071,267.5531782664898,179.55222494541368
2024-03-15 08:15:00,0.3863135541363494,333.23626741126236,219.58994727206806
2024-03-15 08:30:00,0.4457032728383151,400.637223358341,259.1456174788798
2024-03-15 08:45:00,0.5031787114269597,465.5620414101295,295.49477430737574
2024-03-15 09:00:00,0.5584936489464734,530.3421968703053,330.179034217271
2024-03-15 09:15:00,0.6114111261858506,592.8135685198315,365.4774345925982
2024-03-15 09:30:00,0.661704452657407,651.9616227911755,396.671611697154
2024-03-15 09:45:00,0.7091581715094109,708.1148798439415,425.11141122524424
2024-03-15 10:00:00,0.7535689960748695,761.254924420281,450.85856919120624
2024-03-15 10:15:00,0.7947466734076438,811.1406729020705,477.1245471683237
2024-03-15 10:30:00,0.8325147945076674,857.2338476591767,499.0388901509131
2024-03-15 10:45:00,0.866711561150673,897.3090021650847,518.7410908884218
2024-03-15 11:00:00,0.8971904728084044,936.125330113601,535.5043775124531
2024-03-15 11:15:00,0.9238209510114076,968.9442920199399,550.3610894202662
2024-03-15 11:30:00,0.9464889069467282,995.4153062966459,561.3724701021325
2024-03-15 11:45:00,0.9650972254350365,1015.2839197702452,568.4730360582699
2024-03-15 12:00:00,0.9795661793332017,1033.1996277738724,574.3273892396853
2024-03-15 12:15:00,0.9898337761675898,1046.1184304348972,579.3940212667744
2024-03-15 12:30:00,0.9958560204547384,1052.9679079024604,578.9307691700643
2024-03-15 12:45:00,0.9976071023031745,1053.6788892340792,577.1918137010408
2024-03-15 13:00:00,0.9950795096885979,1051.2271243979399,571.5989618860599
2024-03-15 13:15:00,0.9882840590621844,1042.6589691721945,566.9400746497554
2024-03-15 13:30:00,0.9772498508794051,1029.0233559495055,557.4457635183038
2024-03-15 13:45:00,0.9620241432123757,1006.6950809110311,543.315132118403
2024-03-15 14:00:00,0.9426721494512877,983.4812141281747,528.798602109359
2024-03-15 14:15:00,0.919276762478548,954.7165405422278,513.3324000468575
2024-03-15 14:30:00,0.8919381944549218,920.6380263987166,495.0090499084133
2024-03-15 14:45:00,0.8607735494252435,880.354759668925,473.3495257313342
2024-03-15 15:00:00,0.8259163266893725,838.0616062673971,450.6093248243448
2024-03-15 15:15:00,0.7875158406503058,788.4017090633242,425.50180967852674
2024-03-15 15:30:00,0.745736584711453,737.7396677155016,399.6506492973981
2024-03-15 15:45:00,0.7007575329832914,678.3446605687809,368.84617489691817
2024-03-15 16:00:00,0.6527713624450386,621.4530021918271,339.1678259762744
2024-03-15 16:15:00,0.601983632611118,561.8007915171722,311.154081868791
2024-03-15 16:30:00,0.5486119124065483,499.3686797647011,279.6041816189603
2024-03-15 16:45:00,0.49288483457200705,430.8201595684211,243.8353354204392
2024-03-15 17:00:00,0.4350411225758759,365.87325120962674,209.2954023727703
2024-03-15 17:15:00,0.3753285763124663,300.08430311104104,173.48099526329526
2024-03-15 17:30:00,0.3140029949786687,234.2957101328198,136.39530388479147
2024-03-15 17:45:00,0.2513270888022607,168.88302135867835,98.99803649515667
2024-03-15 18:00:00,0.1875693623439438,109.52608024132287,64.64619825845017
2024-03-15 18:15:00,0.12300294746554238,58.50473097145451,34.649837328531696
2024-03-15 18:30:00,0.057904441564656746,19.500921948642393,11.588976109136425
2024-03-15 18:45:00,-0.007447268486010787,0.0,0.0
2024-03-15 19:00:00,-0.0727722184924316,0.0,0.0
2024-03-15 19:15:00,-0.13779055749100008,0.0,0.0
2024-03-15 19:30:00,-0.20222373798067345,0.0,0.0
2024-03-15 19:45:00,-0.2657957265822274,0.0,0.0
2024-03-15 20:00:00,-0.3282341776558474,0.0,0.0
2024-03-15 20:15:00,-0.38927159184648785,0.0,0.0
2024-03-15 20:30:00,-0.4486464787899175,0.0,0.0
2024-03-15 20:45:00,-0.5061044686307087,0.0,0.0
2024-03-15 21:00:00,-0.5613993943604485,0.0,0.0
2024-03-15 21:15:00,-0.6142943618821655,0.0,0.0
2024-03-15 21:30:00,-0.6645627566347818,0.0,0.0
2024-03-15 21:45:00,-0.7119892082348707,0.0,0.0
2024-03-15 22:00:00,-0.7563705265955715,0.0,0.0
2024-03-15 22:15:00,-0.7975165651048794,0.0,0.0
2024-03-15 22:30:00,-0.8352510303524121,0.0,0.0
2024-03-15 22:45:00,-0.8694122484394575,0.0,0.0
2024-03-15 23:00:00,-0.8998538514279699,0.0,0.0
2024-03-15 23:15:00,-0.9264454010642983,0.0,0.0
2024-03-15 23:30:00,-0.9490729558042348,0.0,0.0
2024-03-15 23:45:00,-0.9676395541370268,0.0,0.0
2024-03-16 00:00:00,-0.9820656283366758,0.0,0.0
2024-03-16 00:15:00,-0.9922893503936006,0.0,0.0
2024-03-16 00:30:00,-0.9982668936128531,0.0,0.0
2024-03-16 00:45:00,-0.999972620510925,0.0,0.0
2024-03-16 01:00:00,-0.9973991943188193,0.0,0.0
2024-03-16 01:15:00,-0.9905576088428613,0.0,0.0
2024-03-16 01:30:00,-0.9794771432242477,0.0,0.0
2024-03-16 01:45:00,-0.9642052347658878,0.0,0.0
2024-03-16 02:00:00,-0.9448072758720969,0.0,0.0
2024-03-16 02:15:00,-0.9213663374416075,0.0,0.0
2024-03-16 02:30:00,-0.8939828078720274,0.0,0.0
2024-03-16 02:45:00,-0.862773964899799,0.0,0.0
2024-03-16 03:00:00,-0.8278734782395136,0.0,0.0
2024-03-16 03:15:00,-0.7894308286777908,0.0,0.0
2024-03-16 03:30:00,-0.7476106712223685,0.0,0.0
2024-03-16 03:45:00,-0.7025921361688638,0.0,0.0
2024-03-16 04:00:00,-0.6545680505141114,0.0,0.0
2024-03-16 04:15:00,-0.6037441170425891,0.0,0.0
2024-03-16 04:30:00,-0.550338040509499,0.0,0.0
2024-03-16 04:45:00,-0.4945785815057926,0.0,0.0
2024-03-16 05:00:00,-0.4367045828120831,0.0,0.0
2024-03-16 05:15:00,-0.3769639545096657,0.0,0.0
2024-03-16 05:30:00,-0.3156125964926197,0.0,0.0
2024-03-16 05:45:00,-0.25291330965881403,0.0,0.0
2024-03-16 06:00:00,-0.189134678879947,0.0,0.0
2024-03-16 06:15:00,-0.12454990559401125,0.0,0.0
2024-03-16 06:30:00,-0.05943564573298579,0.0,0.0
2024-03-16 06:45:00,0.005929166599128708,0.0,0.0
2024-03-16 07:00:00,0.07126453143237095,31.400028469232545,22.976358845806047
2024-03-16 07:15:00,0.13629057375244208,75.88556474828636,54.91421633197451
2024-03-16 07:30:00,0.20072873370732092,131.32064283122122,93.70231021050643
2024-03-16 07:45:00,0.26430297737514563,42.0,29.629021590000004
2024-03-16 08:00:00,0.3267409704264277,261.23288360523804,181.64727203131392
2024-03-16 08:15:00,0.38777523657889534,76.0,51.77094426
2024-03-16 08:30:00,0.44714432019216843,157.17009217210662,105.15755860030357
2024-03-16 08:45:00,0.5045938976704893,209.5145165390948,137.21504184755779
2024-03-16 09:00:00,0.5598778596073547,264.1403353967841,169.2530798869414
2024-03-16 09:15:00,0.6127593805434137,303.6839291172711,191.52214490474253
2024-03-16 09:30:00,0.6630119253632306,401.54466108651184,248.369278373621
2024-03-16 09:45:00,0.710420213537895,459.4887555924148,279.56575796171217
2024-03-16 10:00:00,0.7547811549116996,517.6672431195916,308.68483471372065
2024-03-16 10:15:00,0.7959047123912363,666.7462536295211,394.8851459370531
2024-03-16 10:30:00,0.8336147112427801,715.8563153776338,419.6299252873455
2024-03-16 10:45:00,0.8677496048625752,748.1277344676506,434.0105084342942
2024-03-16 11:00:00,0.8981631606856306,692.5540277530997,397.5709032823582
2024-03-16 11:15:00,0.9247250833142889,784.2004279045734,447.01158257706777
2024-03-16 11:30:00,0.9473215809395636,989.3769292450689,559.9669607879665
2024-03-16 11:45:00,0.9658558479964376,1015.4606231406051,570.624581392969
2024-03-16 12:00:00,0.9802484782641505,1033.117545220528,576.3700591109103
2024-03-16 12:15:00,0.9904378100719851,1044.8394220489618,578.6856408478834
2024-03-16 12:30:00,0.9963801871971604,1047.543078773288,578.0656081183018
2024-03-16 12:45:00,0.9980501460139006,1044.1573879831362,574.0866699003694
2024-03-16 13:00:00,0.9954405262402528,1041.691297297039,570.625164219169
2024-03-16 13:15:00,0.9885625000369664,1033.2144375348594,563.8931557334845
2024-03-16 13:30:00,0.9774455259986021,1018.798794438686,553.9662359886721
2024-03-16 13:45:00,0.9621372211962651,996.8254784913303,542.0183664054017
2024-03-16 14:00:00,0.9427031573303415,972.1150142159051,526.6171979421848
2024-03-16 14:15:00,0.9192265833647373,943.9307769454641,509.4411252339038
2024-03-16 14:30:00,0.8918080637418088,906.0862976863369,489.0163922253574
2024-03-16 14:45:00,0.860565049461266,866.6240241194492,465.96677793687587
2024-03-16 15:00:00,0.8256313799863735,823.5556143880086,442.8097368730587
2024-03-16 15:15:00,0.7871567015666932,777.4648602583229,419.59917285619247
2024-03-16 15:30:00,0.7453058297047143,727.0005669084165,392.36350365648434
2024-03-16 15:45:00,0.7002580494956963,673.7154713289063,364.96726059487514
2024-03-16 16:00:00,0.6522063364087081,616.8959578366884,335.4337810614514
2024-03-16 16:15:00,0.6013565346553154,557.0716623776991,306.2827685086889
2024-03-16 16:30:00,0.54792648284521,495.51997992804996,275.44599198255247
2024-03-16 16:45:00,0.49214506721595563,434.2344793365114,244.89002803821188
2024-03-16 17:00:00,0.4342512474551158,369.80461698130546,210.79680805942556
2024-03-16 17:15:00,0.3744930413121318,304.29699772894924,175.30129348565407
2024-03-16 17:30:00,0.31312644662406364,239.43147706157347,139.3850918349495
2024-03-16 17:45:00,0.25041435208272783,178.2187778996803,104.83083458020982
2024-03-16 18:00:00,0.18662541983054504,118.55530846594819,70.69449783553507
2024-03-16 18:15:00,0.12203291772784199,65.05053367290944,39.18408600473635
2024-03-16 18:30:00,0.0569135569650924,23.789131797995893,14.522056712672473
2024-03-16 18:45:00,-0.008453684464049925,0.0,0.0
2024-03-16 19:00:00,-0.07378877431256867,0.0,0.0
2024-03-16 19:15:00,-0.13881181697679223,0.0,0.0
2024-03-16 19:30:00,-0.20324424386008422,0.0,0.0
2024-03-16 19:45:00,-0.26681002416398303,0.0,0.0
2024-03-16 20:00:00,-0.3292368384953605,0.0,0.0
2024-03-16 20:15:00,-0.39025723727587586,0.0,0.0
2024-03-16 20:30:00,-0.4496098032734308,0.0,0.0
2024-03-16 20:45:00,-0.5070402627596117,0.0,0.0
2024-03-16 21:00:00,-0.5623025675154265,0.0,0.0
2024-03-16 21:15:00,-0.6151599642794975,0.0,0.0
2024-03-16 21:30:00,-0.6653860008252906,0.0,0.0
2024-03-16 21:45:00,-0.7127654898899431,0.0,0.0
2024-03-16 22:00:00,-0.7570954445155543,0.0,0.0
2024-03-16 22:15:00,-0.7981859402983392,0.0,0.0
2024-03-16 22:30:00,-0.8358609242270978,0.0,0.0
2024-03-16 22:45:00,-0.869958979897771,0.0,0.0
2024-03-16 23:00:00,-0.9003340128614059,0.0,0.0
2024-03-16 23:15:00,-0.926855873183656,0.0,0.0
2024-03-16 23:30:00,-0.9494109211943306,0.0,0.0
2024-03-16 23:45:00,-0.96790250950832,0.0,0.0
2024-03-17 00:00:00,-0.9822513954365758,0.0,0.0
2024-03-17 00:15:00,-0.9923960854764874,0.0,0.0
2024-03-17 00:30:00,-0.9982930954955097,0.0,0.0
2024-03-17 00:45:00,-0.9999171371224813,0.0,0.0
2024-03-17 01:00:00,-0.9972612277349142,0.0,0.0
2024-03-17 01:15:00,-0.9903367187892712,0.0,0.0
2024-03-17 01:30:00,-0.9791732490426912,0.0,0.0
2024-03-17 01:45:00,-0.9638186158013373,0.0,0.0
2024-03-17 02:00:00,-0.9443385703000997,0.0,0.0
2024-03-17 02:15:00,-0.9208165395551617,0.0,0.0
2024-03-17 02:30:00,-0.8933532638104114,0.0,0.0
2024-03-17 02:45:00,-0.8620663668427659,0.0,0.0
2024-03-17 03:00:00,-0.8270898571344039,0.0,0.0
2024-03-17 03:15:00,-0.7885735454433727,0.0,0.0
2024-03-17 03:30:00,-0.7466824065894628,0.0,0.0
2024-03-17 03:45:00,-0.7015958790491557,0.0,0.0
2024-03-17 04:00:00,-0.6535070851121025,0.0,0.0
2024-03-17 04:15:00,-0.6026220086074308,0.0,0.0
2024-03-17 04:30:00,-0.5491586199587449,0.0,0.0
2024-03-17 04:45:00,-0.4933459287885587,0.0,0.0
2024-03-17 05:00:00,-0.4354230092872009,0.0,0.0
2024-03-17 05:15:00,-0.37563798425753914,0.0,0.0
2024-03-17 05:30:00,-0.31424694672636383,0.0,0.0
2024-03-17 05:45:00,-0.25151287028334124,0.0,0.0
2024-03-17 06:00:00,-0.18770449129529332,0.0,0.0
2024-03-17 06:15:00,-0.12309514087217868,0.0,0.0
2024-03-17 06:30:00,-0.057961582171582905,0.0,0.0
2024-03-17 06:45:00,0.007417166303327598,0.0,0.0
2024-03-17 07:00:00,0.07276104349223025,35.09884522067411,24.405845840676285
2024-03-17 07:15:00,0.13779013674761165,80.9823505966163,55.65598695867594
2024-03-17 07:30:00,0.20222587229552177,136.05728934037285,92.40674758378876
2024-03-17 07:45:00,0.2657922260665383,197.70419217972722,132.67727865130624
2024-03-17 08:00:00,0.328216897245336,260.4330790590524,172.66828773902276
2024-03-17 08:15:00,0.38923246663675565,325.23500717954084,211.687761355843
2024-03-17 08:30:00,0.4485775590247485,391.91019564709114,250.33192419302338
2024-03-17 08:45:00,0.5059979541892552,458.64241654248355,288.3216131278621
2024-03-17 09:00:00,0.5612476686256005,521.2431255749827,321.3533064194689
2024-03-17 09:15:00,0.6140900247872914,582.0806305486645,351.80088629584606
2024-03-17 09:30:00,0.6642986567802089,640.6538582631777,380.72673062285224
2024-03-17 09:45:00,0.7116584739561642,697.8545308158191,406.2561825995165
2024-03-17 10:00:00,0.7559665957888374,749.7864038689099,428.9104124790606
2024-03-17 10:15:00,0.7970332137258204,549.8281194216991,308.9685934967543
2024-03-17 10:30:00,0.8346823994646249,844.3956659122732,465.96278854673807
2024-03-17 10:45:00,0.8687528696540585,885.2526400817338,479.56183987836675
2024-03-17 11:00:00,0.8990986706883158,921.3635663987571,489.8119500123434
2024-03-17 11:15:00,0.925589800612777,954.4264635729464,501.60102311162825
2024-03-17 11:30:00,0.9481127742650117,982.1741205833761,508.2425777950234
2024-03-17 11:45:00,0.9665711046103873,1004.3762649614264,511.61064823539823
2024-03-17 12:00:00,0.9808857144730778,1021.8414287494239,514.3105660212381
2024-03-17 12:15:00,0.9909952802957505,1034.4275068415545,516.4634676336524
2024-03-17 12:30:00,0.99685649158207,1041.0042364777128,515.5385840142249
2024-03-17 12:45:00,0.9984442365585531,1041.5220247306254,513.6897235610471
2024-03-17 13:00:00,0.9957517113757741,1034.9811189614825,506.27955085184976
2024-03-17 13:15:00,0.9887904476693492,1026.4069730475348,502.085353815089
2024-03-17 13:30:00,0.9775902650077973,1012.890029637345,495.47329885753805
2024-03-17 13:45:00,0.9621991413415698,992.6561971543678,485.57555731055
2024-03-17 14:00:00,0.9426830076069215,968.6951970744369,475.81268186002274
2024-03-17 14:15:00,0.9191254688232997,940.271933192729,461.85147976506556
2024-03-17 14:30:00,0.8916274407077942,905.7307356883395,446.716017701902
2024-03-17 14:45:00,0.8603067192883308,866.8569675173627,429.2952880661344
2024-03-17 15:00:00,0.8252974812762914,824.9906507797283,408.5617493421801
2024-03-17 15:15:00,0.7867497009443862,778.3397368310599,387.0320260105682
2024-03-17 15:30:00,0.7448285111562452,729.0214906613083,363.98197510815515
2024-03-17 15:45:00,0.6997135023285039,673.5581959652574,336.2905561197221
2024-03-17 16:00:00,0.6515979419064826,614.3103123633157,307.95132691889313
2024-03-17 16:15:00,0.6006879514484038,555.7482973043778,284.2112436729157
2024-03-17 16:30:00,0.5472016310880192,494.3452559377748,258.8050389973701
2024-03-17 16:45:00,0.49136811158022536,430.1728257883052,229.55644595962835
2024-03-17 17:00:00,0.4334265791487042,366.7980459292007,199.44441825076004
2024-03-17 17:15:00,0.37362525902646093,302.1091678491467,168.54488604584847
2024-03-17 17:30:00,0.312220336635587,238.8344392882675,136.62368021179267
2024-03-17 17:45:00,0.24947486750001635,175.97850649750845,103.51307489436992
2024-03-17 18:00:00,0.18565765918826457,117.6471357917655,70.86637459817251
2024-03-17 18:15:00,0.12104210284073962,65.37034660051447,39.641003085804876
2024-03-17 18:30:00,0.05590501029778269,24.83928181240975,15.213328965840827
2024-03-17 18:45:00,-0.009474562842974868,0.0,0.0
2024-03-17 19:00:00,-0.07481653014199746,0.0,0.0
2024-03-17 19:15:00,-0.13984096547095545,0.0,0.0
2024-03-17 19:30:00,-0.20426929347625328,0.0,0.0
2024-03-17 19:45:00,-0.2678255003963228,0.0,0.0
2024-03-17 20:00:00,-0.3302373076398598,0.0,0.0
2024-03-17 20:15:00,-0.3912373300294796,0.0,0.0
2024-03-17 20:30:00,-0.4505642379839731,0.0,0.0
2024-03-17 20:45:00,-0.5079638683553351,0.0,0.0
2024-03-17 21:00:00,-0.5631903059430005,0.0,0.0
2024-03-17 21:15:00,-0.6160069523840311,0.0,0.0
2024-03-17 21:30:00,-0.6661875315223109,0.0,0.0
2024-03-17 21:45:00,-0.7135170526252566,0.0,0.0
2024-03-17 22:00:00,-0.7577927448299575,0.0,0.0
2024-03-17 22:15:00,-0.7988249185032658,0.0,0.0
2024-03-17 22:30:00,-0.8364377730279664,0.0,0.0
2024-03-17 22:45:00,-0.8704701609348914,0.0,0.0
2024-03-17 23:00:00,-0.9007762720918552,0.0,0.0
2024-03-17 23:15:00,-0.927226255029044,0.0,0.0
2024-03-17 23:30:00,-0.949706781395477,0.0,0.0
2024-03-17 23:45:00,-0.9681215266340403,0.0,0.0
2024-03-18 00:00:00,-0.9823915809984006,0.0,0.0
2024-03-18 00:15:00,-0.9924557925892648,0.0,0.0
2024-03-18 00:30:00,-0.9982710260581136,0.0,0.0
2024-03-18 00:45:00,-0.9998123475051415,0.0,0.0
2024-03-18 01:00:00,-0.9970731329059787,0.0,0.0
2024-03-18 01:15:00,-0.9900650948999157,0.0,0.0
2024-03-18 01:30:00,-0.9788182344571701,0.0,0.0
2024-03-18 01:45:00,-0.9633807105248254,0.0,0.0
2024-03-18 02:00:00,-0.9438186338642574,0.0,0.0
2024-03-18 02:15:00,-0.9202157873490651,0.0,0.0
2024-03-18 02:30:00,-0.8926732618369316,0.0,0.0
2024-03-18 02:45:00,-0.8613090249845317,0.0,0.0
2024-03-18 03:00:00,-0.826257420917452,0.0,0.0
2024-03-18 03:15:00,-0.7876685863442279,0.0,0.0
2024-03-18 03:30:00,-0.7457078108956652,0.0,0.0
2024-03-18 03:45:00,-0.7005548354375637,0.0,0.0
2024-03-18 04:00:00,-0.6524030708193169,0.0,0.0
2024-03-18 04:15:00,-0.6014587744035883,0.0,0.0
2024-03-18 04:30:00,-0.5479401739024654,0.0,0.0
2024-03-18 04:45:00,-0.4920765189125673,0.0,0.0
2024-03-18 05:00:00,-0.43410710517336937,0.0,0.0
2024-03-18 05:15:00,-0.37428025770117324,0.0,0.0
2024-03-18 05:30:00,-0.3128522514971081,0.0,0.0
2024-03-18 05:45:00,-0.2500862211015333,0.0,0.0
2024-03-18 06:00:00,-0.18625104211811755,0.0,0.0
2024-03-18 06:15:00,-0.12162016252902738,0.0,0.0
2024-03-18 06:30:00,-0.05647043958092186,0.0,0.0
2024-03-18 06:45:00,0.008919037456269256,0.0,0.0
2024-03-18 07:00:00,0.07426816024763713,3.0,2.0253977099999996
2024-03-18 07:15:00,0.13929699271286858,6.0,4.002282899999999
2024-03-18 07:30:00,0.20372696146231234,8.0,5.271693839999999
2024-03-18 07:45:00,0.2672820667231748,11.0,7.181874315000001
2024-03-18 08:00:00,0.32969005572140303,15.0,9.672183675000001
2024-03-18 08:15:00,0.3906835809021506,11.0,7.003995075000001
2024-03-18 08:30:00,0.4500013619148036,24.0,15.08739372
2024-03-18 08:45:00,0.5073892962841003,28.0,17.375567580000002
2024-03-18 09:00:00,0.5626015406110545,32.0,19.66374144
2024-03-18 09:15:00,0.6154015791535077,37.0,22.4370405
2024-03-18 09:30:00,0.6655632288874674,73.0,43.82499775499999
2024-03-18 09:45:00,0.712871602286341,59.0,35.06242383
2024-03-18 10:00:00,0.7571240413123786,72.0,42.351429960000004
2024-03-18 10:15:00,0.7981309783074942,110.0,64.25887544999999
2024-03-18 10:30:00,0.8357167432498063,128.0,74.25649728
2024-03-18 10:45:00,0.8697203273066874,153.0,88.141184775
2024-03-18 11:00:00,0.8999960664497416,197.4999803322487,112.9785730866914
2024-03-18 11:15:00,0.9264142621300896,262.7490424562115,149.77276358136925
2024-03-18 11:30:00,0.9488617450641881,340.8521932926959,194.29328641883035
2024-03-18 11:45:00,0.9672423552336546,395.7724801558885,224.79906753676718
2024-03-18 12:00:00,0.9814773521907092,371.07386760953545,210.0201649453243
2024-03-18 12:15:00,0.9915057573526769,345.6857130220491,195.6509924447915
2024-03-18 12:30:00,0.9972846119551759,318.92668452278974,180.5059335501978
2024-03-18 12:45:00,0.99878916119661,341.95883148068475,193.54165426613903
2024-03-18 13:00:00,0.9960129618752125,284.9282333137538,160.68756942492848
2024-03-18 13:15:00,0.9889679083962787,260.8455507175479,147.6332082877873
2024-03-18 13:30:00,0.9776841836561081,225.79915765290497,127.79767176889655
2024-03-18 13:45:00,0.9622101278994524,249.50873166269287,141.72114796350192
2024-03-18 14:00:00,0.9426120317632096,268.96701657173776,153.3171463066269
2024-03-18 14:15:00,0.918973855801765,232.1087124138194,132.30709799950853
2024-03-18 14:30:00,0.8913968655785502,262.827937311571,150.34900395851386
2024-03-18 14:45:00,0.8599991997392596,866.7192781648122,497.55304641021286
2024-03-18 15:00:00,0.8249153689257915,825.824509081806,475.7460826581904
2024-03-18 15:15:00,0.7862956711615958,779.9401906222043,450.8892971483317
2024-03-18 15:30:00,0.7443055515278474,728.824302071588,422.81202972169353
2024-03-18 15:45:00,0.6991248997483657,676.1587900868657,394.9927588783145
2024-03-18 16:00:00,0.6509472683325057,619.3333909109822,363.0488674516118
2024-03-18 16:15:00,0.5999790484773806,560.383154975814,331.890854622258
2024-03-18 16:30:00,0.5464385933131415,499.1292255976241,299.64845467494195
2024-03-18 16:45:00,0.490555268909362,434.9920095307466,263.7819820275067
2024-03-18 17:00:00,0.4325684779939716,370.528208507756,226.93762121318315
2024-03-18 17:15:00,0.3727266426939617,306.2541308926268,190.04783385639297
2024-03-18 17:30:00,0.3112861247332745,242.39424708943125,152.8690248775427
2024-03-18 17:45:00,0.24851013464963587,178.2193105564092,113.83726025876116
2024-03-18 18:00:00,0.1846676130319625,120.33041166890368,78.07698384855797
2024-03-18 18:15:00,0.12003206147318082,67.41025967141786,44.012001136512396
2024-03-18 18:30:00,0.05488037925088757,26.549185989654436,17.44123219998833
2024-03-18 18:45:00,-0.010508314068651764,0.0,0.0
2024-03-18 19:00:00,-0.07585389176535945,0.0,0.0
2024-03-18 19:15:00,-0.14087641129300185,0.0,0.0
2024-03-18 19:30:00,-0.20529730487648684,0.0,0.0
2024-03-18 19:45:00,-0.2688405902480076,0.0,0.0
2024-03-18 20:00:00,-0.33123404410557156,0.0,0.0
2024-03-18 20:15:00,-0.39221036012359645,0.0,0.0
2024-03-18 20:30:00,-0.45150831078492365,0.0,0.0
2024-03-18 20:45:00,-0.5088738578059031,0.0,0.0
2024-03-18 21:00:00,-0.5640612330843159,0.0,0.0
2024-03-18 21:15:00,-0.6168340069248663,0.0,0.0
2024-03-18 21:30:00,-0.6669660928009165,0.0,0.0
2024-03-18 21:45:00,-0.7142427096104984,0.0,0.0
2024-03-18 22:00:00,-0.7584613152821467,0.0,0.0
2024-03-18 22:15:00,-0.7994324671524251,0.0,0.0
2024-03-18 22:30:00,-0.8369806286631636,0.0,0.0
2024-03-18 22:45:00,-0.8709449323509662,0.0,0.0
2024-03-18 23:00:00,-0.9011798628349423,0.0,0.0
2024-03-18 23:15:00,-0.9275558768742359,0.0,0.0
2024-03-18 23:30:00,-0.9499599664639153,0.0,0.0
2024-03-18 23:45:00,-0.9682961381356494,0.0,0.0
2024-03-19 00:00:00,-0.9824858225515247,0.0,0.0
2024-03-19 00:15:00,-0.9924682160462107,0.0,0.0
2024-03-19 00:30:00,-0.9982005378241322,0.0,0.0
2024-03-19 00:45:00,-0.9996582133458609,0.0,0.0
2024-03-19 01:00:00,-0.9968349811666819,0.0,0.0
2024-03-19 01:15:00,-0.9897429181625916,0.0,0.0
2024-03-19 01:30:00,-0.9784123896336134,0.0,0.0
2024-03-19 01:45:00,-0.962891917346439,0.0,0.0
2024-03-19 02:00:00,-0.9432479718124307,0.0,0.0
2024-03-19 02:15:00,-0.9195646910269801,0.0,0.0
2024-03-19 02:30:00,-0.8919435147954304,0.0,0.0
2024-03-19 02:45:00,-0.8605027520319806,0.0,0.0
2024-03-19 03:00:00,-0.8253770789586545,0.0,0.0
2024-03-19 03:15:00,-0.7867169537602692,0.0,0.0
2024-03-19 03:30:00,-0.7446879755540012,0.0,0.0
2024-03-19 03:45:00,-0.6994701813415225,0.0,0.0
2024-03-19 04:00:00,-0.6512572634648218,0.0,0.0
2024-03-19 04:15:00,-0.6002557449352104,0.0,0.0
2024-03-19 04:30:00,-0.5466841021254871,0.0,0.0
2024-03-19 04:45:00,-0.4907718151546756,0.0,0.0
2024-03-19 05:00:00,-0.4327583912230387,0.0,0.0
2024-03-19 05:15:00,-0.37289234679712424,0.0,0.0
2024-03-19 05:30:00,-0.31143012747911947,0.0,0.0
2024-03-19 05:45:00,-0.24863501682567707,0.0,0.0
2024-03-19 06:00:00,-0.18477601722594827,0.0,0.0
2024-03-19 06:15:00,-0.12012668067078719,0.0,0.0
2024-03-19 06:30:00,-0.05496394513941733,0.0,0.0
2024-03-19 06:45:00,0.01043304292981752,0.0,0.0
2024-03-19 07:00:00,0.07578414188061483,41.27878434878018,28.70304253524103
2024-03-19 07:15:00,0.14080940632496103,86.83219568331093,60.02739297366012
2024-03-19 07:30:00,0.20523027759501045,141.43207908167986,97.20070967213066
2024-03-19 07:45:00,0.26877079455859965,202.9741033636986,139.0858416409031
2024-03-19 08:00:00,0.33115876699231883,15.0,10.217949525000002
2024-03-19 08:15:00,0.39212693336743365,19.0,12.827518829999999
2024-03-19 08:30:00,0.45141412256490143,23.0,15.388575615
2024-03-19 08:45:00,0.5087663640164796,28.0,18.62072226
2024-03-19 09:00:00,0.5639379683891432,33.0,21.74573709
2024-03-19 09:15:00,0.6166925954701896,37.0,24.157213605000003
2024-03-19 09:30:00,0.6668042584577751,42.0,27.167011200000005
2024-03-19 09:45:00,0.7140582859298795,46.0,29.47539861
2024-03-19 10:00:00,0.7582522548802779,50.0,31.83634125
2024-03-19 10:15:00,0.7991968505881855,54.0,34.16494221
2024-03-19 10:30:00,0.8367166727954395,56.0,35.20391868
2024-03-19 10:45:00,0.8706509980755384,59.0,36.851323005
2024-03-19 11:00:00,0.9008544622272161,105.0,65.37062069999999
2024-03-19 11:15:00,0.9271976796307488,94.0,58.332262590000006
2024-03-19 11:30:00,0.9495678057199441,134.0,82.88364042
2024-03-19 11:45:00,0.9678690155297887,157.9678690155298,97.38928827153529
2024-03-19 12:00:00,0.9820229125846454,189.91011456292324,117.08210668481298
2024-03-19 12:15:00,0.9919688696781681,265.88756417549433,163.3857598143227
2024-03-19 12:30:00,0.9976642853137008,338.9229214153521,208.26539671252883
2024-03-19 12:45:00,0.9990847663161938,469.90206999583273,288.7510252037136
2024-03-19 13:00:00,0.9962242338720064,531.3807743550091,326.5291922844963
2024-03-19 13:15:00,0.9890949479749389,467.8004442772433,287.45959318077627
2024-03-19 13:30:00,0.977727456734219,360.99773555303983,222.5598962133885
2024-03-19 13:45:00,0.962170463621725,317.8651139086518,195.96806238407095
2024-03-19 14:00:00,0.942490618959517,318.10219042566405,196.75722065712765
2024-03-19 14:15:00,0.9187722378944265,276.29421699578296,171.45602997762185
2024-03-19 14:30:00,0.8911169339230127,230.80228627315313,143.69227345385818
2024-03-19 14:45:00,0.859643185469931,243.7542909675189,152.2486120389626
2024-03-19 15:00:00,0.824485833349891,319.46915000099347,200.18577474708002
2024-03-19 15:15:00,0.78579549468793,474.736374555117,299.39855224932387
2024-03-19 15:30:00,0.7437379212047326,383.41039828962346,242.5776685236679
2024-03-19 15:45:00,0.6984932955081298,263.2111044349797,167.59357083162806
2024-03-19 16:00:00,0.6502554479517924,91.0,58.12608438
2024-03-19 16:15:00,0.5992310312928764,567.57175256628,365.9772159708475
2024-03-19 16:30:00,0.5456386428597968,199.192679928728,129.2471573714842
2024-03-19 16:45:00,0.48970787445665453,70.0,45.70283655000001
2024-03-19 17:00:00,0.43167833512116177,184.95979189014523,121.50755504423395
2024-03-19 17:15:00,0.37179863295394716,179.50073342601968,119.00978324470745
2024-03-19 17:30:00,0.310325294514764,137.34172182784746,91.61340412135844
2024-03-19 17:45:00,0.2475216733295763,98.95012247287873,66.6044371621182
2024-03-19 18:00:00,0.18365683048693465,63.8762032694417,43.254021758000285
2024-03-19 18:15:00,0.1190043650641203,35.04614841218009,23.80247766076397
2024-03-19 18:30:00,0.053841250430509816,13.0,8.855556255
2024-03-19 18:45:00,-0.01155334352230188,0.0,0.0
2024-03-19 19:00:00,-0.07689926374767314,0.0,0.0
2024-03-19 19:15:00,-0.1419165654571109,0.0,0.0
2024-03-19 19:30:00,-0.20632670271793552,0.0,0.0
2024-03-19 19:45:00,-0.26985373913988614,0.0,0.0
2024-03-19 20:00:00,-0.33222552111550374,0.0,0.0
2024-03-19 20:15:00,-0.3931748355154788,0.0,0.0
2024-03-19 20:30:00,-0.4524405711555329,0.0,0.0
2024-03-19 20:45:00,-0.5097688286880421,0.0,0.0
2024-03-19 21:00:00,-0.5649140009829738,0.0,0.0
2024-03-19 21:15:00,-0.6176398406288116,0.0,0.0
2024-03-19 21:30:00,-0.6677204639176053,0.0,0.0
2024-03-19 21:45:00,-0.7149413122324089,0.0,0.0
2024-03-19 22:00:00,-0.7591000846821201,0.0,0.0
2024-03-19 22:15:00,-0.8000075974184083,0.0,0.0
2024-03-19 22:30:00,-0.8374885892619903,0.0,0.0
2024-03-19 22:45:00,-0.8713824834652175,0.0,0.0
2024-03-19 23:00:00,-0.9015440694345849,0.0,0.0
2024-03-19 23:15:00,-0.9278441214964266,0.0,0.0
2024-03-19 23:30:00,-0.9501699605937755,0.0,0.0
2024-03-19 23:45:00,-0.9684259321719011,0.0,0.0
2024-03-20 00:00:00,-0.9825338143154744,0.0,0.0
2024-03-20 00:15:00,-0.9924331577624683,0.0,0.0
2024-03-20 00:30:00,-0.9980815415835365,0.0,0.0
2024-03-20 00:45:00,-0.9994547550114936,0.0,0.0
2024-03-20 01:00:00,-0.9965469026843305,0.0,0.0
2024-03-20 01:15:00,-0.989370428296773,0.0,0.0
2024-03-20 01:30:00,-0.9779560631206481,0.0,0.0
2024-03-20 01:45:00,-0.9623526924497721,0.0,0.0
2024-03-20 02:00:00,-0.9426271463004261,0.0,0.0
2024-03-20 02:15:00,-0.9188639166052472,0.0,0.0
2024-03-20 02:30:00,-0.8911647899823004,0.0,0.0
2024-03-20 02:45:00,-0.859648413552116,0.0,0.0
2024-03-20 03:00:00,-0.8244497916606128,0.0,0.0
2024-03-20 03:15:00,-0.7857196990929225,0.0,0.0
2024-03-20 03:30:00,-0.7436240387168278,0.0,0.0
2024-03-20 03:45:00,-0.6983431370488189,0.0,0.0
2024-03-20 04:00:00,-0.650070960533802,0.0,0.0
2024-03-20 04:15:00,-0.5990142895772862,0.0,0.0
2024-03-20 04:30:00,-0.5453918402299739,0.0,0.0
2024-03-20 04:45:00,-0.4894333134643347,0.0,0.0
2024-03-20 05:00:00,-0.43137841756185147,0.0,0.0
2024-03-20 05:15:00,-0.3714758494610786,0.0,0.0
2024-03-20 05:30:00,-0.3099822137721947,0.0,0.0
2024-03-20 05:45:00,-0.2471609309552363,0.0,0.0
2024-03-20 06:00:00,-0.18328111759147409,0.0,0.0
2024-03-20 06:15:00,-0.11861641664752307,0.0,0.0
2024-03-20 06:30:00,-0.053443833469074685,0.0,0.0
2024-03-20 06:45:00,0.011957442036102713,12.54251002265725,8.670679948622135
2024-03-20 07:00:00,0.07730724887718315,4.0,2.7732990600000003
2024-03-20 07:15:00,0.1423256464351641,6.0,4.147820459999999
2024-03-20 07:30:00,0.20673410505192524,8.0,5.53042728
2024-03-20 07:45:00,0.27025671665496137,11.0,7.582102605
2024-03-20 08:00:00,0.33262136783343577,15.0,10.308910500000001
2024-03-20 08:15:00,0.39356089741202244,19.0,12.942736065
2024-03-20 08:30:00,0.45281425767040323,23.0,15.481557945
2024-03-20 08:45:00,0.5101276239490418,28.0,18.677320199999997
2024-03-20 09:00:00,0.5652554747246731,33.0,21.74573709
2024-03-20 09:15:00,0.6179616587664774,235.31362284352159,153.6357148972259
2024-03-20 09:30:00,0.6680203986187193,389.685303640867,252.06154782111514
2024-03-20 09:45:00,0.7152172516392465,435.12169946554604,277.9331936121245
2024-03-20 10:00:00,0.7593500420765767,769.0833386262974,486.58681146002425
2024-03-20 10:15:00,0.800229719834723,493.06432155372244,309.9606478569039
2024-03-20 10:30:00,0.8376811655502627,865.7710202794481,542.5094800160588
2024-03-20 10:45:00,0.871543951712188,908.1960178368518,565.4222609834598
2024-03-20 11:00:00,0.9016730237669386,944.3111218875619,585.9979183893911
2024-03-20 11:15:00,0.9279393181908824,976.173199326965,603.7969286616205
2024-03-20 11:30:00,0.9502303235032621,1002.5243350921772,620.0960186722359
2024-03-20 11:45:00,0.9684505573934302,1026.1130956881682,632.6123451431009
2024-03-20 12:00:00,0.982521974147593,653.459465804787,402.8664353430597
2024-03-20 12:15:00,0.9923843038772564,1055.5061550152204,650.7335564110912
2024-03-20 12:30:00,0.9979953074253989,1062.025377814018,656.8994741168038
2024-03-20 12:45:00,0.9993309574179574,1067.3383168863597,660.1857109201272
2024-03-20 13:00:00,0.9963855427008749,1063.4289161884644,657.7676112059329
2024-03-20 13:15:00,0.9891716911965578,1054.3124592110025,654.259906623456
2024-03-20 13:30:00,0.9777203176371667,1041.0545128726092,648.1369494192248
2024-03-20 13:45:00,0.962080489188659,1020.8767989156971,637.6383163585218
2024-03-20 14:00:00,0.9423192153833815,996.7612349987969,624.5905749130079
2024-03-20 14:15:00,0.9185211645396341,967.0470084389054,607.9257900860805
2024-03-20 14:30:00,0.890788295751699,930.2659756258794,588.5645055034711
2024-03-20 14:45:00,0.859239423946562,891.4182133252874,565.7880160551869
2024-03-20 15:00:00,0.8240097159179611,848.7451232469655,540.418787559274
2024-03-20 15:15:00,0.7852501028118564,801.7120954094028,513.7126865793585
2024-03-20 15:30:00,0.7431266370665003,752.7039995529143,485.3527557721937
2024-03-20 15:45:00,0.6978197873894842,694.7574305640304,450.7968013445395
2024-03-20 16:00:00,0.6495236543530238,638.0341502501898,415.2813133688291
2024-03-20 16:15:00,0.5984451439137974,441.8210171008125,290.2500646570892
2024-03-20 16:30:00,0.5448030884797312,422.89618514128466,279.52722508941747
2024-03-20 16:45:00,0.48882729574148764,284.7152249479974,189.34296881964582
2024-03-20 17:00:00,0.4307575705596277,264.19590726642934,176.76516070186852
2024-03-20 17:15:00,0.3708426958984563,220.60314582188133,148.9363687888115
2024-03-20 17:30:00,0.3093393514683586,170.94576933169742,116.4476828362385
2024-03-20 17:45:00,0.24651102158682225,125.39520028877146,85.92572491202158
2024-03-20 18:00:00,0.18262687518701698,74.8372550254343,51.73524959412237
2024-03-20 18:15:00,0.1179605957949225,44.442177792107486,30.902695892092108
2024-03-20 18:30:00,0.05278921738870899,19.214151999940306,13.43816328668041
2024-03-20 18:45:00,-0.012608053529557062,0.0,0.0
2024-03-20 19:00:00,-0.07795105152238298,0.0,0.0
2024-03-20 19:15:00,-0.14295984369236586,0.0,0.0
2024-03-20 19:30:00,-0.2073559202192084,0.0,0.0
2024-03-20 19:45:00,-0.27086340486953125,0.0,0.0
2024-03-20 20:00:00,-0.33321022802278105,0.0,0.0
2024-03-20 20:15:00,-0.39412928397486546,0.0,0.0
2024-03-20 20:30:00,-0.45335959196353387,0.0,0.0
2024-03-20 20:45:00,-0.5106474054856638,0.0,0.0
2024-03-20 21:00:00,-0.5657472920069906,0.0,0.0
2024-03-20 21:15:00,-0.6184231997480173,0.0,0.0
2024-03-20 21:30:00,-0.6684494607564861,0.0,0.0
2024-03-20 21:45:00,-0.7156117514372362,0.0,0.0
2024-03-20 22:00:00,-0.7597080241455265,0.0,0.0
2024-03-20 22:15:00,-0.8005493653836494,0.0,0.0
2024-03-20 22:30:00,-0.837960800276592,0.0,0.0
2024-03-20 22:45:00,-0.8717820531034914,0.0,0.0
2024-03-20 23:00:00,-0.9018682276925002,0.0,0.0
2024-03-20 23:15:00,-0.9280904248634715,0.0,0.0
2024-03-20 23:30:00,-0.9503363026756559,0.0,0.0
2024-03-20 23:45:00,-0.9685105528635577,0.0,0.0
2024-03-21 00:00:00,-0.9825353074997278,0.0,0.0
2024-03-21 00:15:00,-0.9923504774349847,0.0,0.0
2024-03-21 00:30:00,-0.9979140064358607,0.0,0.0
2024-03-21 00:45:00,-0.9992020514498665,0.0,0.0
2024-03-21 01:00:00,-0.9962090862269285,0.0,0.0
2024-03-21 01:15:00,-0.9889479233858455,0.0,0.0
2024-03-21 01:30:00,-0.9774496613478667,0.0,0.0
2024-03-21 01:45:00,-0.9617635491590468,0.0,0.0
2024-03-21 02:00:00,-0.9419567756353567,0.0,0.0
2024-03-21 02:15:00,-0.9181141850061809,0.0,0.0
2024-03-21 02:30:00,-0.890337908134835,0.0,0.0
2024-03-21 02:45:00,-0.8587469268500298,0.0,0.0
2024-03-21 03:00:00,-0.8234765692407096,0.0,0.0
2024-03-21 03:15:00,-0.7846779214376464,0.0,0.0
2024-03-21 03:30:00,-0.7425171838771489,0.0,0.0
2024-03-21 03:45:00,-0.6971749656629149,0.0,0.0
2024-03-21 04:00:00,-0.6488454995360028,0.0,0.0
2024-03-21 04:15:00,-0.5977358147807951,0.0,0.0
2024-03-21 04:30:00,-0.5440648578533525,0.0,0.0
2024-03-21 04:45:00,-0.48806254060846893,0.0,0.0
2024-03-21 05:00:00,-0.4299687618138371,0.0,0.0
2024-03-21 05:15:00,-0.37003238762307455,0.0,0.0
2024-03-21 05:30:00,-0.3085101698941348,0.0,0.0
2024-03-21 05:45:00,-0.24566565372836702,0.0,0.0
2024-03-21 06:00:00,-0.18176805717308214,0.0,0.0
2024-03-21 06:15:00,-0.11709110102794423,0.0,0.0
2024-03-21 06:30:00,-0.05191184456696192,0.0,0.0
2024-03-21 06:45:00,0.013490492579919619,2.0,1.42303392
2024-03-21 07:00:00,0.07883574401861952,4.0,2.8541532600000004
2024-03-21 07:15:00,0.14384398808496673,6.0,4.28122989
2024-03-21 07:30:00,0.20823673832823902,9.0,6.421844835000001
2024-03-21 07:45:00,0.2717381539427666,12.0,8.53820352
2024-03-21 08:00:00,0.33407621263351306,16.0,11.38427136
2024-03-21 08:15:00,0.3949838676701364,20.0,14.149484999999999
2024-03-21 08:30:00,0.45420020874560274,25.0,17.5857885
2024-03-21 08:45:00,0.5114715709085825,30.0,21.04230555
2024-03-21 09:00:00,0.5665526139774683,35.0,24.407861625000002
2024-03-21 09:15:00,0.619207388896599,39.0,27.197331525000003
2024-03-21 09:30:00,0.6692103403733934,44.0,30.595229280000005
2024-03-21 09:45:00,0.716347266935073,105.0,73.0113426
2024-03-21 10:00:00,0.7604162519512303,193.32291376365862,134.42633799265462
2024-03-21 10:15:00,0.8012285213059183,187.20491408522366,130.17221065409365
2024-03-21 10:30:00,0.8386092472832032,60.0,41.842048500000004
2024-03-21 10:45:00,0.8723983083980205,422.3049919329565,294.50176590418124
2024-03-21 11:00:00,0.902450969190312,208.31715678433218,145.69469255232065
2024-03-21 11:15:00,0.9286384969299373,69.0,48.39730276499999
2024-03-21 11:30:00,0.9508487211635424,71.0,50.087155545
2024-03-21 11:45:00,0.9689865094020088,81.0,57.30541425
2024-03-21 12:00:00,0.9829741730167887,184.93189669206714,131.20836792733564
2024-03-21 12:15:00,0.9927518049122257,199.95651082947336,142.6766318105417
2024-03-21 12:30:00,0.9982775328718675,73.0,52.383414824999996
2024-03-21 12:45:00,0.9995276990273556,80.0,57.7298988
2024-03-21 13:00:00,0.9964969626727299,141.0,102.03395769
2024-03-21 13:15:00,0.9891983215298572,255.85957817988813,185.15152747934718
2024-03-21 13:30:00,0.9776630578829855,197.86597834729793,143.58470109373064
2024-03-21 13:45:00,0.9619406025980879,436.4604760416222,316.72472203213164
2024-03-21 14:00:00,0.9420983234821925,566.2194009887618,410.8864198055442
2024-03-21 14:15:00,0.918221240158839,485.7518409057319,351.51193462989403
2024-03-21 14:30:00,0.8904116545173324,350.64387596200527,253.74171917847414
2024-03-21 14:45:00,0.858788714284956,344.1036889999522,249.00894499570242
2024-03-21 15:00:00,0.8234879076639788,219.05836698430377,158.52051169160953
2024-03-21 15:15:00,0.7846604743238619,55.0,39.80047995
2024-03-21 15:30:00,0.742472761109866,545.7949973494285,396.0651154253442
2024-03-21 15:45:00,0.6971055156679348,543.7109281016963,395.6518091062815
2024-03-21 16:00:00,0.6487531008697214,411.43977018613833,300.23136703592127
2024-03-21 16:15:00,0.5976226671642701,555.743303055295,406.65433057373554
2024-03-21 16:30:00,0.5439332726086648,18.0,13.24391796
2024-03-21 16:45:00,0.487914930700189,354.42121014219504,261.4900461078465
2024-03-21 17:00:00,0.42980763137013345,316.51727515165123,234.8043160540989
2024-03-21 17:15:00,0.3698603211360456,263.9986241005193,196.91129242410221
2024-03-21 17:30:00,0.30832982101028017,204.20677034957467,153.5520679761468
2024-03-21 17:45:00,0.24547973375139498,156.11956924058032,118.02432888397767
2024-03-21 18:00:00,0.18157932332205623,108.18697707261819,82.44397621431455
2024-03-21 18:15:00,0.11690234452970946,58.41992986371434,44.755131167944285
2024-03-21 18:30:00,0.05172587850060344,23.448425551051898,18.05848263953342
2024-03-21 18:45:00,-0.013670845421420871,0.0,0.0
2024-03-21 19:00:00,-0.0790076633886625,0.0,0.0
2024-03-21 19:15:00,-0.1440046684617528,0.0,0.0
2024-03-21 19:30:00,-0.20838340112028642,0.0,0.0
2024-03-21 19:45:00,-0.27186805951826987,0.0,0.0
2024-03-21 20:00:00,-0.33418667218434006,0.0,0.0
2024-03-21 20:15:00,-0.395072254922199,0.0,0.0
2024-03-21 20:30:00,-0.4542639712846337,0.0,0.0
2024-03-21 20:45:00,-0.5115082412920577,0.0,0.0
2024-03-21 21:00:00,-0.5665598204175515,0.0,0.0
2024-03-21 21:15:00,-0.6191828655620855,0.0,0.0
2024-03-21 21:30:00,-0.6691519372345425,0.0,0.0
2024-03-21 21:45:00,-0.7162529590742337,0.0,0.0
2024-03-21 22:00:00,-0.7602841483789513,0.0,0.0
2024-03-21 22:15:00,-0.8010568731717254,0.0,0.0
2024-03-21 22:30:00,-0.8383964554610214,0.0,0.0
2024-03-21 22:45:00,-0.8721429304423134,0.0,0.0
2024-03-21 23:00:00,-0.9021517256059345,0.0,0.0
2024-03-21 23:15:00,-0.928294276755825,0.0,0.0
2024-03-21 23:30:00,-0.9504585867950435,0.0,0.0
2024-03-21 23:45:00,-0.9685497006785595,0.0,0.0
2024-03-22 00:00:00,-0.9824901105579648,0.0,0.0
2024-03-22 00:15:00,-0.9922200926399277,0.0,0.0
2024-03-22 00:30:00,-0.9976979597516724,0.0,0.0
2024-03-22 00:45:00,-0.9989002400208272,0.0,0.0
2024-03-22 01:00:00,-0.9958217788636665,0.0,0.0
2024-03-22 01:15:00,-0.9884757594518314,0.0,0.0
2024-03-22 01:30:00,-0.9768936480516669,0.0,0.0
2024-03-22 01:45:00,-0.9611250572339971,0.0,0.0
2024-03-22 02:00:00,-0.9412375334449491,0.0,0.0
2024-03-22 02:15:00,-0.9173162711232844,0.0,0.0
2024-03-22 02:30:00,-0.8894637423696049,0.0,0.0
2024-03-22 02:45:00,-0.8577992598083901,0.0,0.0
2024-03-22 03:00:00,-0.8224584704634097,0.0,0.0
2024-03-22 03:15:00,-0.7835927661289015,0.0,0.0
2024-03-22 03:30:00,-0.741368638334982,0.0,0.0
2024-03-22 03:45:00,-0.695966971427917,0.0,0.0
2024-03-22 04:00:00,-0.6475822563284027,0.0,0.0
2024-03-22 04:15:00,-0.5964217623985938,0.0,0.0
2024-03-22 04:30:00,-0.5427046568968847,0.0,0.0
2024-03-22 04:45:00,-0.4866610523456658,0.0,0.0
2024-03-22 05:00:00,-0.4285310271244954,0.0,0.0
2024-03-22 05:15:00,-0.3685636052232949,0.0,0.0
2024-03-22 05:30:00,-0.3070156737865614,0.0,0.0
2024-03-22 05:45:00,-0.24415089010605406,0.0,0.0
2024-03-22 06:00:00,-0.18023856087187515,0.0,0.0
2024-03-22 06:15:00,-0.11555247154515512,0.0,0.0
2024-03-22 06:30:00,-0.050369721755697774,0.0,0.0
2024-03-22 06:45:00,0.015030452894676711,3.0,2.34072909
2024-03-22 07:00:00,0.08036789456912515,5.0,3.8911083749999995
2024-03-22 07:15:00,0.14536271460406697,6.0,4.657201919999999
2024-03-22 07:30:00,0.20973648393557937,7.0,5.4334022399999995
2024-03-22 07:45:00,0.2732134431742108,9.0,6.967610685
2024-03-22 08:00:00,0.33552167522216897,17.0,13.12667937
2024-03-22 08:15:00,0.39639426182928217,13.0,10.011771315000003
2024-03-22 08:30:00,0.4555704438775558,15.0,11.5217235
2024-03-22 08:45:00,0.5127967297051963,18.0,13.78968381
2024-03-22 09:00:00,0.5678279737526007,23.0,17.57366037
2024-03-22 09:15:00,0.6204284420843662,41.0,31.244084235
2024-03-22 09:30:00,0.6703728140560441,26.0,19.76076648
2024-03-22 09:45:00,0.7174471414306096,40.0,30.320324999999997
2024-03-22 10:00:00,0.7614497782591076,436.5647503300401,330.0371754978635
2024-03-22 10:15:00,0.8021922373891511,545.9870132227052,410.5516914299546
2024-03-22 10:30:00,0.8394999931111944,236.7529999035567,177.54645010453999
2024-03-22 10:45:00,0.873213239675136,63.0,46.990439685
2024-03-22 11:00:00,0.9031875697364296,52.0,38.68064928
2024-03-22 11:15:00,0.9292945896295368,53.0,39.317376104999994
2024-03-22 11:30:00,0.9514224774391611,225.56280229695244,166.87495435472601
2024-03-22 11:45:00,0.9694764571925172,711.4853474489321,524.9300295398123
2024-03-22 12:00:00,0.9833792032150094,812.6424914100503,597.920582613595
2024-03-22 12:15:00,0.9930711762112848,540.8428864272846,396.84447658800326
2024-03-22 12:30:00,0.9985108750291671,242.98361962532084,177.79852791008204
2024-03-22 12:45:00,0.9996750145345923,200.99805008720756,147.07640569931792
2024-03-22 13:00:00,0.9965586267842309,257.955262148195,188.2323163699629
2024-03-22 13:15:00,0.9891750806909797,436.12318153596937,317.36151850091017
2024-03-22 13:30:00,0.977556026560723,726.3715353945502,528.5717045738824
2024-03-22 13:45:00,0.9617512584905474,814.0125063528191,590.7015616705901
2024-03-22 14:00:00,0.9418285011677718,558.8532412639164,405.5410448647135
2024-03-22 14:15:00,0.9178731232050672,686.289286072665,498.01710646593887
2024-03-22 14:30:00,0.8899877660625934,633.8752042965366,458.7006792619356
2024-03-22 14:45:00,0.8582919061555367,582.5438752482823,421.55501503299206
2024-03-22 15:00:00,0.822921348062188,578.1164043961911,418.3510974897581
2024-03-22 15:15:00,0.7840276341539233,637.7922765166609,462.8244539483022
2024-03-22 15:30:00,0.7417773989567644,514.034962992095,374.05697134279905
2024-03-22 15:45:00,0.6963516615763272,537.0663806354535,390.81665297857575
2024-03-22 16:00:00,0.6479450389070212,481.8451240255333,351.6067982935421
2024-03-22 16:15:00,0.5967649168938579,257.6764916893858,188.549750678885
2024-03-22 16:30:00,0.5430305695458755,251.22306574960143,184.33539302478766
2024-03-22 16:45:00,0.48697220581648093,324.71071556149127,239.5698043856364
2024-03-22 17:00:00,0.428829989761652,290.112215556557,214.62963855633467
2024-03-22 17:15:00,0.36885301991907304,264.11504015872725,195.9303843190162
2024-03-22 17:30:00,0.30729824656433724,185.2470880509537,138.1720971092099
2024-03-22 17:45:00,0.24442937839162948,137.0843841390972,102.80269216685087
2024-03-22 18:00:00,0.1805157615388298,123.88538779246863,93.1548814713433
2024-03-22 18:15:00,0.11583120881461065,53.22798066322537,40.13205653036069
2024-03-22 18:30:00,0.05065283497075376,31.01620462479417,23.447840351957208
2024-03-22 18:45:00,-0.014740121570111469,0.0,0.0
2024-03-22 19:00:00,-0.08006751247179231,0.0,0.0
2024-03-22 19:15:00,-0.14504947086784953,0.0,0.0
2024-03-22 19:30:00,-0.2094076016252935,0.0,0.0
2024-03-22 19:45:00,-0.2728661913855369,0.0,0.0
2024-03-22 20:00:00,-0.3351533808428544,0.0,0.0
2024-03-22 20:15:00,-0.39600232120976536,0.0,0.0
2024-03-22 20:30:00,-0.45515233406434474,0.0,0.0
2024-03-22 20:45:00,-0.512350019411146,0.0,0.0
2024-03-22 21:00:00,-0.5673503339076512,0.0,0.0
2024-03-22 21:15:00,-0.619917655908467,0.0,0.0
2024-03-22 21:30:00,-0.6698267867332104,0.0,0.0
2024-03-22 21:45:00,-0.7168639091611602,0.0,0.0
2024-03-22 22:00:00,-0.7608275168149058,0.0,0.0
2024-03-22 22:15:00,-0.8015292700071586,0.0,0.0
2024-03-22 22:30:00,-0.8387947978016048,0.0,0.0
2024-03-22 22:45:00,-0.8724644558434804,0.0,0.0
2024-03-22 23:00:00,-0.9023940040750065,0.0,0.0
2024-03-22 23:15:00,-0.9284552213434574,0.0,0.0
2024-03-22 23:30:00,-0.9505364626762037,0.0,0.0
2024-03-22 23:45:00,-0.968543132721084,0.0,0.0
2024-03-23 00:00:00,-0.9823980893364368,0.0,0.0
2024-03-23 00:15:00,-0.9920419788600807,0.0,0.0
2024-03-23 00:30:00,-0.9974334870693417,0.0,0.0
2024-03-23 00:45:00,-0.9985495162575595,0.0,0.0
2024-03-23 01:00:00,-0.9953852855854408,0.0,0.0
2024-03-23 01:15:00,-0.9879543499330754,0.0,0.0
2024-03-23 01:30:00,-0.9762885436436688,0.0,0.0
2024-03-23 01:45:00,-0.9604378421159181,0.0,0.0
2024-03-23 02:00:00,-0.9404701478087099,0.0,0.0
2024-03-23 02:15:00,-0.9164710028266287,0.0,0.0
2024-03-23 02:30:00,-0.8885432170701419,0.0,0.0
2024-03-23 02:45:00,-0.8568064296278866,0.0,0.0
2024-03-23 03:00:00,-0.8213966012512073,0.0,0.0
2024-03-23 03:15:00,-0.7824654233539987,0.0,0.0
2024-03-23 03:30:00,-0.740179671682434,0.0,0.0
2024-03-23 03:45:00,-0.6947204981584946,0.0,0.0
2024-03-23 04:00:00,-0.6462826434843207,0.0,0.0
2024-03-23 04:15:00,-0.5950736078799703,0.0,0.0
2024-03-23 04:30:00,-0.5413127696284799,0.0,0.0
2024-03-23 04:45:00,-0.48523043143696454,0.0,0.0
2024-03-23 05:00:00,-0.42706684023667324,0.0,0.0
2024-03-23 05:15:00,-0.3670711662268561,0.0,0.0
2024-03-23 05:30:00,-0.305500419734549,0.0,0.0
2024-03-23 05:45:00,-0.2426183577226856,0.0,0.0
2024-03-23 06:00:00,-0.17869436251665344,0.0,0.0
2024-03-23 06:15:00,-0.11400227096700333,0.0,0.0
2024-03-23 06:30:00,-0.048819209541029654,0.0,0.0
2024-03-23 06:45:00,0.016575583973965465,4.0,3.14522838
2024-03-23 07:00:00,0.08190197422067418,54.76476926080855,42.840528545473305
2024-03-23 07:15:00,0.14688011958498584,104.27109476992352,80.93525712716496
2024-03-23 07:30:00,0.21123166241113686,160.96618266371414,124.29126289643696
2024-03-23 07:45:00,0.2746809388231483,34.0,26.115906599999995
2024-03-23 08:00:00,0.3369561508400234,44.0,33.619176360000004
2024-03-23 08:15:00,0.3977905225027641,93.0,70.30676961
2024-03-23 08:30:00,0.4569234595012611,27.0,20.247913035
2024-03-23 08:45:00,0.5141016568104692,46.0,34.217497439999995
2024-03-23 09:00:00,0.5690801764939013,111.0,81.67082741999998
2024-03-23 09:15:00,0.6216235123567946,132.0,96.32160846000001
2024-03-23 09:30:00,0.671506590671479,125.0,90.45563625000001
2024-03-23 09:45:00,0.718515728132106,141.0,100.89391346999999
2024-03-23 10:00:00,0.7624495606603463,149.0,105.714845145
2024-03-23 10:15:00,0.8031198986724353,117.0,82.537988715
2024-03-23 10:30:00,0.8403525284367401,109.0,76.45371016499999
2024-03-23 10:45:00,0.8739879692520982,59.0,41.02542108
2024-03-23 11:00:00,0.9038821504603956,57.0,39.40429437
2024-03-23 11:15:00,0.9299070253142996,103.0,70.996051665
2024-03-23 11:30:00,0.9519511274900355,153.0,105.1508871
2024-03-23 11:45:00,0.9699200437683142,184.87968017507325,126.68683094697668
2024-03-23 12:00:00,0.9837368168276072,152.98373681682762,104.52124117068195
2024-03-23 12:15:00,0.993342279708051,123.0,83.787186105
2024-03-23 12:30:00,0.9986953059702959,124.0,84.46838274000001
2024-03-23 12:45:00,0.999772985965389,115.0,78.33761302500001
2024-03-23 13:00:00,0.9965707263533848,114.0,77.42598192000001
2024-03-23 13:15:00,0.9891022681568393,78.0,52.975671840000004
2024-03-23 13:30:00,0.9773996296983913,60.0,40.75051680000001
2024-03-23 13:45:00,0.9615129673802938,57.0,38.828208195
2024-03-23 14:00:00,0.9415103609223263,54.0,36.784618290000004
2024-03-23 14:15:00,0.9174775251802646,51.0,34.741028385
2024-03-23 14:30:00,0.889517437517547,48.0,32.794463519999994
2024-03-23 14:45:00,0.8577498985120201,59.0,40.429121355
2024-03-23 15:00:00,0.8223110237071312,80.0,54.980856
2024-03-23 15:15:00,0.7833526519347919,141.0,97.188769755
2024-03-23 15:30:00,0.7410416983480539,53.0,36.746212545
2024-03-23 15:45:00,0.6955594456923315,77.0,53.54165124000001
2024-03-23 16:00:00,0.6471007562825521,159.2942015125651,111.40858522165713
2024-03-23 16:15:00,0.595873242288697,275.8882820437984,193.51085094767282
2024-03-23 16:30:00,0.5420963836921201,319.16069828271725,225.15283857376443
2024-03-23 16:45:00,0.48600057432458016,234.8160895946345,166.6009835506794
2024-03-23 17:00:00,0.4278261411769761,161.9530468941495,115.2323395888627
2024-03-23 17:15:00,0.3678223231157256,212.7719406729076,153.1111949054431
2024-03-23 17:30:00,0.30624618749448906,165.78653162360024,120.30572303217807
2024-03-23 17:45:00,0.24336153633587487,75.13714611770988,54.98014224865637
2024-03-23 18:00:00,0.17943778494985702,52.89718892474929,39.13418301874909
2024-03-23 18:15:00,0.1147487908607823,34.0,25.22246769
2024-03-23 18:30:00,0.04957168885694454,17.0,12.645596879999998
2024-03-23 18:45:00,-0.015814287322897413,0.0,0.0
2024-03-23 19:00:00,-0.08112901878739415,0.0,0.0
2024-03-23 19:15:00,-0.1460926927001427,0.0,0.0
2024-03-23 19:30:00,-0.21042699234543008,0.0,0.0
2024-03-23 19:45:00,-0.27385630681373974,0.0,0.0
2024-03-23 20:00:00,-0.33610890286919115,0.0,0.0
2024-03-23 20:15:00,-0.39691808082885316,0.0,0.0
2024-03-23 20:30:00,-0.4560233338132312,0.0,0.0
2024-03-23 20:45:00,-0.5131714550231558,0.0,0.0
2024-03-23 21:00:00,-0.5681176151611786,0.0,0.0
2024-03-23 21:15:00,-0.6206264265611477,0.0,0.0
2024-03-23 21:30:00,-0.6704729433912839,0.0,0.0
2024-03-23 21:45:00,-0.7174436191301381,0.0,0.0
2024-03-23 22:00:00,-0.7613372347033468,0.0,0.0
2024-03-23 22:15:00,-0.8019657531715212,0.0,0.0
2024-03-23 22:30:00,-0.8391551204123553,0.0,0.0
2024-03-23 22:45:00,-0.8727460216026847,0.0,0.0
2024-03-23 23:00:00,-0.9025945575249177,0.0,0.0
2024-03-23 23:15:00,-0.9285728576762076,0.0,0.0
2024-03-23 23:30:00,-0.9505696360370939,0.0,0.0
2024-03-23 23:45:00,-0.9684906629584749,0.0,0.0
2024-03-24 00:00:00,-0.9822591671777414,0.0,0.0
2024-03-24 00:15:00,-0.9918161694505547,0.0,0.0
2024-03-24 00:30:00,-0.997120731919479,0.0,0.0
2024-03-24 00:45:00,-0.9981501335567999,0.0,0.0
2024-03-24 01:00:00,-0.9948999688654661,0.0,0.0
2024-03-24 01:15:00,-0.9873841651221339,0.0,0.0
2024-03-24 01:30:00,-0.9756349245112796,0.0,0.0
2024-03-24 01:45:00,-0.959702584097152,0.0,0.0
2024-03-24 02:00:00,-0.9396554002848885,0.0,0.0
2024-03-24 02:15:00,-0.9155792598730277,0.0,0.0
2024-03-24 02:30:00,-0.8875773066899686,0.0,0.0
2024-03-24 02:45:00,-0.8557695015455418,0.0,0.0
2024-03-24 03:00:00,-0.8202921133336005,0.0,0.0
2024-03-24 03:15:00,-0.7812971266593338,0.0,0.0
2024-03-24 03:30:00,-0.7389515942381313,0.0,0.0
2024-03-24 03:45:00,-0.6934369275860282,0.0,0.0
2024-03-24 04:00:00,-0.6449481084303117,0.0,0.0
2024-03-24 04:15:00,-0.5936928584597045,0.0,0.0
2024-03-24 04:30:00,-0.539890756834301,0.0,0.0
2024-03-24 04:45:00,-0.4837722857954002,0.0,0.0
2024-03-24 05:00:00,-0.4255778495315674,0.0,0.0
2024-03-24 05:15:00,-0.3655567526550737,0.0,0.0
2024-03-24 05:30:00,-0.3039661164256494,0.0,0.0
2024-03-24 05:45:00,-0.24106978477905097,0.0,0.0
2024-03-24 06:00:00,-0.1771372026951595,0.0,0.0
2024-03-24 06:15:00,-0.11244224506139984,0.0,0.0
2024-03-24 06:30:00,-0.047262051605868306,0.0,0.0
2024-03-24 06:45:00,0.018124151454610948,9.0,7.13134044
2024-03-24 07:00:00,0.08343626513167551,23.0,18.131554350000002
2024-03-24 07:15:00,0.1483945088454397,40.0,31.2097212
2024-03-24 07:30:00,0.21272061028858205,162.72001199698863,125.97441047261623
2024-03-24 07:45:00,0.2761390149988103,221.34024308927903,169.5673314794275
2024-03-24 08:00:00,0.33837805792553477,112.13620756398944,85.00015644019047
2024-03-24 08:15:00,0.399171119005412,141.7651869982273,106.02637473897666
2024-03-24 08:30:00,0.45825778210838247,172.66243579806942,127.38940843810143
2024-03-24 08:45:00,0.515384941941558,204.5615609939675,149.270443818389
2024-03-24 09:00:00,0.5703078809579675,35.0,25.1860833
2024-03-24 09:15:00,0.622791333069269,40.0,28.5415326
2024-03-24 09:30:00,0.6726104832936759,108.0,76.18891266
2024-03-24 09:45:00,0.7195519246820035,48.0,33.570663839999995
2024-03-24 10:00:00,0.7634145858325965,52.0,36.052887780000006
2024-03-24 10:15:00,0.8040105849413423,56.0,38.59979508
2024-03-24 10:30:00,0.8411660298410732,59.0,40.5483813
2024-03-24 10:45:00,0.8747217737544979,126.0,86.34015747
2024-03-24 11:00:00,0.9045340908764881,131.0,89.236759185
2024-03-24 11:15:00,0.9304752887636336,66.0,44.95897791
2024-03-24 11:30:00,0.9524342632805293,68.0,46.18391904
2024-03-24 11:45:00,0.9703169697443101,110.0,74.70928080000002
2024-03-24 12:00:00,0.9840468241073295,302.66498330625393,204.95078140588933
2024-03-24 12:15:00,0.9935650358085406,73.0,49.284677609999996
2024-03-24 12:30:00,0.9988308562973658,340.96492568892097,230.1965265602202
2024-03-24 12:45:00,0.999821753681051,71.0,47.790896265
2024-03-24 13:00:00,0.9965335105865234,216.9722680846922,146.0464669917929
2024-03-24 13:15:00,0.9889802405948316,270.8347036089225,181.75442332805332
2024-03-24 13:30:00,0.9771943295749728,383.83691080832364,257.58905873719044
2024-03-24 13:45:00,0.9612262948532113,597.3065737133029,400.84638493034015
2024-03-24 14:00:00,0.941144568892939,601.8147564455583,402.6552993819688
2024-03-24 14:15:00,0.9170352095866985,401.44578155734916,268.5947289051322
2024-03-24 14:30:00,0.8890015261460628,414.7891541407523,277.5223592511677
2024-03-24 14:45:00,0.8571636383393786,157.0,105.04375528499999
2024-03-24 15:00:00,0.8216579669128209,186.2866318676513,124.26196687041596
2024-03-24 15:15:00,0.7826366405256087,424.6572319351352,283.2663962892209
2024-03-24 15:30:00,0.7402668475873371,280.01334237936686,186.78210199613088
2024-03-24 15:45:00,0.694730126289699,69.0,46.02625335
2024-03-24 16:00:00,0.6462215755188425,42.0,28.0159803
2024-03-24 16:15:00,0.5949490240559664,157.37979609622386,105.29786489130532
2024-03-24 16:30:00,0.5411321476667712,357.3011589320389,239.78118472553976
2024-03-24 16:45:00,0.48500151423496574,348.8307238043136,235.50698305696642
2024-03-24 17:00:00,0.42679760233148645,368.6243336203831,249.61541436155184
2024-03-24 17:15:00,0.3667697792740256,239.9743721510622,164.43988158958012
2024-03-24 17:30:00,0.30517521717117607,57.0,39.40429437
2024-03-24 17:45:00,0.24227779865207721,43.0,30.073719689999997
2024-03-24 18:00:00,0.1783469951328565,32.0,22.639176
2024-03-24 18:15:00,0.11365669549372537,22.0,15.608903309999999
2024-03-24 18:30:00,0.04848404099208815,12.0,8.56245978
2024-03-24 18:45:00,-0.016891753091493995,0.0,0.0
2024-03-24 19:00:00,-0.08219061115172131,0.0,0.0
2024-03-24 19:15:00,-0.14713278830333834,0.0,0.0
2024-03-24 19:30:00,-0.2114400601457216,0.0,0.0
2024-03-24 19:45:00,-0.2748369320746788,0.0,0.0
2024-03-24 20:00:00,-0.3370518106015552,0.0,0.0
2024-03-24 20:15:00,-0.39781815869953363,0.0,0.0
2024-03-24 20:30:00,-0.456875654260696,0.0,0.0
2024-03-24 20:45:00,-0.5139712966865655,0.0,0.0
2024-03-24 21:00:00,-0.5688604833035388,0.0,0.0
2024-03-24 21:15:00,-0.6213080726033597,0.0,0.0
2024-03-24 21:30:00,-0.6710893833594321,0.0,0.0
2024-03-24 21:45:00,-0.7179911509249162,0.0,0.0
2024-03-24 22:00:00,-0.7618124541902783,0.0,0.0
2024-03-24 22:15:00,-0.8023655689667759,0.0,0.0
2024-03-24 22:30:00,-0.8394767673226127,0.0,0.0
2024-03-24 22:45:00,-0.8729870726321555,0.0,0.0
2024-03-24 23:00:00,-0.902752934445306,0.0,0.0
2024-03-24 23:15:00,-0.9286468400923716,0.0,0.0
2024-03-24 23:30:00,-0.9505578688795437,0.0,0.0
2024-03-24 23:45:00,-0.9683921623924381,0.0,0.0
2024-03-25 00:00:00,-0.9820733249399933,0.0,0.0
2024-03-25 00:15:00,-0.9915427555251861,0.0,0.0
2024-03-25 00:30:00,-0.996759895582369,0.0,0.0
2024-03-25 00:45:00,-0.9977024028016555,0.0,0.0
2024-03-25 01:00:00,-0.9943662481571691,0.0,0.0
2024-03-25 01:15:00,-0.9867657315301808,0.0,0.0
2024-03-25 01:30:00,-0.974933422247257,0.0,0.0
2024-03-25 01:45:00,-0.9589200174314927,0.0,0.0
2024-03-25 02:00:00,-0.9387941249154843,0.0,0.0
2024-03-25 02:15:00,-0.9146419727893544,0.0,0.0
2024-03-25 02:30:00,-0.886567034519678,0.0,0.0
2024-03-25 02:45:00,-0.8546895875078422,0.0,0.0
2024-03-25 03:00:00,-0.8191462027888441,0.0,0.0
2024-03-25 03:15:00,-0.7800891513741075,0.0,0.0
2024-03-25 03:30:00,-0.7376857553951026,0.0,0.0
2024-03-25 03:45:00,-0.6921176776188885,0.0,0.0
2024-03-25 04:00:00,-0.6435801317750658,0.0,0.0
2024-03-25 04:15:00,-0.592281051304625,0.0,0.0
2024-03-25 04:30:00,-0.5384402059561313,0.0,0.0
2024-03-25 04:45:00,-0.48228824651186747,0.0,0.0
2024-03-25 05:00:00,-0.42406572300597506,0.0,0.0
2024-03-25 05:15:00,-0.36402206250212754,0.0,0.0
2024-03-25 05:30:00,-0.30241448479965327,0.0,0.0
2024-03-25 05:45:00,-0.23950690804415353,0.0,0.0
2024-03-25 06:00:00,-0.1755688267790559,0.0,0.0
2024-03-25 06:15:00,-0.1108741405525113,0.0,0.0
2024-03-25 06:30:00,-0.045699988777953074,0.0,0.0
2024-03-25 06:45:00,0.019674427665187177,3.0,2.2073196599999996
2024-03-25 07:00:00,0.08496905997554338,44.83032805630705,32.98495482764538
2024-03-25 07:15:00,0.14990420243915742,6.0,4.39038306
2024-03-25 07:30:00,0.21420168199848694,7.0,5.107964085
2024-03-25 07:45:00,0.27758606732742275,169.7137464873592,123.15557108111318
2024-03-25 08:00:00,0.3397858399000554,10.0,7.2364508999999995
2024-03-25 08:15:00,0.4005345490026121,15.0,10.763715375
2024-03-25 08:30:00,0.4595719698346076,14.0,9.98953641
2024-03-25 08:45:00,0.5166452096540913,53.0,37.496135249999995
2024-03-25 09:00:00,0.5715097837750016,160.000568486425,112.54944629128143
2024-03-25 09:15:00,0.6239306782170748,187.35896017325612,130.2793260037082
2024-03-25 09:30:00,0.6736833483265019,237.25260053975407,163.5339600541358
2024-03-25 09:45:00,0.7205546745122846,382.4942946670884,260.5538264339191
2024-03-25 10:00:00,0.7643438885027032,405.11674160294604,272.6886221572001
2024-03-25 10:15:00,0.8048634261119858,530.3368426513875,353.75967943060647
2024-03-25 10:30:00,0.841939725887762,511.4332931166139,338.04875585592873
2024-03-25 10:45:00,0.8754139834363224,579.5029208818237,379.52748503106153
2024-03-25 11:00:00,0.9051428255200458,291.7234278124811,189.28619162571314
2024-03-25 11:15:00,0.9309989209323923,292.4819762605126,189.18716963970192
2024-03-25 11:30:00,0.9528715338762199,298.96317374527683,192.17080452895115
2024-03-25 11:45:00,0.9706669935001409,346.9733447725049,222.32994878727266
2024-03-25 12:00:00,0.9843090934992316,128.0,81.50103360000001
2024-03-25 12:15:00,0.9937394232908967,137.0,87.50850066
2024-03-25 12:30:00,0.9989176149073702,151.99891761490738,97.39627576060751
2024-03-25 12:45:00,0.999821516008837,150.99982151600884,96.75608541789597
2024-03-25 13:00:00,0.9964472860783623,62.0,39.85303518
2024-03-25 13:15:00,0.9888094112363697,111.0,71.57415919500001
2024-03-25 13:30:00,0.9769406439707486,58.0,37.633587389999995
2024-03-25 13:45:00,0.9608918606901293,55.0,35.79819705
2024-03-25 14:00:00,0.9407318438644767,53.0,34.71070806
2024-03-25 14:15:00,0.9165469908145943,49.0,32.190078375
2024-03-25 14:30:00,0.8884409380904492,61.0,40.19666553
2024-03-25 14:45:00,0.8565341193311315,44.0,29.172195360000003
2024-03-25 15:00:00,0.8209632542959375,44.0,29.26113498
2024-03-25 15:15:00,0.7818807545399032,95.0,63.561507975
2024-03-25 15:30:00,0.739454073947931,32.0,21.53955888
2024-03-25 15:45:00,0.6938649977039211,29.0,19.637463824999998
2024-03-25 16:00:00,0.6453088520630046,25.0,17.029915875
2024-03-25 16:15:00,0.5939936726194345,22.0,15.07526559
2024-03-25 16:30:00,0.5401393204544376,19.0,13.096359045
2024-03-25 16:45:00,0.4839765264724628,16.0,11.093196240000001
2024-03-25 17:00:00,0.42574590929451905,14.0,9.763144650000001
2024-03-25 17:15:00,0.36569695264013913,12.0,8.392665959999999
2024-03-25 17:30:00,0.3040869209403772,10.0,7.0343154000000006
2024-03-25 17:45:00,0.24117976462466034,8.0,5.643623160000001
2024-03-25 18:00:00,0.17724499806778704,7.0,4.95231975
2024-03-25 18:15:00,0.11255652813087091,6.0,4.244845499999999
2024-03-25 18:30:00,0.047391488982716175,4.0,2.83798242
2024-03-25 18:45:00,-0.0179709362875142,1.0,0.709495605
2024-03-25 19:00:00,-0.08325072914417007,0.0,0.0
2024-03-25 19:15:00,-0.1481682265001718,0.0,0.0
2024-03-25 19:30:00,-0.2124453100409972,0.0,0.0
2024-03-25 19:45:00,-0.27580661513191107,0.0,0.0
2024-03-25 20:00:00,-0.33798070157890037,0.0,0.0
2024-03-25 20:15:00,-0.39870120826592237,0.0,0.0
2024-03-25 20:30:00,-0.4577080109381848,0.0,0.0
2024-03-25 20:45:00,-0.5147483278295046,0.0,0.0
2024-03-25 21:00:00,-0.5695777952711101,0.0,0.0
2024-03-25 21:15:00,-0.6219615297571606,0.0,0.0
2024-03-25 21:30:00,-0.6716751260243773,0.0,0.0
2024-03-25 21:45:00,-0.7185056121748807,0.0,0.0
2024-03-25 22:00:00,-0.7622523753010924,0.0,0.0
2024-03-25 22:15:00,-0.8027280135795867,0.0,0.0
2024-03-25 22:30:00,-0.8397591342186775,0.0,0.0
2024-03-25 22:45:00,-0.8731871070584452,0.0,0.0
2024-03-25 23:00:00,-0.9028687378922771,0.0,0.0
2024-03-25 23:15:00,-0.9286768786033892,0.0,0.0
2024-03-25 23:30:00,-0.9505009797162547,0.0,0.0
2024-03-25 23:45:00,-0.9682475591388178,0.0,0.0
2024-03-26 00:00:00,-0.9818406009589784,0.0,0.0
2024-03-26 00:15:00,-0.9912218857743209,0.0,0.0
2024-03-26 00:30:00,-0.9963512367724845,0.0,0.0
2024-03-26 00:45:00,-0.9972066919164468,0.0,0.0
2024-03-26 01:00:00,-0.993784599304487,0.0,0.0
2024-03-26 01:15:00,-0.9860996311722956,0.0,0.0
2024-03-26 01:30:00,-0.974184722823616,0.0,0.0
2024-03-26 01:45:00,-0.9580909293834737,0.0,0.0
2024-03-26 02:00:00,-0.9378872071629848,0.0,0.0
2024-03-26 02:15:00,-0.9136601217028855,0.0,0.0
2024-03-26 02:30:00,-0.8855134714209736,0.0,0.0
2024-03-26 02:45:00,-0.8535678447565009,0.0,0.0
2024-03-26 03:00:00,-0.8179601085596739,0.0,0.0
2024-03-26 03:15:00,-0.7788428130768335,0.0,0.0
2024-03-26 03:30:00,-0.7363835419683318,0.0,0.0
2024-03-26 03:45:00,-0.6907642006194933,0.0,0.0
2024-03-26 04:00:00,-0.6421802254576059,0.0,0.0
2024-03-26 04:15:00,-0.5908397516974468,0.0,0.0
2024-03-26 04:30:00,-0.5369627291021677,0.0,0.0
2024-03-26 04:45:00,-0.4807799658944578,0.0,0.0
2024-03-26 05:00:00,-0.42253214628837626,0.0,0.0
2024-03-26 05:15:00,-0.36246880772368817,0.0,0.0
2024-03-26 05:30:00,-0.3008472560530008,0.0,0.0
2024-03-26 05:45:00,-0.23793147077261712,0.0,0.0
2024-03-26 06:00:00,-0.17399098283217462,0.0,0.0
2024-03-26 06:15:00,-0.1092997030358689,0.0,0.0
2024-03-26 06:30:00,-0.044134756909926284,0.0,0.0
2024-03-26 06:45:00,0.02122469367043728,3.0,2.055718035
2024-03-26 07:00:00,0.08649866386474621,5.0,3.4160899499999995
2024-03-26 07:15:00,0.15140753658886744,7.0,4.7542269600000004
2024-03-26 07:30:00,0.21567325173711227,10.0,6.771539249999999
2024-03-26 07:45:00,0.2790205147212004,14.0,9.42355701
2024-03-26 08:00:00,0.34117796698155145,18.0,12.04323309
2024-03-26 08:15:00,0.40187934031589795,22.0,14.63056749
2024-03-26 08:30:00,0.46086461416152646,26.0,17.185560210000002
2024-03-26 08:45:00,0.5178811208968847,31.0,20.365151625
2024-03-26 09:00:00,0.5726846208124279,36.0,23.50431594
2024-03-26 09:15:00,0.625040363787317,40.0,25.873344
2024-03-26 09:30:00,0.674724086694529,45.0,28.925590049999997
2024-03-26 09:45:00,0.7215229679513468,49.0,31.199614425000004
2024-03-26 10:00:00,0.7652365524849488,53.0,33.532258094999996
2024-03-26 10:15:00,0.8056776031327347,229.47380884072555,144.25673760033513
2024-03-26 10:30:00,0.8426728979060671,317.07760750786696,198.04625986313587
2024-03-26 10:45:00,0.8760639828047724,199.25638389682862,124.0525094645064
2024-03-26 11:00:00,0.9057078444303788,191.5285392221519,118.4670341422142
2024-03-26 11:15:00,0.9314775193118892,67.0,41.306389425
2024-03-26 11:30:00,0.9532626456566887,142.0,87.25785264
2024-03-26 11:45:00,0.9709699312854023,143.0,87.58329079500001
2024-03-26 12:00:00,0.9845235516116883,71.0,43.341893909999996
2024-03-26 12:15:00,0.9938654791347108,71.0,43.341893909999996
2024-03-26 12:30:00,0.998955728686873,72.0,43.95234312
2024-03-26 12:45:00,0.9997725288049168,183.9988626440246,112.32196034194332
2024-03-26 13:00:00,0.9963124162476615,119.0,72.88399723500001
2024-03-26 13:15:00,0.9885902491875379,383.4637417118143,235.63537089487684
2024-03-26 13:30:00,0.9766391453405308,368.9954832496428,227.49061383844492
2024-03-26 13:45:00,0.9605103379150404,463.81409581899425,287.8226130878404
2024-03-26 14:00:00,0.9402729562204362,566.5614151495981,352.72829879047254
2024-03-26 14:15:00,0.9160137329595122,616.2923670811249,384.93540821733154
2024-03-26 14:30:00,0.8878366271365578,548.846993411276,343.9185304537234
2024-03-26 14:45:00,0.8558623805172585,850.8885462889804,533.1838234200281
2024-03-26 15:00:00,0.8202280053505921,805.4747165694057,506.354757516168
2024-03-26 15:15:00,0.781086188740906,759.8934847311019,479.2365223865346
2024-03-26 15:30:00,0.7386046420071632,419.3683701794971,265.3277061460075
2024-03-26 15:45:00,0.6929653885432172,230.71006549066686,146.43294055098448
2024-03-26 16:00:00,0.6443639725371555,301.10185684177287,191.71962930846658
2024-03-26 16:15:00,0.5930086262832273,184.67415527309808,117.96028057372881
2024-03-26 16:30:00,0.5391193855178347,139.0,89.34793371
2024-03-26 16:45:00,0.4829271329401448,215.19027609165533,138.7573250288301
2024-03-26 17:00:00,0.42467261547937635,121.27401784643813,78.44410955007582
2024-03-26 17:15:00,0.36460542114849703,154.90830416681024,101.13927007962019
2024-03-26 17:30:00,0.30298289411711776,120.20880258819824,78.97001585059192
2024-03-26 17:45:00,0.24006903971168458,89.0431758267375,59.03602092482763
2024-03-26 18:00:00,0.17613340214435264,60.87493484717576,40.60645179624427
2024-03-26 18:15:00,0.11144989284211587,38.0,25.50141468
2024-03-26 18:30:00,0.04629562528810663,19.0,12.827518829999999
2024-03-26 18:45:00,-0.01905026325269277,10.514079466289964,7.1621555525593195
2024-03-26 19:00:00,-0.08430782505276785,0.0,0.0
2024-03-26 19:15:00,-0.1491974924999744,0.0,0.0
2024-03-26 19:30:00,-0.2134412670235396,0.0,0.0
2024-03-26 19:45:00,-0.2767639274641489,0.0,0.0
2024-03-26 20:00:00,-0.3388942001995263,0.0,0.0
2024-03-26 20:15:00,-0.39956591316713197,0.0,0.0
2024-03-26 20:30:00,-0.45851915268226473,0.0,0.0
2024-03-26 20:45:00,-0.5155013682708268,0.0,0.0
2024-03-26 21:00:00,-0.5702684472279458,0.0,0.0
2024-03-26 21:15:00,-0.6225857756217252,0.0,0.0
2024-03-26 21:30:00,-0.6722292351625208,0.0,0.0
2024-03-26 21:45:00,-0.7189861571705409,0.0,0.0
2024-03-26 22:00:00,-0.7626562468083893,0.0,0.0
2024-03-26 22:15:00,-0.8030524338410756,0.0,0.0
2024-03-26 22:30:00,-0.8400016691415704,0.0,0.0
2024-03-26 22:45:00,-0.873345676800978,0.0,0.0
2024-03-26 23:00:00,-0.9029416259145909,0.0,0.0
2024-03-26 23:15:00,-0.928662739155101,0.0,0.0
2024-03-26 23:30:00,-0.9503988437252069,0.0,0.0
2024-03-26 23:45:00,-0.9680568384391529,0.0,0.0
2024-03-27 00:00:00,-0.981561090921053,0.0,0.0
2024-03-27 00:15:00,-0.9908537662207073,0.0,0.0
2024-03-27 00:30:00,-0.9958950712582808,0.0,0.0
2024-03-27 00:45:00,-0.9966634253533058,0.0,0.0
2024-03-27 01:00:00,-0.9931555539122756,0.0,0.0
2024-03-27 01:15:00,-0.9853865008061096,0.0,0.0
2024-03-27 01:30:00,-0.9733895657056745,0.0,0.0
2024-03-27 01:45:00,-0.9572161592265853,0.0,0.0
2024-03-27 02:00:00,-0.9369355827708179,0.0,0.0
2024-03-27 02:15:00,-0.9126347350889781,0.0,0.0
2024-03-27 02:30:00,-0.8844177344435544,0.0,0.0
2024-03-27 02:45:00,-0.85240547440442,0.0,0.0
2024-03-27 03:00:00,-0.8167351109046513,0.0,0.0
2024-03-27 03:15:00,-0.7775594659678653,0.0,0.0
2024-03-27 03:30:00,-0.735046376516262,0.0,0.0
2024-03-27 03:45:00,-0.6893779816601078,0.0,0.0
2024-03-27 04:00:00,-0.6407499309176761,0.0,0.0
2024-03-27 04:15:00,-0.589370551086319,0.0,0.0
2024-03-27 04:30:00,-0.535459961142825,0.0,0.0
2024-03-27 04:45:00,-0.4792491154426014,0.0,0.0
2024-03-27 05:00:00,-0.4209788206322267,0.0,0.0
2024-03-27 05:15:00,-0.3608987122543942,0.0,0.0
2024-03-27 05:30:00,-0.29926616960826646,0.0,0.0
2024-03-27 05:45:00,-0.23634522064751978,0.0,0.0
2024-03-27 06:00:00,-0.1724054195205567,0.0,0.0
2024-03-27 06:15:00,-0.10772067491427711,0.0,0.0
2024-03-27 06:30:00,-0.04256808493004765,0.0,0.0
2024-03-27 06:45:00,0.022773241213126058,9.0,6.421844835000001
2024-03-27 07:00:00,0.08802339631308594,17.0,12.061425284999999
2024-03-27 07:15:00,0.1529028655664719,114.69918120303946,80.45117390697243
2024-03-27 07:30:00,0.2171337153494804,171.24628174175746,119.07543757355789
2024-03-27 07:45:00,0.2804408012476501,229.8363823822766,157.9575130415111
2024-03-27 08:00:00,0.3425529378866211,71.0,48.22144488
2024-03-27 08:15:00,0.4032040524949168,354.710121848835,238.0423660121176
2024-03-27 08:30:00,0.46213434141949555,417.37356211313863,275.87686468298153
2024-03-27 08:45:00,0.5190913743949201,266.16916814955675,173.24320600095302
2024-03-27 09:00:00,0.5738311685776916,538.8032465479301,346.33781838343344
2024-03-27 09:15:00,0.6261192490457672,597.9312152060784,380.7188442265581
2024-03-27 09:30:00,0.6757316450528004,654.3718982948803,412.68798744508854
2024-03-27 09:45:00,0.7224558433021885,707.6467602996952,441.9952430041674
2024-03-27 10:00:00,0.7660917115782468,758.394614477279,469.0933322596964
2024-03-27 10:15:00,0.8064523487579269,804.5490427433128,494.3888860095004
2024-03-27 10:30:00,0.8433648806151697,848.715122314883,518.0974759321737
2024-03-27 10:45:00,0.8766712111401782,887.6474733487023,538.2751975472298
2024-03-27 11:00:00,0.906228693590872,922.8241694100113,555.8758641894165
2024-03-27 11:15:00,0.9319107382382829,953.0174328704117,570.2104196938521
2024-03-27 11:30:00,0.953607362505603,978.8548471302107,583.6908761586617
2024-03-27 11:45:00,0.9712256572482907,723.0874221007923,429.7152145735608
2024-03-27 12:00:00,0.9846901831011945,1017.5628426644264,600.6018760315138
2024-03-27 12:15:00,0.9939432982700578,1029.2764168652047,607.5156452308693
2024-03-27 12:30:00,0.9989454021343565,711.6203447683683,418.58526652178614
2024-03-27 12:45:00,0.9996751049503213,712.8830377821157,417.8870109224598
2024-03-27 13:00:00,0.9961293207005069,1032.3383373826796,603.062733128488
2024-03-27 13:15:00,0.9883232786608153,1021.9771750558097,594.9442577332616
2024-03-27 13:30:00,0.9762904599361004,1007.6893227998705,584.589683262294
2024-03-27 13:45:00,0.9600824518124222,989.4775047036769,574.0244815363263
2024-03-27 14:00:00,0.9397687268354733,964.6837595911676,557.6909454883637
2024-03-27 14:15:00,0.9154363486330038,936.3558042286936,541.3143411838136
2024-03-27 14:30:00,0.8871895933690638,902.8759946796458,521.9594111805432
2024-03-27 14:45:00,0.8551495048342834,865.3169464282037,500.2462425667511
2024-03-27 15:00:00,0.8194533808639921,824.2442164436409,476.5017880850186
2024-03-27 15:15:00,0.7802541764564834,778.1077421050092,451.4027768372465
2024-03-27 15:30:00,0.737719852004294,728.4066293197916,424.04209407610773
2024-03-27 15:45:00,0.692032660030782,675.6843489067188,393.3498058802901
2024-03-27 16:00:00,0.6433883529290011,620.52348834258,362.4921959200488
2024-03-27 16:15:00,0.5919953493792555,562.9481353341613,331.13414617662966
2024-03-27 16:30:00,0.5380738488745868,502.2255960417915,298.4618085879943
2024-03-27 16:45:00,0.48185487453188586,439.4012375112753,262.90302298108276
2024-03-27 17:00:00,0.4235792897102951,377.56657083416985,227.432430584974
2024-03-27 17:15:00,0.3634967744283678,312.5382324231426,191.42046779630346
2024-03-27 17:30:00,0.3018647399590414,249.72140467317212,155.47088786248707
2024-03-27 17:45:00,0.2389472335992356,189.21781505714824,119.7151058616655
2024-03-27 18:00:00,0.17501381615108852,131.48214295011275,84.24975159894727
2024-03-27 18:15:00,0.11033839024460197,79.45246229297743,51.392522213830844
2024-03-27 18:30:00,0.04519803516628497,36.37861840922035,23.751515015305987
2024-03-27 18:45:00,-0.0201281712742898,9.423594076890906,6.209787855725784
2024-03-27 19:00:00,-0.08536036575529359,0.0,0.0
2024-03-27 19:15:00,-0.15021908973175419,0.0,0.0
2024-03-27 19:30:00,-0.21442647783301455,0.0,0.0
2024-03-27 19:45:00,-0.2777074657086269,0.0,0.0
2024-03-27 20:00:00,-0.33979095944493054,0.0,0.0
2024-03-27 20:15:00,-0.40041098879387993,0.0,0.0
2024-03-27 20:30:00,-0.45930786320287076,0.0,0.0
2024-03-27 20:45:00,-0.5162292755748753,0.0,0.0
2024-03-27 21:00:00,-0.5709313758536878,0.0,0.0
2024-03-27 21:15:00,-0.623179830874799,0.0,0.0
2024-03-27 21:30:00,-0.6727508200207928,0.0,0.0
2024-03-27 21:45:00,-0.7194319878809117,0.0,0.0
2024-03-27 22:00:00,-0.7630233671697954,0.0,0.0
2024-03-27 22:15:00,-0.8033382280183115,0.0,0.0
2024-03-27 22:30:00,-0.8402038730806556,0.0,0.0
2024-03-27 22:45:00,-0.8734623880281114,0.0,0.0
2024-03-27 23:00:00,-0.9029713118634285,0.0,0.0
2024-03-27 23:15:00,-0.9286042438505095,0.0,0.0
2024-03-27 23:30:00,-0.9502513928181806,0.0,0.0
2024-03-27 23:45:00,-0.9678200426280567,0.0,0.0
2024-03-28 00:00:00,-0.9812349476907969,0.0,0.0
2024-03-28 00:15:00,-0.990438659901548,0.0,0.0
2024-03-28 00:30:00,-0.9953917714129693,0.0,0.0
2024-03-28 00:45:00,-0.9960730835138591,0.0,0.0
2024-03-28 01:00:00,-0.9924796986339277,0.0,0.0
2024-03-28 01:15:00,-0.9846270311019715,0.0,0.0
2024-03-28 01:30:00,-0.9725487428891224,0.0,0.0
2024-03-28 01:45:00,-0.9562965971580658,0.0,0.0
2024-03-28 02:00:00,-0.9359402365891195,0.0,0.0
2024-03-28 02:15:00,-0.9115668884877868,0.0,0.0
2024-03-28 02:30:00,-0.8832809854740831,0.0,0.0
2024-03-28 02:45:00,-0.8512037199562066,0.0,0.0
2024-03-28 03:00:00,-0.8154725298671558,0.0,0.0
2024-03-28 03:15:00,-0.7762405011824608,0.0,0.0
2024-03-28 03:30:00,-0.7336757155807805,0.0,0.0
2024-03-28 03:45:00,-0.6879605366612417,0.0,0.0
2024-03-28 04:00:00,-0.6392908172199084,0.0,0.0
2024-03-28 04:15:00,-0.5878750651731828,0.0,0.0
2024-03-28 04:30:00,-0.5339335577549454,0.0,0.0
2024-03-28 04:45:00,-0.4776973839572227,0.0,0.0
2024-03-28 05:00:00,-0.4194074608772217,0.0,0.0
2024-03-28 05:15:00,-0.3593135098686757,0.0,0.0
2024-03-28 05:30:00,-0.2976729710111442,0.0,0.0
2024-03-28 05:45:00,-0.23474990769634457,0.0,0.0
2024-03-28 06:00:00,-0.17081388411420573,0.0,0.0
2024-03-28 06:15:00,-0.10613879343800098,0.0,0.0
2024-03-28 06:30:00,-0.041001692820625046,0.0,0.0
2024-03-28 06:45:00,0.024318374731075128,28.128230432230932,19.729427311193724
2024-03-28 07:00:00,0.0895415932032764,28.0,19.526289300000002
2024-03-28 07:15:00,0.15438856358848188,47.0,32.396256585
2024-03-28 07:30:00,0.21858149215910977,171.40563560910147,116.76094219695611
2024-03-28 07:45:00,0.2818453978580709,92.8184539785807,62.477142331944044
2024-03-28 08:00:00,0.3439092814791452,119.25382275549948,79.30686828476513
2024-03-28 08:15:00,0.40450727843932743,246.11612530428363,160.68864353001422
2024-03-28 08:30:00,0.46337981430185593,189.04644755822434,121.51733427728936
2024-03-28 08:45:00,0.5202747081502449,179.56769182820685,113.60962618692177
2024-03-28 09:00:00,0.5749482455200745,186.4989649104015,116.1100294866711
2024-03-28 09:15:00,0.6271662377279299,212.93348841865412,130.84590813067655
2024-03-28 09:30:00,0.6767050168519566,265.8653658931537,161.75989428916165
2024-03-28 09:45:00,0.7233523877891168,285.3376765528232,171.30031553896427
2024-03-28 10:00:00,0.7669085504426627,250.63889666018125,148.94927496581096
2024-03-28 10:15:00,0.8071869483087062,302.9018518289657,178.17120225678804
2024-03-28 10:30:00,0.8440150628037274,350.3289338938311,204.65221208740886
2024-03-28 10:45:00,0.8772351630361643,467.4625096184608,271.18850448425945
2024-03-28 11:00:00,0.9067049752758956,541.7549796348693,312.09755400505475
2024-03-28 11:15:00,0.932298289100078,616.1633987063228,352.4722456021414
2024-03-28 11:30:00,0.9539055058740262,683.9911316675157,388.5074792004533
2024-03-28 11:45:00,0.9714341033775522,713.8593003172454,404.0296584779743
2024-03-28 12:00:00,0.9848090304921079,694.7135426112536,390.3850286331418
2024-03-28 12:15:00,0.9939730332774374,668.1858830165086,374.1275225314592
2024-03-28 12:30:00,0.9988868969222873,652.693896653629,362.8146696543315
2024-03-28 12:45:00,0.9995296137778571,696.8428910018042,385.9473201718208
2024-03-28 13:00:00,0.9958984745326911,695.6177859175169,383.86270367535155
2024-03-28 13:15:00,0.9880090781630191,701.7552136697088,385.83102350023495
2024-03-28 13:30:00,0.9758952668721923,695.3464008071171,382.30740332894385
2024-03-28 13:45:00,0.9596089788594362,982.4767413604162,538.1881881273304
2024-03-28 14:00:00,0.9392200258916097,957.8393039238473,522.7559818694069
2024-03-28 14:15:00,0.9148157976585134,928.8009022505153,506.90781389751936
2024-03-28 14:30:00,0.8865008817992925,640.8488430199247,349.75341353228583
2024-03-28 14:45:00,0.8543966176515683,620.9042504429758,340.1234039227777
2024-03-28 15:00:00,0.8186405814041776,592.4562325616711,324.5399437197878
2024-03-28 15:15:00,0.7793859879719715,590.0763264430508,324.42901533174364
2024-03-28 15:30:00,0.736801038117846,577.1365398212799,318.481207712971
2024-03-28 15:45:00,0.691068204157363,670.2454509628601,371.2162942275027
2024-03-28 16:00:00,0.6423834367260073,503.60228895859194,279.938726319421
2024-03-28 16:15:00,0.5909553303493174,471.7993149508575,265.1213453877524
2024-03-28 16:30:00,0.5370042371907314,430.3695041797223,243.5802737539367
2024-03-28 16:45:00,0.4807613092056395,437.6284920159593,250.3425189555342
2024-03-28 17:00:00,0.422467514219136,374.6259605221606,215.81683665291249
2024-03-28 17:15:00,0.3623726118173736,286.51068492587626,167.95054360321993
2024-03-28 17:30:00,0.30073406769334843,216.15675689896733,128.45728515440456
2024-03-28 17:45:00,0.23781595811017703,189.45175890799604,114.11887951798676
2024-03-28 18:00:00,0.17388784726433665,132.46500766104106,80.86315927932647
2024-03-28 18:15:00,0.10922361559682749,80.62149640021678,49.5412581162423
2024-03-28 18:30:00,0.04410029475221672,36.891592846948264,22.744156726038646
2024-03-28 18:45:00,-0.02120311043478247,8.671111661739152,5.363382843382512
2024-03-28 19:00:00,-0.08640683459744898,0.0,0.0
2024-03-28 19:15:00,-0.15123154165558716,0.0,0.0
2024-03-28 19:30:00,-0.2153995127573178,0.0,0.0
2024-03-28 19:45:00,-0.2786358534630402,0.0,0.0
2024-03-28 20:00:00,-0.34066966244683317,0.0,0.0
2024-03-28 20:15:00,-0.4012351838674212,0.0,0.0
2024-03-28 20:30:00,-0.46007296246840745,0.0,0.0
2024-03-28 20:45:00,-0.5169309463806011,0.0,0.0
2024-03-28 21:00:00,-0.5715655595600388,0.0,0.0
2024-03-28 21:15:00,-0.6237427604346597,0.0,0.0
2024-03-28 21:30:00,-0.6732390363387029,0.0,0.0
2024-03-28 21:45:00,-0.7198423548542731,0.0,0.0
2024-03-28 22:00:00,-0.763353085257422,0.0,0.0
2024-03-28 22:15:00,-0.8035848464504597,0.0,0.0
2024-03-28 22:30:00,-0.8403653004936397,0.0,0.0
2024-03-28 22:45:00,-0.8735369015777427,0.0,0.0
2024-03-28 23:00:00,-0.9029575647235866,0.0,0.0
2024-03-28 23:15:00,-0.9285012711065945,0.0,0.0
2024-03-28 23:30:00,-0.9500586156822726,0.0,0.0
2024-03-28 23:45:00,-0.967537271002314,0.0,0.0
2024-03-29 00:00:00,-0.9808623810512626,0.0,0.0
2024-03-29 00:15:00,-0.9899768864785172,0.0,0.0
2024-03-29 00:30:00,-0.9948417656985944,0.0,0.0
2024-03-29 00:45:00,-0.9954362021052967,0.0,0.0
2024-03-29 01:00:00,-0.9917576744038814,0.0,0.0
2024-03-29 01:15:00,-0.9838219657481453,0.0,0.0
2024-03-29 01:30:00,-0.9716630978945751,0.0,0.0
2024-03-29 01:45:00,-0.9553331831847163,0.0,0.0
2024-03-29 02:00:00,-0.9349022013535788,0.0,0.0
2024-03-29 02:15:00,-0.9104577031811434,0.0,0.0
2024-03-29 02:30:00,-0.8821044297867071,0.0,0.0
2024-03-29 02:45:00,-0.8499638657495525,0.0,0.0
2024-03-29 03:00:00,-0.8141737235987099,0.0,0.0
2024-03-29 03:15:00,-0.7748873451248133,0.0,0.0
2024-03-29 03:30:00,-0.7322730479273047,0.0,0.0
2024-03-29 03:45:00,-0.6865134106361916,0.0,0.0
2024-03-29 04:00:00,-0.6378044792021161,0.0,0.0
2024-03-29 04:15:00,-0.5863549320391066,0.0,0.0
2024-03-29 04:30:00,-0.5323851934487192,0.0,0.0
2024-03-29 04:45:00,-0.476126475402554,0.0,0.0
2024-03-29 05:00:00,-0.41781979341535824,0.0,0.0
2024-03-29 05:15:00,-0.357714942213709,0.0,0.0
2024-03-29 05:30:00,-0.2960694099043497,0.0,0.0
2024-03-29 05:45:00,-0.23314728232509074,0.0,0.0
2024-03-29 06:00:00,-0.16921812045575002,0.0,0.0
2024-03-29 06:15:00,-0.10455578862930451,0.0,0.0
2024-03-29 06:30:00,-0.039437289600752774,9.554888044753328,6.392874659545482
2024-03-29 06:45:00,0.025858413292896017,25.215345424766113,16.819824301855775
2024-03-29 07:00:00,0.09105160867639696,48.832006041610505,32.57325045883906
2024-03-29 07:15:00,0.15586302669421276,78.95046741685923,52.344510437452996
2024-03-29 07:30:00,0.220015026705481,113.42241929958244,74.74103364243824
2024-03-29 07:45:00,0.283232804062803,151.38069838005816,99.14209862998328
2024-03-29 08:00:00,0.34524555847144917,64.0,41.78545056000001
2024-03-29 08:15:00,0.4057876459341808,114.0,73.50859593000001
2024-03-29 08:30:00,0.46459973334855786,153.8273949336226,98.25696854799266
2024-03-29 08:45:00,0.5214299007902019,323.69324132836834,204.79557192132015
2024-03-29 09:00:00,0.576034713336187,295.5572764271004,184.6046891541212
2024-03-29 09:15:00,0.6281802791774989,409.76132877844464,254.27984499501656
2024-03-29 09:30:00,0.6776432433803065,399.5026594907099,245.49115627555253
2024-03-29 09:45:00,0.7242117385070908,469.5393098136201,285.68079510808127
2024-03-29 10:00:00,0.767686305406472,536.2055014733623,324.07463975777586
2024-03-29 10:15:00,0.8078807403502732,789.8119411538793,475.75411426070764
2024-03-29 10:30:00,0.8446228878438751,833.7740775551376,498.86460655879364
2024-03-29 10:45:00,0.8777553887800844,608.3145875740088,362.73782128386983
2024-03-29 11:00:00,0.9071363483317991,748.1820823691439,444.6284283735406
2024-03-29 11:15:00,0.9326399404895447,782.3353258409986,461.7622073890769
2024-03-29 11:30:00,0.954156954809529,808.3193476991459,472.19720261476954
2024-03-29 11:45:00,0.9715952594012012,665.9956972301808,386.36334124894233
2024-03-29 12:00:00,0.9848801939364216,495.26122230268845,285.3131431821805
2024-03-29 12:15:00,0.9939548940042939,355.8005115021417,203.5333574484575
2024-03-29 12:30:00,0.9987805313868637,541.8195186452558,307.75389566424184
2024-03-29 12:45:00,0.9993364804371355,697.779711505129,393.5184819410965
2024-03-29 13:00:00,0.9956204075729926,572.2072937707117,320.3876385810714
2024-03-29 13:15:00,0.987648279607428,655.4550562473319,368.32424475138953
2024-03-29 13:30:00,0.9754542971141954,282.6072687538271,159.9498924049298
2024-03-29 13:45:00,0.9590907456172693,307.0999964035799,174.43302981773064
2024-03-29 14:00:00,0.9386277716648996,626.7110759561401,357.2391698768892
2024-03-29 14:15:00,0.9141530857596489,202.4849185145579,116.64876220223836
2024-03-29 14:30:00,0.8857715809484112,277.71543161896824,162.2334666449661
2024-03-29 14:45:00,0.8536048852907456,342.2410589204095,202.00287729098676
2024-03-29 15:00:00,0.8177908457295837,360.78768596690753,215.86687791842093
2024-03-29 15:15:00,0.7784829288131105,463.7156248405761,279.3255012611875
2024-03-29 15:30:00,0.7358495666997458,363.2453462707685,221.0085868702559
2024-03-29 15:45:00,0.6900734418883394,103.0,63.29266776
2024-03-29 16:00:00,0.6413506930801801,169.5654027723207,105.22482553929922
2024-03-29 16:15:00,0.5898900798592039,71.0,44.20299114
2024-03-29 16:30:00,0.5359120958151363,75.0,46.99650375
2024-03-29 16:45:00,0.47964801001956325,247.6215696632475,155.66517146140927
2024-03-29 17:00:00,0.4213388826150252,13.0,8.19861588
2024-03-29 17:15:00,0.36123454033172125,22.0,13.91905053
2024-03-29 17:30:00,0.2995924904694357,132.76087908506582,84.26405615729988
2024-03-29 17:45:00,0.2366768252463412,100.98743871872193,64.3014112202539
2024-03-29 18:00:00,0.17275709906251005,69.77406945781296,44.56805987737162
2024-03-29 18:15:00,0.10810715685042005,43.94592882330756,28.159212377253883
2024-03-29 18:30:00,0.043003969148588256,26.47304366063447,16.963119876459444
2024-03-29 18:45:00,-0.022273545568090136,7.019963995004034,4.512368904116599
2024-03-29 19:00:00,-0.08744573324981575,0.0,0.0
2024-03-29 19:15:00,-0.15223339357023927,0.0,0.0
2024-03-29 19:30:00,-0.21635896732599702,0.0,0.0
2024-03-29 19:45:00,-0.27954774287273343,0.0,0.0
2024-03-29 20:00:00,-0.3415290240855219,0.0,0.0
2024-03-29 20:15:00,-0.4020372818382708,0.0,0.0
2024-03-29 20:30:00,-0.4608133081307302,0.0,0.0
2024-03-29 20:45:00,-0.5176053177702875,0.0,0.0
2024-03-29 21:00:00,-0.5721700197284135,0.0,0.0
2024-03-29 21:15:00,-0.6242736745293331,0.0,0.0
2024-03-29 21:30:00,-0.6736930873521814,0.0,0.0
2024-03-29 21:45:00,-0.7202165580410669,0.0,0.0
2024-03-29 22:00:00,-0.7636448011070901,0.0,0.0
2024-03-29 22:15:00,-0.8037917921363258,0.0,0.0
2024-03-29 22:30:00,-0.8404855598178649,0.0,0.0
2024-03-29 22:45:00,-0.8735689333027745,0.0,0.0
2024-03-29 23:00:00,-0.9029002092959032,0.0,0.0
2024-03-29 23:15:00,-0.9283537557212034,0.0,0.0
2024-03-29 23:30:00,-0.9498205577000303,0.0,0.0
2024-03-29 23:45:00,-0.9672086796304702,0.0,0.0
2024-03-30 00:00:00,-0.9804436573854888,0.0,0.0
2024-03-30 00:15:00,-0.989468821793643,0.0,0.0
2024-03-30 00:30:00,-0.9942455380855708,0.0,0.0
2024-03-30 00:45:00,-0.9947533714322698,0.0,0.0
2024-03-30 01:00:00,-0.9909901756035944,0.0,0.0
2024-03-30 01:15:00,-0.9829721004957662,0.0,0.0
2024-03-30 01:30:00,-0.9707335247077905,0.0,0.0
2024-03-30 01:45:00,-0.9543269059456885,0.0,0.0
2024-03-30 02:00:00,-0.9338225563647655,0.0,0.0
2024-03-30 02:15:00,-0.9093083447763821,0.0,0.0
2024-03-30 02:30:00,-0.8808893145441912,0.0,0.0
2024-03-30 02:45:00,-0.8486872354031443,0.0,0.0
2024-03-30 03:00:00,-0.8128400867518113,0.0,0.0
2024-03-30 03:15:00,-0.7735014577356338,0.0,0.0
2024-03-30 03:30:00,-0.7308398927688999,0.0,0.0
2024-03-30 03:45:00,-0.6850381757621506,0.0,0.0
2024-03-30 04:00:00,-0.6362925355289433,0.0,0.0
2024-03-30 04:15:00,-0.5848118101169593,0.0,0.0
2024-03-30 04:30:00,-0.5308165595258759,0.0,0.0
2024-03-30 04:45:00,-0.4745381069817036,0.0,0.0
2024-03-30 05:00:00,-0.4162175541986114,0.0,0.0
2024-03-30 05:15:00,-0.3561047567545046,0.0,0.0
2024-03-30 05:30:00,-0.29445723798542645,0.0,0.0
2024-03-30 05:45:00,-0.23153909317117277,0.0,0.0
2024-03-30 06:00:00,-0.16761986688566566,0.0,0.0
2024-03-30 06:15:00,-0.1029733812902179,0.0,0.0
2024-03-30 06:30:00,-0.03787657141144976,6.788242288522239,4.65157069948828
2024-03-30 06:45:00,0.02739169247784689,32.92969174777809,22.365032613110873
2024-03-30 07:00:00,0.09255181694696286,74.74086944308024,50.30891744098812
2024-03-30 07:15:00,0.15732467447407789,127.21392161179467,85.11482834799065
2024-03-30 07:30:00,0.2214327905347238,12.0,7.95605328
2024-03-30 07:45:00,0.28460154964745965,16.0,10.543387679999999
2024-03-30 08:00:00,0.34656036294948966,20.0,13.0983804
2024-03-30 08:15:00,0.40704381919548416,24.0,15.621031439999998
2024-03-30 08:30:00,0.46579283836408836,29.0,18.758174399999998
2024-03-30 08:45:00,0.5225557728291994,34.0,21.786164189999997
2024-03-30 09:00:00,0.5770894780804805,38.0,24.19561935
2024-03-30 09:15:00,0.6291603694863466,290.65771620966194,184.48204237598011
2024-03-30 09:30:00,0.6785454147803798,323.282904796281,203.8824889996398
2024-03-30 09:45:00,0.7250330832710992,274.4513894973862,172.5315070978391
2024-03-30 10:00:00,0.7684242651882882,318.10545591129727,198.6882526345763
2024-03-30 10:15:00,0.8085331172929924,264.59626169773884,165.26647975828615
2024-03-30 10:30:00,0.8451878541603691,280.28450849984887,174.49878374504328
2024-03-30 10:45:00,0.8782314946924993,340.5204172611625,212.00029559414463
2024-03-30 11:00:00,0.9075225284095845,450.64252318187346,279.6489148560128
2024-03-30 11:15:00,0.932935518302586,183.73174207321034,114.015832178007
2024-03-30 11:30:00,0.9543616459067754,281.2241479804152,173.94687431813134
2024-03-30 11:45:00,0.9717091725969662,102.0,63.090532259999996
2024-03-30 12:00:00,0.9849038308949885,110.0,67.81646025
2024-03-30 12:15:00,0.9938891471138369,247.9327806182522,153.35501072458177
2024-03-30 12:30:00,0.9986266799497576,399.93270731753813,247.37222914555173
2024-03-30 12:45:00,0.9990961851932629,502.8978689268387,311.0597472844507
2024-03-30 13:00:00,0.9952957035520686,498.47782309427964,309.3333965109265
2024-03-30 13:15:00,0.9872415673723813,513.3796790562924,318.58083241576145
2024-03-30 13:30:00,0.9749683324286351,483.2965799022926,298.93567123012997
2024-03-30 13:45:00,0.9585286275595124,340.6729160819044,210.7179960997418
2024-03-30 14:00:00,0.9379929292603646,277.9458797974262,171.91915192052548
2024-03-30 14:15:00,0.9134492631881563,375.1531587385368,232.80353794685408
2024-03-30 14:30:00,0.8850028213819905,294.12507053454976,183.71013522266273
2024-03-30 14:45:00,0.8527755134280194,195.2638775671401,122.35626072431519
2024-03-30 15:00:00,0.8169054491272152,162.0,101.83990761
2024-03-30 15:15:00,0.777546338053942,158.0,99.64471608
2024-03-30 15:30:00,0.734866834533525,166.73486683453353,105.49050166284968
2024-03-30 15:45:00,0.6890498213977536,152.0,96.47523144
2024-03-30 16:00:00,0.6402916149404031,115.0,73.22358487500001
2024-03-30 16:15:00,0.5888011288900286,204.4864316089208,130.61533602489266
2024-03-30 16:30:00,0.5347989868381485,34.0,21.786164189999997
2024-03-30 16:45:00,0.47851656310919344,41.0,26.35442649
2024-03-30 17:00:00,0.4201949979493833,209.76866469855935,135.26140361493032
2024-03-30 17:15:00,0.3600841726579256,215.7433158262454,139.98611948198925
2024-03-30 17:30:00,0.2984416233657935,179.75742103588536,116.99984689895344
2024-03-30 17:45:00,0.23553144519871932,190.1950495440649,124.17790374187929
2024-03-30 18:00:00,0.17162316957665297,133.4683384491732,87.68074031142675
2024-03-30 18:15:00,0.10699059261292757,59.40664533626157,39.146705784279355
2024-03-30 18:30:00,0.04191061046767079,31.05947456413997,20.529787315884267
2024-03-30 18:45:00,-0.023337958086244073,9.533240838275118,6.320581003365726
2024-03-30 19:00:00,-0.08847558352554877,0.0,0.0
2024-03-30 19:15:00,-0.1532232143775331,0.0,0.0
2024-03-30 19:30:00,-0.2173034640135031,0.0,0.0
2024-03-30 19:45:00,-0.2804418162372899,0.0,0.0
2024-03-30 20:00:00,-0.34236779251390537,0.0,0.0
2024-03-30 20:15:00,-0.4028161024473472,0.0,0.0
2024-03-30 20:30:00,-0.4615277968645935,0.0,0.0
2024-03-30 20:45:00,-0.5182513684517766,0.0,0.0
2024-03-30 21:00:00,-0.5727438218293623,0.0,0.0
2024-03-30 21:15:00,-0.6247717297049931,0.0,0.0
2024-03-30 21:30:00,-0.6741122246435662,0.0,0.0
2024-03-30 21:45:00,-0.7205539476323046,0.0,0.0
2024-03-30 22:00:00,-0.7638979665964518,0.0,0.0
2024-03-30 22:15:00,-0.8039586213144614,0.0,0.0
2024-03-30 22:30:00,-0.8405643138663434,0.0,0.0
2024-03-30 22:45:00,-0.873558254344253,0.0,0.0
2024-03-30 23:00:00,-0.9027991263262672,0.0,0.0
2024-03-30 23:15:00,-0.9281616888892683,0.0,0.0
2024-03-30 23:30:00,-0.949537320833733,0.0,0.0
2024-03-30 23:45:00,-0.9668344811078862,0.0,0.0
2024-03-31 00:00:00,-0.9799790992881836,0.0,0.0
2024-03-31 00:15:00,-0.9889148973479884,0.0,0.0
2024-03-31 00:30:00,-0.993603627408131,0.0,0.0
2024-03-31 00:45:00,-0.9940252356262933,0.0,0.0
2024-03-31 02:00:00,-0.9327024261846928,0.0,0.0
2024-03-31 02:15:00,-0.9081200217844567,0.0,0.0
2024-03-31 02:30:00,-0.8796369272827445,0.0,0.0
2024-03-31 02:45:00,-0.847375190217759,0.0,0.0
2024-03-31 03:00:00,-0.8114730487664129,0.0,0.0
2024-03-31 03:15:00,-0.7720843307098288,0.0,0.0
2024-03-31 03:30:00,-0.7293777978941571,0.0,0.0
2024-03-31 03:45:00,-0.6835364295382902,0.0,0.0
2024-03-31 04:00:00,-0.6347566267711746,0.0,0.0
2024-03-31 04:15:00,-0.5832473762433702,0.0,0.0
2024-03-31 04:30:00,-0.5292293621812942,0.0,0.0
2024-03-31 04:45:00,-0.47293400708603,0.0,0.0
2024-03-31 05:00:00,-0.4146024866340431,0.0,0.0
2024-03-31 05:15:00,-0.3544847046890758,0.0,0.0
2024-03-31 05:30:00,-0.292838206966166,0.0,0.0
2024-03-31 05:45:00,-0.22992708515279436,0.0,0.0
2024-03-31 06:00:00,-0.16602085427803492,0.0,0.0
2024-03-31 06:15:00,-0.10139328107557832,0.0,0.0
2024-03-31 06:30:00,-0.036321219547318664,11.767411460288638,8.158637785362927
2024-03-31 06:45:00,0.02891656632676564,36.82430965311669,25.38233583165661
2024-03-31 07:00:00,0.09404061422075806,76.04270234791441,52.10745154891483
2024-03-31 07:15:00,0.15877195193154148,125.35264179237217,85.38979777732429
2024-03-31 07:30:00,0.22283328388412926,181.77563986519806,123.09008800410535
2024-03-31 07:45:00,0.28595019630131935,16.0,10.76977944
2024-03-31 08:00:00,0.3478523239579474,21.0,14.092887060000002
2024-03-31 08:15:00,0.4082745002570499,105.0,69.827708475
2024-03-31 08:30:00,0.466957909702902,126.0,83.28386871
2024-03-31 08:45:00,0.5236511879654181,227.3211414733372,149.3364359249222
2024-03-31 09:00:00,0.5781114914112835,241.57724694173342,157.72522044538616
2024-03-31 09:15:00,0.6301055524924173,272.6278108844389,176.3448283745008
2024-03-31 09:30:00,0.679410670909881,241.06173079820633,154.95228448471946
2024-03-31 09:45:00,0.7258156613992475,190.3548939683955,121.5888420764056
2024-03-31 10:00:00,0.7691217715608658,175.53824354312172,111.06025826473443
2024-03-31 10:15:00,0.8091435259290508,157.0,99.01405332
2024-03-31 10:30:00,0.8457095156651273,306.75412353261436,192.83834320708627
2024-03-31 10:45:00,0.8786631434520851,574.0256801665838,359.6960004072688
2024-03-31 11:00:00,0.9078632880936953,704.7878821159431,440.2095914214319
2024-03-31 11:15:00,0.93318490573182,717.7327622965145,448.2949466891481
2024-03-31 11:30:00,0.9545195731863162,689.3541637861917,429.1762816079316
2024-03-31 11:45:00,0.9717759475374519,594.818932510702,369.11844856082723
2024-03-31 12:00:00,0.9848801557522885,680.1918895292278,420.72223871896176
2024-03-31 12:15:00,0.9937761155828215,581.8361336139876,359.8857976255584
2024-03-31 12:30:00,0.9984257724840712,445.8866556188531,275.7963375551447
2024-03-31 12:45:00,0.9988092626615934,458.9047410129275,283.84847418767697
2024-03-31 13:00:00,0.9949249992219624,473.5381749291986,292.8997598207071
2024-03-31 13:15:00,0.9867896772959195,576.5296696543369,357.76893703407166
2024-03-31 13:30:00,0.9744382042654427,641.9193825815275,399.64446170204974
2024-03-31 13:45:00,0.9579235478539387,672.7781591746314,421.57628374091547
2024-03-31 14:00:00,0.9373165092698772,692.4280716337919,435.2889558133076
2024-03-31 14:15:00,0.9127054233027863,936.9984080890216,589.035995743846
2024-03-31 14:30:00,0.8841957741884616,664.0148124817192,417.4272046593195
2024-03-31 14:45:00,0.8519097455216584,589.7974037318422,370.77106854733756
2024-03-31 15:00:00,0.8159857017491933,572.306895524462,359.77581089368607
2024-03-31 15:15:00,0.7765775865939901,778.8459227501775,489.61479515619305
2024-03-31 15:30:00,0.733854267026687,729.4453983078174,460.0340481661075
2024-03-31 15:45:00,0.6879988161066647,655.351018552425,413.30548212908354
2024-03-31 16:00:00,0.6392077171167454,558.1669865474882,352.0151322769218
2024-03-31 16:15:00,0.5876900267810057,442.3281427745397,280.7480917539413
2024-03-31 16:30:00,0.5336664871046628,446.8832166180308,284.54253166298605
2024-03-31 16:45:00,0.47736856572408737,382.2153480800393,244.1393579541916
2024-03-31 17:00:00,0.4190374706694236,330.27039575224086,212.29480162623514
2024-03-31 17:15:00,0.35892312519693914,263.7187925953185,171.64831460209624
2024-03-31 17:30:00,0.29728308142035276,254.26117210902578,167.54838184479138
2024-03-31 17:45:00,0.23438142435061138,157.5961784045311,105.124081655634
2024-03-31 18:00:00,0.17048764927379692,110.04458481979363,74.51712253571867
2024-03-31 18:15:00,0.10587549030687007,69.36299708641064,47.39004744975333
2024-03-31 18:30:00,0.04082175598029919,35.49065920086757,24.463074507278655
2024-03-31 18:45:00,-0.024394847789172582,12.170008897099905,8.486968375298096
2024-03-31 19:00:00,-0.08949492910477973,0.0,0.0
2024-03-31 19:15:00,-0.15419959826434232,0.0,0.0
2024-03-31 19:30:00,-0.21823165386391508,0.0,0.0
2024-03-31 19:45:00,-0.28131678761918383,0.0,0.0
2024-03-31 20:00:00,-0.3431847506588477,0.0,0.0
2024-03-31 20:15:00,-0.4035705030082096,0.0,0.0
2024-03-31 20:30:00,-0.4622153656640513,0.0,0.0
2024-03-31 20:45:00,-0.518868119950612,0.0,0.0
2024-03-31 21:00:00,-0.5732860764635138,0.0,0.0
2024-03-31 21:15:00,-0.6252361298165646,0.0,0.0
2024-03-31 21:30:00,-0.6744957490443664,0.0,0.0
2024-03-31 21:45:00,-0.7208539247363662,0.0,0.0
2024-03-31 22:00:00,-0.7641120860183435,0.0,0.0
2024-03-31 22:15:00,-0.8040849438975349,0.0,0.0
2024-03-31 22:30:00,-0.840601280139337,0.0,0.0
2024-03-31 22:45:00,-0.8735046913280908,0.0,0.0
2024-03-31 23:00:00,-0.9026542526228833,0.0,0.0
2024-03-31 23:15:00,-0.9279251181444326,0.0,0.0
2024-03-31 23:30:00,-0.9492090634428962,0.0,0.0
2024-03-31 23:45:00,-0.9664149442250098,0.0,0.0
2024-04-01 00:00:00,-0.979469085115635,0.0,0.0
2024-04-01 00:15:00,-0.9883155997145914,0.0,0.0
2024-04-01 00:30:00,-0.9929166266522497,0.0,0.0
2024-04-01 00:45:00,-0.9932524918141207,0.0,0.0
2024-04-01 01:00:00,-0.9893217936565293,0.0,0.0
2024-04-01 01:15:00,-0.9811414075346718,0.0,0.0
2024-04-01 01:30:00,-0.968746415153837,0.0,0.0
2024-04-01 01:45:00,-0.9521899518976809,0.0,0.0
2024-04-01 02:00:00,-0.9315429792386545,0.0,0.0
2024-04-01 02:15:00,-0.9068939841630304,0.0,0.0
2024-04-01 02:30:00,-0.8783485943566216,0.0,0.0
2024-04-01 02:45:00,-0.8460291274916059,0.0,0.0
2024-04-01 03:00:00,-0.8100740721530086,0.0,0.0
2024-04-01 03:15:00,-0.7706374857222151,0.0,0.0
2024-04-01 03:30:00,-0.7278883378593659,0.0,0.0
2024-04-01 03:45:00,-0.6820097928716169,0.0,0.0
2024-04-01 04:00:00,-0.6331984134865357,0.0,0.0
2024-04-01 04:15:00,-0.5816633237235167,0.0,0.0
2024-04-01 04:30:00,-0.5276253203839248,0.0,0.0
2024-04-01 04:45:00,-0.471315913255687,0.0,0.0
2024-04-01 05:00:00,-0.4129763396004905,0.0,0.0
2024-04-01 05:15:00,-0.3528565389322371,0.0,0.0
2024-04-01 05:30:00,-0.29121406652351434,0.0,0.0
2024-04-01 05:45:00,-0.2283129974645992,0.0,0.0
2024-04-01 06:00:00,-0.16442280406897594,0.0,0.0
2024-04-01 06:15:00,-0.09981718449790367,0.0,0.0
2024-04-01 06:30:00,-0.03477289856164173,9.94951565027434,7.380921677064525
2024-04-01 06:45:00,0.03043140917182279,37.10322784504517,27.224562628821822
2024-04-01 07:00:00,0.09551642043001451,80.07790561393654,58.10984908991087
2024-04-01 07:15:00,0.1602033311811841,132.99040883138298,95.16257305654949
2024-04-01 07:30:00,0.22421503733536838,190.66803292391617,134.50731581013198
2024-04-01 07:45:00,0.2872773391411615,252.77403593770748,176.27639118743832
2024-04-01 08:00:00,0.3491201069717025,316.1120775544843,217.2514076985492
2024-04-01 08:15:00,0.40947843042162463,379.43204241169957,256.93389678984886
2024-04-01 08:30:00,0.468093769651144,443.1345468726595,296.4873687899427
2024-04-01 08:45:00,0.5247150542796152,509.5134950520806,335.7498941578654
2024-04-01 09:00:00,0.5790997516135835,570.9720881263868,371.63220583269737
2024-04-01 09:15:00,0.6310149207243736,630.8760257923782,405.5213620987458
2024-04-01 09:30:00,0.680238202200426,687.411999958379,436.304156517223
2024-04-01 09:45:00,0.7265587644379847,739.0825642875002,463.1239533879616
2024-04-01 10:00:00,0.7697782199690242,790.1168494916261,490.3117398013729
2024-04-01 10:15:00,0.8097114679077697,836.7928192825948,514.2024261631747
2024-04-01 10:30:00,0.8461874820978335,880.0314832435721,533.6568116435432
2024-04-01 10:45:00,0.879050054256042,920.5813513262157,552.6640500707707
2024-04-01 11:00:00,0.9081584569787144,955.4750095007149,567.8181312218194
2024-04-01 11:15:00,0.933388043223562,985.1857454081724,579.5003485311751
2024-04-01 11:30:00,0.9546307879017968,1010.3094487494303,590.1940821195254
2024-04-01 11:45:00,0.9717957457786524,1032.6136691510715,596.9617377171631
2024-04-01 12:00:00,0.9848094393689437,1049.204393945351,602.311331553447
2024-04-01 12:15:00,0.9936161781150622,1059.7693898403008,604.0919837101808
2024-04-01 12:30:00,0.9981782936075979,1065.2201928546233,602.8926856197439
2024-04-01 12:45:00,0.998476300985113,1065.5128697614703,600.9045549530184
2024-04-01 13:00:00,0.9945089834147027,1056.6682228956763,591.6447420064873
2024-04-01 13:15:00,0.9862933956251548,1046.7045937564003,583.9501916950412
2024-04-01 13:30:00,0.9738647925912824,1031.7272544357702,573.5089372072545
2024-04-01 13:45:00,0.9572764760896935,1010.8999699982851,559.8882322265121
2024-04-01 14:00:00,0.9365995664102719,986.2623846210405,546.2426742755916
2024-04-01 14:15:00,0.9119227010897173,956.1504114374109,529.5651196856325
2024-04-01 14:30:00,0.8833516494311175,921.7673087124061,510.5219945748482
2024-04-01 14:45:00,0.851008861192372,879.9912674924831,487.3842810896214
2024-04-01 15:00:00,0.8150329469342754,838.0904429672705,464.1774562122853
2024-04-01 15:15:00,0.7755780753713275,791.102782814022,439.7523805276353
2024-04-01 15:30:00,0.7328133163649166,741.2647980447899,413.54716841510407
2024-04-01 15:45:00,0.6869219228811968,687.6128236727403,386.39487413621333
2024-04-01 16:00:00,0.6381005343637566,632.1474648964683,356.50464845471834
2024-04-01 16:15:00,0.5865583392623702,573.1611467122771,326.7145262189517
2024-04-01 16:30:00,0.5325161862710527,511.9234022324316,295.9467736137875
2024-04-01 16:45:00,0.4762056242575809,449.91691065457985,262.82867931455837
2024-04-01 17:00:00,0.4178679166415716,386.1761637306517,227.93494287582925
2024-04-01 17:15:00,0.357753016015426,322.59071375532267,194.3169649564613
2024-04-01 17:30:00,0.29611847759099724,259.3217495377881,158.82693845619758
2024-04-01 17:45:00,0.2332283632845194,197.40032559581627,122.89696962457721
2024-04-01 18:00:00,0.16935211917699236,138.5145952158237,87.91597125831913
2024-04-01 18:15:00,0.10476340423266214,85.97214381897984,55.08833061784083
2024-04-01 18:30:00,0.039738926244903286,41.5047080793897,26.930535493140543
2024-04-01 18:45:00,-0.025442734762800578,10.606140230286279,6.967601740186853
2024-04-01 19:00:00,-0.09050233738630861,0.0,0.0
2024-04-01 19:15:00,-0.15516116641360744,0.0,0.0
2024-04-01 19:30:00,-0.21914221814017606,0.0,0.0
2024-04-01 19:45:00,-0.2821714043262282,0.0,0.0
2024-04-01 20:00:00,-0.3439787175813045,0.0,0.0
2024-04-01 20:15:00,-0.40429937978639163,0.0,0.0
2024-04-01 20:30:00,-0.4628749930355842,0.0,0.0
2024-04-01 20:45:00,-0.5194546377721294,0.0,0.0
2024-04-01 21:00:00,-0.5737959404520353,0.0,0.0
2024-04-01 21:15:00,-0.6256661269194621,0.0,0.0
2024-04-01 21:30:00,-0.6748430113859893,0.0,0.0
2024-04-01 21:45:00,-0.7211159420581258,0.0,0.0
2024-04-01 22:00:00,-0.7642867166040462,0.0,0.0
2024-04-01 22:15:00,-0.8041704238673676,0.0,0.0
2024-04-01 22:30:00,-0.8405962311357054,0.0,0.0
2024-04-01 22:45:00,-0.8734081265194741,0.0,0.0
2024-04-01 23:00:00,-0.9024655810273827,0.0,0.0
2024-04-01 23:15:00,-0.9276441472338701,0.0,0.0
2024-04-01 23:30:00,-0.9488360000180274,0.0,0.0
2024-04-01 23:45:00,-0.9659503935735421,0.0,0.0
2024-04-02 00:00:00,-0.9789140484573087,0.0,0.0
2024-04-02 00:15:00,-0.987671469901465,0.0,0.0
2024-04-02 00:30:00,-0.9921851821881843,0.0,0.0
2024-04-02 00:45:00,-0.9924358892238757,0.0,0.0
2024-04-02 01:00:00,-0.9884225581890025,0.0,0.0
2024-04-02 01:15:00,-0.9801624222847103,0.0,0.0
2024-04-02 01:30:00,-0.9676909086449281,0.0,0.0
2024-04-02 01:45:00,-0.951061484137526,0.0,0.0
2024-04-02 02:00:00,-0.9303454263741933,0.0,0.0
2024-04-02 02:15:00,-0.9056315217413758,0.0,0.0
2024-04-02 02:30:00,-0.877025679301128,0.0,0.0
2024-04-02 02:45:00,-0.8446504788434672,0.0,0.0
2024-04-02 03:00:00,-0.8086446507252605,0.0,0.0
2024-04-02 03:15:00,-0.7691624726143811,0.0,0.0
2024-04-02 03:30:00,-0.7263731120910539,0.0,0.0
2024-04-02 03:45:00,-0.6804599081622364,0.0,0.0
2024-04-02 04:00:00,-0.6316195742050497,0.0,0.0
2024-04-02 04:15:00,-0.580061360259623,0.0,0.0
2024-04-02 04:30:00,-0.526006163926769,0.0,0.0
2024-04-02 04:45:00,-0.469685570155006,0.0,0.0
2024-04-02 05:00:00,-0.41134086539301473,0.0,0.0
2024-04-02 05:15:00,-0.35122201213788373,0.0,0.0
2024-04-02 05:30:00,-0.28958656234265134,0.0,0.0
2024-04-02 05:45:00,-0.2266985615303207,0.0,0.0
2024-04-02 06:00:00,-0.16282742624563007,0.0,0.0
2024-04-02 06:15:00,-0.09824677299759581,0.0,0.0
2024-04-02 06:30:00,-0.033233254354174124,10.0,7.094956049999999
2024-04-02 06:45:00,0.0319346174361419,22.0,15.51996369
2024-04-02 07:00:00,0.09697768102123076,34.0,23.77922022
2024-04-02 07:15:00,0.16161731311614647,49.0,33.87386709
2024-04-02 07:30:00,0.22557661344740115,67.0,45.77560533
2024-04-02 07:45:00,0.2885816083084274,86.0,58.06140101999999
2024-04-02 08:00:00,0.3503624153531908,157.37935564360845,104.97945065090542
2024-04-02 08:15:00,0.41065439159436584,224.73909927017456,146.7316331477002
2024-04-02 08:30:00,0.4691992836449471,317.5041442612461,203.44698287885154
2024-04-02 08:45:00,0.5257463253217833,323.69404458366364,202.83317840171753
2024-04-02 09:00:00,0.5800533046224029,421.0423346367868,258.72711261224157
2024-04-02 09:15:00,0.6318876163528463,473.3494273587808,284.17174782642604
2024-04-02 09:30:00,0.6810272504692695,467.59234691095946,275.04450736154894
2024-04-02 09:45:00,0.7272617368627259,603.811686485871,347.8475648879446
2024-04-02 10:00:00,0.7703930600586342,543.5711085610496,305.4525495244269
2024-04-02 10:15:00,0.8102365001569787,656.5277100847685,366.2728571594776
2024-04-02 10:30:00,0.8466214192646346,729.9052799440735,404.25896627673063
2024-04-02 10:45:00,0.8793920029858208,673.5706573227186,370.33491316085735
2024-04-02 11:00:00,0.9084079216993599,731.921671753471,399.4578533179541
2024-04-02 11:15:00,0.9335449283488542,807.8611367227079,440.9030199654349
2024-04-02 11:30:00,0.9546953982929185,859.8724398647907,467.5509055786985
2024-04-02 11:45:00,0.9717687854667854,917.826589100089,497.20790182279
2024-04-02 12:00:00,0.9846920085688019,741.7696474875024,400.33440280782577
2024-04-02 12:15:00,0.9934097685026332,750.2914148545822,404.9336158671935
2024-04-02 12:30:00,0.9978847819172603,1042.0032341298938,562.3710054356766
2024-04-02 12:45:00,0.9980979409454547,1039.2082603706183,560.8625531087674
2024-04-02 13:00:00,0.9940483960332138,1034.3995406672543,556.1763898177718
2024-04-02 13:15:00,0.9857535578939047,762.6318403785754,411.59376555015217
2024-04-02 13:30:00,0.9732490246615475,932.2144921620225,503.11782542271203
2024-04-02 13:45:00,0.9565884269416012,940.968394361529,507.8423220655011
2024-04-02 14:00:00,0.9358431981118093,923.1082864139198,500.069119476168
2024-04-02 14:15:00,0.9111022716892271,706.0181472487336,383.8934809365983
2024-04-02 14:30:00,0.8824716945732155,692.2338284788631,377.7975837985209
2024-04-02 14:45:00,0.850074174532674,661.0850845539549,362.1339507349996
2024-04-02 15:00:00,0.8140485594335285,641.3961825978972,352.6451115436469
2024-04-02 15:15:00,0.7745492335555826,774.9269732295794,427.62788576848607
2024-04-02 15:30:00,0.7317454596658648,725.6185499093024,403.35148808677747
2024-04-02 15:45:00,0.6858206601205259,672.6908437429291,376.6499191257549
2024-04-02 16:00:00,0.636971619503087,616.5082739045807,347.6848008775519
2024-04-02 16:15:00,0.5854076465348377,558.6926395724275,318.46715725054463
2024-04-02 16:30:00,0.5313496847991578,499.3603000457321,287.6745652001981
2024-04-02 16:45:00,0.47502935220946896,437.87248379245324,254.90757152917277
2024-04-02 17:00:00,0.416687955143096,375.84895907503244,221.07973424729363
2024-04-02 17:15:00,0.3565754628567782,314.17652214831764,187.97843604242533
2024-04-02 17:30:00,0.2949494208230466,251.7171235349803,152.64289987291502
2024-04-02 17:45:00,0.23207385490914823,192.5480913807615,118.70845441215253
2024-04-02 18:00:00,0.16821814892534728,135.81918263258336,84.83248422827822
2024-04-02 18:15:00,0.10365587368334965,84.7122402943572,53.59608878030273
2024-04-02 18:30:00,0.03866362327083235,41.75899567937468,26.67348248882844
2024-04-02 18:45:00,-0.02648016106482329,12.048209880878044,7.793186970803916
2024-04-02 19:00:00,-0.09149640111651866,0.0,0.0
2024-04-02 19:15:00,-0.15610656862657102,0.0,0.0
2024-04-02 19:30:00,-0.22003386981094908,0.0,0.0
2024-04-02 19:45:00,-0.28300444839030686,0.0,0.0
2024-04-02 20:00:00,-0.3447485499442515,0.0,0.0
2024-04-02 20:15:00,-0.40500166930036824,0.0,0.0
2024-04-02 20:30:00,-0.46350570024590176,0.0,0.0
2024-04-02 20:45:00,-0.5200100324386623,0.0,0.0
2024-04-02 21:00:00,-0.5742726177199475,0.0,0.0
2024-04-02 21:15:00,-0.6260610220835093,0.0,0.0
2024-04-02 21:30:00,-0.675153413188002,0.0,0.0
2024-04-02 21:45:00,-0.7213395044788944,0.0,0.0
2024-04-02 22:00:00,-0.7644214690228042,0.0,0.0
2024-04-02 22:15:00,-0.8042147796419243,0.0,0.0
2024-04-02 22:30:00,-0.8405489945353632,0.0,0.0
2024-04-02 22:45:00,-0.8732684978995948,0.0,0.0
2024-04-02 23:00:00,-0.9022331603616791,0.0,0.0
2024-04-02 23:15:00,-0.9273189359109008,0.0,0.0
2024-04-02 23:30:00,-0.9484184008463599,0.0,0.0
2024-04-02 23:45:00,-0.9654412091041016,0.0,0.0
2024-04-03 00:00:00,-0.9783144775665573,0.0,0.0
2024-04-03 00:15:00,-0.9869831026351664,0.0,0.0
2024-04-03 00:30:00,-0.9914099929368003,0.0,0.0
2024-04-03 00:45:00,-0.9915762282357623,0.0,0.0
2024-04-03 01:00:00,-0.9874811414378306,0.0,0.0
2024-04-03 01:15:00,-0.979142319763413,0.0,0.0
2024-04-03 01:30:00,-0.9665955311377536,0.0,0.0
2024-04-03 01:45:00,-0.9498945684976179,0.0,0.0
2024-04-03 02:00:00,-0.9291110193923897,0.0,0.0
2024-04-03 02:15:00,-0.9043339626977001,0.0,0.0
2024-04-03 02:30:00,-0.8756695812045077,0.0,0.0
2024-04-03 02:45:00,-0.8432407085356302,0.0,0.0
2024-04-03 03:00:00,-0.8071863078270913,0.0,0.0
2024-04-03 03:15:00,-0.7676608675182781,0.0,0.0
2024-04-03 03:30:00,-0.7248337430003902,0.0,0.0
2024-04-03 03:45:00,-0.678888437333426,0.0,0.0
2024-04-03 04:00:00,-0.6300218034895945,0.0,0.0
2024-04-03 04:15:00,-0.5784432060047955,0.0,0.0
2024-04-03 04:30:00,-0.5243736314104601,0.0,0.0
2024-04-03 04:45:00,-0.46804472758544746,0.0,0.0
2024-04-03 05:00:00,-0.40969781771059766,0.0,0.0
2024-04-03 05:15:00,-0.3495828745872536,0.0,0.0
2024-04-03 05:30:00,-0.28795743403412916,0.0,0.0
2024-04-03 05:45:00,-0.22508549903589425,0.0,0.0
2024-04-03 06:00:00,-0.16123641742076272,0.0,0.0
2024-04-03 06:15:00,-0.09668371108183285,0.0,0.0
2024-04-03 06:30:00,-0.031703912397109804,9.169133637913879,6.468391869508228
2024-04-03 06:45:00,0.03342461148686565,40.57039226366746,28.292472012673308
2024-04-03 07:00:00,0.09842286870558219,86.7862002520804,59.99559617520604
2024-04-03 07:15:00,0.16301242909903957,141.4595071758199,96.36174027692688
2024-04-03 07:30:00,0.22691660831663552,201.0341275721458,134.91196452761346
2024-04-03 07:45:00,0.2898616704281479,264.30915774211985,174.703882478138
2024-04-03 08:00:00,0.35157799171134974,328.06663160945067,213.5307986160886
2024-04-03 08:15:00,0.4118012075428912,391.9117732795703,250.33293190289814
2024-04-03 08:30:00,0.47027336140698056,457.14853013623576,286.45843481139457
2024-04-03 08:45:00,0.5267440012318194,520.5800730630601,319.8922486102601
2024-04-03 09:00:00,0.5809712450088818,582.5785805878514,352.10183990248277
2024-04-03 09:15:00,0.6327228320280354,641.7159944892879,381.35793520802304
2024-04-03 09:30:00,0.6817771096293334,698.1896095300987,407.86253781162486
2024-04-03 09:45:00,0.7279239765883279,752.6972222037332,433.61846367247375
2024-04-03 10:00:00,0.7709657961113145,803.0207457329697,454.49319985749867
2024-04-03 10:15:00,0.8107182351732225,850.614478120081,476.2720904724553
2024-04-03 10:30:00,0.8470110492861664,893.8246294132921,493.23916927404343
2024-04-03 10:45:00,0.8796888222769126,932.4184687863283,506.9974094388953
2024-04-03 11:00:00,0.9086116258410327,967.8049468208479,518.4135025944795
2024-04-03 11:15:00,0.933655615614778,994.181536455638,528.5231745606612
2024-04-03 11:30:00,0.954713569254378,1019.5740114385449,535.8394667317535
2024-04-03 11:45:00,0.9716953408845104,1039.2331294077048,539.8693841495351
2024-04-03 12:00:00,0.9845282455494215,1053.7912653750814,541.0419057784509
2024-04-03 12:15:00,0.9931573749209651,1064.2600142971505,544.265567203503
2024-04-03 12:30:00,0.9975458291636492,1069.580187555358,542.6623162640061
2024-04-03 12:45:00,0.9976748750190786,1069.7074267688115,538.4023554534315
2024-04-03 13:00:00,0.9935440269947275,1064.6408665898066,533.7002504436383
2024-04-03 13:15:00,0.9851710477552152,1054.4231399433766,526.4467810519402
2024-04-03 13:30:00,0.9725918737604913,1040.1126281590418,519.3019047886277
2024-04-03 13:45:00,0.9558604588236028,1015.096365976542,504.7600482527342
2024-04-03 14:00:00,0.935048543033957,990.1269896568704,492.34394272975436
2024-04-03 14:15:00,0.910245348798116,960.5662708925857,475.70313145252027
2024-04-03 14:30:00,0.8815571928178607,925.7686763338749,458.4702499739606
2024-04-03 14:45:00,0.8491070324049093,886.2552526550442,438.9019391264815
2024-04-03 15:00:00,0.8130339436645271,842.8128052136619,417.3878500812521
2024-04-03 15:15:00,0.7734925167607444,797.02756303721,396.3246098220376
2024-04-03 15:30:00,0.7306521971309259,746.5467603747971,374.2409346507147
2024-04-03 15:45:00,0.6846965658325581,691.8575161176371,348.2239227234996
2024-04-03 16:00:00,0.6358225413990584,635.7954815139694,321.29209388391746
2024-04-03 16:15:00,0.5842395412699131,577.7829636572048,295.4798340733372
2024-04-03 16:30:00,0.5301685919459472,516.4019544184875,267.22090817883696
2024-04-03 16:45:00,0.4738413682126141,452.23303235685523,236.75798678999996
2024-04-03 17:00:00,0.415499206897911,389.3358790010643,206.19033873292744
2024-04-03 17:15:00,0.35539208121539695,325.47788466790155,176.3189016828535
2024-04-03 17:30:00,0.2937775140955978,261.8193699233009,145.5382204351113
2024-04-03 17:45:00,0.2309194824420921,200.09766358735988,113.6556239913564
2024-04-03 18:00:00,0.16708729487048835,141.41189290949472,82.03712375932459
2024-04-03 18:15:00,0.102554421107236,87.17465613251076,51.277379770598806
2024-04-03 18:30:00,0.03759732871927176,42.625360871796715,25.33132997955313
2024-04-03 18:45:00,-0.02750569248506691,10.178588263703407,6.131213003373904
2024-04-03 19:00:00,-0.09247574004544853,0.0,0.0
2024-04-03 19:15:00,-0.15703448490344857,0.0,0.0
2024-04-03 19:30:00,-0.2209053551338312,0.0,0.0
2024-04-03 19:45:00,-0.2838147380116913,0.0,0.0
2024-04-03 20:00:00,-0.34549314330005676,0.0,0.0
2024-04-03 20:15:00,-0.4056763495155785,0.0,0.0
2024-04-03 20:30:00,-0.4641065523848905,0.0,0.0
2024-04-03 20:45:00,-0.5205334604988985,0.0,0.0
2024-04-03 21:00:00,-0.5747153602192221,0.0,0.0
2024-04-03 21:15:00,-0.6264201661948046,0.0,0.0
2024-04-03 21:30:00,-0.6754264073777093,0.0,0.0
2024-04-03 21:45:00,-0.7215241695958194,0.0,0.0
2024-04-03 22:00:00,-0.7645160077500908,0.0,0.0
2024-04-03 22:15:00,-0.8042177843241756,0.0,0.0
2024-04-03 22:30:00,-0.8404594533109185,0.0,0.0
2024-04-03 22:45:00,-0.8730857991304262,0.0,0.0
2024-04-03 23:00:00,-0.9019570953074836,0.0,0.0
2024-04-03 23:15:00,-0.926949699692041,0.0,0.0
2024-04-03 23:30:00,-0.9479565916415635,0.0,0.0
2024-04-03 23:45:00,-0.9648878256022234,0.0,0.0
2024-04-04 00:00:00,-0.9776709146988666,0.0,0.0
2024-04-04 00:15:00,-0.9862511455912473,0.0,0.0
2024-04-04 00:30:00,-0.9905918094770131,0.0,0.0
2024-04-04 00:45:00,-0.9906743593720434,0.0,0.0
2024-04-04 01:00:00,-0.9864984904738203,0.0,0.0
2024-04-04 01:15:00,-0.9780821397783954,0.0,0.0
2024-04-04 01:30:00,-0.9654614109666305,0.0,0.0
2024-04-04 01:45:00,-0.9486904172402708,0.0,0.0
2024-04-04 02:00:00,-0.9278410495364543,0.0,0.0
2024-04-04 02:15:00,-0.9030026719441697,0.0,0.0
2024-04-04 02:30:00,-0.8742817330410786,0.0,0.0
2024-04-04 02:45:00,-0.8418013116548831,0.0,0.0
2024-04-04 03:00:00,-0.8057005945068789,0.0,0.0
2024-04-04 03:15:00,-0.7661342710064583,0.0,0.0
2024-04-04 03:30:00,-0.7232718740437444,0.0,0.0
2024-04-04 03:45:00,-0.677297059936266,0.0,0.0
2024-04-04 04:00:00,-0.6284068099691893,0.0,0.0
2024-04-04 04:15:00,-0.5768105915520259,0.0,0.0
2024-04-04 04:30:00,-0.5227294681698165,0.0,0.0
2024-04-04 04:45:00,-0.4663951383928974,0.0,0.0
2024-04-04 05:00:00,-0.408048949598379,0.0,0.0
2024-04-04 05:15:00,-0.34794087224461845,0.0,0.0
2024-04-04 05:30:00,-0.2863284131917625,0.0,0.0
2024-04-04 05:45:00,-0.22347552003226095,0.0,0.0
2024-04-04 06:00:00,-0.15965145896764363,0.0,0.0
2024-04-04 06:15:00,-0.09512964439851121,0.0,0.0
2024-04-04 06:30:00,-0.03018647582724012,9.698719147508967,6.547921183765938
2024-04-04 06:45:00,0.03489983733563216,42.55323216895861,28.55704261881393
2024-04-04 07:00:00,0.09985048511125821,88.22180371318805,58.66977515069684
2024-04-04 07:15:00,0.1643872425659341,142.2898945098242,93.47597665799435
2024-04-04 07:30:00,0.22823365309693588,200.31891200326848,130.3828342679021
2024-04-04 07:45:00,0.2911162300314614,262.85698824246344,168.9620774150926
2024-04-04 08:00:00,0.35276561928196226,325.6908081771635,206.71773747876642
2024-04-04 08:15:00,0.4129177451806251,389.61793643787445,244.14241081159773
2024-04-04 08:30:00,0.4713149581398066,452.4782656746414,279.873476642106
2024-04-04 08:45:00,0.5277071297314992,514.8571103636539,314.2941162843753
2024-04-04 09:00:00,0.5818527168740597,575.3026000960617,345.3785638035009
2024-04-04 09:15:00,0.63351981159147,634.397993635268,377.0090055888374
2024-04-04 09:30:00,0.6824871263124705,690.555926554911,406.19487440212805
2024-04-04 09:45:00,0.7285449355770703,743.7044363107111,431.44442540648635
2024-04-04 10:00:00,0.77149598748539,793.0907964490149,455.28552530716036
2024-04-04 10:15:00,0.8111563413330508,840.6200228050694,477.47280762139656
2024-04-04 10:30:00,0.8473561507114384,882.209493970175,497.5291414998592
2024-04-04 10:45:00,0.8799404015237343,921.8233218490714,514.2796818831994
2024-04-04 11:00:00,0.9087695698338274,955.6924783309728,527.3796990835201
2024-04-04 11:15:00,0.933720216192987,988.9737288424254,541.74715474102
2024-04-04 11:30:00,0.9546855219512631,1014.0449562927253,551.3813626666849
2024-04-04 11:45:00,0.9715757419402329,1036.2010756175478,559.2395701297105
2024-04-04 12:00:00,0.9843185872494618,1051.6322155044725,563.3163397973263
2024-04-04 12:15:00,0.9928595391634505,1061.9880674585083,566.7168909857645
2024-04-04 12:30:00,0.9971620793632475,1067.2103240140723,567.3464731428332
2024-04-04 12:45:00,0.9972078463751577,1068.2497286795303,565.7397257425332
2024-04-04 13:00:00,0.9929967151229536,1067.0807545414782,562.9636938536056
2024-04-04 13:15:00,0.9845467957711235,1055.7631406303276,554.8587468134921
2024-04-04 13:30:00,0.971894357869641,1041.3440481437267,547.2807595932463
2024-04-04 13:45:00,0.9550936724486188,1020.9019863445436,536.5373869979435
2024-04-04 14:00:00,0.9342167795764861,995.6640104258034,521.2609202807107
2024-04-04 14:15:00,0.9093531831220383,965.8006471777433,505.6265254985755
2024-04-04 14:30:00,0.8806094614703575,931.5493492418357,489.57790305755
2024-04-04 14:45:00,0.8481088127462701,893.2476985471955,469.44838244118523
2024-04-04 15:00:00,0.8119905319217828,849.519062134163,446.4666969984523
2024-04-04 15:15:00,0.7724094051481387,803.4303844083615,423.8687044403743
2024-04-04 15:30:00,0.7295350501340475,752.6313162235919,398.5897894417463
2024-04-04 15:45:00,0.6835511957005966,698.6644856961417,371.4214742403773
2024-04-04 16:00:00,0.6346548830583169,641.1121556880187,342.12162902563927
2024-04-04 16:15:00,0.5830556266341699,582.5906176782645,313.24757382721486
2024-04-04 16:30:00,0.528974523875102,520.686294341587,283.1203061701876
2024-04-04 16:45:00,0.47264329408869965,458.3486475054433,251.07752453253698
2024-04-04 17:00:00,0.41430329206118954,393.61402706482926,217.2079950979924
2024-04-04 17:15:00,0.3542044823151679,329.2580200064731,185.68770926342145
2024-04-04 17:30:00,0.2926043524432309,265.9677381115695,152.68272170482527
2024-04-04 17:45:00,0.22976681754065062,203.17353456977656,119.09889359138431
2024-04-04 18:00:00,0.1659610981984664,143.57242550827064,85.61219784816478
2024-04-04 18:15:00,0.10146055029280097,89.06386780313491,53.82887865645853
2024-04-04 18:30:00,0.03654150218102572,43.16472340512567,26.437122532006047
2024-04-04 18:45:00,-0.02851792029013199,10.072018159343306,6.2502511498091735
2024-04-04 19:00:00,-0.09343900263553373,0.0,0.0
2024-04-04 19:15:00,-0.1579436270296846,0.0,0.0
2024-04-04 19:30:00,-0.2217554550847911,0.0,0.0
2024-04-04 19:45:00,-0.2846011289178122,0.0,0.0
2024-04-04 20:00:00,-0.3462114333514884,0.0,0.0
2024-04-04 20:15:00,-0.40632244100874876,0.0,0.0
2024-04-04 20:30:00,-0.4646766594468751,0.0,0.0
2024-04-04 20:45:00,-0.5210241254948675,0.0,0.0
2024-04-04 21:00:00,-0.5751234687713878,0.0,0.0
2024-04-04 21:15:00,-0.6267429606595571,0.0,0.0
2024-04-04 21:30:00,-0.6756614988167811,0.0,0.0
2024-04-04 21:45:00,-0.7216695481501212,0.0,0.0
2024-04-04 22:00:00,-0.7645700513920204,0.0,0.0
2024-04-04 22:15:00,-0.8041792658751179,0.0,0.0
2024-04-04 22:30:00,-0.8403275458406374,0.0,0.0
2024-04-04 22:45:00,-0.8728600795344292,0.0,0.0
2024-04-04 23:00:00,-0.9016375462006194,0.0,0.0
2024-04-04 23:15:00,-0.9265367095293968,0.0,0.0
2024-04-04 23:30:00,-0.9474509530718562,0.0,0.0
2024-04-04 23:45:00,-0.9642907320857044,0.0,0.0
2024-04-05 00:00:00,-0.976983955409622,0.0,0.0
2024-04-05 00:15:00,-0.9854762985633698,0.0,0.0
2024-04-05 00:30:00,-0.9897314330970102,0.0,0.0
2024-04-05 00:45:00,-0.9897311822319221,0.0,0.0
2024-04-05 01:00:00,-0.9854755995995701,0.0,0.0
2024-04-05 01:15:00,-0.9769829673203497,0.0,0.0
2024-04-05 01:30:00,-0.9642897194023023,0.0,0.0
2024-04-05 01:45:00,-0.9474502831263862,0.0,0.0
2024-04-05 02:00:00,-0.9265368459170709,0.0,0.0
2024-04-05 02:15:00,-0.9016390494780147,0.0,0.0
2024-04-05 02:30:00,-0.8728635999102305,0.0,0.0
2024-04-05 02:45:00,-0.8403338123671439,0.0,0.0
2024-04-05 03:00:00,-0.804189087675266,0.0,0.0
2024-04-05 03:15:00,-0.764584306212734,0.0,0.0
2024-04-05 03:30:00,-0.7216891678262449,0.0,0.0
2024-04-05 03:45:00,-0.675687471105434,0.0,0.0
2024-04-05 04:00:00,-0.6267763142923017,0.0,0.0
2024-04-05 04:15:00,-0.5751652559085674,0.0,0.0
2024-04-05 04:30:00,-0.5210754243186881,0.0,0.0
2024-04-05 04:45:00,-0.4647385564895165,0.0,0.0
2024-04-05 05:00:00,-0.40639601150589927,0.0,0.0
2024-04-05 05:15:00,-0.34629774476704167,0.0,0.0
2024-04-05 05:30:00,-0.28470122144911614,0.0,0.0
2024-04-05 05:45:00,-0.22187032093499298,0.0,0.0
2024-04-05 06:00:00,-0.15807421503284966,0.0,0.0
2024-04-05 06:15:00,-0.09358619793583765,0.0,0.0
2024-04-05 06:30:00,-0.028682523711614866,13.74332150096144,9.750826203034144
2024-04-05 06:45:00,0.03635876837911831,46.21627843623526,32.60340741896823
2024-04-05 07:00:00,0.10125906239988508,91.32575401274289,64.05681401734248
2024-04-05 07:15:00,0.16574035054802816,144.96366296730832,100.21387453539096
2024-04-05 07:30:00,0.22952641549089386,203.81501157613565,138.83810004814964
2024-04-05 07:45:00,0.29234403093223366,265.64082165256355,178.80581621615536
2024-04-05 08:00:00,0.35392412318437344,329.31954764917384,218.34032227019384
2024-04-05 08:15:00,0.4140029157059934,391.8522596721449,255.8394253649171
2024-04-05 08:30:00,0.47232307556259784,455.22007582789126,292.6113176872777
2024-04-05 08:45:00,0.5286348070786804,517.8241594894621,327.61912007220917
2024-04-05 09:00:00,0.5826969146372938,578.6231651002489,360.2376709904938
2024-04-05 09:15:00,0.6342778508847013,637.7245638223443,391.87659165435485
2024-04-05 09:30:00,0.6831567004788784,694.0094634262018,419.4490101842172
2024-04-05 09:45:00,0.7291241202543328,747.8573288301712,445.94711952066575
2024-04-05 10:00:00,0.7719832489236629,797.9086392629988,467.7284190800631
2024-04-05 10:15:00,0.8115505430801855,845.1189039784122,490.2778874574183
2024-04-05 10:30:00,0.8476565585747199,888.2541953845125,508.12000772854356
2024-04-05 10:45:00,0.8801466867955666,925.8584723350149,524.0168226570883
2024-04-05 11:00:00,0.9088818107423752,956.7110747730293,533.7433492152029
2024-04-05 11:15:00,0.9337388976170902,986.853169429087,544.5751006035337
2024-04-05 11:30:00,0.9546115333558305,1011.5632374215297,554.1213985078912
2024-04-05 11:45:00,0.9714103735828823,1032.4967793867327,559.327397369268
2024-04-05 12:00:00,0.984063524636348,1047.621301274076,561.1678571907678
2024-04-05 12:15:00,0.9925168558081333,1058.763799566465,562.8561625191126
2024-04-05 12:30:00,0.996734227852377,1059.8517956496914,559.1498855892208
2024-04-05 12:45:00,0.9966976478163614,1058.8264395515234,554.3284064893944
2024-04-05 13:00:00,0.9924073469710846,1052.7110530922412,546.8710069358797
2024-04-05 13:15:00,0.9838817781254545,1042.5587434441854,537.3822388579284
2024-04-05 13:30:00,0.9711575382971038,1023.5419764588429,525.511189723541
2024-04-05 13:45:00,0.954289209377901,1001.8033028621164,512.3250291599838
2024-04-05 14:00:00,0.9333491243354883,976.3481768753591,497.33365980510865
2024-04-05 14:15:00,0.9084270607323303,947.3793017847288,480.66246202832673
2024-04-05 14:30:00,0.8796298502411722,913.2965010238079,463.37020865557184
2024-04-05 14:45:00,0.8470809227579301,872.6202870917798,440.9688451036011
2024-04-05 15:00:00,0.8109197825461922,830.1260823344887,419.49487678930757
2024-04-05 15:15:00,0.7713014016102429,783.628658645998,397.58191853164277
2024-04-05 15:30:00,0.7283955593048255,733.6300699847706,372.2146293386306
2024-04-05 15:45:00,0.6823861211864485,680.9935393110237,346.88548330481666
2024-04-05 16:00:00,0.633470239650364,624.7166441821101,318.2190762997838
2024-04-05 16:15:00,0.5818575143467224,566.1054519364731,290.6522217929586
2024-04-05 16:30:00,0.5277691015500425,506.4929722555344,263.11714019693153
2024-04-05 16:45:00,0.47143675277700503,444.13497742439495,232.51840443854712
2024-04-05 17:00:00,0.4131018282614948,382.06567668090554,201.56778549659361
2024-04-05 17:15:00,0.35301427117825557,318.758218163631,172.03437932633108
2024-04-05 17:30:00,0.2914315210533038,257.13341366887346,141.89390980855427
2024-04-05 17:45:00,0.22861741842182204,196.97141683995147,111.08361516193912
2024-04-05 18:00:00,0.16484108312309023,139.65164221643818,80.16909485168398
2024-04-05 18:15:00,0.10037574455745392,87.57810292023316,51.16064006998676
2024-04-05 18:30:00,0.03549757936784616,43.16960194547092,25.742021768443777
2024-04-05 18:45:00,-0.029515462833716748,11.945804382741697,7.244013425423052
2024-04-05 19:00:00,-0.09438486758954329,0.0,0.0
2024-04-05 19:15:00,-0.1588327400435704,0.0,0.0
2024-04-05 19:30:00,-0.22258298674453117,0.0,0.0
2024-04-05 19:45:00,-0.28536251565503373,0.0,0.0
2024-04-05 20:00:00,-0.34690239718397053,0.0,0.0
2024-04-05 20:15:00,-0.40693900811338934,0.0,0.0
2024-04-05 20:30:00,-0.46521517732568596,0.0,0.0
2024-04-05 20:45:00,-0.521481278847882,0.0,0.0
2024-04-05 21:00:00,-0.5754962938106276,0.0,0.0
2024-04-05 21:15:00,-0.6270288580312782,0.0,0.0
2024-04-05 21:30:00,-0.6758582448250967,0.0,0.0
2024-04-05 21:45:00,-0.7217753044573331,0.0,0.0
2024-04-05 22:00:00,-0.7645833729647304,0.0,0.0
2024-04-05 22:15:00,-0.8040991072989035,0.0,0.0
2024-04-05 22:30:00,-0.8401532658802648,0.0,0.0
2024-04-05 22:45:00,-0.872591443944595,0.0,0.0
2024-04-05 23:00:00,-0.9012747287674312,0.0,0.0
2024-04-05 23:15:00,-0.9260802913941986,0.0,0.0
2024-04-05 23:30:00,-0.94690192023631,0.0,0.0
2024-04-05 23:45:00,-0.9636504711884314,0.0,0.0
2024-04-06 00:00:00,-0.9762542477866794,0.0,0.0
2024-04-06 00:15:00,-0.9846593125745385,0.0,0.0
2024-04-06 00:30:00,-0.988829714787108,0.0,0.0
2024-04-06 00:45:00,-0.9887476443744201,0.0,0.0
2024-04-06 01:00:00,-0.9844135091256375,0.0,0.0
2024-04-06 01:15:00,-0.9758459312282931,0.0,0.0
2024-04-06 01:30:00,-0.9630816692100459,0.0,0.0
2024-04-06 01:45:00,-0.9461754578848366,0.0,0.0
2024-04-06 02:00:00,-0.9251997739174274,0.0,0.0
2024-04-06 02:15:00,-0.9002445287133245,0.0,0.0
2024-04-06 02:30:00,-0.871416677340376,0.0,0.0
2024-04-06 02:45:00,-0.8388397621233511,0.0,0.0
2024-04-06 03:00:00,-0.802653388283243,0.0,0.0
2024-04-06 03:15:00,-0.7630126169123967,0.0,0.0
2024-04-06 03:30:00,-0.7200873041231293,0.0,0.0
2024-04-06 03:45:00,-0.6740613796486903,0.0,0.0
2024-04-06 04:00:00,-0.6251320471653405,0.0,0.0
2024-04-06 04:15:00,-0.573508944470652,0.0,0.0
2024-04-06 04:30:00,-0.5194132527014819,0.0,0.0
2024-04-06 04:45:00,-0.46307673485948575,0.0,0.0
2024-04-06 05:00:00,-0.4047407492077124,0.0,0.0
2024-04-06 05:15:00,-0.34465522348507427,0.0,0.0
2024-04-06 05:30:00,-0.2830775684617256,0.0,0.0
2024-04-06 05:45:00,-0.22027158262834642,0.0,0.0
2024-04-06 06:00:00,-0.156506330737175,0.0,0.0
2024-04-06 06:15:00,-0.09205497424239253,0.0,0.0
2024-04-06 06:30:00,-0.027193609330170218,14.956855183485914,10.490890561267063
2024-04-06 06:45:00,0.03779990705366111,47.77976365798149,33.22347327409444
2024-04-06 07:00:00,0.10264716493774272,93.60505231430716,64.70949185810892
2024-04-06 07:15:00,0.1670703852368974,146.7313307407422,99.6562926406162
2024-04-06 07:30:00,0.23079360116050623,204.01552393924248,136.5003615988207
2024-04-06 07:45:00,0.2935438576037668,265.54526174659907,174.44740383128394
2024-04-06 08:00:00,0.3550523716205442,327.8983360262384,211.43286218484315
2024-04-06 08:15:00,0.41505567571456076,390.7627589487827,247.22939032046887
2024-04-06 08:30:00,0.473296762885771,451.79762973130215,279.452479740728
2024-04-06 08:45:00,0.5295261789634612,514.8000452869286,311.1375000167469
2024-04-06 09:00:00,0.5835030838649754,575.0601058659042,340.58338174572447
2024-04-06 09:15:00,0.6349962983171115,633.6368017459843,367.5910112918639
2024-04-06 09:30:00,0.6837852859529869,688.7310516386285,392.59192727757
2024-04-06 09:45:00,0.7296610919103158,742.3170161678223,415.63468078380663
2024-04-06 10:00:00,0.7724272508015022,792.5915164769625,434.17149151762675
2024-04-06 10:15:00,0.81190062103106,837.512869485482,452.00719062178666
2024-04-06 10:30:00,0.8479121644140405,881.0145764118155,468.36176662406405
2024-04-06 10:45:00,0.880307680738639,919.2073738098888,479.3754606405718
2024-04-06 11:00:00,0.9089484620149977,949.6847089080528,487.59108343280866
2024-04-06 11:15:00,0.933711883367228,978.5565941319288,496.48057634721783
2024-04-06 11:30:00,0.9544919357442627,1003.9038631498167,503.25303113770497
2024-04-06 11:45:00,0.9711996751450082,1023.5820907380478,506.91058037083263
2024-04-06 12:00:00,0.9837636019360145,1039.4942398488938,508.4872247639221
2024-04-06 12:15:00,0.9921299713357731,1049.4683825683348,511.2449071495864
2024-04-06 12:30:00,0.9962630202874407,1053.4237104150807,511.04238819985807
2024-04-06 12:45:00,0.9961451206661138,1052.3185902361388,508.37915710805805
2024-04-06 13:00:00,0.9917768556085091,1048.1468971061263,504.245119145589
2024-04-06 13:15:00,0.9831770153173585,1037.9676955974426,499.34808353757967
2024-04-06 13:30:00,0.9703825182800709,1021.8633923660674,491.6005852393147
2024-04-06 13:45:00,0.9534482505207962,998.1948037400692,480.2140416883338
2024-04-06 14:00:00,0.932446830501348,972.7702333492617,467.98272605754386
2024-04-06 14:15:00,0.907468301406835,943.8529886097634,457.88686986990916
2024-04-06 14:30:00,0.8786197394884434,908.8446392873217,442.74053505903646
2024-04-06 14:45:00,0.8460247971485836,870.2666645938054,425.70652546202274
2024-04-06 15:00:00,0.8098231780900297,827.8899761714769,406.65066889653514
2024-04-06 15:15:00,0.7701700298643784,781.5320066987543,387.0396392031373
2024-04-06 15:30:00,0.7272352826486159,731.6942840134307,365.3164331671061
2024-04-06 15:45:00,0.681202927525354,678.2405323094313,341.3702579053962
2024-04-06 16:00:00,0.6322702165358209,623.1651436223761,314.90949472170206
2024-04-06 16:15:00,0.5806468226437987,564.7755691490654,287.6862039854819
2024-04-06 16:30:00,0.5265539488167665,504.4024827463138,258.97242604996546
2024-04-06 16:45:00,0.4702233664391481,442.36355572321804,228.9084890057998
2024-04-06 17:00:00,0.4118964286707184,380.27473578835594,197.54825130978435
2024-04-06 17:15:00,0.35182304471290204,317.79436174616046,169.58705863107625
2024-04-06 17:30:00,0.2902605933727183,256.31355518623036,140.4052859990784
2024-04-06 17:45:00,0.22747282798166574,196.21337072477942,110.25949207882546
2024-04-06 18:00:00,0.16372875504662135,139.55962901050188,80.39837286107905
2024-04-06 18:15:00,0.09930146498631517,88.27448268362286,51.7458794140368
2024-04-06 18:30:00,0.03446697048782913,44.5459772575698,26.56275398854513
2024-04-06 18:45:00,-0.030496967167439805,12.863709682819085,7.800637165774432
2024-04-06 19:00:00,-0.09531204538263896,0.0,0.0
2024-04-06 19:15:00,-0.15970060371137285,0.0,0.0
2024-04-06 19:30:00,-0.2233868047237333,0.0,0.0
2024-04-06 19:45:00,-0.2860978329149687,0.0,0.0
2024-04-06 20:00:00,-0.347565054466743,0.0,0.0
2024-04-06 20:15:00,-0.4075251599718588,0.0,0.0
2024-04-06 20:30:00,-0.4657213087856537,0.0,0.0
2024-04-06 20:45:00,-0.5219042206314082,0.0,0.0
2024-04-06 21:00:00,-0.5758332361025716,0.0,0.0
2024-04-06 21:15:00,-0.627277362604848,0.0,0.0
2024-04-06 21:30:00,-0.6760162556737777,0.0,0.0
2024-04-06 21:45:00,-0.7218411567048436,0.0,0.0
2024-04-06 22:00:00,-0.7645558000913355,0.0,0.0
2024-04-06 22:15:00,-0.8039772466622002,0.0,0.0
2024-04-06 22:30:00,-0.8399366624974332,0.0,0.0
2024-04-06 22:45:00,-0.8722800524871581,0.0,0.0
2024-04-06 23:00:00,-0.9008689138034058,0.0,0.0
2024-04-06 23:15:00,-0.9255808258484763,0.0,0.0
2024-04-06 23:30:00,-0.9463099820938279,0.0,0.0
2024-04-06 23:45:00,-0.9629676384287807,0.0,0.0
2024-04-07 00:00:00,-0.9754824916143485,0.0,0.0
2024-04-07 00:15:00,-0.98380098892321,0.0,0.0
2024-04-07 00:30:00,-0.9878875541765103,0.0,0.0
2024-04-07 00:45:00,-0.9877247401447438,0.0,0.0
2024-04-07 01:00:00,-0.9833133040899689,0.0,0.0
2024-04-07 01:15:00,-0.9746722028200041,0.0,0.0
2024-04-07 01:30:00,-0.9618385131908155,0.0,0.0
2024-04-07 01:45:00,-0.9448672706653609,0.0,0.0
2024-04-07 02:00:00,-0.9238312335703722,0.0,0.0
2024-04-07 02:15:00,-0.8988205747783058,0.0,0.0
2024-04-07 02:30:00,-0.8699424894940657,0.0,0.0
2024-04-07 02:45:00,-0.8373207378000872,0.0,0.0
2024-04-07 03:00:00,-0.8010951193675706,0.0,0.0
2024-04-07 03:15:00,-0.7614208655694625,0.0,0.0
2024-04-07 03:30:00,-0.7184679779304721,0.0,0.0
2024-04-07 03:45:00,-0.6724205060306037,0.0,0.0
2024-04-07 04:00:00,-0.6234757473566641,0.0,0.0
2024-04-07 04:15:00,-0.5718434070546685,0.0,0.0
2024-04-07 04:30:00,-0.5177447068895988,0.0,0.0
2024-04-07 04:45:00,-0.46141142350718256,0.0,0.0
2024-04-07 05:00:00,-0.4030849018727851,0.0,0.0
2024-04-07 05:15:00,-0.3430150294725458,0.0,0.0
2024-04-07 05:30:00,-0.28145915005344746,0.0,0.0
2024-04-07 05:45:00,-0.21868096862732134,0.0,0.0
2024-04-07 06:00:00,-0.15494943035331724,0.0,0.0
2024-04-07 06:15:00,-0.09053755156994876,0.0,0.0
2024-04-07 06:30:00,-0.02572125839161314,16.183866526222516,10.468268647076005
2024-04-07 06:45:00,0.03922178652415586,48.94350066570338,31.163639783258702
2024-04-07 07:00:00,0.1040133907887766,93.822414187824,58.980654275525616
2024-04-07 07:15:00,0.16837601543366437,146.6170645811174,90.98409692894393
2024-04-07 07:30:00,0.2320339550762294,202.70088237188108,124.14832395230455
2024-04-07 07:45:00,0.29471453636665423,262.1010230747251,158.93976404916327
2024-04-07 08:00:00,0.35614927709543737,322.7290910751879,193.09561831952476
2024-04-07 08:15:00,0.4160750282820084,384.8955209286862,227.1790618263869
2024-04-07 08:30:00,0.47423511782361116,446.6352758420042,260.00883302388894
2024-04-07 08:45:00,0.5303804413263833,507.6524508544747,291.4254128223328
2024-04-07 09:00:00,0.5842705219437917,566.3490164280779,320.5418765085536
2024-04-07 09:15:00,0.6356745554666126,625.0596029255547,348.7169896133573
2024-04-07 09:30:00,0.6843723908324564,679.4540217709177,374.94305508025366
2024-04-07 09:45:00,0.7301554670174676,732.0447899041444,399.52504700010684
2024-04-07 10:00:00,0.7728277193511599,780.3155653096695,419.5604086913962
2024-04-07 10:15:00,0.8122064120656625,826.6759131505053,441.1454494725536
2024-04-07 10:30:00,0.8481229162088707,868.3106245879836,458.0978098892154
2024-04-07 10:45:00,0.8804234423448919,902.0223684374374,472.23662295918973
2024-04-07 11:00:00,0.9089696931415188,936.1624207587821,484.4330470432942
2024-04-07 11:15:00,0.9336394524168073,965.2137384137956,497.51510213391145
2024-04-07 11:30:00,0.9543271160868653,989.9352739160029,506.2556857484399
2024-04-07 11:45:00,0.970944139657594,1011.0361616022471,512.9594131093131
2024-04-07 12:00:00,0.9834194158114264,1024.5800567046267,517.7600051300452
2024-04-07 12:15:00,0.9916995831844997,1035.2640115279537,521.0663854194995
2024-04-07 12:30:00,0.9957492515853746,1040.0340517291545,523.4672296276132
2024-04-07 12:45:00,0.9955511536037229,1039.8536751586698,521.2745295364874
2024-04-07 13:00:00,0.9911062193546814,1033.7198902192083,516.1101725674298
2024-04-07 13:15:00,0.982433570793559,1023.6807872672163,513.1671248811379
2024-04-07 13:30:00,0.9695704415085116,1004.9135175123562,503.75916687141466
2024-04-07 13:45:00,0.9525720145912648,983.5559653655986,493.0527105561516
2024-04-07 14:00:00,0.9315111862519942,958.6066906755667,482.483422380397
2024-04-07 14:15:00,0.9064782569365448,929.362822527573,469.64304703255556
2024-04-07 14:30:00,0.8775805385016113,895.067323574447,454.1214512708004
2024-04-07 14:45:00,0.8449418963171682,856.3084039296454,436.18762500395246
2024-04-07 15:00:00,0.8087022234804585,815.0405522158426,416.81403274233634
2024-04-07 15:15:00,0.7690168325369506,768.7375938095362,394.6884610494582
2024-04-07 15:30:00,0.7260557935682325,719.3255919137023,372.2271697517367
2024-04-07 15:45:00,0.6800032118162489,665.8026818665678,347.2224836411342
2024-04-07 16:00:00,0.631056427305522,611.204157535917,321.21975076256354
2024-04-07 16:15:00,0.5794251743591919,553.801863964276,293.2907036841794
2024-04-07 16:30:00,0.5253306904586389,493.0299623436106,264.09597357626325
2024-04-07 16:45:00,0.4690047544750589,432.0015278204937,234.02522413571523
2024-04-07 17:00:00,0.4106887000126932,371.5889770090122,203.55168712457603
2024-04-07 17:15:00,0.3506323897488778,310.97559830099476,172.8628221385195
2024-04-07 17:30:00,0.2890931292064576,250.55048514165537,141.806413250183
2024-04-07 17:45:00,0.22633457195929768,191.68970973267758,110.04231871354179
2024-04-07 18:00:00,0.1626255987550965,136.7764297663441,79.9009051350107
2024-04-07 18:15:00,0.09823914876691224,87.14459482100534,51.435847439608665
2024-04-07 18:30:00,0.03345105858329974,45.07230039107222,26.96770744807075
2024-04-07 18:45:00,-0.03146111069267338,14.39316675453859,8.699016175950986
2024-04-07 19:00:00,-0.09621927980300947,0.0,0.0
2024-04-07 19:15:00,-0.16054603392896982,0.0,0.0
2024-04-07 19:30:00,-0.22416580246279594,0.0,0.0
2024-04-07 19:45:00,-0.28680605669242953,0.0,0.0
2024-04-07 20:00:00,-0.3481984684656367,0.0,0.0
2024-04-07 20:15:00,-0.40808005148605286,0.0,0.0
2024-04-07 20:30:00,-0.4661943042985309,0.0,0.0
2024-04-07 20:45:00,-0.5222923004318002,0.0,0.0
2024-04-07 21:00:00,-0.5761337473786559,0.0,0.0
2024-04-07 21:15:00,-0.6274880309538127,0.0,0.0
2024-04-07 21:30:00,-0.6761351949462824,0.0,0.0
2024-04-07 21:45:00,-0.721866877215273,0.0,0.0
2024-04-07 22:00:00,-0.7644872151025094,0.0,0.0
2024-04-07 22:15:00,-0.8038136770998208,0.0,0.0
2024-04-07 22:30:00,-0.8396778399377995,0.0,0.0
2024-04-07 22:45:00,-0.8719261203546824,0.0,0.0
2024-04-07 23:00:00,-0.900420426776376,0.0,0.0
2024-04-07 23:15:00,-0.9250387475157591,0.0,0.0
2024-04-07 23:30:00,-0.945675680809763,0.0,0.0
2024-04-07 23:45:00,-0.9622428814433173,0.0,0.0
2024-04-08 00:00:00,-0.9746694374819466,0.0,0.0
2024-04-08 00:15:00,-0.9829021781847759,0.0,0.0
2024-04-08 00:30:00,-0.9869058984175707,0.0,0.0
2024-04-08 00:45:00,-0.9866635094520635,0.0,0.0
2024-04-08 01:00:00,-0.9821761129342964,0.0,0.0
2024-04-08 01:15:00,-0.9734629944650552,0.0,0.0
2024-04-08 01:30:00,-0.9605615426818027,0.0,0.0
2024-04-08 01:45:00,-0.9435270864503029,0.0,0.0
2024-04-08 02:00:00,-0.922432657866713,0.0,0.0
2024-04-08 02:15:00,-0.8973686827595513,0.0,0.0
2024-04-08 02:30:00,-0.8684425873583153,0.0,0.0
2024-04-08 02:45:00,-0.8357783398500619,0.0,0.0
2024-04-08 03:00:00,-0.7995159242105689,0.0,0.0
2024-04-08 03:15:00,-0.7598107314732397,0.0,0.0
2024-04-08 03:30:00,-0.7168328975137714,0.0,0.0
2024-04-08 03:45:00,-0.6707665803906117,0.0,0.0
2024-04-08 04:00:00,-0.6218091596690162,0.0,0.0
2024-04-08 04:15:00,-0.5701703958761167,0.0,0.0
2024-04-08 04:30:00,-0.5160715391582652,0.0,0.0
2024-04-08 04:45:00,-0.45974436751026093,0.0,0.0
2024-04-08 05:00:00,-0.4014302001012354,0.0,0.0
2024-04-08 05:15:00,-0.34137887162720926,0.0,0.0
2024-04-08 05:30:00,-0.27984764630147785,0.0,0.0
2024-04-08 05:45:00,-0.21710012317394625,0.0,0.0
2024-04-08 06:00:00,-0.1534051154775356,0.0,0.0
2024-04-08 06:15:00,-0.08903548220084723,3.6306646731203607,2.3190804521459256
2024-04-08 06:30:00,-0.02426696743809338,17.0,10.755629954999998
2024-04-08 06:45:00,0.040622972151969236,33.0,20.67846165
2024-04-08 07:00:00,0.10535637322870489,53.0,32.78233539
2024-04-08 07:15:00,0.16965594790157404,76.69655947901575,46.97438511766888
2024-04-08 07:30:00,0.23324626287956063,164.37074432753238,99.67548777005376
2024-04-08 07:45:00,0.2958549366764142,131.01761721376224,78.65543534600793
2024-04-08 08:00:00,0.35721379749446136,257.3850224153233,152.9583515833918
2024-04-08 08:15:00,0.41706002397663994,304.1604897824691,178.91155110585464
2024-04-08 08:30:00,0.4751372874075251,351.9830725733831,204.1955474308708
2024-04-08 08:45:00,0.5311968411097432,363.63897336066657,208.0172983302784
2024-04-08 09:00:00,0.5849985787212102,414.5994883396357,233.81671690202123
2024-04-08 09:15:00,0.6363120776333034,490.5219953231531,274.65078733623164
2024-04-08 09:30:00,0.6849175779066601,529.2129100579971,293.1052423360174
2024-04-08 09:45:00,0.7306069175025658,589.1849901838316,322.7479990007535
2024-04-08 10:00:00,0.7731844367746961,637.158702478984,345.163612985241
2024-04-08 10:15:00,0.8124678093273999,674.0448273207426,361.0582287111637
2024-04-08 10:30:00,0.8482888181956516,735.2147350083692,389.36605493890465
2024-04-08 10:45:00,0.8804940867037384,785.799180010615,411.3901872911823
2024-04-08 11:00:00,0.9089457292709042,789.0958717283753,409.92602164996003
2024-04-08 11:15:00,0.9335219387211959,783.1683249707246,402.09754721838453
2024-04-08 11:30:00,0.9541175154289978,778.0587577144988,394.7559730101977
2024-04-08 11:45:00,0.9706443130637465,875.241716047734,440.52438051647516
2024-04-08 12:00:00,0.9830316144699114,892.9875177909724,444.0410168699953
2024-04-08 12:15:00,0.9912264387449582,878.6919954406997,433.3802238603446
2024-04-08 12:30:00,0.9951937648121622,968.2271053775473,471.6684988422942
2024-04-08 12:45:00,0.994916681446052,923.4975935163299,446.14523827598595
2024-04-08 13:00:00,0.9903964604551374,698.0132992015477,332.9801106881805
2024-04-08 13:15:00,0.9816525495302313,844.7254277369295,399.55265227406437
2024-04-08 13:30:00,0.9687224906327365,891.7312936302608,418.1812780963509
2024-04-08 13:45:00,0.9516617565148484,730.8429524666917,339.7774029221612
2024-04-08 14:00:00,0.930543513103309,701.8425136233939,323.4574153005491
2024-04-08 14:15:00,0.9054583094186067,679.695990816745,313.25077080996294
2024-04-08 14:30:00,0.8765136837027563,681.9251029314294,312.8996866309628
2024-04-08 14:45:00,0.8438337045116564,717.4235486167607,329.18806270493076
2024-04-08 15:00:00,0.8075584440915142,661.4286507007771,303.49493902386007
2024-04-08 15:15:00,0.7678433692779129,641.6707204884103,294.4290604613171
2024-04-08 15:30:00,0.7248586789383782,731.1507787868344,336.9646843996628
2024-04-08 15:45:00,0.6787885810467555,678.5096997675371,314.07555508575666
2024-04-08 16:00:00,0.6298304918110794,550.2460904970453,255.81581783903064
2024-04-08 16:15:00,0.5781941949237722,565.0575701765786,264.98621118531247
2024-04-08 16:30:00,0.5241009501708338,504.99766868820456,239.88319720894276
2024-04-08 16:45:00,0.46778253154247135,407.2377292958477,195.91494083159233
2024-04-08 17:00:00,0.4094802406649334,381.33862122069485,185.76779561611139
2024-04-08 17:15:00,0.3494438811791563,319.55126280545505,158.25200299288957
2024-04-08 17:30:00,0.2879306728799453,242.41183862452513,122.50009551571924
2024-04-08 17:45:00,0.22520415716935008,182.21351138615864,93.921139038532
2024-04-08 18:00:00,0.16153307674353523,127.78981453225681,67.160230944001
2024-04-08 18:15:00,0.09719020743545155,80.76599633624616,43.09978213840275
2024-04-08 18:30:00,0.03245119786290269,42.79427462084663,23.096146400651122
2024-04-08 18:45:00,-0.032406602627021795,17.30104261908184,9.47728977989272
2024-04-08 19:00:00,-0.09710534938361988,0.0,0.0
2024-04-08 19:15:00,-0.16136788409773486,0.0,0.0
2024-04-08 19:30:00,-0.22491891342558587,0.0,0.0
2024-04-08 19:45:00,-0.28748620548079806,0.0,0.0
2024-04-08 20:00:00,-0.3488017471969971,0.0,0.0
2024-04-08 20:15:00,-0.40860288432274483,0.0,0.0
2024-04-08 20:30:00,-0.46663346290430274,0.0,0.0
2024-04-08 20:45:00,-0.5226449179643446,0.0,0.0
2024-04-08 21:00:00,-0.5763973309202034,0.0,0.0
2024-04-08 21:15:00,-0.6276604723210457,0.0,0.0
2024-04-08 21:30:00,-0.6762147798358971,0.0,0.0
2024-04-08 21:45:00,-0.7218522926502924,0.0,0.0
2024-04-08 22:00:00,-0.7643775551318774,0.0,0.0
2024-04-08 22:15:00,-0.803608446763876,0.0,0.0
2024-04-08 22:30:00,-0.839376957449455,0.0,0.0
2024-04-08 22:45:00,-0.8715299174539792,0.0,0.0
2024-04-08 23:00:00,-0.8999296473639438,0.0,0.0
2024-04-08 23:15:00,-0.9244545444751558,0.0,0.0
2024-04-08 23:30:00,-0.9449996110402945,0.0,0.0
2024-04-08 23:45:00,-0.9614768991696552,0.0,0.0
2024-04-09 00:00:00,-0.9738158858470725,0.0,0.0
2024-04-09 00:15:00,-0.9819637791485101,0.0,0.0
2024-04-09 00:30:00,-0.9858857410185713,0.0,0.0
2024-04-09 00:45:00,-0.9855650364979132,0.0,0.0
2024-04-09 01:00:00,-0.9810031061391447,0.0,0.0
2024-04-09 01:15:00,-0.9722195581284936,0.0,0.0
2024-04-09 01:30:00,-0.9592520859851721,0.0,0.0
2024-04-09 01:45:00,-0.9421563044125583,0.0,0.0
2024-04-09 02:00:00,-0.9210055110735745,0.0,0.0
2024-04-09 02:15:00,-0.8958903759495835,0.0,0.0
2024-04-09 02:30:00,-0.8669185469331231,0.0,0.0
2024-04-09 02:45:00,-0.8342141904501527,0.0,0.0
2024-04-09 03:00:00,-0.7979174644023183,0.0,0.0
2024-04-09 03:15:00,-0.7581839087053703,0.0,0.0
2024-04-09 03:30:00,-0.7151837824176066,0.0,0.0
2024-04-09 03:45:00,-0.6691013405297173,0.0,0.0
2024-04-09 04:00:00,-0.6201340329504206,0.0,0.0
2024-04-09 04:15:00,-0.5684916635028021,0.0,0.0
2024-04-09 04:30:00,-0.5143954985572742,0.0,0.0
2024-04-09 04:45:00,-0.4580773050466174,0.0,0.0
2024-04-09 05:00:00,-0.3997783639379319,0.0,0.0
2024-04-09 05:15:00,-0.33974844471775756,0.0,0.0
2024-04-09 05:30:00,-0.2782447196390192,0.0,0.0
2024-04-09 05:45:00,-0.21553066944650176,0.0,0.0
2024-04-09 06:00:00,-0.15187496326931674,0.0,0.0
2024-04-09 06:15:00,-0.08755029076803394,2.447384880062235,1.5533685705707945
2024-04-09 06:30:00,-0.02283220221701121,25.0,15.817102874999998
2024-04-09 06:45:00,0.042002063172692276,41.67203301076307,26.19676538109248
2024-04-09 07:00:00,0.10667478221306091,63.09356868417876,39.40816066303092
2024-04-09 07:15:00,0.17090892884047906,20.0,12.4111197
2024-04-09 07:30:00,0.23442935213048316,26.0,15.97678992
2024-04-09 07:45:00,0.29696397225304105,147.75711778024328,90.19821582082646
2024-04-09 08:00:00,0.3582449371247408,220.1721311045677,133.06876538259317
2024-04-09 08:15:00,0.4180097617214128,140.09004880860707,83.53565757980897
2024-04-09 08:30:00,0.4760024688408336,159.76002468840835,93.97313188887497
2024-04-09 08:45:00,0.5319746769896845,223.00280981851517,129.37037141188225
2024-04-09 09:00:00,0.5856866570709824,277.02630587982054,158.4710879116424
2024-04-09 09:15:00,0.6369083742174306,455.0131979698402,255.6886103734867
2024-04-09 09:30:00,0.6854204649835971,495.54931064898017,273.45893397373527
2024-04-09 09:45:00,0.7310151709090255,525.048355330886,284.43084370168333
2024-04-09 10:00:00,0.7734972412641887,559.3650178900511,297.36759751886893
2024-04-09 10:15:00,0.8126847621156701,596.0679924585666,309.650309342294
2024-04-09 10:30:00,0.8484099307322033,617.1855254099321,314.38286402417833
2024-04-09 10:45:00,0.8805197846587837,617.6026925981993,307.10499551142095
2024-04-09 11:00:00,0.908876850741624,639.4784542821283,311.5197260002638
2024-04-09 11:15:00,0.9333597306288568,644.4744010742551,308.7426380570779
2024-04-09 11:30:00,0.9538636281672606,616.1579526193062,291.4409062461306
2024-04-09 11:45:00,0.9703007933916192,633.8127920007719,294.6669509201856
2024-04-09 12:00:00,0.9826008967206333,641.8068161096726,294.49150760846237
2024-04-09 12:15:00,0.990711334307691,648.7521429024612,291.1215620952861
2024-04-09 12:30:00,0.9945974500192865,688.4332605055931,303.3618268970637
2024-04-09 12:45:00,0.9942426838812803,699.2440185837904,302.47196414146964
2024-04-09 13:00:00,0.9896486437230949,746.0664846147761,315.1856307727766
2024-04-09 13:15:00,0.9808350965845204,801.4942079059222,333.7414908720651
2024-04-09 13:30:00,0.967839885729373,789.0807434360396,323.7874981480756
2024-04-09 13:45:00,0.950718765843533,806.9938836822561,326.24422435010933
2024-04-09 14:00:00,0.9295451642060482,777.3066628502357,309.5289037686707
2024-04-09 14:15:00,0.9044098694872091,744.3887222638616,296.4207515412586
2024-04-09 14:30:00,0.8754206368259692,699.7035882237691,278.6268212750892
2024-04-09 14:45:00,0.8427017279857937,643.8785153861186,257.6983971807249
2024-04-09 15:00:00,0.8063933838959868,588.3335851220352,235.46774472296153
2024-04-09 15:15:00,0.7666512148256358,525.2953180921677,212.3616635404387
2024-04-09 15:30:00,0.7236455371863488,455.6094101644193,185.11062021586287
2024-04-09 15:45:00,0.6775606501084864,409.9326152225652,168.20972631297127
2024-04-09 16:00:00,0.6285940341785732,389.31943979271466,160.53837042932935
2024-04-09 16:15:00,0.5769555103927121,342.8141465681497,144.8263596503788
2024-04-09 16:30:00,0.5228663486169471,324.39645827359954,140.32416622351718
2024-04-09 16:45:00,0.46655830566564704,316.298657813007,140.01806028853076
2024-04-09 17:00:00,0.4082726387509425,295.2676923066223,133.69234506486936
2024-04-09 17:15:00,0.34825908010225903,268.90565384959564,126.6480325893558
2024-04-09 17:30:00,0.2867747514056812,216.33541288396222,106.26163244794492
2024-04-09 17:45:00,0.2240830696578726,88.67224920897362,45.34723785785063
2024-04-09 18:00:00,0.16045262742418168,66.0,34.95327066
2024-04-09 18:15:00,0.09615602525299426,46.0,24.91926444
2024-04-09 18:30:00,0.031468712189016236,28.0,15.507835559999998
2024-04-09 18:45:00,-0.03333218548563618,14.0,7.89541263
2024-04-09 19:00:00,-0.0979690687735049,1.9665363605725972,1.1328944099606884
2024-04-09 19:15:00,-0.16216504639435703,0.0,0.0
2024-04-09 19:30:00,-0.22564511239592683,0.0,0.0
2024-04-09 19:45:00,-0.28813734134398805,0.0,0.0
2024-04-09 20:00:00,-0.3493740443627934,0.0,0.0
2024-04-09 20:15:00,-0.4090929077355371,0.0,0.0
2024-04-09 20:30:00,-0.4670381329417256,0.0,0.0
2024-04-09 20:45:00,-0.5229615237259357,0.0,0.0
2024-04-09 21:00:00,-0.5766235420620538,0.0,0.0
2024-04-09 21:15:00,-0.6277943490681968,0.0,0.0
2024-04-09 21:30:00,-0.6762547814470511,0.0,0.0
2024-04-09 21:45:00,-0.721797284124977,0.0,0.0
2024-04-09 22:00:00,-0.764226812100678,0.0,0.0
2024-04-09 22:15:00,-0.8033616586830372,0.0,0.0
2024-04-09 22:30:00,-0.839034228963653,0.0,0.0
2024-04-09 22:45:00,-0.8710917680078578,0.0,0.0
2024-04-09 23:00:00,-0.8993970089432761,0.0,0.0
2024-04-09 23:15:00,-0.9238287576473595,0.0,0.0
2024-04-09 23:30:00,-0.944282419180109,0.0,0.0
2024-04-09 23:45:00,-0.9606704409457953,0.0,0.0
2024-04-10 00:00:00,-0.972922686025985,0.0,0.0
2024-04-10 00:15:00,-0.9809867377042858,0.0,0.0
2024-04-10 00:30:00,-0.9848281206211442,0.0,0.0
2024-04-10 00:45:00,-0.9844304484547628,0.0,0.0
2024-04-10 01:00:00,-0.9797954947994356,0.0,0.0
2024-04-10 01:15:00,-0.9709431838610065,0.0,0.0
2024-04-10 01:30:00,-0.9579115067966277,0.0,0.0
2024-04-10 01:45:00,-0.9407563562641768,0.0,0.0
2024-04-10 02:00:00,-0.91955128699637,0.0,0.0
2024-04-10 02:15:00,-0.8943872040524489,0.0,0.0
2024-04-10 02:30:00,-0.8653719673970484,0.0,0.0
2024-04-10 02:45:00,-0.832629931580577,0.0,0.0
2024-04-10 03:00:00,-0.7963014179047185,0.0,0.0
2024-04-10 03:15:00,-0.756542104220107,0.0,0.0
2024-04-10 03:30:00,-0.7135223614639012,0.0,0.0
2024-04-10 03:45:00,-0.6674265299848643,0.0,0.0
2024-04-10 04:00:00,-0.6184521181128622,0.0,0.0
2024-04-10 04:15:00,-0.566808960961457,0.0,0.0
2024-04-10 04:30:00,-0.5127183288634638,0.0,0.0
2024-04-10 04:45:00,-0.4564119654044287,0.0,0.0
2024-04-10 05:00:00,-0.39813110098421656,0.0,0.0
2024-04-10 05:15:00,-0.3381254275216893,0.0,0.0
2024-04-10 05:30:00,-0.27665201302661535,0.0,0.0
2024-04-10 05:45:00,-0.2139742077856615,0.0,0.0
2024-04-10 06:00:00,-0.1503605247755868,0.0,0.0
2024-04-10 06:15:00,-0.08608347255601714,1.517896479377514,0.9327351219739289
2024-04-10 06:30:00,-0.021418396065824415,20.024267497634987,12.223798274759954
2024-04-10 06:45:00,0.04335769411949478,54.90950070660296,33.186486546437834
2024-04-10 07:00:00,0.10796732579709947,99.71634905681066,59.86395580207566
2024-04-10 07:15:00,0.17213374511808924,151.36209479542146,89.64526244768335
2024-04-10 07:30:00,0.23558209347346917,207.17624120576315,121.02647527127536
2024-04-10 07:45:00,0.29804060218235556,266.3028786447194,153.41340674992557
2024-04-10 08:00:00,0.3592417477252782,327.5469486508706,186.0469141316407
2024-04-10 08:15:00,0.4189233897470281,387.7465382435597,216.32145945192173
2024-04-10 08:30:00,0.476829910259979,449.7285411694039,245.44647954057976
2024-04-10 08:45:00,0.532713299977977,508.9089335825578,272.60168862206933
2024-04-10 09:00:00,0.5863342134412299,568.2760497411612,297.5100973418571
2024-04-10 09:15:00,0.6374630091494611,625.0066866215011,322.1568997141301
2024-04-10 09:30:00,0.6858807250937504,679.3127356045941,343.283048669506
2024-04-10 09:45:00,0.7313800105475629,731.1809491025467,363.5821617738019
2024-04-10 10:00:00,0.7737660270700382,779.0452736862834,379.5092212653051
2024-04-10 10:15:00,0.8128572757759097,824.191546337456,396.5041213489736
2024-04-10 10:30:00,0.8484863699832865,865.3953011350414,412.82798406649397
2024-04-10 10:45:00,0.8805007624343129,901.3311869533159,424.50510022713655
2024-04-10 11:00:00,0.9087633925611245,935.1571604455011,434.76545847203255
2024-04-10 11:15:00,0.933153270218702,963.9020889798936,444.2325340119492
2024-04-10 11:30:00,0.9535660012745637,987.3735891700495,453.0539868834594
2024-04-10 11:45:00,0.9699142298805932,1007.2609199499069,460.14320868704783
2024-04-10 12:00:00,0.9821280109751698,1020.4862821410569,462.05937093954077
2024-04-10 12:15:00,0.9901551139516898,1030.8836355192648,466.76712120080964
2024-04-10 12:30:00,0.9939612430300986,1035.4020722889013,468.8129949062631
2024-04-10 12:45:00,0.9935301841575488,1033.0218901615751,467.7352876644113
2024-04-10 13:00:00,0.9888638751337432,1027.721356748445,465.33529348773664
2024-04-10 13:15:00,0.9799823956024348,1016.5637863498425,460.2833294880096
2024-04-10 13:30:00,0.9669238827211024,1001.636124337972,455.5489923250158
2024-04-10 13:45:00,0.949744365066352,980.166860940513,447.76593185438884
2024-04-10 14:00:00,0.9285175226300282,955.1653930254356,438.27533386529694
2024-04-10 14:15:00,0.9033343745386986,925.9042714593675,426.72052012895085
2024-04-10 14:30:00,0.8743028831117101,891.6267775018689,412.7253820677395
2024-04-10 14:45:00,0.8415474931180733,853.0864364232588,396.6098227501573
2024-04-10 15:00:00,0.8052086035480939,810.9471108974859,378.65797138743136
2024-04-10 15:15:00,0.7654419570753468,765.810966998949,359.1303919099732
2024-04-10 15:30:00,0.7224179762974845,716.3328618765644,338.8233448123296
2024-04-10 15:45:00,0.6763210398635512,664.022784126611,316.76528285474603
2024-04-10 16:00:00,0.6273486808584963,609.661826218816,293.2976294152953
2024-04-10 16:15:00,0.5757107455091054,551.5386211887205,267.56528391190227
2024-04-10 16:30:00,0.5216285015459743,492.6539461904002,240.9905012112105
2024-04-10 16:45:00,0.46533367628941746,432.8122541304583,213.46760020328088
2024-04-10 17:00:00,0.4070674702455307,372.0179038743268,184.9871415211289
2024-04-10 17:15:00,0.34707953194093555,310.9316045281905,157.7542915212412
2024-04-10 17:30:00,0.2856268726982035,250.94492979986822,129.85568987535683
2024-04-10 17:45:00,0.22297277304436153,193.10123559268533,101.48479849857763
2024-04-10 18:00:00,0.159385663476825,138.40238801751855,74.13649514325506
2024-04-10 18:15:00,0.09513795763453117,88.95583931682825,48.36924792662992
2024-04-10 18:30:00,0.03050489356373201,46.61570296017874,25.72393940218068
2024-04-10 18:45:00,-0.03423663660367118,15.920153761533602,8.913938226640596
2024-04-10 19:00:00,-0.09880929012544766,0.0,0.0
2024-04-10 19:15:00,-0.16293645305376092,0.0,0.0
2024-04-10 19:30:00,-0.22634341658702434,0.0,0.0
2024-04-10 19:45:00,-0.2887585709808979,0.0,0.0
2024-04-10 20:00:00,-0.34991456026855927,0.0,0.0
2024-04-10 20:15:00,-0.40954941939287204,0.0,0.0
2024-04-10 20:30:00,-0.467407712730464,0.0,0.0
2024-04-10 20:45:00,-0.5232416195971455,0.0,0.0
2024-04-10 21:00:00,-0.5768119886210188,0.0,0.0
2024-04-10 21:15:00,-0.627889376949426,0.0,0.0
2024-04-10 21:30:00,-0.6762550249790997,0.0,0.0
2024-04-10 21:45:00,-0.7217017872622316,0.0,0.0
2024-04-10 22:00:00,-0.7640350326195909,0.0,0.0
2024-04-10 22:15:00,-0.8030734705241553,0.0,0.0
2024-04-10 22:30:00,-0.8386499228290707,0.0,0.0
2024-04-10 22:45:00,-0.8706120501108259,0.0,0.0
2024-04-10 23:00:00,-0.8988229980015543,0.0,0.0
2024-04-10 23:15:00,-0.9231619800749659,0.0,0.0
2024-04-10 23:30:00,-0.9435248025227077,0.0,0.0
2024-04-10 23:45:00,-0.9598243055694347,0.0,0.0
2024-04-11 00:00:00,-0.971990735139163,0.0,0.0
2024-04-11 00:15:00,-0.979972045678349,0.0,0.0
2024-04-11 00:30:00,-0.9837341197364946,0.0,0.0
2024-04-11 00:45:00,-0.9832609141008646,0.0,0.0
2024-04-11 01:00:00,-0.9785545291732909,0.0,0.0
2024-04-11 01:15:00,-0.9696351982579917,0.0,0.0
2024-04-11 01:30:00,-0.9565412025832165,0.0,0.0
2024-04-11 01:45:00,-0.939328704557884,0.0,0.0
2024-04-11 02:00:00,-0.9180715072094794,0.0,0.0
2024-04-11 02:15:00,-0.8928607413616044,0.0,0.0
2024-04-11 02:30:00,-0.8638044692040534,0.0,0.0
2024-04-11 02:45:00,-0.8310272231296882,0.0,0.0
2024-04-11 03:00:00,-0.7946694771244468,0.0,0.0
2024-04-11 03:15:00,-0.7548870358844741,0.0,0.0
2024-04-11 03:30:00,-0.7118503708206881,0.0,0.0
2024-04-11 03:45:00,-0.6657438959506283,0.0,0.0
2024-04-11 04:00:00,-0.6167651661278302,0.0,0.0
2024-04-11 04:15:00,-0.565124035659492,0.0,0.0
2024-04-11 04:30:00,-0.5110417666448647,0.0,0.0
2024-04-11 04:45:00,-0.4547500670671718,0.0,0.0
2024-04-11 05:00:00,-0.3964901044852228,0.0,0.0
2024-04-11 05:15:00,-0.3365114809753206,0.0,0.0
2024-04-11 05:30:00,-0.275071148180722,0.0,0.0
2024-04-11 05:45:00,-0.2124323138908436,0.0,0.0
2024-04-11 06:00:00,-0.1488633231709838,0.0,0.0
2024-04-11 06:15:00,-0.08463649187841664,2.558435693872754,1.5824810752883773
2024-04-11 06:30:00,-0.02002694840567021,23.412481394818013,14.292130771606354
2024-04-11 06:45:00,0.044688536257353084,58.160397922823584,35.03371772070014
2024-04-11 07:00:00,0.10923275141981062,102.66709142157043,61.220358381232316
2024-04-11 07:15:00,0.1733292255128764,154.29109867900476,90.44435429338691
2024-04-11 07:30:00,0.23670340185356284,210.7321513176984,121.82584348986084
2024-04-11 07:45:00,0.2990838319531147,268.70357460147767,153.1669785588767
2024-04-11 08:00:00,0.3602033294108741,329.2607039523249,185.02367012603938
2024-04-11 08:15:00,0.41980010638529447,390.19467734210906,215.32109563114847
2024-04-11 08:30:00,0.47761891139518264,451.0798970147581,245.27221080694162
2024-04-11 08:45:00,0.5334121139785307,511.6616852451896,273.0419751256006
2024-04-11 09:00:00,0.5869407582268878,570.4873103726447,298.66776070989897
2024-04-11 09:15:00,0.6379756011878888,626.6918953788204,324.2922998229646
2024-04-11 09:30:00,0.6862980867226034,681.1766909337094,346.9787773457816
2024-04-11 09:45:00,0.7317012755367615,733.5313956860781,367.71638387310395
2024-04-11 10:00:00,0.7739907443669138,782.145938343582,387.34367778412036
2024-04-11 10:15:00,0.8129854114991242,827.0531329422275,404.56785250030157
2024-04-11 10:30:00,0.8485183075988036,868.8783303781329,419.75846224285624
2024-04-11 10:45:00,0.8804373011344522,906.1544456232758,432.27171738614953
2024-04-11 11:00:00,0.9086057438260675,939.9226211378954,442.6807285350943
2024-04-11 11:15:00,0.9329030526170125,968.6062931445664,454.23214429358245
2024-04-11 11:30:00,0.9532252334931859,992.0139895802379,461.19886071883116
2024-04-11 11:45:00,0.969485322026749,1013.5908348069033,469.18136053306375
2024-04-11 12:00:00,0.9816137541938328,1028.82724641704,474.15452249934
2024-04-11 12:15:00,0.9895586683820828,1038.2269136056295,476.38791198994676
2024-04-11 12:30:00,0.9932861241741799,1041.7158122270325,477.9887846966874
2024-04-11 12:45:00,0.9927802477194672,1041.2423118654212,477.7715201992654
2024-04-11 13:00:00,0.9880433003690801,1035.82048584509,473.1899675053808
2024-04-11 13:15:00,0.9790956672777364,1025.4962575701281,470.5464812125913
2024-04-11 13:30:00,0.9659757717622203,1009.3574677388649,463.1412364736936
2024-04-11 13:45:00,0.9487399079514782,988.6356749471659,455.63147555908483
2024-04-11 14:00:00,0.9274619996407781,963.3375776698751,445.9196155121939
2024-04-11 14:15:00,0.9022332869565782,932.7389909913559,433.64122332112635
2024-04-11 14:30:00,0.873161929457038,899.0847080880764,419.8123244971133
2024-04-11 14:45:00,0.8403725445376666,859.2930548166739,402.9692245739982
2024-04-11 15:00:00,0.8040056784457756,817.5450254245114,385.0438528940023
2024-04-11 15:15:00,0.7642171951123582,771.1616113330887,366.315974035906
2024-04-11 15:30:00,0.7211776118767445,721.2127462140003,344.0471697871225
2024-04-11 15:45:00,0.675071375191006,668.059955160445,320.04156036721196
2024-04-11 16:00:00,0.6260960586810367,613.2770562944931,296.276503946151
2024-04-11 16:15:00,0.5744615217418995,556.2926019587453,268.74709495132436
2024-04-11 16:30:00,0.5203890177819143,496.90343386989315,240.05595949624856
2024-04-11 16:45:00,0.4641102323958757,435.69034359971914,209.60299536790842
2024-04-11 17:00:00,0.4058662971285612,374.1944024469213,180.01837487322697
2024-04-11 17:15:00,0.3459067646208025,313.52478641290406,154.00000939743632
2024-04-11 17:30:00,0.2844885237845193,253.36572407938522,126.49909207953196
2024-04-11 17:45:00,0.22187470675690132,194.69045755819064,98.77817098922166
2024-04-11 18:00:00,0.1583335702576511,139.11678655037144,71.70712507976914
2024-04-11 18:15:00,0.09413732954705549,90.1966397165927,47.03841259797796
2024-04-11 18:30:00,0.02956100057972018,48.72556919072794,25.706326629907732
2024-04-11 18:45:00,-0.03511876943873751,19.327433806639874,10.313847710026222
2024-04-11 19:00:00,-0.09962490439060129,5.8232559277827205,3.131050751250262
2024-04-11 19:15:00,-0.16368107755672992,0.0,0.0
2024-04-11 19:30:00,-0.22701288670310565,0.0,0.0
2024-04-11 19:45:00,-0.2893490466913363,0.0,0.0
2024-04-11 20:00:00,-0.350422542729309,0.0,0.0
2024-04-11 20:15:00,-0.4099717661386212,0.0,0.0
2024-04-11 20:30:00,-0.46774165124166844,0.0,0.0
2024-04-11 20:45:00,-0.5234847593260487,0.0,0.0
2024-04-11 21:00:00,-0.5769623313242935,0.0,0.0
2024-04-11 21:15:00,-0.6279453253650829,0.0,0.0
2024-04-11 21:30:00,-0.6762153897826525,0.0,0.0
2024-04-11 21:45:00,-0.7215657921968781,0.0,0.0
2024-04-11 22:00:00,-0.7638023178984698,0.0,0.0
2024-04-11 22:15:00,-0.8027440943938213,0.0,0.0
2024-04-11 22:30:00,-0.8382243613768018,0.0,0.0
2024-04-11 22:45:00,-0.8700911952056549,0.0,0.0
2024-04-11 23:00:00,-0.8982081534769217,0.0,0.0
2024-04-11 23:15:00,-0.9224548561414625,0.0,0.0
2024-04-11 23:30:00,-0.9427275083739386,0.0,0.0
2024-04-11 23:45:00,-0.9589393403067816,0.0,0.0
2024-04-12 00:00:00,-0.9710209770018556,0.0,0.0
2024-04-12 00:15:00,-0.9789207396202797,0.0,0.0
2024-04-12 00:30:00,-0.9826048634271736,0.0,0.0
2024-04-12 00:45:00,-0.9820576424111652,0.0,0.0
2024-04-12 01:00:00,-0.9772814971812617,0.0,0.0
2024-04-12 01:15:00,-0.9682969628824493,0.0,0.0
2024-04-12 01:30:00,-0.9551426029137144,0.0,0.0
2024-04-12 01:45:00,-0.9378748409584095,0.0,0.0
2024-04-12 02:00:00,-0.9165677192891118,0.0,0.0
2024-04-12 02:15:00,-0.8913125849185477,0.0,0.0
2024-04-12 02:30:00,-0.8622176922273932,0.0,0.0
2024-04-12 02:45:00,-0.8294077409771705,0.0,0.0
2024-04-12 03:00:00,-0.7930233469507602,0.0,0.0
2024-04-12 03:15:00,-0.7532204304945179,0.0,0.0
2024-04-12 03:30:00,-0.7101695519806102,0.0,0.0
2024-04-12 03:45:00,-0.6640551873467215,0.0,0.0
2024-04-12 04:00:00,-0.6150749260237125,0.0,0.0
2024-04-12 04:15:00,-0.5634386294536666,0.0,0.0
2024-04-12 04:30:00,-0.5093675393346062,0.0,0.0
2024-04-12 04:45:00,-0.45309331581866885,0.0,0.0
2024-04-12 05:00:00,-0.3948570514282075,0.0,0.0
2024-04-12 05:15:00,-0.3349082463181488,0.0,0.0
2024-04-12 05:30:00,-0.27350372373063964,0.0,0.0
2024-04-12 05:45:00,-0.21090653716464458,0.0,0.0
2024-04-12 06:00:00,-0.1473848521655014,0.0,0.0
2024-04-12 06:15:00,-0.08321078059839178,13.836519704441814,8.838051778746348
2024-04-12 06:30:00,-0.018659223259079635,5.0,3.1634205749999995
2024-04-12 06:45:00,0.045993299033189564,64.73872681630601,40.566584234570016
2024-04-12 07:00:00,0.11046984727971684,103.1582683073627,63.80696131893532
2024-04-12 07:15:00,0.17449424197369967,148.5495019648738,90.98219739889487
2024-04-12 07:30:00,0.23779223759166168,17.0,10.3089105
2024-04-12 07:45:00,0.30009271447670816,21.0,12.607191134999999
2024-04-12 08:00:00,0.3611288314616034,25.0,14.856959249999997
2024-04-12 08:15:00,0.42063916076799923,30.0,17.646429150000003
2024-04-12 08:30:00,0.4783688242184871,34.0,19.72438209
2024-04-12 08:45:00,0.5340705763281859,39.0,22.38852798
2024-04-12 09:00:00,0.5875058561996097,90.0,50.93814599999999
2024-04-12 09:15:00,0.638445824168119,96.0,53.75187216
2024-04-12 09:30:00,0.6866723339142804,176.06001700174284,97.51106401263685
2024-04-12 09:45:00,0.7319788607780131,105.0,57.72989879999999
2024-04-12 10:00:00,0.7741713991182342,159.77417139911825,86.876326141457
2024-04-12 10:15:00,0.8130692860111131,169.62613857202223,91.54752976997774
2024-04-12 10:30:00,0.8485059703242064,372.51633433815556,200.29474282896325
2024-04-12 10:45:00,0.8803297362637171,532.1003417362602,283.9488131753587
2024-04-12 11:00:00,0.9084043470725449,647.9641780219968,344.46836097026676
2024-04-12 11:15:00,0.9326096252172391,505.7783742765032,267.8577031827484
2024-04-12 11:30:00,0.95284197443533,645.5031232253625,341.85523299956714
2024-04-12 11:45:00,0.9690148185844798,639.5325712788597,337.40053612113604
2024-04-12 12:00:00,0.9810589707725066,654.2836837223541,345.18283442826635
2024-04-12 12:15:00,0.9889229337190679,700.6436489168775,369.64113071161387
2024-04-12 12:30:00,0.9925731169790663,981.9396634549181,518.0454972383811
2024-04-12 12:45:00,0.991993980807097,687.7423025876013,364.22489161630375
2024-04-12 13:00:00,0.9871881033294077,613.4888682525639,324.9006433171052
2024-04-12 13:15:00,0.978176167786883,526.4466116310653,280.9317695325271
2024-04-12 13:30:00,0.9649968756074392,517.9046344460704,277.4203174255952
2024-04-12 13:45:00,0.9477067778395798,432.6532337817331,232.62917678065278
2024-04-12 14:00:00,0.926380032906526,448.1104026325221,241.84598417784088
2024-04-12 14:15:00,0.9011080922574084,450.00083639542413,244.6854775354075
2024-04-12 14:30:00,0.8719993025411845,849.3674462177005,463.55574624733265
2024-04-12 14:45:00,0.8391784431983791,819.5386467746952,448.93278470619254
2024-04-12 15:00:00,0.8027861968217238,779.4122402764488,430.1029903017123
2024-04-12 15:15:00,0.7629785373185229,734.8862376457664,408.503141996526
2024-04-12 15:30:00,0.7199260652194941,687.4633659581325,384.9212808506753
2024-04-12 15:45:00,0.6738132829945417,638.4242817928571,360.0445098404288
2024-04-12 16:00:00,0.6248377928856506,585.7551289424957,332.7093554844599
2024-04-12 16:15:00,0.5732094553594841,531.7108078588285,305.23646920553296
2024-04-12 16:30:00,0.5191494973586331,475.2897511668914,275.72931339637614
2024-04-12 16:45:00,0.4628895505969024,417.9875571023122,244.1764579226113
2024-04-12 17:00:00,0.4046706655237102,359.98922593517455,212.47847836273687
2024-04-12 17:15:00,0.3447422868381257,300.84537210287544,180.0021279495943
2024-04-12 17:30:00,0.28336116912264553,243.98208769394563,147.45914944830804
2024-04-12 17:45:00,0.22079028439455986,189.9277867475929,116.32517885849774
2024-04-12 18:00:00,0.15729770411950314,137.94126455789592,85.6002772998707
2024-04-12 18:15:00,0.09315543400062551,91.84013231623393,57.73450981466321
2024-04-12 18:30:00,0.028638257039410628,52.018711971034975,33.12170931390659
2024-04-12 18:45:00,-0.03597743494709961,22.56003914446917,14.546989488033045
2024-04-12 19:00:00,-0.10041484253299313,6.9751094480204126,4.56813184409027
2024-04-12 19:15:00,-0.1643979357635484,0.0,0.0
2024-04-12 19:30:00,-0.22765262804275102,0.0,0.0
2024-04-12 19:45:00,-0.2899079673043,0.0,0.0
2024-04-12 20:00:00,-0.35089728787483454,0.0,0.0
2024-04-12 20:15:00,-0.4103593446909968,0.0,0.0
2024-04-12 20:30:00,-0.4680394486549201,0.0,0.0
2024-04-12 20:45:00,-0.5236905489423612,0.0,0.0
2024-04-12 21:00:00,-0.5770742840568306,0.0,0.0
2024-04-12 21:15:00,-0.6279620175890402,0.0,0.0
2024-04-12 21:30:00,-0.6761358095076149,0.0,0.0
2024-04-12 21:45:00,-0.721389343505001,0.0,0.0
2024-04-12 22:00:00,-0.7635288235054103,0.0,0.0
2024-04-12 22:15:00,-0.8023737964512798,0.0,0.0
2024-04-12 22:30:00,-0.8377579204606526,0.0,0.0
2024-04-12 22:45:00,-0.8695296874885641,0.0,0.0
2024-04-12 23:00:00,-0.897553066086366,0.0,0.0
2024-04-12 23:15:00,-0.9217080807695179,0.0,0.0
2024-04-12 23:30:00,-0.9418913331257599,0.0,0.0
2024-04-12 23:45:00,-0.9580164398301521,0.0,0.0
2024-04-13 00:00:00,-0.9700144009623876,0.0,0.0
2024-04-13 00:15:00,-0.977833899535,0.0,0.0
2024-04-13 00:30:00,-0.9814415179466327,0.0,0.0
2024-04-13 00:45:00,-0.980821881103342,0.0,0.0
2024-04-13 01:00:00,-0.9759777228695363,0.0,0.0
2024-04-13 01:15:00,-0.9669298726390487,0.0,0.0
2024-04-13 01:30:00,-0.9537171677859212,0.0,0.0
2024-04-13 01:45:00,-0.9363962844966232,0.0,0.0
2024-04-13 02:00:00,-0.9150414949886744,0.0,0.0
2024-04-13 02:15:00,-0.8897443526727107,0.0,0.0
2024-04-13 02:30:00,-0.8606132938706585,0.0,0.0
2024-04-13 02:45:00,-0.8277731750541746,0.0,0.0
2024-04-13 03:00:00,-0.7913647428114241,0.0,0.0
2024-04-13 03:15:00,-0.7515440217931687,0.0,0.0
2024-04-13 03:30:00,-0.7084816497852638,0.0,0.0
2024-04-13 03:45:00,-0.6623621528224064,0.0,0.0
2024-04-13 04:00:00,-0.6133831429825981,0.0,0.0
2024-04-13 04:15:00,-0.5617544767387914,0.0,0.0
2024-04-13 04:30:00,-0.5076973632801652,0.0,0.0
2024-04-13 04:45:00,-0.4514434028132238,0.0,0.0
2024-04-13 05:00:00,-0.3932336007330687,0.0,0.0
2024-04-13 05:15:00,-0.3333173432945615,0.0,0.0
2024-04-13 05:30:00,-0.27195131352001795,0.0,0.0
2024-04-13 05:45:00,-0.2093983990176278,0.0,0.0
2024-04-13 06:00:00,-0.1459265744033567,0.0,0.0
2024-04-13 06:15:00,-0.08180773649276626,9.528609728925918,6.221207042712016
2024-04-13 06:30:00,-0.017316547800831417,29.636229954190483,19.169709311696867
2024-04-13 06:45:00,0.047270731360500355,64.59202670753562,41.519166334240595
2024-04-13 07:00:00,0.1116774435643103,107.8030428376036,68.64108919132633
2024-04-13 07:15:00,0.17562771072450858,13.0,8.224893495
2024-04-13 07:30:00,0.23884760733943045,17.0,10.65254085
2024-04-13 07:45:00,0.3010663509304473,21.0,13.031675685000002
2024-04-13 08:00:00,0.36201745322565193,26.0,15.97678992
2024-04-13 08:15:00,0.4214398535676072,31.0,18.861263505
2024-04-13 08:30:00,0.4790790534961629,35.0,21.08273265
2024-04-13 08:45:00,0.5346881982237947,40.0,23.851989
2024-04-13 09:00:00,0.5880291268194966,45.0,26.560604699999995
2024-04-13 09:15:00,0.6388734071690481,62.0,36.3439629
2024-04-13 09:30:00,0.6870033062939839,67.0,38.868635295000004
2024-04-13 09:45:00,0.7322127168990704,72.0,41.4782046
2024-04-13 10:00:00,0.77430805288905,91.0,52.055955315
2024-04-13 10:15:00,0.8131090712970521,64.0,36.352048319999994
2024-04-13 10:30:00,0.8484496395364117,118.0,66.7855692
2024-04-13 10:45:00,0.8801784571185195,139.0,78.390168255
2024-04-13 11:00:00,0.9081596975574571,144.0,80.62780824
2024-04-13 11:15:00,0.932273586839296,147.9322735868393,82.53052488181065
2024-04-13 11:30:00,0.952416923642013,150.952416923642,84.21544466814998
2024-04-13 11:45:00,0.9685035165205558,153.9370070330411,85.56936818410001
2024-04-13 12:00:00,0.9804645513906566,154.9609291027813,85.82530738395538
2024-04-13 12:15:00,0.988248890238412,155.97649778047682,86.38778138586926
2024-04-13 12:30:00,0.9918232868125612,675.8413477185161,374.3155887524117
2024-04-13 12:45:00,0.991172529009894,673.6783751296022,371.7558804851065
2024-04-13 13:00:00,0.9862995046077496,669.4104702072304,369.40072287456604
2024-04-13 13:15:00,0.9772251871791005,662.0557738537452,366.68043115972955
2024-04-13 13:30:00,0.9639885479189754,652.6010110068526,361.44389874942925
2024-04-13 13:45:00,0.9466463858881271,637.2347675591368,352.9332853007827
2024-04-13 14:00:00,0.9252730847149926,953.6995994295032,530.1354997963264
2024-04-13 14:15:00,0.8999602972653123,924.0639102141689,515.5296926437453
2024-04-13 14:30:00,0.870816546939093,890.4765253390619,498.59146199485684
2024-04-13 14:45:00,0.8379667645144415,850.9524536533385,476.46132815638094
2024-04-13 15:00:00,0.8015517578190843,809.3655468807941,454.81219641423326
2024-04-13 15:15:00,0.7617275993840118,763.9412838647063,430.8308329431298
2024-04-13 15:30:00,0.7186649613145891,715.1772068852883,406.2211934696349
2024-04-13 15:45:00,0.6725483902743256,662.6131962207078,377.70417222357185
2024-04-13 16:00:00,0.6235755051776648,608.4497917715735,348.0597271635394
2024-04-13 16:15:00,0.5719561555059726,551.4247051823079,317.66814920897843
2024-04-13 16:30:00,0.5179115296548847,493.5247277197748,286.3079500120015
2024-04-13 16:45:00,0.4616731933449233,432.7165682020374,252.78072782951045
2024-04-13 17:00:00,0.40348210392306827,372.91059692853224,219.3513475994517
2024-04-13 17:15:00,0.34358758624331975,312.35749657667407,185.62730392286642
2024-04-13 17:30:00,0.28224624883710797,253.33107674877175,152.0853954765295
2024-04-13 17:45:00,0.21972089206441828,195.41560542594237,118.50129333172673
2024-04-13 18:00:00,0.15627939090850193,141.35923900878052,86.57837298367785
2024-04-13 18:15:00,0.09219353059811902,91.6714758303498,56.70198238427936
2024-04-13 18:30:00,0.027737850556783655,46.625034143203926,29.21618122606615
2024-04-13 18:45:00,-0.03681152290221948,17.975088007316153,11.372552647955933
2024-04-13 19:00:00,-0.1011780767484323,4.882192325156771,3.1283601059712725
2024-04-13 19:15:00,-0.1650860870207306,0.0,0.0
2024-04-13 19:30:00,-0.22826179142579028,0.0,0.0
2024-04-13 19:45:00,-0.2904345790606543,0.0,0.0
2024-04-13 20:00:00,-0.3513381408406137,0.0,0.0
2024-04-13 20:15:00,-0.41071160220754094,0.0,0.0
2024-04-13 20:30:00,-0.4683006568078359,0.0,0.0
2024-04-13 20:45:00,-0.5238586471924932,0.0,0.0
2024-04-13 21:00:00,-0.5771476141721517,0.0,0.0
2024-04-13 21:15:00,-0.6279393308481378,0.0,0.0
2024-04-13 21:30:00,-0.676016272055554,0.0,0.0
2024-04-13 21:45:00,-0.7211725400541569,0.0,0.0
2024-04-13 22:00:00,-0.7632147591118212,0.0,0.0
2024-04-13 22:15:00,-0.8019628965332984,0.0,0.0
2024-04-13 22:30:00,-0.8372510289691324,0.0,0.0
2024-04-13 22:45:00,-0.8689280632840304,0.0,0.0
2024-04-13 23:00:00,-0.8968583775304022,0.0,0.0
2024-04-13 23:15:00,-0.9209223985274038,0.0,0.0
2024-04-13 23:30:00,-0.9410171212467335,0.0,0.0
2024-04-13 23:45:00,-0.9570565451130111,0.0,0.0
2024-04-14 00:00:00,-0.9689720406908577,0.0,0.0
2024-04-14 00:15:00,-0.9767126475778889,0.0,0.0
2024-04-14 00:30:00,-0.9802452893359184,0.0,0.0
2024-04-14 00:45:00,-0.9795549151456961,0.0,0.0
2024-04-14 01:00:00,-0.9746445648332127,0.0,0.0
2024-04-14 01:15:00,-0.9655353541331779,0.0,0.0
2024-04-14 01:30:00,-0.9522663859042266,0.0,0.0
2024-04-14 01:45:00,-0.9348945797916106,0.0,0.0
2024-04-14 02:00:00,-0.9134944284183171,0.0,0.0
2024-04-14 02:15:00,-0.888157681581523,0.0,0.0
2024-04-14 02:30:00,-0.8589929471172357,0.0,0.0
2024-04-14 02:45:00,-0.8261252273980426,0.0,0.0
2024-04-14 03:00:00,-0.789695388685602,0.0,0.0
2024-04-14 03:15:00,-0.7498595485381381,0.0,0.0
2024-04-14 03:30:00,-0.7067884104631525,0.0,0.0
2024-04-14 03:45:00,-0.660666538805901,0.0,0.0
2024-04-14 04:00:00,-0.6116915562982366,0.0,0.0
2024-04-14 04:15:00,-0.5600733024411098,0.0,0.0
2024-04-14 04:30:00,-0.5060329418315723,0.0,0.0
2024-04-14 04:45:00,-0.44980200270858917,0.0,0.0
2024-04-14 05:00:00,-0.39162139140559027,0.0,0.0
2024-04-14 05:15:00,-0.33174036841484245,0.0,0.0
2024-04-14 05:30:00,-0.2704154649235625,0.0,0.0
2024-04-14 05:45:00,-0.20790939121272003,0.0,0.0
2024-04-14 06:00:00,-0.14448991986219215,0.0,0.0
2024-04-14 06:15:00,-0.08042872184144459,4.798971571966973,3.201140310011589
2024-04-14 06:30:00,-0.01600021096507602,26.847932069245523,17.691759763272508
2024-04-14 06:45:00,0.048519622952909514,63.863437869751095,41.43810810512264
2024-04-14 07:00:00,0.11285441359676497,109.00716858873719,69.84847272827173
2024-04-14 07:15:00,0.1767285933550595,161.85604133264462,102.40374626794768
2024-04-14 07:30:00,0.23986856518515898,217.79627602294627,135.59502618827167
2024-04-14 07:45:00,0.3020038916983338,277.38268527185033,169.88872996966737
2024-04-14 08:00:00,0.36286844481890523,338.168227828163,204.38385341031736
2024-04-14 08:15:00,0.4222015376091365,398.8731685829437,237.847960735888
2024-04-14 08:30:00,0.4797490573020282,459.5625080966962,270.321241304155
2024-04-14 08:45:00,0.5352645450359519,521.8463978394086,302.7381689198425
2024-04-14 09:00:00,0.5885102444234617,580.1715848268609,333.0560964127466
2024-04-14 09:15:00,0.6392581346525833,636.5657051279587,361.5698011197879
2024-04-14 09:30:00,0.6872908991081037,691.6303731231583,388.6524825762925
2024-04-14 09:45:00,0.7324028501079327,739.5145080949808,412.570692188851
2024-04-14 10:00:00,0.7744008225671977,622.5843989450909,343.56069595019557
2024-04-14 10:15:00,0.813104994154654,832.4207047274979,455.98941122680634
2024-04-14 10:30:00,0.8483496506988495,871.998182135953,474.1442111864318
2024-04-14 10:45:00,0.8799839061149406,908.4253062829407,490.2787593400748
2024-04-14 11:00:00,0.9078723425041696,940.3346827613318,503.6988063583534
2024-04-14 11:15:00,0.9318955868689605,968.0715222669195,516.5994799394481
2024-04-14 11:30:00,0.9519508295851518,821.4768579310038,436.71054114490164
2024-04-14 11:45:00,0.9679522599078612,777.225991817524,411.6150069088616
2024-04-14 12:00:00,0.9798314317984684,940.014753826262,495.92701943004636
2024-04-14 12:15:00,0.9875375610621018,909.8371024956766,480.0060856182538
2024-04-14 12:30:00,0.9910377394838452,896.4613230010164,471.137310164227
2024-04-14 12:45:00,0.9903170757794247,943.9798799400829,496.1107970562345
2024-04-14 13:00:00,0.9853787599176189,931.6189195415094,489.6144658885552
2024-04-14 13:15:00,0.9762440477394712,918.3233215131088,482.6269337648538
2024-04-14 13:30:00,0.962952171569518,871.7339637456573,458.1417896346468
2024-04-14 13:45:00,0.9455601693202401,874.2531142911621,459.46573499788315
2024-04-14 14:00:00,0.9241426401637697,906.1623974113432,476.2357321330455
2024-04-14 14:15:00,0.8987914282693401,829.7733369362286,437.76655218899265
2024-04-14 14:30:00,0.8696152232701333,866.6944788865328,458.99707121285815
2024-04-14 14:45:00,0.8367390963990567,812.0647553120435,431.70691336360295
2024-04-14 15:00:00,0.8003039695371642,782.4504708986233,417.5450853032676
2024-04-14 15:15:00,0.7604660023740278,761.1263540701523,409.24274534077176
2024-04-14 15:30:00,0.7173959269158621,691.2428885825958,373.0650208365831
2024-04-14 15:45:00,0.6712783222071008,673.3270270313493,366.11786428301235
2024-04-14 16:00:00,0.6223108118421353,618.5865008776572,338.85377036650186
2024-04-14 16:15:00,0.5707032223294161,535.8555456402387,296.78427448938913
2024-04-14 16:30:00,0.5166766914703662,458.0903005719045,255.56582098545607
2024-04-14 16:45:00,0.4604627070347215,377.9521753339232,213.14916990481657
2024-04-14 17:00:00,0.4023021213681244,304.9784015814529,173.22796235695841
2024-04-14 17:15:00,0.34244412775144695,281.0018261355444,161.8812671864408
2024-04-14 17:30:00,0.2811451771147027,247.74101079222726,144.72326142140759
2024-04-14 17:45:00,0.21866788686332003,199.25945491370473,118.01280997771784
2024-04-14 18:00:00,0.15527992448202865,143.30459559543283,86.03182986645241
2024-04-14 18:15:00,0.09125284406656083,82.27703780643735,50.05964162832458
2024-04-14 18:30:00,0.02686093122245821,46.293882202970536,28.54079292941758
2024-04-14 18:45:00,-0.03761996310423649,22.131285755739107,13.867907386825529
2024-04-14 19:00:00,-0.10191362161493304,3.5411694059605576,2.2475995921598164
2024-04-14 19:15:00,-0.16574463519720375,0.0,0.0
2024-04-14 19:30:00,-0.22883957412496833,0.0,0.0
2024-04-14 19:45:00,-0.2909281763741029,0.0,0.0
2024-04-14 20:00:00,-0.351744496538007,0.0,0.0
2024-04-14 20:15:00,-0.4110280369438827,0.0,0.0
2024-04-14 20:30:00,-0.46852487971454265,0.0,0.0
2024-04-14 20:45:00,-0.5239887658130009,0.0,0.0
2024-04-14 21:00:00,-0.5771821426511368,0.0,0.0
2024-04-14 21:15:00,-0.6278771963538026,0.0,0.0
2024-04-14 21:30:00,-0.675856819467993,0.0,0.0
2024-04-14 21:45:00,-0.7209155347993308,0.0,0.0
2024-04-14 22:00:00,-0.7628603881829812,0.0,0.0
2024-04-14 22:15:00,-0.8015117676999588,0.0,0.0
2024-04-14 22:30:00,-0.8367041682163866,0.0,0.0
2024-04-14 22:45:00,-0.8682869103365942,0.0,0.0
2024-04-14 23:00:00,-0.8961247796782552,0.0,0.0
2024-04-14 23:15:00,-0.9200986026875215,0.0,0.0
2024-04-14 23:30:00,-0.9401057642336716,0.0,0.0
2024-04-14 23:45:00,-0.9560606422804188,0.0,0.0
2024-04-15 00:00:00,-0.9678949729232607,0.0,0.0
2024-04-15 00:15:00,-0.975558146694547,0.0,0.0
2024-04-15 00:30:00,-0.9790174219763963,0.0,0.0
2024-04-15 00:45:00,-0.9782580652279145,0.0,0.0
2024-04-15 01:00:00,-0.9732834146146774,0.0,0.0
2024-04-15 01:15:00,-0.964114863991561,0.0,0.0
2024-04-15 01:30:00,-0.9507917729296813,0.0,0.0
2024-04-15 01:45:00,-0.9333712952449802,0.0,0.0
2024-04-15 02:00:00,-0.9119281341868685,0.0,0.0
2024-04-15 02:15:00,-0.8865542257312908,0.0,0.0
2024-04-15 02:30:00,-0.8573583386339338,0.0,0.0
2024-04-15 02:45:00,-0.8244656102271519,0.0,0.0
2024-04-15 03:00:00,-0.788017015186137,0.0,0.0
2024-04-15 03:15:00,-0.748168752474738,0.0,0.0
2024-04-15 03:30:00,-0.7050915796487842,0.0,0.0
2024-04-15 03:45:00,-0.6589700874898832,0.0,0.0
2024-04-15 04:00:00,-0.6100018974826296,0.0,0.0
2024-04-15 04:15:00,-0.5583968201419236,0.0,0.0
2024-04-15 04:30:00,-0.5043759634951674,0.0,0.0
2024-04-15 04:45:00,-0.44817077188273385,0.0,0.0
2024-04-15 05:00:00,-0.39002204074745905,0.0,0.0
2024-04-15 05:15:00,-0.33017889320309407,0.0,0.0
2024-04-15 05:30:00,-0.2688976971119168,0.0,0.0
2024-04-15 05:45:00,-0.20644097428585123,0.0,0.0
2024-04-15 06:00:00,-0.14307628438190806,0.0,0.0
2024-04-15 06:15:00,-0.07907506201396328,16.0,10.543387679999999
2024-04-15 06:30:00,-0.014711462160109115,30.0,19.6475706
2024-04-15 06:45:00,0.049738805532910296,46.0,29.940310259999997
2024-04-15 07:00:00,0.11399967503442156,65.0,42.044184
2024-04-15 07:15:00,0.17779589783291236,85.88897948916456,55.20865356703184
2024-04-15 07:30:00,0.2408542134765099,40.0,25.630781399999996
2024-04-15 07:45:00,0.30290453714759114,152.78008130315067,97.27917609139699
2024-04-15 08:00:00,0.36368110776905815,125.0,79.085514375
2024-04-15 08:15:00,0.4229236183924985,194.99202815640993,121.79176632189689
2024-04-15 08:30:00,0.4803783474096067,300.4383179137886,185.8315038086276
2024-04-15 08:45:00,0.5357992366971092,375.7051610861952,229.3489187779906
2024-04-15 09:00:00,0.5889489384526998,447.8801158271542,270.6920887468114
2024-04-15 09:15:00,0.6395998464935999,480.1647404395168,285.3515192798691
2024-04-15 09:30:00,0.6875350631002918,532.1397966283232,311.9365971979568
2024-04-15 09:45:00,0.7325493219627968,551.8338409897883,317.9038466913654
2024-04-15 10:00:00,0.7744498800118036,690.7457227276016,392.34409202229824
2024-04-15 10:15:00,0.8130573357346358,649.258603780871,364.84223076264414
2024-04-15 10:30:00,0.84820639280005,856.0646722368427,475.86291652605837
2024-04-15 10:45:00,0.8797465781398008,893.6200298253472,491.3199417854311
2024-04-15 11:00:00,0.9075428802785465,925.1000202437282,501.14808778049604
2024-04-15 11:15:00,0.9314763243141191,810.2841232374773,434.036043940573
2024-04-15 11:30:00,0.9514444886303082,791.576577781045,419.2150056257183
2024-04-15 11:45:00,0.9673619387545771,755.3899284606587,395.470003090491
2024-04-15 12:00:00,0.9791605915595718,764.3516454972223,395.5266612183137
2024-04-15 12:15:00,0.9867900108086101,1026.8468099439212,525.1323491790913
2024-04-15 12:30:00,0.9902176198022596,1030.0002102180788,520.4990187313412
2024-04-15 12:45:00,0.9894288409062006,1029.2745336337046,513.8907185584897
2024-04-15 13:00:00,0.9844271584967075,1023.6885586584742,504.8940687028524
2024-04-15 13:15:00,0.9752341023173214,1013.2896718249838,497.7170091358049
2024-04-15 13:30:00,0.9618891569165068,997.1666894216872,485.76631751252984
2024-04-15 13:45:00,0.9444495896396796,975.6713282135497,473.3227482338639
2024-04-15 14:00:00,0.9229902053133048,950.6141749872876,457.32383433218
2024-04-15 14:15:00,0.8976030291233932,920.3547110654368,444.62689967957647
2024-04-15 14:30:00,0.8683969062464347,887.136452746834,428.57903136165623
2024-04-15 14:45:00,0.8354970373539603,851.0858721329628,411.1628572526126
2024-04-15 15:00:00,0.7990444470874497,809.7619800956934,391.1991261190429
2024-04-15 15:15:00,0.7591953707928694,763.4631911066249,371.918463416899
2024-04-15 15:30:00,0.7161205886248121,713.8508620969648,349.19293426367045
2024-04-15 15:45:00,0.6700047001679839,661.4539246402666,326.2361002732592
2024-04-15 16:00:00,0.6210453217883987,607.0150732229101,301.8402665202859
2024-04-15 16:15:00,0.5694522450406128,550.9923437874496,276.21028001096704
2024-04-15 16:30:00,0.5154465452042998,491.9865190785366,249.61433197827085
2024-04-15 16:45:00,0.4592596202338302,431.6076766944373,221.59781317246984
2024-04-15 17:00:00,0.4011322057532367,371.2106593193175,192.08922170071014
2024-04-15 17:15:00,0.3413133518598582,311.43439261656346,164.93410027211286
2024-04-15 17:30:00,0.2800593405552201,251.95791861478563,136.49143481986613
2024-04-15 17:45:00,0.21763259525350984,195.31506822330326,107.78069749588464
2024-04-15 18:00:00,0.15430056518587912,141.00779672258653,79.52248136942731
2024-04-15 18:15:00,0.09033456291446001,91.74088787442147,52.665216284269945
2024-04-15 18:30:00,0.02600861032599408,50.389108327683864,29.537740058474572
2024-04-15 18:45:00,-0.03840172653700484,19.62997872497082,11.745030071101564
2024-04-15 19:00:00,-0.10262053512400049,3.096017925615943,1.8837035455240576
2024-04-15 19:15:00,-0.16637272960694477,0.0,0.0
2024-04-15 19:30:00,-0.22938522073164014,0.0,0.0
2024-04-15 19:45:00,-0.29138810263440124,0.0,0.0
2024-04-15 20:00:00,-0.3521158002150741,0.0,0.0
2024-04-15 20:15:00,-0.41130819866708757,0.0,0.0
2024-04-15 20:30:00,-0.46871177388162333,0.0,0.0
2024-04-15 20:45:00,-0.5240806697704007,0.0,0.0
2024-04-15 21:00:00,-0.5771777441966368,0.0,0.0
2024-04-15 21:15:00,-0.6277755993791325,0.0,0.0
2024-04-15 21:30:00,-0.6756575478647222,0.0,0.0
2024-04-15 21:45:00,-0.7206185345395901,0.0,0.0
2024-04-15 22:00:00,-0.7624660275475579,0.0,0.0
2024-04-15 22:15:00,-0.80102083573543,0.0,0.0
2024-04-15 22:30:00,-0.8361178712958932,0.0,0.0
2024-04-15 22:45:00,-0.8676068670247421,0.0,0.0
2024-04-15 23:00:00,-0.895353013702278,0.0,0.0
2024-04-15 23:15:00,-0.9192375342405522,0.0,0.0
2024-04-15 23:30:00,-0.9391581995194405,0.0,0.0
2024-04-15 23:45:00,-0.9550297613963548,0.0,0.0
2024-04-16 00:00:00,-0.9667843161570226,0.0,0.0
2024-04-16 00:15:00,-0.9743715992245042,0.0,0.0
2024-04-16 00:30:00,-0.9777591971038782,0.0,0.0
2024-04-16 00:45:00,-0.9769326861914297,0.0,0.0
2024-04-16 01:00:00,-0.9718956950497013,0.0,0.0
2024-04-16 01:15:00,-0.9626698871473911,0.0,0.0
2024-04-16 01:30:00,-0.9492948697183092,0.0,0.0
2024-04-16 01:45:00,-0.9318280212223244,0.0,0.0
2024-04-16 02:00:00,-0.9103442455446624,0.0,0.0
2024-04-16 02:15:00,-0.8849356544541955,0.0,0.0
2024-04-16 02:30:00,-0.8557111668554731,0.0,0.0
2024-04-16 02:45:00,-0.8227960439686325,0.0,0.0
2024-04-16 03:00:00,-0.7863313575481127,0.0,0.0
2024-04-16 03:15:00,-0.7464733764092022,0.0,0.0
2024-04-16 03:30:00,-0.7033929004197061,0.0,0.0
2024-04-16 03:45:00,-0.6572745349720462,0.0,0.0
2024-04-16 04:00:00,-0.608315888349885,0.0,0.0
2024-04-16 04:15:00,-0.5567267301805527,0.0,0.0
2024-04-16 04:30:00,-0.5027281000381975,0.0,0.0
2024-04-16 04:45:00,-0.4465513465517449,0.0,0.0
2024-04-16 05:00:00,-0.3884371426050028,0.0,0.0
2024-04-16 05:15:00,-0.3286344624877633,0.0,0.0
2024-04-16 05:30:00,-0.26739949950742037,0.0,0.0
2024-04-16 05:45:00,-0.20499457601614135,0.0,0.0
2024-04-16 06:00:00,-0.14168702818945925,4.874694577158111,3.222090660042739
2024-04-16 06:15:00,-0.0777480440333124,17.002676037001883,11.135375927530758
2024-04-16 06:30:00,-0.01345150989827705,39.471116139123914,25.611029286251018
2024-04-16 06:45:00,0.05092715405841325,72.25960313635571,46.44781461106488
2024-04-16 07:00:00,0.1151121908968423,114.44038872286322,72.86726536327451
2024-04-16 07:15:00,0.17882867950665238,161.35984614934057,101.11131486209209
2024-04-16 07:30:00,0.24180370370211585,174.67225185140092,108.04083667017308
2024-04-16 07:45:00,0.30376753829611464,218.99054210157223,133.68260342337652
2024-04-16 08:00:00,0.36445479569056893,324.0283294574357,195.18293259934958
2024-04-16 08:15:00,0.4236055546162025,381.60068274435895,226.77703173220476
2024-04-16 08:30:00,0.48096648970166184,438.9569167133952,256.42616217274616
2024-04-16 08:45:00,0.5362919479033545,497.18661184492805,286.42233347895433
2024-04-16 09:00:00,0.5893449935511601,553.1497053697329,313.0713383553382
2024-04-16 09:15:00,0.6398984379561046,607.8849456495614,337.90660043620403
2024-04-16 09:30:00,0.6877358043596182,660.3037397045906,360.37123175805465
2024-04-16 09:45:00,0.7326522491121937,711.4687543075111,382.5428257476269
2024-04-16 10:00:00,0.7744554516659147,757.9176286227363,399.8573735214296
2024-04-16 10:15:00,0.8129664310439693,801.2509434214393,414.62082578934866
2024-04-16 10:30:00,0.8480203077019857,839.8325913925223,427.79515155910644
2024-04-16 10:45:00,0.8794670197335842,875.3192253196742,438.7940613886203
2024-04-16 11:00:00,0.9071719594855694,907.4885861704504,445.7486516369527
2024-04-16 11:15:00,0.9310165467825804,934.9849158441501,455.4746807304427
2024-04-16 11:30:00,0.9508987439095908,955.5585398596946,459.7024816964661
2024-04-16 11:45:00,0.9667334878185576,984.8918018412379,467.841752506037
2024-04-16 12:00:00,0.9784530527497388,997.1033272615209,469.6114524858737
2024-04-16 12:15:00,0.9860073441962797,1006.7004555485298,476.16636584211983
2024-04-16 12:30:00,0.9893641100960802,1007.6723245542623,478.66292052585453
2024-04-16 12:45:00,0.988509078959684,1003.0258805370057,478.48324538567954
2024-04-16 13:00:00,0.98344602147417,998.6477006181054,478.4133009232498
2024-04-16 13:15:00,0.9741967326343943,984.7575835308479,475.74017499666127
2024-04-16 13:30:00,0.960800940037692,969.3280074923774,474.16415552951054
2024-04-16 13:45:00,0.9433161308095764,854.4592140176044,421.4283587103354
2024-04-16 14:00:00,0.9218173053540137,921.3265364973715,459.99501629186614
2024-04-16 14:15:00,0.8963966593786407,889.9056239436504,449.7037956216543
2024-04-16 14:30:00,0.8671631827882454,857.675299434726,438.6175624868867
2024-04-16 14:45:00,0.8342421945584402,816.2279978413105,422.3709554115897
2024-04-16 15:00:00,0.7977748107088345,775.2421004599793,405.8632294575978
2024-04-16 15:15:00,0.7579173306289505,729.3859312374367,387.75349744658604
2024-04-16 15:30:00,0.7148405709269456,682.2788339044787,368.2271045259657
2024-04-16 15:45:00,0.6687291398598428,626.1598972585261,343.00238000233514
2024-04-16 16:00:00,0.6197806346838914,575.3255668174595,318.6447958453198
2024-04-16 16:15:00,0.5682048001100369,430.9865344443449,243.0583233865579
2024-04-16 16:30:00,0.5142226370708063,396.1157339404467,226.59541698431124
2024-04-16 16:45:00,0.4580654419413037,250.05172214907384,145.062226762672
2024-04-16 17:00:00,0.3999738220430719,281.1918062994815,165.96943137776663
2024-04-16 17:15:00,0.34019667295445355,275.5003032067713,164.28075503961435
2024-04-16 17:30:00,0.2789900965958372,216.45483066684744,130.38455216429045
2024-04-16 17:45:00,0.216616311585915,186.1628388154674,113.26665670120556
2024-04-16 18:00:00,0.15334253843382745,137.443148144369,84.45770399407773
2024-04-16 18:15:00,0.08943983811595274,94.88043677695939,58.68683585607497
2024-04-16 18:30:00,0.025181959100613993,59.60829851541236,37.110775931651375
2024-04-16 18:45:00,-0.03915582657186299,32.906689700822824,20.61999154566408
2024-04-16 19:00:00,-0.10329791974897636,13.347233284016378,8.39062348452682
2024-04-16 19:15:00,-0.16696956597291815,0.0,0.0
2024-04-16 19:30:00,-0.22989802395507025,0.0,0.0
2024-04-16 19:45:00,-0.2918137508333066,0.0,0.0
2024-04-16 20:00:00,-0.3524515480225401,0.0,0.0
2024-04-16 20:15:00,-0.41155168912989815,0.0,0.0
2024-04-16 20:30:00,-0.4688610486174248,0.0,0.0
2024-04-16 20:45:00,-0.524134177473216,0.0,0.0
2024-04-16 21:00:00,-0.5771343473218964,0.0,0.0
2024-04-16 21:15:00,-0.6276345791070748,0.0,0.0
2024-04-16 21:30:00,-0.6754186071734831,0.0,0.0
2024-04-16 21:45:00,-0.7202817995491826,0.0,0.0
2024-04-16 22:00:00,-0.7620320469685431,0.0,0.0
2024-04-16 22:15:00,-0.8004905785022474,0.0,0.0
2024-04-16 22:30:00,-0.835492722408659,0.0,0.0
2024-04-16 22:45:00,-0.8668886215773401,0.0,0.0
2024-04-16 23:00:00,-0.8945438691313972,0.0,0.0
2024-04-16 23:15:00,-0.9183400808519467,0.0,0.0
2024-04-16 23:30:00,-0.9381754093046608,0.0,0.0
2024-04-16 23:45:00,-0.9539649752084194,0.0,0.0
2024-04-17 00:00:00,-0.9656412292914152,0.0,0.0
2024-04-17 00:15:00,-0.9731542454610493,0.0,0.0
2024-04-17 00:30:00,-0.9764719312843662,0.0,0.0
2024-04-17 00:45:00,-0.9755801654285046,0.0,0.0
2024-04-17 01:00:00,-0.9704828586059697,0.0,0.0
2024-04-17 01:15:00,-0.9612019351057901,0.0,0.0
2024-04-17 01:30:00,-0.9477772405312195,0.0,0.0
2024-04-17 01:45:00,-0.9302663682155485,0.0,0.0
2024-04-17 02:00:00,-0.9087444125008176,0.0,0.0
2024-04-17 02:15:00,-0.8833036503734939,0.0,0.0
2024-04-17 02:30:00,-0.8540531399999023,0.0,0.0
2024-04-17 02:45:00,-0.8211182553026795,0.0,0.0
2024-04-17 03:00:00,-0.784640153699578,0.0,0.0
2024-04-17 03:15:00,-0.7447751622371745,0.0,0.0
2024-04-17 03:30:00,-0.7016941113633682,0.0,0.0
2024-04-17 03:45:00,-0.6555816092247221,0.0,0.0
2024-04-17 04:00:00,-0.6066352390791525,0.0,0.0
2024-04-17 04:15:00,-0.5550647177795537,0.0,0.0
2024-04-17 04:30:00,-0.5010910046748824,0.0,0.0
2024-04-17 04:45:00,-0.4449453410195723,0.0,0.0
2024-04-17 05:00:00,-0.3868682656909298,0.0,0.0
2024-04-17 05:15:00,-0.3271085927900068,0.0,0.0
2024-04-17 05:30:00,-0.2659223301289556,0.0,0.0
2024-04-17 05:45:00,-0.2035715899048568,0.0,0.0
2024-04-17 06:00:00,-0.14032347445638987,4.0,2.4822239400000004
2024-04-17 06:15:00,-0.0764489152823552,4.0,2.47413852
2024-04-17 06:30:00,-0.012221520650224402,6.0,3.6990796499999994
2024-04-17 06:45:00,0.052083587765813275,7.0,4.30144344
2024-04-17 07:00:00,0.116190970587182,8.0,4.899764520000001
2024-04-17 07:15:00,0.17982604196573995,10.0,6.064064999999999
2024-04-17 07:30:00,0.24271623726408237,12.0,7.22836548
2024-04-17 07:45:00,0.3045921975890977,15.0,8.974816200000001
2024-04-17 08:00:00,0.36518891478979776,17.0,10.102732289999999
2024-04-17 08:15:00,0.42424685859827366,20.0,11.7642861
2024-04-17 08:30:00,0.48151310444624956,52.0,30.166702020000002
2024-04-17 08:45:00,0.536742408233983,23.0,13.203490859999999
2024-04-17 09:00:00,0.5896982495880883,41.0,23.288030954999996
2024-04-17 09:15:00,0.6401538596215485,64.0,35.83458144
2024-04-17 09:30:00,0.6878931841410727,278.07626144493753,154.01289055813066
2024-04-17 09:45:00,0.7327118029767896,186.93084721190715,102.02047271982664
2024-04-17 10:00:00,0.7744178181025692,263.93952072584625,142.44863046778372
2024-04-17 10:15:00,0.8128326683514389,277.4438206986773,149.17611281410774
2024-04-17 10:30:00,0.8477918894148355,184.23895944707417,99.0616829382554
2024-04-17 10:45:00,0.8791458282828334,106.0,56.77986195
2024-04-17 11:00:00,0.9067602780570974,100.0,53.565907499999994
2024-04-17 11:15:00,0.9305170494757156,223.37465344528144,119.65266024294502
2024-04-17 11:30:00,0.9503144841985312,224.55283035778677,120.28376139808397
2024-04-17 11:45:00,0.9660678853477835,266.5588825095212,143.32349456803883
2024-04-17 12:00:00,0.9777098786090497,370.3312963582715,199.11989066837285
2024-04-17 12:15:00,0.9851907046074688,210.88152563685975,113.38686938348278
2024-04-17 12:30:00,0.9884784286936129,378.642831289502,203.58884034415692
2024-04-17 12:45:00,0.9875590776920133,412.47748126306453,221.7810694908415
2024-04-17 13:00:00,0.9824367002048138,355.54335420532516,191.16870357276153
2024-04-17 13:15:00,0.973133347549914,321.46266695099825,172.84418499515954
2024-04-17 13:30:00,0.9596889809504408,207.6775118476035,111.66413387154957
2024-04-17 13:45:00,0.9421612974467275,205.53729037957382,110.51337867232412
2024-04-17 14:00:00,0.9206254827351317,306.4918841719675,164.17515917056326
2024-04-17 14:15:00,0.8951738923991617,405.02491186675223,216.13657051177458
2024-04-17 14:30:00,0.8659156501086243,621.2997671837821,330.29312380558855
2024-04-17 14:45:00,0.8329761819135253,470.4517845583259,249.14891754768445
2024-04-17 15:00:00,0.7964966837530933,548.8330847158538,289.5498764884677
2024-04-17 15:15:00,0.7566335074334605,585.7064710328518,307.81938297619865
2024-04-17 15:30:00,0.7135574942779628,586.4821095531508,307.0415330399546
2024-04-17 15:45:00,0.6674532494093769,618.8823680877451,322.753090039669
2024-04-17 16:00:00,0.6185183390951203,566.7369155673964,294.4131599774508
2024-04-17 16:15:00,0.5669624494282941,473.4989716798447,246.9342545861774
2024-04-17 16:30:00,0.513006495248544,422.9454684627225,221.42504078775679
2024-04-17 16:45:00,0.45688165979377227,345.7526639175089,181.01221887700083
2024-04-17 17:00:00,0.3988284106614791,327.98022923992244,172.37076383156847
2024-04-17 17:15:00,0.3390954777406171,295.82432180185816,157.2650506348941
2024-04-17 17:30:00,0.27793877201023504,152.79097930483928,82.15271945274709
2024-04-17 17:45:00,0.21562029668779806,17.0,9.243656414999998
2024-04-17 18:00:00,0.15240703340437622,14.0,7.697319839999999
2024-04-17 18:15:00,0.08856978178002961,11.0,6.13683378
2024-04-17 18:30:00,0.02438200758415339,9.0,5.0938146
2024-04-17 18:45:00,-0.03988132000259985,7.0,4.01845374
2024-04-17 19:00:00,-0.10394492340719826,13.114588599861682,7.634660900910742
2024-04-17 19:15:00,-0.1675343872763567,0.0,0.0
2024-04-17 19:30:00,-0.2303773253344199,0.0,0.0
2024-04-17 19:45:00,-0.29220456419138785,0.0,0.0
2024-04-17 20:00:00,-0.3527512875310181,0.0,0.0
2024-04-17 20:15:00,-0.41175816243013574,0.0,0.0
2024-04-17 20:30:00,-0.46897246632813844,0.0,0.0
2024-04-17 20:45:00,-0.5241491608601407,0.0,0.0
2024-04-17 21:00:00,-0.5770519343349356,0.0,0.0
2024-04-17 21:15:00,-0.6274542285037127,0.0,0.0
2024-04-17 21:30:00,-0.6751402008956744,0.0,0.0
2024-04-17 21:45:00,-0.719905643229193,0.0,0.0
2024-04-17 22:00:00,-0.7615588686176129,0.0,0.0
2024-04-17 22:15:00,-0.7999215253761006,0.0,0.0
2024-04-17 22:30:00,-0.834829356089271,0.0,0.0
2024-04-17 22:45:00,-0.8661329111814635,0.0,0.0
2024-04-17 23:00:00,-0.8936981828541869,0.0,0.0
2024-04-17 23:15:00,-0.9174071757504396,0.0,0.0
2024-04-17 23:30:00,-0.9371584193729136,0.0,0.0
2024-04-17 23:45:00,-0.952867397854583,0.0,0.0
2024-04-18 00:00:00,-0.964466910250165,0.0,0.0
2024-04-18 00:15:00,-0.9719073621710059,0.0,0.0
2024-04-18 00:30:00,-0.9751569748539036,0.0,0.0
2024-04-18 00:45:00,-0.9742019212493209,0.0,0.0
2024-04-18 01:00:00,-0.9690463856788103,0.0,0.0
2024-04-18 01:15:00,-0.9597125441879896,0.0,0.0
2024-04-18 01:30:00,-0.9462404712148728,0.0,0.0
2024-04-18 01:45:00,-0.9286879649836414,0.0,0.0
2024-04-18 02:00:00,-0.907130299919529,0.0,0.0
2024-04-18 02:15:00,-0.8816599075186203,0.0,0.0
2024-04-18 02:30:00,-0.852385974175895,0.0,0.0
2024-04-18 02:45:00,-0.8194339752371045,0.0,0.0
2024-04-18 03:00:00,-0.7829451422975898,0.0,0.0
2024-04-18 03:15:00,-0.7430758489983191,0.0,0.0
2024-04-18 03:30:00,-0.699996944611238,0.0,0.0
2024-04-18 03:45:00,-0.6538930282549609,0.0,0.0
2024-04-18 04:00:00,-0.6049616463311078,0.0,0.0
2024-04-18 04:15:00,-0.5534124511880095,0.0,0.0
2024-04-18 04:30:00,-0.49946631028014116,0.0,0.0
2024-04-18 04:45:00,-0.4433543459781966,0.0,0.0
2024-04-18 05:00:00,-0.38531695180340286,0.0,0.0
2024-04-18 05:15:00,-0.3256027706763996,0.0,0.0
2024-04-18 05:30:00,-0.26446761408868724,0.0,0.0
2024-04-18 05:45:00,-0.20217337369230057,0.0,0.0
2024-04-18 06:00:00,-0.13898690795366017,2.0,1.31388075
2024-04-18 06:15:00,-0.07517888225333874,4.0,2.6277615
2024-04-18 06:30:00,-0.011022617622949857,6.0,3.9537703799999995
2024-04-18 06:45:00,0.05320707133686266,7.0,4.6268815949999995
2024-04-18 07:00:00,0.11723507089191545,8.0,5.28786468
2024-04-18 07:15:00,0.18078713793320664,10.0,6.609830849999999
2024-04-18 07:30:00,0.24359106625262417,12.0,7.907540759999999
2024-04-18 07:45:00,0.3053778694499014,14.0,9.22546422
2024-04-18 08:00:00,0.3658829243743766,17.0,11.167986375
2024-04-18 08:15:00,0.42484709660159437,34.0,22.129794539999995
2024-04-18 08:30:00,0.4820178665217223,293.38909090825797,188.58783486121007
2024-04-18 08:45:00,0.5371504023638798,353.8417957626034,224.5853232851472
2024-04-18 09:00:00,0.5900086016628996,46.0,28.917504630000003
2024-04-18 09:15:00,0.640366117253564,59.0,36.374283225
2024-04-18 09:30:00,0.6880073185817905,268.95221223887194,162.00707389309127
2024-04-18 09:45:00,0.7327282092922183,709.8552853408524,418.9819028476464
2024-04-18 10:00:00,0.7743373134611776,758.3415373362479,436.8700755876588
2024-04-18 10:15:00,0.8126564884974427,799.9403511024107,451.13279652432914
2024-04-18 10:30:00,0.8475216833512668,838.9004321314976,462.9303541565876
2024-04-18 10:45:00,0.8787836511435456,876.1782669605783,472.8749746568306
2024-04-18 11:00:00,0.9063085822373158,906.6433691550064,478.32115604662107
2024-04-18 11:15:00,0.929978674055338,932.4118516210926,482.4922517333897
2024-04-18 11:30:00,0.9496926426768519,954.9369021313853,484.4968869337544
2024-04-18 11:45:00,0.9653661517724885,979.6261151044724,489.10252003655916
2024-04-18 12:00:00,0.9769321721463078,992.7003114887508,485.5971366273012
2024-04-18 12:15:00,0.98434127261278,1000.2046611718592,483.20271759904733
2024-04-18 12:30:00,0.9875618283684501,1002.054408964236,478.01981480032924
2024-04-18 12:45:00,0.9865801564126421,999.2576368610618,470.62607998984885
2024-04-18 13:00:00,0.9814005745777781,993.7441021809781,462.0032102227271
2024-04-18 13:15:00,0.9720453813144503,982.6235725062006,452.86068427994576
2024-04-18 13:30:00,0.9585547618204143,964.1084237364788,440.43001652677816
2024-04-18 13:45:00,0.9409866129665208,941.6025674734087,426.34212494164746
2024-04-18 14:00:00,0.919416295283167,917.5844346954088,411.75758246860977
2024-04-18 14:15:00,0.8939363134383707,887.6943759151081,396.5503478153622
2024-04-18 14:30:00,0.8646559137830592,853.2583761812883,379.4423786969042
2024-04-18 14:45:00,0.8317006181242124,816.8164111887236,361.5856301676057
2024-04-18 15:00:00,0.7952116908097966,776.6879513916039,343.82169420275335
2024-04-18 15:15:00,0.7553455244207012,732.0531471586645,324.0629043512036
2024-04-18 15:30:00,0.7122729732266618,682.9833758758361,303.72140958357016
2024-04-18 15:45:00,0.6661786274368817,500.1522707790831,222.4167645261438
2024-04-18 16:00:00,0.6172600106038527,468.1141441248987,209.1156953412662
2024-04-18 16:15:00,0.5657267384552563,523.0603447339636,236.83310406105747
2024-04-18 16:30:00,0.5117996281499416,379.8304635310286,174.28429090064304
2024-04-18 16:45:00,0.45570973838551626,33.0,15.342084449999998
2024-04-18 17:00:00,0.39769738581673303,19.0,8.948538584999998
2024-04-18 17:15:00,0.33801112366514635,16.0,7.66497816
2024-04-18 17:30:00,0.2769066613460265,13.0,6.332905215
2024-04-18 17:45:00,0.2146457763899771,10.0,4.95231975
2024-04-18 18:00:00,0.15149520165732686,9.0,4.529856554999999
2024-04-18 18:15:00,0.08772546596247742,7.0,3.579819705
2024-04-18 18:30:00,0.023609743439288608,6.0,3.1048012799999998
2024-04-18 18:45:00,-0.04057730800483901,5.0,2.6176547249999995
2024-04-18 19:00:00,-0.10456074032321758,3.0,1.58878503
2024-04-18 19:15:00,-0.1680664845058196,0.0,0.0
2024-04-18 19:30:00,-0.2308225159467679,0.0,0.0
2024-04-18 19:45:00,-0.29256003672398034,0.0,0.0
2024-04-18 20:00:00,-0.35301461813991536,0.0,0.0
2024-04-18 20:15:00,-0.4119273253466582,0.0,0.0
2024-04-18 20:30:00,-0.46904584261960336,0.0,0.0
2024-04-18 20:45:00,-0.5241255454496978,0.0,0.0
2024-04-18 21:00:00,-0.5769305412259252,0.0,0.0
2024-04-18 21:15:00,-0.6272346941401172,0.0,0.0
2024-04-18 21:30:00,-0.6748225857640257,0.0,0.0
2024-04-18 21:45:00,-0.7194904316118189,0.0,0.0
2024-04-18 22:00:00,-0.7610469664993229,0.0,0.0
2024-04-18 22:15:00,-0.7993142565200801,0.0,0.0
2024-04-18 22:30:00,-0.8341284563614759,0.0,0.0
2024-04-18 22:45:00,-0.8653405210365048,0.0,0.0
2024-04-18 23:00:00,-0.892816838098853,0.0,0.0
2024-04-18 23:15:00,-0.9164397965964333,0.0,0.0
2024-04-18 23:30:00,-0.9361082978353519,0.0,0.0
2024-04-18 23:45:00,-0.9517381835214234,0.0,0.0
2024-04-19 00:00:00,-0.9632625945374229,0.0,0.0
2024-04-19 00:15:00,-0.9706322610776658,0.0,0.0
2024-04-19 00:30:00,-0.9738157103235039,0.0,0.0
2024-04-19 00:45:00,-0.9727994012151875,0.0,0.0
2024-04-19 01:00:00,-0.9675877828582613,0.0,0.0
2024-04-19 01:15:00,-0.9582032737437018,0.0,0.0
2024-04-19 01:30:00,-0.9446861673656013,0.0,0.0
2024-04-19 01:45:00,-0.9270944566717108,0.0,0.0
2024-04-19 02:00:00,-0.9055035856365241,0.0,0.0
2024-04-19 02:15:00,-0.8800061293816664,0.0,0.0
2024-04-19 02:30:00,-0.8507113914076564,0.0,0.0
2024-04-19 02:45:00,-0.8177449371290841,0.0,0.0
2024-04-19 03:00:00,-0.7812480607696666,0.0,0.0
2024-04-19 03:15:00,-0.7413771709219518,0.0,0.0
2024-04-19 03:30:00,-0.6983031239459341,0.0,0.0
2024-04-19 03:45:00,-0.6522104981763656,0.0,0.0
2024-04-19 04:00:00,-0.6032967914250392,0.0,0.0
2024-04-19 04:15:00,-0.5517715798853354,0.0,0.0
2024-04-19 04:30:00,-0.4978556275956394,0.0,0.0
2024-04-19 04:45:00,-0.4417799267070761,0.0,0.0
2024-04-19 05:00:00,-0.3837847142714509,0.0,0.0
2024-04-19 05:15:00,-0.3241184511781142,0.0,0.0
2024-04-19 05:30:00,-0.26303674211755146,0.0,0.0
2024-04-19 05:45:00,-0.200801248024999,0.0,0.0
2024-04-19 06:00:00,-0.1376785737476152,4.0,2.4822239400000004
2024-04-19 06:15:00,-0.07393910929127886,10.0,6.165132749999999
2024-04-19 06:30:00,-0.00985587966987611,16.0,9.76718736
2024-04-19 06:45:00,0.05429661585988149,21.0,12.7345365
2024-04-19 07:00:00,0.11824359684507871,28.0,16.86618612
2024-04-19 07:15:00,0.18171117002894913,36.0,21.4667901
2024-04-19 07:30:00,0.2444274940493756,45.0,26.651565674999997
2024-04-19 07:45:00,0.3061239608108169,132.28573545135143,77.54496550714727
2024-04-19 08:00:00,0.36653633724709833,185.0917892465672,107.37709331826602
2024-04-19 08:15:00,0.42540588918709443,228.83896536196107,131.83096424632964
2024-04-19 08:30:00,0.4824805056348621,230.94883033809174,131.64593957135105
2024-04-19 08:45:00,0.5375157700257536,311.327239343657,176.20480412737936
2024-04-19 09:00:00,0.5902760000239642,329.19422400297157,184.32089421268887
2024-04-19 09:15:00,0.6405352715402863,342.89673878327034,190.6069102913958
2024-04-19 09:30:00,0.6880783783352116,320.2847027001127,176.74268026680346
2024-04-19 09:45:00,0.7327017477070378,367.0815433119771,200.340570504973
2024-04-19 10:00:00,0.7742143249138129,427.1315046647437,231.38701989990963
2024-04-19 10:15:00,0.8124383842603993,522.6120606946838,280.9982775175037
2024-04-19 10:30:00,0.8472102855060974,605.3158753663231,324.2429418815399
2024-04-19 10:45:00,0.8783811847040575,580.3925289278211,308.5461665017656
2024-04-19 11:00:00,0.9058176655509811,639.2522170164787,337.25262859823687
2024-04-19 11:15:00,0.9294023075078179,547.4809438186649,287.7298692300701
2024-04-19 11:30:00,0.9490341957182423,658.4940618653342,343.410968220825
2024-04-19 11:45:00,0.9646293483705888,746.3115578194179,387.70007393170977
2024-04-19 12:00:00,0.9761210747157394,717.3587439090365,371.2093910513281
2024-04-19 12:15:00,0.9834602644568704,663.0635429407351,341.7731359994472
2024-04-19 12:30:00,0.9866155947510721,639.229428113472,328.195838568734
2024-04-19 12:45:00,0.9855736643310737,523.5573664331074,267.7487110078776
2024-04-19 13:00:00,0.9803390513010126,613.3823854393863,312.44561503339736
2024-04-19 13:15:00,0.9709342918049004,630.867135570834,320.0768161442676
2024-04-19 13:30:00,0.9573997851393395,703.2827308148674,356.8176001509179
2024-04-19 13:45:00,0.9397936177323224,634.430055491222,320.60209120436474
2024-04-19 14:00:00,0.9181913143250914,381.72765257300364,192.90177479167593
2024-04-19 14:15:00,0.8926855177450577,512.2979159310729,258.8839884642135
2024-04-19 14:30:00,0.8633855858474574,486.51335498847453,245.85405066818197
2024-04-19 14:45:00,0.8304171247869252,714.2031727558912,360.91453856649605
2024-04-19 15:00:00,0.7939214557730369,546.5648716029469,276.2004090097437
2024-04-19 15:15:00,0.7540550005041295,563.4435801794701,284.7298745034182
2024-04-19 15:30:00,0.7109886144819544,641.6513830884276,325.5483130971399
2024-04-19 15:45:00,0.6649068612545534,586.8807637578959,297.7598859226863
2024-04-19 16:00:00,0.61600720999507,536.5404774069384,273.3037717306433
2024-04-19 16:15:00,0.5644991944648431,460.8140964268864,236.59309498227412
2024-04-19 16:30:00,0.5106035227253543,362.77648852213446,187.7248176529047
2024-04-19 16:45:00,0.45455111762722533,241.63690729221364,126.01596445083032
2024-04-19 17:00:00,0.39658213388894126,24.0,12.6132552
2024-04-19 17:15:00,0.33694493737732767,164.8472468688664,87.63549416068437
2024-04-19 17:30:00,0.27589502551441764,225.05013711934836,121.00505449789019
2024-04-19 17:45:00,0.213693940183115,173.61451547507716,94.75287361059364
2024-04-19 18:00:00,0.1506081558831496,128.52015242970015,70.92126479106847
2024-04-19 18:15:00,0.08690792152076894,97.42000814231376,54.35003607414783
2024-04-19 18:30:00,0.02286611096215127,61.030544411673276,34.29530211559368
2024-04-19 18:45:00,-0.04124293721208949,32.597175225216276,18.515220138790138
2024-04-19 19:00:00,-0.10514461194214846,14.0,8.03690748
2024-04-19 19:15:00,-0.16856519743278134,0.0,0.0
2024-04-19 19:30:00,-0.23123303700718006,0.0,0.0
2024-04-19 19:45:00,-0.29287971375351135,0.0,0.0
2024-04-19 20:00:00,-0.3532411914452985,0.0,0.0
2024-04-19 20:15:00,-0.4120589375038053,0.0,0.0
2024-04-19 20:30:00,-0.4690810464750658,0.0,0.0
2024-04-19 20:45:00,-0.5240633103759837,0.0,0.0
2024-04-19 21:00:00,-0.5767702575735707,0.0,0.0
2024-04-19 21:15:00,-0.6269761759093925,0.0,0.0
2024-04-19 21:30:00,-0.6744660713606635,0.0,0.0
2024-04-19 21:45:00,-0.7190365828682289,0.0,0.0
2024-04-19 22:00:00,-0.7604968657908104,0.0,0.0
2024-04-19 22:15:00,-0.7986694020990578,0.0,0.0
2024-04-19 22:30:00,-0.833390755905818,0.0,0.0
2024-04-19 22:45:00,-0.8645122833920648,0.0,0.0
2024-04-19 23:00:00,-0.8919007633201906,0.0,0.0
2024-04-19 23:15:00,-0.9154389642833438,0.0,0.0
2024-04-19 23:30:00,-0.9350261538345783,0.0,0.0
2024-04-19 23:45:00,-0.9505785250423411,0.0,0.0
2024-04-20 00:00:00,-0.962029553764765,0.0,0.0
2024-04-20 00:15:00,-0.9693302873081986,0.0,0.0
2024-04-20 00:30:00,-0.9724495507538728,0.0,0.0
2024-04-20 00:45:00,-0.9713740804461342,0.0,0.0
2024-04-20 01:00:00,-0.9661085811833301,0.0,0.0
2024-04-20 01:15:00,-0.9566757043422859,0.0,0.0
2024-04-20 01:30:00,-0.9431159524993167,0.0,0.0
2024-04-20 01:45:00,-0.9254875029559514,0.0,0.0
2024-04-20 02:00:00,-0.9038659585298054,0.0,0.0
2024-04-20 02:15:00,-0.8783440269899336,0.0,0.0
2024-04-20 02:30:00,-0.8490311177105738,0.0,0.0
2024-04-20 02:45:00,-0.8160528747445985,0.0,0.0
2024-04-20 03:00:00,-0.7795506433961892,0.0,0.0
2024-04-20 03:15:00,-0.7396808555298608,0.0,0.0
2024-04-20 03:30:00,-0.6966143628936641,0.0,0.0
2024-04-20 03:45:00,-0.650535711342265,0.0,0.0
2024-04-20 04:00:00,-0.6016423384660718,0.0,0.0
2024-04-20 04:15:00,-0.5501437327705893,0.0,0.0
2024-04-20 04:30:00,-0.4962605435089623,0.0,0.0
2024-04-20 04:45:00,-0.4402236214651486,0.0,0.0
2024-04-20 05:00:00,-0.38227303631933884,0.0,0.0
2024-04-20 05:15:00,-0.32265705631749697,0.0,0.0
2024-04-20 05:30:00,-0.261631069085926,0.0,0.0
2024-04-20 05:45:00,-0.1994564949944607,0.0,0.0
2024-04-20 06:00:00,-0.13639967589529595,4.0,2.59541982
2024-04-20 06:15:00,-0.07273071741716683,11.0,7.092934695000001
2024-04-20 06:30:00,-0.0087223401971179,19.0,12.13621542
2024-04-20 06:45:00,0.05535127975019641,29.0,18.40645863
2024-04-20 07:00:00,0.1192157025639872,41.0,25.774297605
2024-04-20 07:15:00,0.18259739146758835,55.0,34.13057917500001
2024-04-20 07:30:00,0.2452248759750427,70.0,42.872939550000005
2024-04-20 07:45:00,0.306829931630613,29.0,17.527169205
2024-04-20 08:00:00,0.36714872012462585,33.0,19.677890925
2024-04-20 08:15:00,0.42592291141425165,128.0,75.55016447999999
2024-04-20 08:30:00,0.48290080632069543,240.320155636128,139.90243628040926
2024-04-20 08:45:00,0.5378384059949153,341.56768119898305,196.77241896554156
2024-04-20 09:00:00,0.5905004498626232,431.0461493543909,244.83453827313673
2024-04-20 09:15:00,0.6406614378629018,614.9334326457247,345.5536577112765
2024-04-20 09:30:00,0.688106588201567,666.7134333859972,370.60774633903685
2024-04-20 09:45:00,0.732632751220311,715.9188114542832,393.61829080259093
2024-04-20 10:00:00,0.774049291980067,762.1432364161333,414.411189202756
2024-04-20 10:15:00,0.8121788995281384,803.4283719192076,431.9877124877195
2024-04-20 10:30:00,0.8468583415450239,843.7301233838296,448.5407412343129
2024-04-20 10:45:00,0.8779391733794746,878.933635558205,463.7022306138802
2024-04-20 11:00:00,0.9052883677017471,909.9157870309589,474.5298090290426
2024-04-20 11:15:00,0.9287888809462236,935.111448875774,483.8892039020263
2024-04-20 11:30:00,0.9483401615720413,958.2957766899469,490.0751578018502
2024-04-20 11:45:00,0.9638585758821157,984.4485367450869,499.4699129700837
2024-04-20 12:00:00,0.9752777645412435,997.3680439735881,499.97665086650545
2024-04-20 12:15:00,0.9825489305095786,1005.6954120569004,500.0853926110159
2024-04-20 12:30:00,0.9856410447071566,1009.3928372528835,497.84326708505375
2024-04-20 12:45:00,0.9845409788702415,1003.5351925959803,488.86871189439336
2024-04-20 13:00:00,0.979253562153932,997.9505990739208,482.11377153266454
2024-04-20 13:15:00,0.9698015587221334,871.2131180873365,417.36434517780845
2024-04-20 13:30:00,0.9562255718839374,878.2032381463002,418.9378795205987
2024-04-20 13:45:00,0.93858386717881,749.16114995714,355.8653495238294
2024-04-20 14:00:00,0.9169521227920464,731.7080776601242,344.61673504725246
2024-04-20 14:15:00,0.8914231086552582,707.9862060477268,333.44430960346534
2024-04-20 14:30:00,0.8621062828501664,807.060716843667,381.7373543791541
2024-04-20 14:45:00,0.8291273244414243,721.7482115538189,341.3847893426964
2024-04-20 15:00:00,0.7926275999237062,729.9499059477388,345.26416676005596
2024-04-20 15:15:00,0.752763548435712,550.411970983785,261.45582755786324
2024-04-20 15:30:00,0.7097060150494663,519.3321030114723,248.79182671061284
2024-04-20 15:45:00,0.6636395250096396,529.9741467293281,254.96128214417053
2024-04-20 16:00:00,0.6147614814731224,519.725475550841,252.13192527169684
2024-04-20 16:15:00,0.5632813248161167,483.8422322400378,235.70207659924438
2024-04-20 16:30:00,0.5094196426870263,444.4814731062617,218.32452808118194
2024-04-20 16:45:00,0.4534072110493114,380.3739660771213,187.60447964075593
2024-04-20 17:00:00,0.3954840118868396,335.61233881115913,166.88435306293712
2024-04-20 17:15:00,0.33589821322985375,286.4696761807062,145.92234189865533
2024-04-20 17:30:00,0.274905090408732,231.9746030070367,120.97698010461245
2024-04-20 17:45:00,0.2127659399333605,191.85105552841287,101.99116076142799
2024-04-20 18:00:00,0.14974696869329351,141.99524503902353,77.2091328061451
2024-04-20 18:15:00,0.08611813692697931,97.53852096595391,54.021833710915196
2024-04-20 18:30:00,0.022152009986375065,60.759522596457515,34.38863814342947
2024-04-20 18:45:00,-0.04187740053735106,32.173983712411776,18.5349872113956
2024-04-20 19:00:00,-0.10569582767318586,13.812683718223361,8.09689781620232
2024-04-20 19:15:00,-0.16902991527322603,0.0,0.0
2024-04-20 19:30:00,-0.23160838039626744,0.0,0.0
2024-04-20 19:45:00,-0.2931631922670562,0.0,0.0
2024-04-20 20:00:00,-0.35343071155400696,0.0,0.0
2024-04-20 20:15:00,-0.4121528116366766,0.0,0.0
2024-04-20 20:30:00,-0.4690780002781202,0.0,0.0
2024-04-20 20:45:00,-0.5239624882375431,0.0,0.0
2024-04-20 21:00:00,-0.5765712263334203,0.0,0.0
2024-04-20 21:15:00,-0.6266789266896037,0.0,0.0
2024-04-20 21:30:00,-0.6740710196558442,0.0,0.0
2024-04-20 21:45:00,-0.7185445667203214,0.0,0.0
2024-04-20 22:00:00,-0.759909142178711,0.0,0.0
2024-04-20 22:15:00,-0.7979876415046975,0.0,0.0
2024-04-20 22:30:00,-0.8326170351154905,0.0,0.0
2024-04-20 22:45:00,-0.8636490765024437,0.0,0.0
2024-04-20 23:00:00,-0.8909509310614172,0.0,0.0
2024-04-20 23:15:00,-0.9144057416790803,0.0,0.0
2024-04-20 23:30:00,-0.9339131362057629,0.0,0.0
2024-04-20 23:45:00,-0.9493896524893248,0.0,0.0
2024-04-21 00:00:00,-0.9607690941446168,0.0,0.0
2024-04-21 00:15:00,-0.9680028178052306,0.0,0.0
2024-04-21 00:30:00,-0.9710599380972676,0.0,0.0
2024-04-21 00:45:00,-0.9699274599027807,0.0,0.0
2024-04-21 01:00:00,-0.9646103343654338,0.0,0.0
2024-04-21 01:15:00,-0.9551314359639544,0.0,0.0
2024-04-21 01:30:00,-0.9415314661715812,0.0,0.0
2024-04-21 01:45:00,-0.9238687761120163,0.0,0.0
2024-04-21 02:00:00,-0.9022191166038,0.0,0.0
2024-04-21 02:15:00,-0.8766753169659405,0.0,0.0
2024-04-21 02:30:00,-0.847346881143303,0.0,0.0
2024-04-21 02:45:00,-0.8143595203418406,0.0,0.0
2024-04-21 03:00:00,-0.7778546193547448,0.0,0.0
2024-04-21 03:15:00,-0.7379886216917533,0.0,0.0
2024-04-21 03:30:00,-0.6949323628182735,0.0,0.0
2024-04-21 03:45:00,-0.6488703444779869,0.0,0.0
2024-04-21 04:00:00,-0.5999999325355995,0.0,0.0
2024-04-21 04:15:00,-0.5485305164146259,0.0,0.0
2024-04-21 04:30:00,-0.49468261937605745,0.0,0.0
2024-04-21 04:45:00,-0.4386869398473848,0.0,0.0
2024-04-21 05:00:00,-0.3807833694819135,0.0,0.0
2024-04-21 05:15:00,-0.3212199735344088,0.0,0.0
2024-04-21 05:30:00,-0.26025191257504243,0.0,0.0
2024-04-21 05:45:00,-0.19814035691077828,0.0,0.0
2024-04-21 06:00:00,-0.1351513762452266,7.0,4.485386745
2024-04-21 06:15:00,-0.07155478329464868,17.0,10.78999299
2024-04-21 06:30:00,-0.007622986194406434,30.0,18.859242150000004
2024-04-21 06:45:00,0.05637016972229436,47.0,29.26113498
2024-04-21 07:00:00,0.12015059204946643,65.0,40.073362875
2024-04-21 07:15:00,0.18344510676143855,87.0,53.10908127
2024-04-21 07:30:00,0.24598261982918154,139.25092242940926,84.16118894388228
2024-04-21 07:45:00,0.3074952953110726,138.84241061091038,83.07234106652336
2024-04-21 08:00:00,0.36771969382301856,230.20287070550597,136.33926504847392
2024-04-21 08:15:00,0.4263978929808804,291.5994732452201,170.93355544006164
2024-04-21 08:30:00,0.4832786081122367,338.8012888795385,197.2332516335327
2024-04-21 08:45:00,0.5381182600369749,387.43101539157317,223.97678735341432
2024-04-21 09:00:00,0.5906820111730093,430.74369966474706,246.40411848314125
2024-04-21 09:15:00,0.640744785938935,481.0273781520777,273.2239139660506
2024-04-21 09:30:00,0.6880922266481472,527.9155072595366,297.7221973992716
2024-04-21 09:45:00,0.7325216056050528,572.4037718756515,320.497649685019
2024-04-21 10:00:00,0.773842705830509,655.1012184426443,364.15283393641107
2024-04-21 10:15:00,0.8118786285129089,686.9194303688676,379.0626908723006
2024-04-21 10:30:00,0.8464665459034657,727.0172006091957,396.7811604550982
2024-04-21 10:45:00,0.8774584085950051,761.9894167702278,411.24704838200086
2024-04-21 11:00:00,0.9047215734339482,799.3101831510862,428.1577533447914
2024-04-21 11:15:00,0.9281393683599073,817.5424643866278,432.9664096022608
2024-04-21 11:30:00,0.9476115990243328,847.457562231186,445.38327098299294
2024-04-21 11:45:00,0.9630549730766319,861.5718843844465,447.57645754450016
2024-04-21 12:00:00,0.974403455208509,876.9748282073948,450.2600732832742
2024-04-21 12:15:00,0.9816085536844167,885.1858295664371,454.4757998409094
2024-04-21 12:30:00,0.9846395246886193,901.522586732878,461.0411886412755
2024-04-21 12:45:00,0.9834835039570347,909.4459590285452,463.2549104010605
2024-04-21 13:00:00,0.9781455622262366,894.5376663313617,453.85272431633473
2024-04-21 13:15:00,0.9686486817887521,884.6875879818713,452.4317228894891
2024-04-21 13:30:00,0.9550336596875816,877.5363065822391,450.5483498518517
2024-04-21 13:45:00,0.9373589299568008,692.7042933060035,358.4515294196625
2024-04-21 14:00:00,0.9157003133184023,670.3612990086151,348.24480803429265
2024-04-21 14:15:00,0.8901506956656327,815.147198704333,426.7547832517822
2024-04-21 14:30:00,0.8608196239530981,660.9465393584587,348.69798152894344
2024-04-21 14:45:00,0.8278328386775322,646.3053026323353,343.58647566562695
2024-04-21 15:00:00,0.7913317400161057,773.9000650528202,414.54659298863345
2024-04-21 15:15:00,0.7514727729347033,730.1546539808073,394.06577007949903
2024-04-21 15:30:00,0.7084267604191251,683.4886055227263,371.643166648209
2024-04-21 15:45:00,0.6623781778318673,559.9575105188544,305.6056866922065
2024-04-21 16:00:00,0.6135243508681569,578.6457274320182,318.1443741495504
2024-04-21 16:15:00,0.5620746151871987,524.3867529373495,289.37229730054355
2024-04-21 16:30:00,0.5082494269106957,469.1343585800052,260.77894738155874
2024-04-21 16:45:00,0.4522794042598782,411.98161276892085,229.84206163447203
2024-04-21 17:00:00,0.3944043459221659,355.74188577989855,199.1853371499836
2024-04-21 17:15:00,0.33487221186697436,299.56075509471214,168.93969780193763
2024-04-21 17:30:00,0.27393804551115275,245.92654457602248,140.18356784423338
2024-04-21 17:45:00,0.21186288858789126,193.17722674230305,110.89624989791938
2024-04-21 18:00:00,0.1489126714585918,143.73462338427728,83.09406810016478
2024-04-21 18:15:00,0.085357057259151,98.72854061329437,57.67440904209044
2024-04-21 18:30:00,0.021468294996556156,60.98965430403917,35.9982688613164
2024-04-21 18:45:00,-0.0424799380263778,31.013771651040976,18.556193349124218
2024-04-21 19:00:00,-0.10621372560602238,12.334550969851964,7.454819376423871
2024-04-21 19:15:00,-0.16946007727135984,0.0,0.0
2024-04-21 19:30:00,-0.23194808917820886,0.0,0.0
2024-04-21 19:45:00,-0.29341012136453903,0.0,0.0
2024-04-21 20:00:00,-0.3535829353382906,0.0,0.0
2024-04-21 20:15:00,-0.4122088136546142,0.0,0.0
2024-04-21 20:30:00,-0.4690366798010841,0.0,0.0
2024-04-21 20:45:00,-0.5238231650129854,0.0,0.0
2024-04-21 21:00:00,-0.5763336435217614,0.0,0.0
2024-04-21 21:15:00,-0.6263432519703201,0.0,0.0
2024-04-21 21:30:00,-0.6736378444895832,0.0,0.0
2024-04-21 21:45:00,-0.7180149038157357,0.0,0.0
2024-04-21 22:00:00,-0.7592844210970495,0.0,0.0
2024-04-21 22:15:00,-0.7972697024747633,0.0,0.0
2024-04-21 22:30:00,-0.8318081211090159,0.0,0.0
2024-04-21 22:45:00,-0.8627518235295484,0.0,0.0
2024-04-21 23:00:00,-0.8899683567782449,0.0,0.0
2024-04-21 23:15:00,-0.9133412323576438,0.0,0.0
2024-04-21 23:30:00,-0.93277043210867,0.0,0.0
2024-04-21 23:45:00,-0.9481728316920375,0.0,0.0
2024-04-22 00:00:00,-0.9594825549476883,0.0,0.0
2024-04-22 00:15:00,-0.9666512597087654,0.0,0.0
2024-04-22 00:30:00,-0.9696483415130732,0.0,0.0
2024-04-22 00:45:00,-0.9684610646412821,0.0,0.0
2024-04-22 01:00:00,-0.9630946169933485,0.0,0.0
2024-04-22 01:15:00,-0.9535720861509314,0.0,0.0
2024-04-22 01:30:00,-0.9399343621135537,0.0,0.0
2024-04-22 01:45:00,-0.9222399591369375,0.0,0.0
2024-04-22 02:00:00,-0.9005647650837191,0.0,0.0
2024-04-22 02:15:00,-0.875001719619332,0.0,0.0
2024-04-22 02:30:00,-0.8456604098724317,0.0,0.0
2024-04-22 02:45:00,-0.8126666027105067,0.0,0.0
2024-04-22 03:00:00,-0.776161710829673,0.0,0.0
2024-04-22 03:15:00,-0.7363021777452806,0.0,0.0
2024-04-22 03:30:00,-0.6932588110676197,0.0,0.0
2024-04-22 03:45:00,-0.6472160569084391,0.0,0.0
2024-04-22 04:00:00,-0.598371197962419,0.0,0.0
2024-04-22 04:15:00,-0.5469335133407139,0.0,0.0
2024-04-22 04:30:00,-0.4931233892961301,0.0,0.0
2024-04-22 04:45:00,-0.43717136117020594,0.0,0.0
2024-04-22 05:00:00,-0.3793171321104671,0.0,0.0
2024-04-22 05:15:00,-0.319808554308194,0.0,0.0
2024-04-22 05:30:00,-0.25890055163606224,0.0,0.0
2024-04-22 05:45:00,-0.1968540350249211,0.0,0.0
2024-04-22 06:00:00,-0.1339347933150785,2.0,1.3179234599999998
2024-04-22 06:15:00,-0.07041233807007106,4.0,2.6035052399999996
2024-04-22 06:30:00,-0.00655875726182982,7.0,4.485386745
2024-04-22 06:45:00,0.05735244155772251,9.0,5.67596484
2024-04-22 07:00:00,0.12104751990158737,13.0,8.067227805000002
2024-04-22 07:15:00,0.18425367230290216,16.0,9.76718736
2024-04-22 07:30:00,0.24670018631655097,20.0,12.006848699999997
2024-04-22 07:45:00,0.3081196189868795,180.19572266071418,106.35794129382359
2024-04-22 08:00:00,0.36824893359602906,236.07531444570907,136.9541089454136
2024-04-22 08:15:00,0.4268306183676295,211.75617586532252,121.13373657714847
2024-04-22 08:30:00,0.4836138054258465,242.88573876895757,136.4864080920327
2024-04-22 08:45:00,0.5383553367301349,365.9737681723433,201.95527338277387
2024-04-22 09:00:00,0.5908207984438845,406.20422839385384,220.87131303488073
2024-04-22 09:15:00,0.6407855394022247,470.1776569239297,251.85492879353953
2024-04-22 09:30:00,0.6880356252727267,498.35515071036343,262.9190483483423
2024-04-22 09:45:00,0.7323687487567915,529.5695746170918,275.1051636275338
2024-04-22 10:00:00,0.7735951085270001,574.927956465072,294.01977535843525
2024-04-22 10:15:00,0.8115382148569061,597.1268433987807,300.5443273040472
2024-04-22 10:30:00,0.8460356408016341,653.1094009414144,324.76082447242345
2024-04-22 10:45:00,0.8769397276688465,681.744855424837,333.4877060814197
2024-04-22 11:00:00,0.9041182113146338,713.5925848503146,344.7393215046757
2024-04-22 11:15:00,0.9274547853257215,724.5622758476828,347.10962624577405
2024-04-22 11:30:00,0.9468496060302029,693.5233778693629,329.4363826561846
2024-04-22 11:45:00,0.9622197152921599,725.1547031993343,340.0644597398338
2024-04-22 12:00:00,0.9734993941237287,994.5734644053762,462.38879038291964
2024-04-22 12:15:00,0.9806404478246923,1001.8667963248527,463.754416901516
2024-04-22 12:30:00,0.983612409054131,736.5593198059714,340.94616082998544
2024-04-22 12:45:00,0.9824026682869493,736.1576858712672,339.2722123603439
2024-04-22 13:00:00,0.9770165281362908,997.7055943443448,457.7948025058923
2024-04-22 13:15:00,0.9674771789172503,983.4449630893457,453.23923768732584
2024-04-22 13:30:00,0.9538256009571571,967.5974008375124,447.89144631490933
2024-04-22 13:45:00,0.936120386020775,946.6163746800119,440.0929806695025
2024-04-22 14:00:00,0.9144374863379265,711.0584322401016,332.01665049645953
2024-04-22 14:15:00,0.8888698925326062,672.1044623864121,316.544879727131
2024-04-22 14:30:00,0.8595272290316767,860.7386174478935,408.8667023967759
2024-04-22 14:45:00,0.8265352862325379,812.6670465621231,389.3171977031485
2024-04-22 15:00:00,0.7900354864212078,771.4483181641239,372.68964872387147
2024-04-22 15:15:00,0.7501842687886284,727.6448352678619,355.94050329027425
2024-04-22 15:30:00,0.7071524226710586,680.9216703020572,335.8377991811132
2024-04-22 15:45:00,0.661124362070637,630.4877690012603,314.78658226445697
2024-04-22 16:00:00,0.6122973238839522,578.6508303785888,292.4146873099781
2024-04-22 16:15:00,0.5608805278959628,525.0295774456133,268.50160386394714
2024-04-22 16:30:00,0.5070942877890353,469.4021528622234,242.9000675068978
2024-04-22 16:45:00,0.4511690533737874,413.125082386821,217.1188372360833
2024-04-22 17:00:00,0.39334442972818506,356.2003351584848,189.36192738873535
2024-04-22 17:15:00,0.3338681588061075,300.65155448963395,162.2621806210802
2024-04-22 17:30:00,0.27299504258385976,245.2392535914583,134.33892528115115
2024-04-22 17:45:00,0.21098585896103336,192.54785877532186,107.03208369556744
2024-04-22 18:00:00,0.14810625316044726,142.35160141588037,80.56807395839911
2024-04-22 18:15:00,0.084625583199817,97.3269727823301,56.06872347450165
2024-04-22 18:30:00,0.02081577421498823,59.32799536135642,34.77765261845983
2024-04-22 18:45:00,-0.043049837664421664,28.91648425280703,17.242891607915663
2024-04-22 19:00:00,-0.10669769322180123,10.049858359158263,6.094299433072905
2024-04-22 19:15:00,-0.16985517329726268,0.0,0.0
2024-04-22 19:30:00,-0.23225175804079615,0.0,0.0
2024-04-22 19:45:00,-0.29362020249987714,0.0,0.0
2024-04-22 20:00:00,-0.35369767253983775,0.0,0.0
2024-04-22 20:15:00,-0.4122268626789269,0.0,0.0
2024-04-22 20:30:00,-0.4689571141165697,0.0,0.0
2024-04-22 20:45:00,-0.5236454798227752,0.0,0.0
2024-04-22 21:00:00,-0.576057757945222,0.0,0.0
2024-04-22 21:15:00,-0.6259695093846386,0.0,0.0
2024-04-22 21:30:00,-0.6731670110081803,0.0,0.0
2024-04-22 21:45:00,-0.7174481650154487,0.0,0.0
2024-04-22 22:00:00,-0.7586233768775968,0.0,0.0
2024-04-22 22:15:00,-0.7965163601457343,0.0,0.0
2024-04-22 22:30:00,-0.8309648867016599,0.0,0.0
2024-04-22 22:45:00,-0.8618214914155881,0.0,0.0
2024-04-22 23:00:00,-0.8889540975820548,0.0,0.0
2024-04-22 23:15:00,-0.9122465792627383,0.0,0.0
2024-04-22 23:30:00,-0.9315992655858887,0.0,0.0
2024-04-22 23:45:00,-0.9469293627438772,0.0,0.0
2024-04-23 00:00:00,-0.9581713069103512,0.0,0.0
2024-04-23 00:15:00,-0.9652770487081679,0.0,0.0
2024-04-23 00:30:00,-0.9682162556574955,0.0,0.0
2024-04-23 00:45:00,-0.966976442046686,0.0,0.0
2024-04-23 01:00:00,-0.9615630227175823,0.0,0.0
2024-04-23 01:15:00,-0.9519992881522127,0.0,0.0
2024-04-23 01:30:00,-0.9383263063426694,0.0,0.0
2024-04-23 01:45:00,-0.9206027438460321,0.0,0.0
2024-04-23 02:00:00,-0.8989046144771307,0.0,0.0
2024-04-23 02:15:00,-0.873324956980668,0.0,0.0
2024-04-23 02:30:00,-0.843973430240869,0.0,0.0
2024-04-23 02:45:00,-0.8109758452688824,0.0,0.0
2024-04-23 03:00:00,-0.7744736310904785,0.0,0.0
2024-04-23 03:15:00,-0.7346232196495117,0.0,0.0
2024-04-23 03:30:00,-0.6915953791634164,0.0,0.0
2024-04-23 03:45:00,-0.6455744886917981,0.0,0.0
2024-04-23 04:00:00,-0.5967577365024603,0.0,0.0
2024-04-23 04:15:00,-0.5453542803166898,0.0,0.0
2024-04-23 04:30:00,-0.49158435854725535,0.0,0.0
2024-04-23 04:45:00,-0.4356783329177296,0.0,0.0
2024-04-23 05:00:00,-0.3778757078908468,0.0,0.0
2024-04-23 05:15:00,-0.31842411278044536,0.0,0.0
2024-04-23 05:30:00,-0.2575782253601007,0.0,0.0
2024-04-23 05:45:00,-0.1955986882904534,0.0,0.0
2024-04-23 06:00:00,-0.13275100114734323,3.0,1.910180475
2024-04-23 06:15:00,-0.06930436644771583,5.0,3.1533138
2024-04-23 06:30:00,-0.005530544738757068,7.0,4.3580413799999995
2024-04-23 06:45:00,0.058297300890487735,84.17086610810875,51.892456323896624
2024-04-23 07:00:00,0.1219057919379038,127.59090365423008,77.62985982785486
2024-04-23 07:15:00,0.18502249686276873,17.0,10.205821395
2024-04-23 07:30:00,0.2473770895199217,21.0,12.437397315000002
2024-04-23 07:45:00,0.3087025239068047,25.0,14.604289874999997
2024-04-23 08:00:00,0.36873616923621777,30.0,17.3432259
2024-04-23 08:15:00,0.42722092685969604,35.0,19.95077385
2024-04-23 08:30:00,0.4839063474760942,39.0,21.994363755000002
2024-04-23 08:45:00,0.5385496952359871,283.8538234855309,158.3603393225603
2024-04-23 09:00:00,0.5909169802709784,316.72803010601393,174.7800019315191
2024-04-23 09:15:00,0.6407839753646678,376.99132450178286,205.74899065934136
2024-04-23 09:30:00,0.6879371682476151,663.1443106999399,357.9001681973521
2024-04-23 09:45:00,0.7321746700169282,709.5066705830516,378.61952201473065
2024-04-23 10:00:00,0.7733070922151802,755.2727602967013,399.98868504205916
2024-04-23 10:15:00,0.8111583507198786,795.8708888223035,418.27177612360595
2024-04-23 10:30:00,0.8455664151640719,834.6809642070779,435.29412742443776
2024-04-23 10:45:00,0.8763840126751428,867.7474342795408,449.03055744463904
2024-04-23 11:00:00,0.9034792525227601,898.0460285636177,462.89380666713885
2024-04-23 11:15:00,0.926736187678091,924.6306186467469,474.7277079352925
2024-04-23 11:30:00,0.9460553182803335,761.4801187702254,389.4230763056276
2024-04-23 11:45:00,0.9613540129356923,734.6284884757495,374.20613201737046
2024-04-23 12:00:00,0.9725668609379654,746.2338024939156,378.6092603878623
2024-04-23 12:15:00,0.9796459560549992,983.0654354377593,498.76818254557236
2024-04-23 12:30:00,0.9825610983653152,741.140529050746,376.02513663894206
2024-04-23 12:45:00,0.9812999235657205,747.6045738594764,379.3047350918243
2024-04-23 13:00:00,0.975867956220029,978.8980075312842,496.6537958853632
2024-04-23 13:15:00,0.9662885843771553,967.985813617416,493.07402699972727
2024-04-23 13:30:00,0.9526029610201782,951.8026487636873,486.75455390220594
2024-04-23 13:45:00,0.9348698247545509,933.202475247259,477.24237280641603
2024-04-23 14:00:00,0.91316524819448,908.7955035194735,466.5975770942178
2024-04-23 14:15:00,0.8875823153683975,879.6044223945072,453.38816329345843
2024-04-23 14:30:00,0.8582307167403704,846.8757269759982,439.94197667110313
2024-04-23 14:45:00,0.8252362810805725,803.732881556363,419.15440552997734
2024-04-23 15:00:00,0.788740441221606,765.3864375345286,400.70348493263515
2024-04-23 15:15:00,0.7488996190198388,722.1725135029188,380.9991924892718
2024-04-23 15:30:00,0.7058845586990763,675.2369197612193,358.966996797256
2024-04-23 15:45:00,0.6598796015488138,627.0929519197923,335.9080305643754
2024-04-23 16:00:00,0.6110818844435794,503.7076965684589,271.85194295623563
2024-04-23 16:15:00,0.5597005003078155,521.7157412099302,283.6800622377442
2024-04-23 16:30:00,0.5059556096535868,378.5665965497946,208.1391553131435
2024-04-23 16:45:00,0.450077483489293,290.86495431343354,161.6838656747134
2024-04-23 17:00:00,0.3923055232094549,272.86099184878265,152.7790536594434
2024-04-23 17:15:00,0.33288724310683626,263.1548972427345,149.4721803158206
2024-04-23 17:30:00,0.27207719447144163,212.6828636760617,122.09374985328289
2024-04-23 17:45:00,0.21013588260738797,177.09761422553248,103.09741862482115
2024-04-23 18:00:00,0.1473286594020857,132.10091861638006,77.97067288614537
2024-04-23 18:15:00,0.08392457003445265,90.9397869810593,54.59501315459043
2024-04-23 18:30:00,0.020195208718402136,63.47290156268698,38.746982615350035
2024-04-23 18:45:00,-0.04358643608764383,34.110855068136466,21.16769526599967
2024-04-23 19:00:00,-0.10714716797933077,15.892490721756884,10.022802061857588
2024-04-23 19:15:00,-0.1702147442636105,5.787208324573063,3.6848707821189763
2024-04-23 19:30:00,-0.23251903356961268,0.0,0.0
2024-04-23 19:45:00,-0.29379318972028917,0.0,0.0
2024-04-23 20:00:00,-0.35377478598250034,0.0,0.0
2024-04-23 20:15:00,-0.41220693106885675,0.0,0.0
2024-04-23 20:30:00,-0.46883938548977505,0.0,0.0
2024-04-23 20:45:00,-0.5234296247067273,0.0,0.0
2024-04-23 21:00:00,-0.5757438708004714,0.0,0.0
2024-04-23 21:15:00,-0.625558108186937,0.0,0.0
2024-04-23 21:30:00,-0.6726590350065988,0.0,0.0
2024-04-23 21:45:00,-0.7168449706580833,0.0,0.0
2024-04-23 22:00:00,-0.7579267319469492,0.0,0.0
2024-04-23 22:15:00,-0.7957284361055132,0.0,0.0
2024-04-23 22:30:00,-0.8300882493338502,0.0,0.0
2024-04-23 22:45:00,-0.860859089701641,0.0,0.0
2024-04-23 23:00:00,-0.8879092509584635,0.0,0.0
2024-04-23 23:15:00,-0.9111229633180659,0.0,0.0
2024-04-23 23:30:00,-0.9304008961236427,0.0,0.0
2024-04-23 23:45:00,-0.9456605784579952,0.0,0.0
2024-04-24 00:00:00,-0.9568367506384743,0.0,0.0
2024-04-24 00:15:00,-0.9638816473662664,0.0,0.0
2024-04-24 00:30:00,-0.9667651989480857,0.0,0.0
2024-04-24 00:45:00,-0.9654751600510523,0.0,0.0
2024-04-24 01:00:00,-0.9600171624268883,0.0,0.0
2024-04-24 01:15:00,-0.9504146890729532,0.0,0.0
2024-04-24 01:30:00,-0.9367089752791871,0.0,0.0
2024-04-24 01:45:00,-0.9189588289374102,0.0,0.0
2024-04-24 02:00:00,-0.8972403786515208,0.0,0.0
2024-04-24 02:15:00,-0.871646750903742,0.0,0.0
2024-04-24 02:30:00,-0.8422876648690824,0.0,0.0
2024-04-24 02:45:00,-0.80928896418128,0.0,0.0
2024-04-24 03:00:00,-0.7727920826250998,0.0,0.0
2024-04-24 03:15:00,-0.7329534290807405,0.0,0.0
2024-04-24 03:30:00,-0.6899437209363244,0.0,0.0
2024-04-24 03:45:00,-0.6439472588870632,0.0,0.0
2024-04-24 04:00:00,-0.5951611256676466,0.0,0.0
2024-04-24 04:15:00,-0.5437943467118744,0.0,0.0
2024-04-24 04:30:00,-0.49006700198128705,0.0,0.0
2024-04-24 04:45:00,-0.4342092692616111,0.0,0.0
2024-04-24 05:00:00,-0.3764604444130622,0.0,0.0
2024-04-24 05:15:00,-0.31706792435859,0.0,0.0
2024-04-24 05:30:00,-0.2562861316904507,0.0,0.0
2024-04-24 05:45:00,-0.19437543224758908,0.0,0.0
2024-04-24 06:00:00,-0.1316010282482694,16.02598457627596,10.62529892944248
2024-04-24 06:15:00,-0.06823180574363358,5.0,3.2847018749999997
2024-04-24 06:30:00,-0.004539190891145406,7.0,4.570283655000001
2024-04-24 06:45:00,0.059204003946588465,10.0,6.468336
2024-04-24 07:00:00,0.12272476584240197,108.61776066152353,69.8185070454277
2024-04-24 07:15:00,0.18575104213135066,17.0,10.824356025
2024-04-24 07:30:00,0.24801289722041794,21.0,13.286366415
2024-04-24 07:45:00,0.30924368558253523,25.0,15.716035125
2024-04-24 08:00:00,0.36918118515302556,30.0,18.6773202
2024-04-24 08:15:00,0.42756871249938655,35.0,21.64871205
2024-04-24 08:30:00,0.4841562381713417,40.0,24.579676799999998
2024-04-24 08:45:00,0.5387014490443127,45.0,27.379253474999995
2024-04-24 09:00:00,0.5909707790395916,50.0,30.21925725
2024-04-24 09:15:00,0.6407404238857854,54.0,32.418491489999994
2024-04-24 09:30:00,0.6877972916494736,58.0,34.58538405
2024-04-24 09:45:00,0.7319399093541211,62.0,36.71993493
2024-04-24 10:00:00,0.7729792982142212,180.0919171928569,105.93264190771387
2024-04-24 10:15:00,0.8107397757661878,190.05369887883094,111.4081384041936
2024-04-24 10:30:00,0.845059703573354,199.9154179250135,116.7849085543467
2024-04-24 10:45:00,0.8757921892726421,278.13688283908965,161.9174530976279
2024-04-24 11:00:00,0.9028057095433637,907.745573178252,528.4443032846569
2024-04-24 11:15:00,0.9259846701307497,933.7531075799604,543.5845956784198
2024-04-24 11:30:00,0.945229907745325,285.1784486161799,165.44025542173424
2024-04-24 11:45:00,0.960459109940214,289.4068866491032,167.89329446306564
2024-04-24 12:00:00,0.971607165935294,342.37535765057646,198.62183448530516
2024-04-24 12:15:00,0.978626449116018,344.5297818805524,200.56809520891122
2024-04-24 12:30:00,0.9814870176587907,345.5927143884934,201.8854471847056
2024-04-24 12:45:00,0.9801767427328899,407.2665394811169,238.73677421472738
2024-04-24 13:00:00,0.9747013607221162,405.0639503467183,237.44563199239633
2024-04-24 13:15:00,0.9650844469322892,491.24167130765085,288.9553782752683
2024-04-24 13:30:00,0.9513673162450225,378.4437541198407,223.37099898580186
2024-04-24 13:45:00,0.9336088430801702,207.46887074464135,122.87489409264211
2024-04-24 14:00:00,0.9118852092162538,122.0,72.25535583
2024-04-24 14:15:00,0.8862895807262087,702.1513072591979,417.27333437136525
2024-04-24 14:30:00,0.8569317026351602,644.4998471933193,384.31508164391835
2024-04-24 14:45:00,0.8239374305615432,283.8308737501078,169.82199491950814
2024-04-24 15:00:00,0.7874481963611825,464.6050920796491,277.9830204665951
2024-04-24 15:15:00,0.7476203930862098,641.4340773766739,385.0800959042908
2024-04-24 15:30:00,0.7046247084532532,319.5266107142094,192.47126023566577
2024-04-24 15:45:00,0.6586453997915737,268.75936199374723,162.4341659686984
2024-04-24 16:00:00,0.6098794929159271,249.6865052945619,150.90681470699707
2024-04-24 16:15:00,0.558535943108626,542.2531729901212,329.9219349093234
2024-04-24 16:30:00,0.5048347471921218,486.0438696918253,296.7050962787177
2024-04-24 16:45:00,0.4490059872185699,427.9982269763103,262.13631589517905
2024-04-24 17:00:00,0.3912888510879212,370.51126333543476,228.4251123833163
2024-04-24 17:15:00,0.33193061605328583,312.7675248901562,193.45754528394858
2024-04-24 17:30:00,0.2711855738227741,238.55881839103174,148.52131458743162
2024-04-24 17:45:00,0.20931394869792175,200.19227650208606,125.44449431135101
2024-04-24 18:00:00,0.14658079134692495,134.69426006285084,84.67438889134594
2024-04-24 18:15:00,0.0832548268259789,91.3861276353058,58.00327509224676
2024-04-24 18:30:00,0.019607311725633403,54.901800829415656,35.06842535851174
2024-04-24 18:45:00,-0.04408911920771301,34.25630465509543,22.088884710056035
2024-04-24 19:00:00,-0.10756163782066316,14.41528837498241,9.353431289861234
2024-04-24 19:15:00,-0.1705383825938547,5.566002052559778,3.6227788774225336
2024-04-24 19:30:00,-0.23274961464718613,0.0,0.0
2024-04-24 19:45:00,-0.29392888988455945,0.0,0.0
2024-04-24 20:00:00,-0.3538141915253,0.0,0.0
2024-04-24 20:15:00,-0.4121490443155952,0.0,0.0
2024-04-24 20:30:00,-0.4686836291232112,0.0,0.0
2024-04-24 20:45:00,-0.5231758442162975,0.0,0.0
2024-04-24 21:00:00,-0.5753923351809959,0.0,0.0
2024-04-24 21:15:00,-0.6251095087160214,0.0,0.0
2024-04-24 21:30:00,-0.672114482270713,0.0,0.0
2024-04-24 21:45:00,-0.7162059897553682,0.0,0.0
2024-04-24 22:00:00,-0.7571952558608197,0.0,0.0
2024-04-24 22:15:00,-0.794906797359326,0.0,0.0
2024-04-24 22:30:00,-0.8291791699082287,0.0,0.0
2024-04-24 22:45:00,-0.859865669268997,0.0,0.0
2024-04-24 23:00:00,-0.8868349534658054,0.0,0.0
2024-04-24 23:15:00,-0.9099716020292637,0.0,0.0
2024-04-24 23:30:00,-0.929176617145345,0.0,0.0
2024-04-24 23:45:00,-0.9443678428024854,0.0,0.0
2024-04-25 00:00:00,-0.9554803149622553,0.0,0.0
2024-04-25 00:15:00,-0.9624665434134166,0.0,0.0
2024-04-25 00:30:00,-0.9652967118065676,0.0,0.0
2024-04-25 00:45:00,-0.9639588053246151,0.0,0.0
2024-04-25 01:00:00,-0.9584586623989417,0.0,0.0
2024-04-25 01:15:00,-0.9488199479866538,0.0,0.0
2024-04-25 01:30:00,-0.9350840538320929,0.0,0.0
2024-04-25 01:45:00,-0.9173099181068023,0.0,0.0
2024-04-25 02:00:00,-0.8955737729373108,0.0,0.0
2024-04-25 02:15:00,-0.8699688211462566,0.0,0.0
2024-04-25 02:30:00,-0.8406048307314301,0.0,0.0
2024-04-25 02:45:00,-0.8076076664158252,0.0,0.0
2024-04-25 03:00:00,-0.7711187552654226,0.0,0.0
2024-04-25 03:15:00,-0.7312944716326855,0.0,0.0
2024-04-25 03:30:00,-0.6883054707704597,0.0,0.0
2024-04-25 03:45:00,-0.6423359638398314,0.0,0.0
2024-04-25 04:00:00,-0.5935829170646224,0.0,0.0
2024-04-25 04:15:00,-0.5422552128954032,0.0,0.0
2024-04-25 04:30:00,-0.4885727624576662,0.0,0.0
2024-04-25 04:45:00,-0.4327655495531186,0.0,0.0
2024-04-25 05:00:00,-0.3750726517856139,0.0,0.0
2024-04-25 05:15:00,-0.31574122446064085,0.0,0.0
2024-04-25 05:30:00,-0.25502542626382335,0.0,0.0
2024-04-25 05:45:00,-0.1931853379313528,0.0,0.0
2024-04-25 06:00:00,-0.1304858567000573,13.0,9.223442864999999
2024-04-25 06:15:00,-0.06719554497417234,28.0,19.69608312
2024-04-25 06:30:00,-0.0035854880994853205,48.0,33.570663839999995
2024-04-25 06:45:00,0.06007185816105155,68.96114973057682,47.95186789589564
2024-04-25 07:00:00,0.1235038516488666,93.44613865935919,64.41074648693805
2024-04-25 07:15:00,0.186438823073313,120.25413526903222,82.1597885876963
2024-04-25 07:30:00,0.2486072311708441,245.0139196689576,165.91213738346934
2024-04-25 07:45:00,0.30974283397116437,306.0948109841138,204.7983975733986
2024-04-25 08:00:00,0.369583820468679,367.3408019907251,243.54858271301157
2024-04-25 08:15:00,0.42787392400982205,430.7123655360737,282.9523429324054
2024-04-25 08:30:00,0.4843635358496608,365.13669279643364,237.6588232529463
2024-04-25 08:45:00,0.538810765640215,409.894254099197,263.476292398309
2024-04-25 09:00:00,0.5909824703890422,611.1563635870256,389.13965096531246
2024-04-25 09:15:00,0.6406552673581778,667.0743274938673,420.69893650242625
2024-04-25 09:30:00,0.6876164827640467,721.607164142923,450.71489302632045
2024-04-25 09:45:00,0.7316650566153786,773.5701580486098,478.47993148763834
2024-04-25 10:00:00,0.7726124161294485,819.8913456584584,502.15931571404633
2024-04-25 10:15:00,0.810283276146549,864.8205287199544,524.432789949217
2024-04-25 10:30:00,0.8445163851216755,904.4247624870518,542.9645641857733
2024-04-25 10:45:00,0.8751652254403187,712.5746818990241,424.90808685835054
2024-04-25 11:00:00,0.9020986348397309,739.9653720262762,436.7539497350746
2024-04-25 11:15:00,0.9252013648502713,740.3601773316648,433.99391641257165
2024-04-25 11:30:00,0.9443745811823356,755.5816986777634,439.8620672248676
2024-04-25 11:45:00,0.959536282196885,1040.264629117341,601.384815285392
2024-04-25 12:00:00,0.9706216484013293,755.0712532052944,434.98611011149455
2024-04-25 12:15:00,0.9775833236665883,783.5401625873003,449.8028423984493
2024-04-25 12:30:00,0.9803916146970899,732.7253167030688,419.1507290600458
2024-04-25 12:45:00,0.97903461816948,682.7167237787089,389.1636274206268
2024-04-25 13:00:00,0.9735182719608078,706.3202988686343,401.19046302920987
2024-04-25 13:15:00,0.96386632799764,678.5329779353817,386.7787997873097
2024-04-25 13:30:00,0.9501202521549785,695.0360756464936,396.1859303661339
2024-04-25 13:45:00,0.9323390435470383,688.0251034995819,392.1895212298
2024-04-25 14:00:00,0.9105989818285943,977.9962205191077,557.479469192327
2024-04-25 14:15:00,0.8849933037125322,721.6719531892022,412.8277246956691
2024-04-25 14:30:00,0.8556317972953371,913.7058392278656,524.5263781292936
2024-04-25 14:45:00,0.8226403335390541,621.3429940703566,357.9471088170394
2024-04-25 15:00:00,0.7861603318460637,831.4875896123774,480.68923665646514
2024-04-25 15:15:00,0.7463481450614782,784.8793378917444,456.9176949247201
2024-04-25 15:30:00,0.7033743931280981,735.4774465328255,429.64503302760784
2024-04-25 15:45:00,0.6574232383205794,683.9957609651626,402.3360911590693
2024-04-25 16:00:00,0.6086915845467582,503.69364276609855,297.29794967585235
2024-04-25 16:15:00,0.5573882388232557,475.0226372633767,282.29567858598074
2024-04-25 16:30:00,0.503733024025982,384.3588207454575,229.1930591118406
2024-04-25 16:45:00,0.44795582329081035,320.08376305155446,192.1598657143332
2024-04-25 17:00:00,0.39029560154706155,313.095039454407,189.22999081943252
2024-04-25 17:15:00,0.3309993899230024,141.30999389923002,85.9769364781716
2024-04-25 17:30:00,0.2703212119778943,117.54064242395579,72.22777504113004
2024-04-25 17:45:00,0.2085210029539968,95.0,58.952818575
2024-04-25 18:00:00,0.14586350479421958,75.0,46.99650375
2024-04-25 18:15:00,0.08261711555161515,57.0,36.17821179
2024-04-25 18:30:00,0.019052747848785953,42.0,26.997217380000002
2024-04-25 18:45:00,-0.04455732288548066,28.0,18.224536679999996
2024-04-25 19:00:00,-0.10794064171011927,17.0,11.202349409999998
2024-04-25 19:15:00,-0.17082573257549968,0.0,0.0
2024-04-25 19:30:00,-0.23294325264111956,0.0,0.0
2024-04-25 19:45:00,-0.29402716274067686,0.0,0.0
2024-04-25 20:00:00,-0.3538158580947449,0.0,0.0
2024-04-25 20:15:00,-0.41205328090291926,0.0,0.0
2024-04-25 20:30:00,-0.4684900329358347,0.0,0.0
2024-04-25 20:45:00,-0.5228844351218667,0.0,0.0
2024-04-25 21:00:00,-0.5750035556069075,0.0,0.0
2024-04-25 21:15:00,-0.6246242217273079,0.0,0.0
2024-04-25 21:30:00,-0.6715339678045906,0.0,0.0
2024-04-25 21:45:00,-0.7155319390977424,0.0,0.0
2024-04-25 22:00:00,-0.7564297643326252,0.0,0.0
2024-04-25 22:15:00,-0.7940523552319952,0.0,0.0
2024-04-25 22:30:00,-0.8282386516467917,0.0,0.0
2024-04-25 22:45:00,-0.8588423210957499,0.0,0.0
2024-04-25 23:00:00,-0.8857323793349485,0.0,0.0
2024-04-25 23:15:00,-0.9087937480369493,0.0,0.0
2024-04-25 23:30:00,-0.927927754479323,0.0,0.0
2024-04-25 23:45:00,-0.9430525492815919,0.0,0.0
2024-04-26 00:00:00,-0.9541034552592024,0.0,0.0
2024-04-26 00:15:00,-0.9610332480242536,0.0,0.0
2024-04-26 00:30:00,-0.9638123548828345,0.0,0.0
2024-04-26 00:45:00,-0.9624289814596916,0.0,0.0
2024-04-26 01:00:00,-0.9568891624503861,0.0,0.0
2024-04-26 01:15:00,-0.9472167340593967,0.0,0.0
2024-04-26 01:30:00,-0.9334532335257865,0.0,0.0
2024-04-26 01:45:00,-0.9156577181200874,0.0,0.0
2024-04-26 02:00:00,-0.8939065121815604,0.0,0.0
2024-04-26 02:15:00,-0.8682928834484184,0.0,0.0
2024-04-26 02:30:00,-0.8389266372504411,0.0,0.0
2024-04-26 02:45:00,-0.8059336479174624,0.0,0.0
2024-04-26 03:00:00,-0.7694553243439592,0.0,0.0
2024-04-26 03:15:00,-0.7296479950342118,0.0,0.0
2024-04-26 03:30:00,-0.686682241848803,0.0,0.0
2024-04-26 03:45:00,-0.640742175428654,0.0,0.0
2024-04-26 04:00:00,-0.5920246346991387,0.0,0.0
2024-04-26 04:15:00,-0.5407383486409679,0.0,0.0
2024-04-26 04:30:00,-0.48710304937080084,0.0,0.0
2024-04-26 04:45:00,-0.4313485169389784,0.0,0.0
2024-04-26 05:00:00,-0.37371360131355613,0.0,0.0
2024-04-26 05:15:00,-0.3144452072730912,0.0,0.0
2024-04-26 05:30:00,-0.2537972211777504,0.0,0.0
2024-04-26 05:45:00,-0.19202943081694573,0.0,0.0
2024-04-26 06:00:00,-0.12940642109431283,0.0,0.0
2024-04-26 06:15:00,-0.06619642406978488,3.793269707318416,2.813988900949838
2024-04-26 06:30:00,-0.002670178201994805,38.62485822597267,28.4191363089674
2024-04-26 06:45:00,0.060900222759318653,83.96643521490643,61.27107648903162
2024-04-26 07:00:00,0.12424251220875743,136.36672569207622,98.4054659236365
2024-04-26 07:15:00,0.18708540826599582,194.26275017631497,138.61391542807374
2024-04-26 07:30:00,0.2491597673237562,253.85638176999726,179.59685330044246
2024-04-26 07:45:00,0.3101997535848392,315.78020237504103,220.85314627624317
2024-04-26 08:00:00,0.3699439689428668,378.79338216046517,261.8611567729628
2024-04-26 08:15:00,0.4281365646533862,441.34117247260536,302.4243359466601
2024-04-26 08:30:00,0.4845283529940871,503.3849506347966,340.8690951082838
2024-04-26 08:45:00,0.5388778660428463,564.4512015725188,378.79747784013347
2024-04-26 09:00:00,0.5909523827291671,623.312382579917,413.25887715746364
2024-04-26 09:15:00,0.6405289399189911,680.6919141246617,447.17400132452303
2024-04-26 09:30:00,0.68739527933256,734.5263531312714,478.0858023238389
2024-04-26 09:45:00,0.7313507506021646,785.9772653238629,506.80776497244074
2024-04-26 10:00:00,0.7722071828451763,833.6355170799047,532.483169318148
2024-04-26 10:15:00,0.8097896834283533,878.305782608931,555.6901167693139
2024-04-26 10:30:00,0.843937382196245,918.3707597879277,577.3258847440004
2024-04-26 10:45:00,0.8745041302064664,955.3865682533694,594.8020283349111
2024-04-26 11:00:00,0.9013591194945887,981.0360144631807,604.8217261696428
2024-04-26 11:15:00,0.9243874400240197,1009.2947907437315,618.16335073837
2024-04-26 11:30:00,0.9434905786027477,1030.999163395323,625.2045941774859
2024-04-26 11:45:00,0.9585868359586301,1049.8353149428783,632.3827791848358
2024-04-26 12:00:00,0.9696116749539608,1062.7332282541452,633.707531756309
2024-04-26 12:15:00,0.9765180005567901,1070.5884465551198,636.2275569596087
2024-04-26 12:30:00,0.979276358198991,1074.317805482593,634.1006789687699
2024-04-26 12:45:00,0.9778750598854087,1072.919309765638,628.9377353034831
2024-04-26 13:00:00,0.9723202344839741,1066.403273780522,620.8069217681167
2024-04-26 13:15:00,0.9626357997556506,1053.8226207568723,611.3529419674622
2024-04-26 13:30:00,0.9488633615430282,1037.2724546506838,599.6550166951438
2024-04-26 13:45:00,0.931062032457696,1015.8203501006614,585.2000599766509
2024-04-26 14:00:00,0.9093081786779073,990.6685559977386,568.7079662785018
2024-04-26 14:15:00,0.8836950961033656,953.7190236046781,545.5687348992368
2024-04-26 14:30:00,0.854332604438709,918.9939610966703,525.7044898198144
2024-04-26 14:45:00,0.8213465785187473,880.3140619565161,503.57790628983014
2024-04-26 15:00:00,0.7848784138745968,837.9891284224907,477.67233114044905
2024-04-26 15:15:00,0.7450844118465331,791.3596847831272,452.6921361446479
2024-04-26 15:30:00,0.7021351134749083,742.0920608720894,424.50891385026097
2024-04-26 15:45:00,0.656214575034541,688.7174090317777,393.97629306836046
2024-04-26 16:00:00,0.6075195678322987,633.4127284560626,363.6199639468384
2024-04-26 16:15:00,0.5562587402402102,575.070278813787,331.2900372780181
2024-04-26 16:30:00,0.502651731142392,515.3123095561659,297.9059264561105
2024-04-26 16:45:00,0.4469282151201114,455.3359110672148,264.15351438788247
2024-04-26 17:00:00,0.3893269248998073,392.5840399672408,228.54289308709883
2024-04-26 17:15:00,0.3300946367813134,331.41552015148807,195.61325827085685
2024-04-26 17:30:00,0.26948509788198977,269.8866147818402,161.4788508338146
2024-04-26 17:45:00,0.20775794670043365,209.6245113578144,126.69394069254683
2024-04-26 18:00:00,0.1451776093341083,152.14006390985722,93.18131090200636
2024-04-26 18:15:00,0.08201215030714916,98.60149673951103,61.58636618854534
2024-04-26 18:30:00,0.018532132448507987,51.04441578709133,32.39816991302122
2024-04-26 18:45:00,-0.04499053340041982,12.844241036611919,8.308086668979419
2024-04-26 19:00:00,-0.10828377001829155,0.0,0.0
2024-04-26 19:15:00,-0.1710764906287019,0.0,0.0
2024-04-26 19:30:00,-0.2330997515558917,0.0,0.0
2024-04-26 19:45:00,-0.29408792091951835,0.0,0.0
2024-04-26 20:00:00,-0.35377980761355904,0.0,0.0
2024-04-26 20:15:00,-0.4119197721109956,0.0,0.0
2024-04-26 20:30:00,-0.46825883722401596,0.0,0.0
2024-04-26 20:45:00,-0.5225557458980222,0.0,0.0
2024-04-26 21:00:00,-0.5745779874492467,0.0,0.0
2024-04-26 21:15:00,-0.6241028077101496,0.0,0.0
2024-04-26 21:30:00,-0.6709181550170095,0.0,0.0
2024-04-26 21:45:00,-0.7148235823816844,0.0,0.0
2024-04-26 22:00:00,-0.7556311182321536,0.0,0.0
2024-04-26 22:15:00,-0.7931660642572569,0.0,0.0
2024-04-26 22:30:00,-0.8272677388363869,0.0,0.0
2024-04-26 22:45:00,-0.8577901749281681,0.0,0.0
2024-04-26 23:00:00,-0.8846027390739594,0.0,0.0
2024-04-26 23:15:00,-0.9075906876047971,0.0,0.0
2024-04-26 23:30:00,-0.9266556648009352,0.0,0.0
2024-04-26 23:45:00,-0.9417161193241259,0.0,0.0
2024-04-27 00:00:00,-0.9527076517736484,0.0,0.0
2024-04-27 00:15:00,-0.9595832940703175,0.0,0.0
2024-04-27 00:30:00,-0.962313707259717,0.0,0.0
2024-04-27 00:45:00,-0.9608873071364534,0.0,0.0
2024-04-27 01:00:00,-0.9553103140731143,0.0,0.0
2024-04-27 01:15:00,-0.9456067246635794,0.0,0.0
2024-04-27 01:30:00,-0.9318182105661486,0.0,0.0
2024-04-27 01:45:00,-0.9140039369085141,0.0,0.0
2024-04-27 02:00:00,-0.892240308866582,0.0,0.0
2024-04-27 02:15:00,-0.8666206476411569,0.0,0.0
2024-04-27 02:30:00,-0.8372547844411027,0.0,0.0
2024-04-27 02:45:00,-0.8042685917501671,0.0,0.0
2024-04-27 03:00:00,-0.767803448912106,0.0,0.0
2024-04-27 03:15:00,-0.7280156273252192,0.0,0.0
2024-04-27 03:30:00,-0.6850756244147366,0.0,0.0
2024-04-27 03:45:00,-0.6391674394145468,0.0,0.0
2024-04-27 04:00:00,-0.5904877733964652,0.0,0.0
2024-04-27 04:15:00,-0.5392451915904354,0.0,0.0
2024-04-27 04:30:00,-0.4856592371851787,0.0,0.0
2024-04-27 04:45:00,-0.42995947696128284,0.0,0.0
2024-04-27 05:00:00,-0.37238452420700524,0.0,0.0
2024-04-27 05:15:00,-0.31318102455461894,0.0,0.0
2024-04-27 05:30:00,-0.2526025839901472,0.0,0.0
2024-04-27 05:45:00,-0.1909086898357841,0.0,0.0
2024-04-27 06:00:00,-0.12836360773468444,0.0,0.0
2024-04-27 06:15:00,-0.06523523312045999,5.579730586213703,4.206923887022809
2024-04-27 06:30:00,-0.0017939518493376022,40.09046641238584,29.98371395195303
2024-04-27 06:45:00,0.06168850931865377,84.45790900732439,62.483306498109066
2024-04-27 07:00:00,0.12494026363106163,135.83587267834537,99.39525239122072
2024-04-27 07:15:00,0.18769042020896656,192.5094366675304,138.91937871076922
2024-04-27 07:30:00,0.24967023600942798,251.00300677106156,178.59289632860515
2024-04-27 07:45:00,0.31061428349638964,312.45344111165866,219.1580259340151
2024-04-27 08:00:00,0.3702615788869841,374.503709950666,258.138686799919
2024-04-27 08:15:00,0.4283566919637628,436.10469132545205,296.19152584027745
2024-04-27 08:30:00,0.4846508559476569,497.2229903947232,331.6711786572775
2024-04-27 08:45:00,0.5389030244260106,556.9291766170194,364.74351055942526
2024-04-27 09:00:00,0.5908808966295069,614.9745687598153,396.54313229992334
2024-04-27 09:15:00,0.6403619266961679,671.5715248536898,426.2501203208779
2024-04-27 09:30:00,0.6871342687323343,725.3477356523385,453.0512491096556
2024-04-27 09:45:00,0.7309976781502171,776.8688151393543,477.3796098031069
2024-04-27 10:00:00,0.7717643814842509,823.1761624100383,497.5154442787345
2024-04-27 10:15:00,0.8092598733976762,868.0802185883715,517.6359956221859
2024-04-27 10:30:00,0.8433236592805158,907.6506548649783,533.8930991341981
2024-04-27 10:45:00,0.8738099523318343,943.3432736665429,549.1675131673636
2024-04-27 11:00:00,0.9005882917866946,975.7753493673873,560.1583002950263
2024-04-27 11:15:00,0.9235440983517366,1001.9203045814053,571.1167260693352
2024-04-27 11:30:00,0.9425791717015362,1024.440484126013,577.7414526465598
2024-04-27 11:45:00,0.9576121062001715,1043.0359851381697,584.0118430356933
2024-04-27 12:00:00,0.9685786378549852,1056.8300087521452,585.3266425214867
2024-04-27 12:15:00,0.9754319230949922,1064.6038996333273,587.4802794433275
2024-04-27 12:30:00,0.9781427360534417,1068.273879637121,585.1867627009249
2024-04-27 12:45:00,0.9766995936963614,1066.839396134183,580.0880486970864
2024-04-27 13:00:00,0.9711088052148937,1059.3110435783894,571.7120610894696
2024-04-27 13:15:00,0.9613944432878663,1047.7418932982755,563.3503117176309
2024-04-27 13:30:00,0.947598242599551,1032.174661930956,552.8937246483736
2024-04-27 13:45:00,0.9297794179680563,1010.7625061165035,539.3809992254969
2024-04-27 14:00:00,0.9080144107074004,984.6701513146672,523.4667665659034
2024-04-27 14:15:00,0.882396564462454,949.6894606575053,502.9507994138061
2024-04-27 14:30:00,0.8530357190727672,915.0325046242931,484.5966484368276
2024-04-27 14:45:00,0.8200577418320878,874.9752011914759,463.3825004247517
2024-04-27 15:00:00,0.7836039930836678,831.856585443317,440.54709668641937
2024-04-27 15:15:00,0.7438307114718603,786.4570380720768,416.5037229423519
2024-04-27 15:30:00,0.7009083481097939,737.1438553939985,391.87773688664305
2024-04-27 15:45:00,0.6550208425183071,683.9990917467693,365.0077158018167
2024-04-27 16:00:00,0.6063648229189922,628.9410702729309,335.62667875480656
2024-04-27 16:15:00,0.555148768900154,569.6412141699358,306.2849329806132
2024-04-27 16:30:00,0.5015921255347341,509.87400433647554,276.2105466335292
2024-04-27 16:45:00,0.44592434952060217,449.02237794682645,245.06107976917102
2024-04-27 17:00:00,0.38838393245484293,388.3096728156067,213.49598204481984
2024-04-27 17:15:00,0.32921738734027095,327.4233012241335,182.6674886646707
2024-04-27 17:30:00,0.26867817701193986,266.5833454670027,151.41954149568332
2024-04-27 17:45:00,0.2070256358699882,207.4022527394316,119.90080404762851
2024-04-27 18:00:00,0.14452386745461587,149.96384798986495,88.21088062048406
2024-04-27 18:15:00,0.08144059663318018,98.27156096307401,58.99658819982278
2024-04-27 18:30:00,0.018046030992420303,51.510258333005496,31.54851702451184
2024-04-27 18:45:00,-0.04538828796567672,14.483036174759011,9.075360851979301
2024-04-27 19:00:00,-0.10859066486606339,0.0,0.0
2024-04-27 19:15:00,-0.17129040555501995,0.0,0.0
2024-04-27 19:30:00,-0.23321896817766144,0.0,0.0
2024-04-27 19:45:00,-0.2941111300349043,0.0,0.0
2024-04-27 20:00:00,-0.3537061148418601,0.0,0.0
2024-04-27 20:15:00,-0.41174870174675104,0.0,0.0
2024-04-27 20:30:00,-0.46799033423830527,0.0,0.0
2024-04-27 20:45:00,-0.5221901762041882,0.0,0.0
2024-04-27 21:00:00,-0.5741161362691202,0.0,0.0
2024-04-27 21:15:00,-0.6235458761550478,0.0,0.0
2024-04-27 21:30:00,-0.6702677548898355,0.0,0.0
2024-04-27 21:45:00,-0.7140817292099333,0.0,0.0
2024-04-27 22:00:00,-0.7548002225001798,0.0,0.0
2024-04-27 22:15:00,-0.7922489210005643,0.0,0.0
2024-04-27 22:30:00,-0.8262675155633534,0.0,0.0
2024-04-27 22:45:00,-0.856710397892466,0.0,0.0
2024-04-27 23:00:00,-0.8834472780406419,0.0,0.0
2024-04-27 23:15:00,-0.9063637391159767,0.0,0.0
2024-04-27 23:30:00,-0.925361734036386,0.0,0.0
2024-04-27 23:45:00,-0.9403600006124275,0.0,0.0
2024-04-28 00:00:00,-0.9512944078915666,0.0,0.0
2024-04-28 00:15:00,-0.958118234348796,0.0,0.0
2024-04-28 00:30:00,-0.9608023646428707,0.0,0.0
2024-04-28 00:45:00,-0.9593354142768951,0.0,0.0
2024-04-28 01:00:00,-0.9537237785551876,0.0,0.0
2024-04-28 01:15:00,-0.9439916034839886,0.0,0.0
2024-04-28 01:30:00,-0.9301806839628409,0.0,0.0
2024-04-28 01:45:00,-0.9123502816682435,0.0,0.0
2024-04-28 02:00:00,-0.890576871200193,0.0,0.0
2024-04-28 02:15:00,-0.8649538157820049,0.0,0.0
2024-04-28 02:30:00,-0.8355909610437118,0.0,0.0
2024-04-28 02:45:00,-0.8026141662360904,0.0,0.0
2024-04-28 03:00:00,-0.7661647698847445,0.0,0.0
2024-04-28 03:15:00,-0.7263989751337511,0.0,0.0
2024-04-28 03:30:00,-0.6834871840597543,0.0,0.0
2024-04-28 03:45:00,-0.6376132738301541,0.0,0.0
2024-04-28 04:00:00,-0.5889737972483141,0.0,0.0
2024-04-28 04:15:00,-0.5377771457757582,0.0,0.0
2024-04-28 04:30:00,-0.48424266401429117,0.0,0.0
2024-04-28 04:45:00,-0.4285996962606776,0.0,0.0
2024-04-28 05:00:00,-0.3710866103256929,0.0,0.0
2024-04-28 05:15:00,-0.3119497844977878,0.0,0.0
2024-04-28 05:30:00,-0.25144253663581284,0.0,0.0
2024-04-28 05:45:00,-0.18982404646749962,0.0,0.0
2024-04-28 06:00:00,-0.12735825383298208,3.0,2.0678461649999997
2024-04-28 06:15:00,-0.06431271163014393,5.0,3.405983175
2024-04-28 06:30:00,-0.0009574478905114286,8.0,5.36871888
2024-04-28 06:45:00,0.062436182212717004,11.0,7.293048840000001
2024-04-28 07:00:00,0.12559667558402582,14.0,9.140567310000002
2024-04-28 07:15:00,0.18825353554442867,18.0,11.606620410000001
2024-04-28 07:30:00,0.25013842197044106,23.0,14.59822581
2024-04-28 07:45:00,0.31098631731762283,27.0,16.91874135
2024-04-28 08:00:00,0.37053665300459754,32.0,19.79310816
2024-04-28 08:15:00,0.4285344175265372,37.0,22.661410905
2024-04-28 08:30:00,0.48473126444612347,42.0,25.469073
2024-04-28 08:45:00,0.5388865675149249,331.7552119922089,199.8373268478804
2024-04-28 09:00:00,0.5907684442087919,368.5229510734067,219.75013438126086
2024-04-28 09:15:00,0.6401547630701623,403.8263097219276,239.98524110466226
2024-04-28 09:30:00,0.686834087084685,438.6301356752433,258.89514762616676
2024-04-28 09:45:00,0.7306065731869973,460.6643305881635,270.96934905520686
2024-04-28 10:00:00,0.7712848403630017,429.7561930784782,251.9200506014427
2024-04-28 10:15:00,0.8086947649635575,337.49562200876096,197.15535581437496
2024-04-28 10:30:00,0.8426762216655341,364.70704886662134,212.3142960273953
2024-04-28 10:45:00,0.8730837789400259,331.82709447350067,193.17322268625108
2024-04-28 11:00:00,0.8997873157419629,362.89340678800085,210.5249474537744
2024-04-28 11:15:00,0.9226725755227093,559.6328686018383,324.65919207133595
2024-04-28 11:30:00,0.94164166227375,659.4687739061637,382.57688449849985
2024-04-28 11:45:00,0.9566134549704868,681.502565567179,395.3593234871269
2024-04-28 12:00:00,0.9675239532997696,716.1597578498302,415.464961803292
2024-04-28 12:15:00,0.974326555280425,763.3724582301594,444.3974597680773
2024-04-28 12:30:00,0.9769922535176465,760.6481880269057,444.3490652335374
2024-04-28 12:45:00,0.9755097593927685,759.1345329001822,443.4648309038794
2024-04-28 13:00:00,0.9698855516032615,1021.1742496814136,598.6051458847844
2024-04-28 13:15:00,0.9601438467057377,743.9307778871255,437.5907254829849
2024-04-28 13:30:00,0.9463264970106093,718.2340705105116,423.92736064225835
2024-04-28 13:45:00,0.9284928082007549,974.356397928293,579.0389319598972
2024-04-28 14:00:00,0.9067192853068451,680.0568905834973,405.5177368392945
2024-04-28 14:15:00,0.8810993082777503,710.8727025594326,425.33012313787845
2024-04-28 14:30:00,0.8517427256652985,610.2292495579571,367.5800035325869
2024-04-28 14:45:00,0.8187753858630777,366.8448923638385,221.71560346382793
2024-04-28 15:00:00,0.7823386027844543,612.5063304553082,372.66591281284434
2024-04-28 15:15:00,0.7425885413210898,455.1012239047689,278.7361037371453
2024-04-28 15:30:00,0.6996955518224716,367.07473080126516,226.30644445603136
2024-04-28 15:45:00,0.6538434464594272,525.2680909594188,324.8965042923905
2024-04-28 16:00:00,0.6052287001179518,483.35422444859614,300.92538733496997
2024-04-28 16:15:00,0.5540596136534672,473.8409067367139,297.8760133574418
2024-04-28 16:30:00,0.5005554288609216,494.94045508671087,313.1409638042329
2024-04-28 16:45:00,0.44494537540999657,436.72255669356736,278.0729669293777
2024-04-28 17:00:00,0.38746769520947877,327.796509128692,210.04201672901522
2024-04-28 17:15:00,0.32836862986087,318.7686762401047,206.19029041962142
2024-04-28 17:30:00,0.26790135038892776,260.70872096524874,169.68913028668072
2024-04-28 17:45:00,0.2063248801654261,204.07954770669983,134.06809460026977
2024-04-28 18:00:00,0.14390299380903715,150.47837832256806,99.46366272944816
2024-04-28 18:15:00,0.08090307086247314,94.94730897529205,63.14240963440423
2024-04-28 18:30:00,0.017594958612385733,60.3107648600345,40.35203328030982
2024-04-28 18:45:00,-0.045750175135185256,32.53621759999073,21.96626020636097
2024-04-28 19:00:00,-0.1088610204377641,15.569592854034768,10.574482586125065
2024-04-28 19:15:00,-0.17146727871986506,4.998645244804723,3.4050603203197287
2024-04-28 19:30:00,-0.2333008121117275,0.0,0.0
2024-04-28 19:45:00,-0.2940968085093868,0.0,0.0
2024-04-28 20:00:00,-0.35359490715345937,0.0,0.0
2024-04-28 20:15:00,-0.4115403057911058,0.0,0.0
2024-04-28 20:30:00,-0.46768486778965335,0.0,0.0
2024-04-28 20:45:00,-0.5217881763745904,0.0,0.0
2024-04-28 21:00:00,-0.5736185571649468,0.0,0.0
2024-04-28 21:15:00,-0.6229540847522791,0.0,0.0
2024-04-28 21:30:00,-0.6695835250604424,0.0,0.0
2024-04-28 21:45:00,-0.713307234071936,0.0,0.0
2024-04-28 22:00:00,-0.7539380250085806,0.0,0.0
2024-04-28 22:15:00,-0.7913019628345934,0.0,0.0
2024-04-28 22:30:00,-0.8252391044074778,0.0,0.0
2024-04-28 22:45:00,-0.8556041931327703,0.0,0.0
2024-04-28 23:00:00,-0.8822672749359947,0.0,0.0
2024-04-28 23:15:00,-0.9051142515121655,0.0,0.0
2024-04-28 23:30:00,-0.9240473757270842,0.0,0.0
2024-04-28 23:45:00,-0.9389856653899393,0.0,0.0
2024-04-29 00:00:00,-0.9498652484006103,0.0,0.0
2024-04-29 00:15:00,-0.9566396398004517,0.0,0.0
2024-04-29 00:30:00,-0.9592799375368947,0.0,0.0
2024-04-29 00:45:00,-0.9577749461896982,0.0,0.0
2024-04-29 01:00:00,-0.9521312251126961,0.0,0.0
2024-04-29 01:15:00,-0.9423730586256813,0.0,0.0
2024-04-29 01:30:00,-0.9285423536254791,0.0,0.0
2024-04-29 01:45:00,-0.9106984569590328,0.0,0.0
2024-04-29 02:00:00,-0.8889179012390696,0.0,0.0
2024-04-29 02:15:00,-0.8632940802553022,0.0,0.0
2024-04-29 02:30:00,-0.8339368426633609,0.0,0.0
2024-04-29 02:45:00,-0.8009720231772026,0.0,0.0
2024-04-29 03:00:00,-0.7645409083066247,0.0,0.0
2024-04-29 03:15:00,-0.7247996219715684,0.0,0.0
2024-04-29 03:30:00,-0.6819184601163069,0.0,0.0
2024-04-29 03:45:00,-0.6360811673505459,0.0,0.0
2024-04-29 04:00:00,-0.5874841380692499,0.0,0.0
2024-04-29 04:15:00,-0.5363355801577282,0.0,0.0
2024-04-29 04:30:00,-0.48285463026674214,0.0,0.0
2024-04-29 04:45:00,-0.42727040126190313,0.0,0.0
2024-04-29 05:00:00,-0.3698210070621599,0.0,0.0
2024-04-29 05:15:00,-0.3107525506672601,0.0,0.0
2024-04-29 05:30:00,-0.2503180544832707,0.0,0.0
2024-04-29 05:45:00,-0.18877638385771345,9.357130625992012,6.128162819586675
2024-04-29 06:00:00,-0.12639114671832052,20.0,13.138807499999999
2024-04-29 06:15:00,-0.06342954791893086,34.0,22.404698819999997
2024-04-29 06:30:00,-0.00016125286539482586,51.0,33.60704823
2024-04-29 06:45:00,0.06314275896327935,12.0,7.907540759999999
2024-04-29 07:00:00,0.12621137157382467,15.0,9.884425949999999
2024-04-29 07:15:00,0.18877448514986347,19.0,12.520272869999998
2024-04-29 07:30:00,0.2505641644473217,24.0,15.815081519999998
2024-04-29 07:45:00,0.31131580309918105,29.0,19.109890169999996
2024-04-29 08:00:00,0.3707692481872374,200.24615489123426,131.95455265297568
2024-04-29 08:15:00,0.42866990659438664,216.43349532971934,142.18390158446658
2024-04-29 08:30:00,0.4847698511689085,147.0,96.27309594
2024-04-29 08:45:00,0.5388288740527982,438.8517313389144,287.4123458137851
2024-04-29 09:00:00,0.590615508386538,486.13944080748826,317.39930576761486
2024-04-29 09:15:00,0.6399080338732798,520.1604545655102,337.5086883398837
2024-04-29 09:30:00,0.6864954183637094,506.3811026009314,327.5443115673298
2024-04-29 09:45:00,0.7301782156568225,620.232315710234,399.9333919146648
2024-04-29 10:00:00,0.770769431818236,651.7801019318456,418.9583118050618
2024-04-29 10:15:00,0.8080953188600285,581.8424033242279,372.826886221348
2024-04-29 10:30:00,0.8419961141216377,704.5261192348726,450.0147764237378
2024-04-29 10:45:00,0.8723267340983597,731.4614858354093,464.2626061540618
2024-04-29 11:00:00,0.8989573896644227,740.9245696869768,468.7712056541607
2024-04-29 11:15:00,0.9217741386690914,747.2846537663784,472.7951298212625
2024-04-29 11:30:00,0.9406793805882274,798.288820204702,503.4510306274412
2024-04-29 11:45:00,0.955592269706653,816.2846198865534,513.1503103253739
2024-04-29 12:00:00,0.9664490596795065,825.6942430042402,519.065589022597
2024-04-29 12:15:00,0.9732033800265409,629.0694219248835,394.1875126200416
2024-04-29 12:30:00,0.9758264314017195,698.5456571842592,437.72271463208335
2024-04-29 12:45:00,0.9743071088908206,683.6024701138143,428.35901400284183
2024-04-29 13:00:00,0.968652049747599,771.4294719487872,481.8338414637516
2024-04-29 13:15:00,0.9588856032624566,698.3235113265378,436.17195386237313
2024-04-29 13:30:00,0.9450497280808008,977.3581142460542,610.4566027057464
2024-04-29 13:45:00,0.9272038093728736,958.6673141544001,598.7823533599933
2024-04-29 14:00:00,0.9054244044533026,642.2211939667653,402.4286766745142
2024-04-29 14:15:00,0.8798049181353778,615.8310344519798,385.8920735998513
2024-04-29 14:30:00,0.8504551963178026,548.3342113187935,343.59721091329294
2024-04-29 14:45:00,0.8175010572217756,258.62751374388307,162.58396361161147
2024-04-29 15:00:00,0.7810837572048777,232.81083757204877,146.35453203051955
2024-04-29 15:15:00,0.7413593764828148,471.2206096374582,297.181290242842
2024-04-29 15:30:00,0.698498153969695,363.1813541636059,229.77907364350256
2024-04-29 15:45:00,0.652683764113762,230.13757269759267,146.0695762436847
2024-04-29 16:00:00,0.6041125183834403,370.616877757516,235.98170786595634
2024-04-29 16:15:00,0.5529925292742879,449.6577352928638,288.1269779527614
2024-04-29 16:30:00,0.4995428260341597,492.14660452440546,317.3421569325091
2024-04-29 16:45:00,0.44399240255734007,434.7702715282344,281.22401990558535
2024-04-29 17:00:00,0.3865792427515846,376.65653023765043,245.15681253848533
2024-04-29 17:15:00,0.32754930911699365,317.9916712180766,208.2587936823049
2024-04-29 17:30:00,0.26715547370230747,259.7196798013091,171.1453295169167
2024-04-29 17:45:00,0.20565644223866397,204.918307072449,136.27596007090955
2024-04-29 18:00:00,0.1433156545292864,151.54660742716396,101.39506206911449
2024-04-29 18:15:00,0.08040013949358418,103.52167030476643,69.89085132354964
2024-04-29 18:30:00,0.017179379526331334,61.30123629869082,41.88210744850658
2024-04-29 18:45:00,-0.04607583514791114,27.518519390301858,19.023646292666797
2024-04-29 19:00:00,-0.10909458321686447,7.435570025157276,5.185324693629616
2024-04-29 19:15:00,-0.17160696414378512,3.099835904353405,2.1805223439466084
2024-04-29 19:30:00,-0.23334524571597434,0.0,0.0
2024-04-29 19:45:00,-0.29404502745173455,0.0,0.0
2024-04-29 20:00:00,-0.35344636428939147,0.0,0.0
2024-04-29 20:15:00,-0.4112948720614001,0.0,0.0
2024-04-29 20:30:00,-0.46734283270335364,0.0,0.0
2024-04-29 20:45:00,-0.5213502467374936,0.0,0.0
2024-04-29 21:00:00,-0.5730858540290926,0.0,0.0
2024-04-29 21:15:00,-0.6223281385040459,0.0,0.0
2024-04-29 21:30:00,-0.6688662688167603,0.0,0.0
2024-04-29 21:45:00,-0.7125009952931671,0.0,0.0
2024-04-29 22:00:00,-0.7530455154211926,0.0,0.0
2024-04-29 22:15:00,-0.7903262666665452,0.0,0.0
2024-04-29 22:30:00,-0.8241836650909943,0.0,0.0
2024-04-29 22:45:00,-0.8544727983598801,0.0,0.0
2024-04-29 23:00:00,-0.8810640402883281,0.0,0.0
2024-04-29 23:15:00,-0.9038436026970331,0.0,0.0
2024-04-29 23:30:00,-0.9227140293951919,0.0,0.0
2024-04-29 23:45:00,-0.9375946087697686,0.0,0.0
2024-04-30 00:00:00,-0.9484217177324814,0.0,0.0
