Timestamp,Cos Solar Incidence (°),GHI (W/m2),PV Power Generation (W)
2024-01-01 00:15:00,-0.9471931101417955,0.0,0.0
2024-01-01 00:30:00,-0.9510428958461201,0.0,0.0
2024-01-01 00:45:00,-0.9509741123119855,0.0,0.0
2024-01-01 01:00:00,-0.9469870040411584,0.0,0.0
2024-01-01 01:15:00,-0.9390985825598016,0.0,0.0
2024-01-01 01:30:00,-0.9273425556600743,0.0,0.0
2024-01-01 01:45:00,-0.9117691812369274,0.0,0.0
2024-01-01 02:00:00,-0.8924450526987571,0.0,0.0
2024-01-01 02:15:00,-0.8694528175534089,0.0,0.0
2024-01-01 02:30:00,-0.8428908187282491,0.0,0.0
2024-01-01 02:45:00,-0.8128726757918515,0.0,0.0
2024-01-01 03:00:00,-0.7795268036629346,0.0,0.0
2024-01-01 03:15:00,-0.7429958552035417,0.0,0.0
2024-01-01 03:30:00,-0.7034361143252545,0.0,0.0
2024-01-01 03:45:00,-0.6610168332810277,0.0,0.0
2024-01-01 04:00:00,-0.6159194979564453,0.0,0.0
2024-01-01 04:15:00,-0.5683370561192711,0.0,0.0
2024-01-01 04:30:00,-0.5184730987981404,0.0,0.0
2024-01-01 04:45:00,-0.4665409764183906,0.0,0.0
2024-01-01 05:00:00,-0.4127628918718914,0.0,0.0
2024-01-01 05:15:00,-0.35736895740199964,0.0,0.0
2024-01-01 05:30:00,-0.3005961955103046,0.0,0.0
2024-01-01 05:45:00,-0.2426875316960728,0.0,0.0
2024-01-01 06:00:00,-0.18389076305329688,0.0,0.0
2024-01-01 06:15:00,-0.12445748228570255,0.0,0.0
2024-01-01 06:30:00,-0.06464200886788085,0.0,0.0
2024-01-01 06:45:00,-0.004700308820862004,0.0,0.0
2024-01-01 07:00:00,0.055111116643883545,0.0,0.0
2024-01-01 07:15:00,0.11453632069491979,0.0,0.0
2024-01-01 07:30:00,0.17332099828325556,0.0,0.0
2024-01-01 07:45:00,0.2312135903116729,0.0,0.0
2024-01-01 08:00:00,0.28796635201649295,0.0,0.0
2024-01-01 08:15:00,0.34333640581293323,82.95059913352198,66.90137071630458
2024-01-01 08:30:00,0.397086795880444,156.8328162323074,124.90383011857075
2024-01-01 08:45:00,0.44898749432266205,227.06462255874467,178.08354553130573
2024-01-01 09:00:00,0.49881637900895043,296.8928024315916,229.24803675177995
2024-01-01 09:15:00,0.5463601980860164,363.3425546918035,277.61994148356115
2024-01-01 09:30:00,0.5914154752681475,425.7745803694692,321.8799497616205
2024-01-01 09:45:00,0.6337893750838027,482.27267068123166,360.6923814705986
2024-01-01 10:00:00,0.673300540338249,535.3501814788038,396.06059238641
2024-01-01 10:15:00,0.7097798616964265,584.6881983468735,429.0160559805083
2024-01-01 10:30:00,0.7430711971942431,629.9910386704305,457.1633574138288
2024-01-01 10:45:00,0.7730320503594202,671.7380313307073,482.02646505377095
2024-01-01 11:00:00,0.7995341746231024,707.2287371746127,503.2052410991194
2024-01-01 11:15:00,0.8224641194073969,738.018400839399,519.1454202507957
2024-01-01 11:30:00,0.8417237228906717,760.5300053245694,530.3688894749316
2024-01-01 11:45:00,0.8572305280036497,787.6447214110511,544.5014817799596
2024-01-01 12:00:00,0.8689181341225085,802.6290689311521,549.9930174723426
2024-01-01 12:15:00,0.8767364855696763,813.7190667919461,554.3026901340139
2024-01-01 12:30:00,0.8806520831746298,818.7929665320861,554.4488710495958
2024-01-01 12:45:00,0.8806481280758436,818.0283163521636,550.6240339242092
2024-01-01 13:00:00,0.8767245948651103,811.9555580661531,543.2538913617618
2024-01-01 13:15:00,0.8688982305941835,361.1241372718076,241.6167866438631
2024-01-01 13:30:00,0.8572024851447242,786.7640750958446,524.8087340150691
2024-01-01 13:45:00,0.8416873661995209,763.0253276498066,508.97387018661965
2024-01-01 14:00:00,0.8224192257258138,197.65370360911325,131.8443396794037
2024-01-01 14:15:00,0.7994804795786723,133.39844143873603,89.52234138933957
2024-01-01 14:30:00,0.7729692498613483,129.86484624930674,87.67598740094931
2024-01-01 14:45:00,0.7429989470753091,454.66749880784715,308.79892580971926
2024-01-01 15:00:00,0.7096977897290926,108.70969778972909,74.27242121740615
2024-01-01 15:15:00,0.6732082477915898,531.2457734541129,368.325851037316
2024-01-01 15:30:00,0.6336864365800304,478.40148032572023,336.52269004380116
2024-01-01 15:45:00,0.5913014547793728,412.32868159629993,294.21231269239536
2024-01-01 16:00:00,0.5462346503867676,251.91330088730248,181.78661708247404
2024-01-01 16:15:00,0.49867884957804537,204.0864799179282,148.51124158122133
2024-01-01 16:30:00,0.44883753858913944,26.0,19.024993260000002
2024-01-01 16:45:00,0.3969239803034516,97.44631645462128,71.89536363395283
2024-01-01 17:00:00,0.34316030774097,51.12027508247058,37.92292607563312
2024-01-01 17:15:00,0.2877765811611481,0.0,0.0
2024-01-01 17:30:00,0.23100978928603466,0.0,0.0
2024-01-01 17:45:00,0.17310284212855254,0.0,0.0
2024-01-01 18:00:00,0.11430353962817896,0.0,0.0
2024-01-01 18:15:00,0.054863495757324465,0.0,0.0
2024-01-01 18:30:00,-0.004962930541605987,0.0,0.0
2024-01-01 18:45:00,-0.0649197156178557,0.0,0.0
2024-01-01 19:00:00,-0.12475028282688144,0.0,0.0
2024-01-01 19:15:00,-0.18419859240666975,0.0,0.0
2024-01-01 19:30:00,-0.24301022919235835,0.0,0.0
2024-01-01 19:45:00,-0.30093350739350344,0.0,0.0
2024-01-01 20:00:00,-0.3577205394541951,0.0,0.0
2024-01-01 20:15:00,-0.41312828949212055,0.0,0.0
2024-01-01 20:30:00,-0.4669196286097971,0.0,0.0
2024-01-01 20:45:00,-0.5188643418091576,0.0,0.0
2024-01-01 21:00:00,-0.5687401065990492,0.0,0.0
2024-01-01 21:15:00,-0.6163334584082258,0.0,0.0
2024-01-01 21:30:00,-0.661440696773282,0.0,0.0
2024-01-01 21:45:00,-0.7038687515855089,0.0,0.0
2024-01-01 22:00:00,-0.7434360215249388,0.0,0.0
2024-01-01 22:15:00,-0.7799731447142998,0.0,0.0
2024-01-01 22:30:00,-0.8133237193252936,0.0,0.0
2024-01-01 22:45:00,-0.8433449828304175,0.0,0.0
2024-01-01 23:00:00,-0.8699084175511872,0.0,0.0
2024-01-01 23:15:00,-0.8929002978982026,0.0,0.0
2024-01-01 23:30:00,-0.9122221843696404,0.0,0.0
2024-01-01 23:45:00,-0.9277913407054181,0.0,0.0
2024-01-02 00:00:00,-0.9395410867907407,0.0,0.0
2024-01-02 00:15:00,-0.9474210883903902,0.0,0.0
2024-01-02 00:30:00,-0.9513975698853004,0.0,0.0
2024-01-02 00:45:00,-0.9514534592724774,0.0,0.0
2024-01-02 01:00:00,-0.9475884625004269,0.0,0.0
2024-01-02 01:15:00,-0.9398190636235372,0.0,0.0
2024-01-02 01:30:00,-0.928178456306401,0.0,0.0
2024-01-02 01:45:00,-0.9127163999077466,0.0,0.0
2024-01-02 02:00:00,-0.8934990070354881,0.0,0.0
2024-01-02 02:15:00,-0.8706084641772593,0.0,0.0
2024-01-02 02:30:00,-0.8441426750470216,0.0,0.0
2024-01-02 02:45:00,-0.8142148436918337,0.0,0.0
2024-01-02 03:00:00,-0.7809529949705748,0.0,0.0
2024-01-02 03:15:00,-0.7444994188714235,0.0,0.0
2024-01-02 03:30:00,-0.7050100651429562,0.0,0.0
2024-01-02 03:45:00,-0.66265388205132,0.0,0.0
2024-01-02 04:00:00,-0.6176120829712424,0.0,0.0
2024-01-02 04:15:00,-0.5700773758167088,0.0,0.0
2024-01-02 04:30:00,-0.5202531454442982,0.0,0.0
2024-01-02 04:45:00,-0.46835257068432185,0.0,0.0
2024-01-02 05:00:00,-0.41459771816494234,0.0,0.0
2024-01-02 05:15:00,-0.35921859973500203,0.0,0.0
2024-01-02 05:30:00,-0.3024521738875091,0.0,0.0
2024-01-02 05:45:00,-0.24454133866384625,0.0,0.0
2024-01-02 06:00:00,-0.18573390044971802,0.0,0.0
2024-01-02 06:15:00,-0.12628149794334081,0.0,0.0
2024-01-02 06:30:00,-0.06643853304866637,0.0,0.0
2024-01-02 06:45:00,-0.006461090384359075,0.0,0.0
2024-01-02 07:00:00,0.05339417463935478,0.0,0.0
2024-01-02 07:15:00,0.11287112606993514,0.0,0.0
2024-01-02 07:30:00,0.1717152355781209,0.0,0.0
2024-01-02 07:45:00,0.2296746876465306,0.0,0.0
2024-01-02 08:00:00,0.28650144905368,0.0,0.0
2024-01-02 08:15:00,0.34195232291669636,3.0,2.24370405
2024-01-02 08:30:00,0.39579000472661613,5.0,3.719293199999999
2024-01-02 08:45:00,0.4477840899685862,6.0,4.43889558
2024-01-02 09:00:00,0.4977120535787317,7.0,5.164562025
2024-01-02 09:15:00,0.5453602162446283,8.0,5.87001492
2024-01-02 09:30:00,0.5905246515184286,9.0,6.5491902
2024-01-02 09:45:00,0.6330120530057588,10.0,7.2364508999999995
2024-01-02 10:00:00,0.6726405738485469,12.0,8.63522856
2024-01-02 10:15:00,0.7092405984573655,13.0,9.30227571
2024-01-02 10:30:00,0.7426554641640883,14.0,9.98953641
2024-01-02 10:45:00,0.7727421416491862,16.0,11.35192968
2024-01-02 11:00:00,0.7993718415874356,17.0,11.992699215
2024-01-02 11:15:00,0.8224305631233568,19.0,13.36519926
2024-01-02 11:30:00,0.8418195890149589,49.0,34.369099065
2024-01-02 11:45:00,0.8574559040061394,26.0,18.18410958
2024-01-02 12:00:00,0.8692725489225444,21.0,14.644716975000001
2024-01-02 12:15:00,0.877218911614698,21.0,14.559820065000002
2024-01-02 12:30:00,0.8812609409069698,22.0,15.20867502
2024-01-02 12:45:00,0.8813812927575004,20.0,13.745214
2024-01-02 13:00:00,0.8775794057997606,21.0,14.390026245000001
2024-01-02 13:15:00,0.8698715026359201,21.0,14.34757779
2024-01-02 13:30:00,0.858290522460952,27.0,18.392309145000002
2024-01-02 13:45:00,0.8428859782643602,19.0,12.90433032
2024-01-02 14:00:00,0.8237237454344786,338.98198654124053,228.85777975729312
2024-01-02 14:15:00,0.8008857834014503,367.2391615183916,248.67743963588785
2024-01-02 14:30:00,0.7744697800088434,39.0,26.409003075
2024-01-02 14:45:00,0.7445887354980021,50.0,33.958764
2024-01-02 15:00:00,0.7113704838933333,35.0,23.771134800000002
2024-01-02 15:15:00,0.6749571381332772,26.0,17.76366774
2024-01-02 15:30:00,0.6355044854892625,22.0,15.119735400000001
2024-01-02 15:45:00,0.593181326978778,19.0,13.134764789999998
2024-01-02 16:00:00,0.5481687446189443,16.0,11.093196240000001
2024-01-02 16:15:00,0.5006593314397114,13.0,9.065777175000001
2024-01-02 16:30:00,0.4508563743679919,11.0,7.715512035
2024-01-02 16:45:00,0.39897297164111534,8.0,5.643623160000001
2024-01-02 17:00:00,0.3452311270389005,5.0,3.5373712499999996
2024-01-02 17:15:00,0.2898608075561759,0.0,0.0
2024-01-02 17:30:00,0.23309894497188002,0.0,0.0
2024-01-02 17:45:00,0.1751884289707441,0.0,0.0
2024-01-02 18:00:00,0.11637707586246981,0.0,0.0
2024-01-02 18:15:00,0.05691655258870426,0.0,0.0
2024-01-02 18:30:00,-0.0029386925525823893,0.0,0.0
2024-01-02 18:45:00,-0.06293251059082744,0.0,0.0
2024-01-02 19:00:00,-0.12280816406138381,0.0,0.0
2024-01-02 19:15:00,-0.1823094176688843,0.0,0.0
2024-01-02 19:30:00,-0.2411816267857137,0.0,0.0
2024-01-02 19:45:00,-0.29917284325553617,0.0,0.0
2024-01-02 20:00:00,-0.3560348853501552,0.0,0.0
2024-01-02 20:15:00,-0.4115243925203026,0.0,0.0
2024-01-02 20:30:00,-0.46540388210344985,0.0,0.0
2024-01-02 20:45:00,-0.517442757752439,0.0,0.0
2024-01-02 21:00:00,-0.5674182896776944,0.0,0.0
2024-01-02 21:15:00,-0.6151165818618115,0.0,0.0
2024-01-02 21:30:00,-0.6603334800872905,0.0,0.0
2024-01-02 21:45:00,-0.7028754401091416,0.0,0.0
2024-01-02 22:00:00,-0.7425603682063553,0.0,0.0
2024-01-02 22:15:00,-0.7792183939226373,0.0,0.0
2024-01-02 22:30:00,-0.8126925928643103,0.0,0.0
2024-01-02 22:45:00,-0.8428396682214727,0.0,0.0
2024-01-02 23:00:00,-0.8695305586186197,0.0,0.0
2024-01-02 23:15:00,-0.8926509877009643,0.0,0.0
2024-01-02 23:30:00,-0.9121019605134459,0.0,0.0
2024-01-02 23:45:00,-0.9278001830651547,0.0,0.0
2024-01-03 00:00:00,-0.9396784176038422,0.0,0.0
2024-01-03 00:15:00,-0.9476857748017665,0.0,0.0
2024-01-03 00:30:00,-0.9517879288654673,0.0,0.0
2024-01-03 00:45:00,-0.9519672648973896,0.0,0.0
2024-01-03 01:00:00,-0.948222955605001,0.0,0.0
2024-01-03 01:15:00,-0.9405709637434525,0.0,0.0
2024-01-03 01:30:00,-0.9290439758510055,0.0,0.0
2024-01-03 01:45:00,-0.9136912605538167,0.0,0.0
2024-01-03 02:00:00,-0.8945784582192974,0.0,0.0
2024-01-03 02:15:00,-0.8717873036172223,0.0,0.0
2024-01-03 02:30:00,-0.8454152712347452,0.0,0.0
2024-01-03 02:45:00,-0.8155751602226935,0.0,0.0
2024-01-03 03:00:00,-0.7823946166296563,0.0,0.0
2024-01-03 03:15:00,-0.7460155793392862,0.0,0.0
2024-01-03 03:30:00,-0.7065936762236358,0.0,0.0
2024-01-03 03:45:00,-0.6642975642823294,0.0,0.0
2024-01-03 04:00:00,-0.6193081975089787,0.0,0.0
2024-01-03 04:15:00,-0.5718180574197197,0.0,0.0
2024-01-03 04:30:00,-0.5220303364261011,0.0,0.0
2024-01-03 04:45:00,-0.47015805571770297,0.0,0.0
2024-01-03 05:00:00,-0.4164231597644398,0.0,0.0
2024-01-03 05:15:00,-0.3610555742342364,0.0,0.0
2024-01-03 05:30:00,-0.3042922078020032,0.0,0.0
2024-01-03 05:45:00,-0.2463759453010702,0.0,0.0
2024-01-03 06:00:00,-0.1875546165200534,0.0,0.0
2024-01-03 06:15:00,-0.12807992008445143,0.0,0.0
2024-01-03 06:30:00,-0.06820635412155748,0.0,0.0
2024-01-03 06:45:00,-0.008190135325074677,0.0,0.0
2024-01-03 07:00:00,0.051711913555396144,0.0,0.0
2024-01-03 07:15:00,0.11124345467207356,0.0,0.0
2024-01-03 07:30:00,0.17014972409592585,0.0,0.0
2024-01-03 07:45:00,0.22817863806517108,0.0,0.0
2024-01-03 08:00:00,0.2850818635909105,0.0,0.0
2024-01-03 08:15:00,0.34061587384095365,48.01789214104964,33.77729981633245
2024-01-03 08:30:00,0.39454300552801025,4.0,2.79755532
2024-01-03 08:45:00,0.4466324681651429,6.0,4.172076720000001
2024-01-03 09:00:00,0.49666132514862316,7.0,4.83912387
2024-01-03 09:15:00,0.5444154618228402,10.0,6.852393449999999
2024-01-03 09:30:00,0.5896904944981318,76.0,51.61732128
2024-01-03 09:45:00,0.6322926396069303,93.16146319803465,62.89633807384955
2024-01-03 10:00:00,0.6720395552555071,17.0,11.374164584999999
2024-01-03 10:15:00,0.7087611150660081,19.0,12.558678615
2024-01-03 10:30:00,0.742300132069287,22.0,14.40821844
2024-01-03 10:45:00,0.7725130413783698,24.0,15.572518919999998
2024-01-03 11:00:00,0.7992705091650298,26.0,16.71256314
2024-01-03 11:15:00,0.8224579834445289,28.0,17.828351100000003
2024-01-03 11:30:00,0.8419761916466897,48.0,30.368837519999996
2024-01-03 11:45:00,0.8577415613684005,146.5732246841052,91.84572138021525
2024-01-03 12:00:00,0.8696865768441021,96.0,59.767424639999994
2024-01-03 12:15:00,0.8777600723484367,228.39904390681556,141.2727181152559
2024-01-03 12:30:00,0.8819274484957179,176.22891172743576,108.29124232690252
2024-01-03 12:45:00,0.8821708207665317,245.98761581212415,150.66017403945463
2024-01-03 13:00:00,0.8784890974026145,180.6912928506497,109.93761572629761
2024-01-03 13:15:00,0.8708979829775463,129.0,78.487193295
2024-01-03 13:30:00,0.8594299132417824,223.12807514153982,135.30631509831815
2024-01-03 13:45:00,0.8441339145249391,41.0,24.8626665
2024-01-03 14:00:00,0.8250753944285212,73.0,44.120115585
2024-01-03 14:15:00,0.8023358654782513,26.0,15.766569
2024-01-03 14:30:00,0.7760125914208866,24.0,14.602268519999997
2024-01-03 14:45:00,0.7462181730720803,42.0,25.63886682
2024-01-03 15:00:00,0.7130800713711143,562.1560499597799,343.16771659466815
2024-01-03 15:15:00,0.6767400541794031,514.7693164085589,317.36211712855186
2024-01-03 15:30:00,0.6373535931239965,462.9942388199858,287.31384592026154
2024-01-03 15:45:00,0.595089204433449,403.3173630024346,252.7267461704537
2024-01-03 16:00:00,0.550127717394229,343.31832880591253,217.21205302384777
2024-01-03 16:15:00,0.5026615054120374,279.25090754365755,177.80654373864164
2024-01-03 16:30:00,0.45289366990217395,212.17563759194567,136.3845669240442
2024-01-03 16:45:00,0.40103715849187926,139.69144153621806,90.35711801806147
2024-01-03 17:00:00,0.34731385986946384,69.7917067001585,45.56684234089835
2024-01-03 17:15:00,0.29195366196636674,0.0,0.0
2024-01-03 17:30:00,0.23519345388980953,0.0,0.0
2024-01-03 17:45:00,0.1772761191918572,0.0,0.0
2024-01-03 18:00:00,0.11844950462064695,0.0,0.0
2024-01-03 18:15:00,0.0589653439983249,0.0,0.0
2024-01-03 18:30:00,-0.0009218113326838473,0.0,0.0
2024-01-03 18:45:00,-0.06095567364746657,0.0,0.0
2024-01-03 19:00:00,-0.12087933166024323,0.0,0.0
2024-01-03 19:15:00,-0.1804363418377088,0.0,0.0
2024-01-03 19:30:00,-0.23937181792243703,0.0,0.0
2024-01-03 19:45:00,-0.2974335376775485,0.0,0.0
2024-01-03 20:00:00,-0.3543730141333248,0.0,0.0
2024-01-03 20:15:00,-0.4099465515360032,0.0,0.0
2024-01-03 20:30:00,-0.46391630360806496,0.0,0.0
2024-01-03 20:45:00,-0.5160512834947791,0.0,0.0
2024-01-03 21:00:00,-0.566128345681582,0.0,0.0
2024-01-03 21:15:00,-0.6139331550538588,0.0,0.0
2024-01-03 21:30:00,-0.6592610967975514,0.0,0.0
2024-01-03 21:45:00,-0.7019181465546542,0.0,0.0
2024-01-03 22:00:00,-0.7417217130494357,0.0,0.0
2024-01-03 22:15:00,-0.7785014130016754,0.0,0.0
2024-01-03 22:30:00,-0.812099796087068,0.0,0.0
2024-01-03 22:45:00,-0.8423730287978055,0.0,0.0
2024-01-03 23:00:00,-0.8691915045520067,0.0,0.0
2024-01-03 23:15:00,-0.8924403956541254,0.0,0.0
2024-01-03 23:30:00,-0.9120201520905834,0.0,0.0
2024-01-03 23:45:00,-0.9278469234311614,0.0,0.0
2024-01-04 00:00:00,-0.939852916533656,0.0,0.0
2024-01-04 00:15:00,-0.9479866901309245,0.0,0.0
2024-01-04 00:30:00,-0.9522133723267324,0.0,0.0
2024-01-04 00:45:00,-0.9525148102837492,0.0,0.0
2024-01-04 01:00:00,-0.9488896492976389,0.0,0.0
2024-01-04 01:15:00,-0.941353337490838,0.0,0.0
2024-01-04 01:30:00,-0.9299380617578664,0.0,0.0
2024-01-04 01:45:00,-0.9146926082561074,0.0,0.0
2024-01-04 02:00:00,-0.8956821541269419,0.0,0.0
2024-01-04 02:15:00,-0.8729879921281801,0.0,0.0
2024-01-04 02:30:00,-0.8467071779232713,0.0,0.0
2024-01-04 02:45:00,-0.8169521167637238,0.0,0.0
2024-01-04 03:00:00,-0.7838500874524739,0.0,0.0
2024-01-04 03:15:00,-0.7475426898634049,0.0,0.0
2024-01-04 03:30:00,-0.7081852425701693,0.0,0.0
2024-01-04 03:45:00,-0.6659461242840514,0.0,0.0
2024-01-04 04:00:00,-0.621006042947756,0.0,0.0
2024-01-04 04:15:00,-0.573557267335723,0.0,0.0
2024-01-04 04:30:00,-0.5238028112935682,0.0,0.0
2024-01-04 04:45:00,-0.4719555524471274,0.0,0.0
2024-01-04 05:00:00,-0.4182373272648927,0.0,0.0
2024-01-04 05:15:00,-0.3628779894903958,0.0,0.0
2024-01-04 05:30:00,-0.30611441224842695,0.0,0.0
2024-01-04 05:45:00,-0.24818948129856627,0.0,0.0
2024-01-04 06:00:00,-0.1893510639042965,0.0,0.0
2024-01-04 06:15:00,-0.1298509325246108,0.0,0.0
2024-01-04 06:30:00,-0.06994369509047996,0.0,0.0
2024-01-04 06:45:00,-0.00988571367143079,0.0,0.0
2024-01-04 07:00:00,0.050066008679720414,0.0,0.0
2024-01-04 07:15:00,0.10965491966906231,0.0,0.0
2024-01-04 07:30:00,0.16862600773690406,0.0,0.0
2024-01-04 07:45:00,0.22672690932657727,0.0,0.0
2024-01-04 08:00:00,0.28370898074636697,0.0,0.0
2024-01-04 08:15:00,0.33932835484009277,2.0,1.3866495300000001
2024-01-04 08:30:00,0.3933469999357549,4.0,2.7571282200000002
2024-01-04 08:45:00,0.44553373060883117,6.0,4.11143607
2024-01-04 09:00:00,0.49566519048975044,8.0,5.44957308
2024-01-04 09:15:00,0.5435268221737984,326.024572019942,220.10980719097356
2024-01-04 09:30:00,0.5889137781532925,12.0,8.02882206
2024-01-04 09:45:00,0.631631791886363,14.0,9.253763189999999
2024-01-04 10:00:00,0.6714980215671612,17.0,11.13362334
2024-01-04 10:15:00,0.7083418260711585,19.0,12.328244145
2024-01-04 10:30:00,0.7420054910180807,22.0,14.09692977
2024-01-04 10:45:00,0.7723449137967655,24.0,15.232931279999999
2024-01-04 11:00:00,0.7992302148498025,26.0,16.34467653
2024-01-04 11:15:00,0.8225462907678598,221.75569406298234,138.06007013958535
2024-01-04 11:30:00,0.8421933143013951,235.32230525830323,145.55499501369164
2024-01-04 11:45:00,0.8580871574739567,348.3269957074216,214.04412438008524
2024-01-04 12:00:00,0.8701597504545109,291.5490103040868,177.38653896668842
2024-01-04 12:15:00,0.8783593773630765,764.4852362111104,463.5888163924527
2024-01-04 12:30:00,0.8826508949393432,294.5048529180245,177.99435823406392
2024-01-04 12:45:00,0.8830158834004201,237.0979371206248,142.81921200516126
2024-01-04 13:00:00,0.8794527266759931,223.09318360712365,133.48135455645252
2024-01-04 13:15:00,0.8719766182282798,755.2939726540037,451.908305435834
2024-01-04 13:30:00,0.8606194980821116,150.44247799232843,90.01290591024618
2024-01-04 13:45:00,0.845429914402697,247.01611280982655,147.79494739377725
2024-01-04 14:00:00,0.8264728162342262,695.5487209107328,416.16146188792817
2024-01-04 14:15:00,0.8038292791041416,221.69868377012304,133.09512765085063
2024-01-04 14:30:00,0.7775961532626827,212.9852884142773,127.86410666580451
2024-01-04 14:45:00,0.7478856512662357,218.78010773168853,131.7852148698682
2024-01-04 15:00:00,0.7148248727234856,546.358540361118,329.106601070791
2024-01-04 15:15:00,0.6785552526481025,498.88258543154507,302.5256425424942
2024-01-04 15:30:00,0.6392319597539414,446.8999438926109,272.8097176982887
2024-01-04 15:45:00,0.5970232385523891,388.9598044423664,239.01265703461428
2024-01-04 16:00:00,0.5521096790455119,328.3985104856194,203.1258511757737
2024-01-04 16:15:00,0.5046834487574318,264.51856641445306,164.68326545892353
2024-01-04 16:30:00,0.4549474775513678,198.77666966542736,124.95924489969515
2024-01-04 16:45:00,0.4031145765273083,129.97241497877246,82.23148234525739
2024-01-04 17:00:00,0.34940653353567214,62.32641015842334,39.68489725382065
2024-01-04 17:15:00,0.2940531717008521,0.0,0.0
2024-01-04 17:30:00,0.23729135168644863,0.0,0.0
2024-01-04 17:45:00,0.1793639650631172,0.0,0.0
2024-01-04 18:00:00,0.12051890304503676,0.0,0.0
2024-01-04 18:15:00,0.06100798015178466,0.0,0.0
2024-01-04 18:30:00,0.0010858643030318416,0.0,0.0
2024-01-04 18:45:00,-0.058991004798594426,0.0,0.0
2024-01-04 19:00:00,-0.1189655291635035,0.0,0.0
2024-01-04 19:15:00,-0.178581044673783,0.0,0.0
2024-01-04 19:30:00,-0.2375824115047495,0.0,0.0
2024-01-04 19:45:00,-0.29571712196954764,0.0,0.0
2024-01-04 20:00:00,-0.35273637304008276,0.0,0.0
2024-01-04 20:15:00,-0.40839612365461087,0.0,0.0
2024-01-04 20:30:00,-0.46245815441144705,0.0,0.0
2024-01-04 20:45:00,-0.5146910792069999,0.0,0.0
2024-01-04 21:00:00,-0.5648713288538838,0.0,0.0
2024-01-04 21:15:00,-0.6127841219456326,0.0,0.0
2024-01-04 21:30:00,-0.6582243766991258,0.0,0.0
2024-01-04 21:45:00,-0.7009975831314812,0.0,0.0
2024-01-04 22:00:00,-0.7409206478009833,0.0,0.0
2024-01-04 22:15:00,-0.777822670845539,0.0,0.0
2024-01-04 22:30:00,-0.8115456732138396,0.0,0.0
2024-01-04 22:45:00,-0.8419452827848687,0.0,0.0
2024-01-04 23:00:00,-0.868891346847812,0.0,0.0
2024-01-04 23:15:00,-0.8922684863381644,0.0,0.0
2024-01-04 23:30:00,-0.9119765970877691,0.0,0.0
2024-01-04 23:45:00,-0.927931274099136,0.0,0.0
2024-01-05 00:00:00,-0.9400641716128374,0.0,0.0
2024-01-05 00:15:00,-0.948323300127629,0.0,0.0
2024-01-05 00:30:00,-0.9526732462375577,0.0,0.0
2024-01-05 00:45:00,-0.9530953246443072,0.0,0.0
2024-01-05 01:00:00,-0.9495876595595092,0.0,0.0
2024-01-05 01:15:00,-0.9421651916323845,0.0,0.0
2024-01-05 01:30:00,-0.9308596160695038,0.0,0.0
2024-01-05 01:45:00,-0.9157192452757029,0.0,0.0
2024-01-05 02:00:00,-0.8968088026123817,0.0,0.0
2024-01-05 02:15:00,-0.874209148958849,0.0,0.0
2024-01-05 02:30:00,-0.848016931902706,0.0,0.0
2024-01-05 02:45:00,-0.8183441741648553,0.0,0.0
2024-01-05 03:00:00,-0.7853177992024241,0.0,0.0
2024-01-05 03:15:00,-0.7490790802826371,0.0,0.0
2024-01-05 03:30:00,-0.709783039502502,0.0,0.0
2024-01-05 03:45:00,-0.6675977905202725,0.0,0.0
2024-01-05 04:00:00,-0.622703808772743,0.0,0.0
2024-01-05 04:15:00,-0.5752931640719707,0.0,0.0
2024-01-05 04:30:00,-0.5255687057462529,0.0,0.0
2024-01-05 04:45:00,-0.4737431819876927,0.0,0.0
2024-01-05 05:00:00,-0.42003833555231507,0.0,0.0
2024-01-05 05:15:00,-0.3646839625086715,0.0,0.0
2024-01-05 05:30:00,-0.3079169146582076,0.0,0.0
2024-01-05 05:45:00,-0.24998009286492495,0.0,0.0
2024-01-05 06:00:00,-0.19112141580140002,0.0,0.0
2024-01-05 06:15:00,-0.1315927434828264,0.0,0.0
2024-01-05 06:30:00,-0.07164880715792624,0.0,0.0
2024-01-05 06:45:00,-0.011546127380519522,0.0,0.0
2024-01-05 07:00:00,0.04845809974906293,0.0,0.0
2024-01-05 07:15:00,0.1081070952253597,0.0,0.0
2024-01-05 07:30:00,0.16714558807121416,0.0,0.0
2024-01-05 07:45:00,0.22532092372503107,0.0,0.0
2024-01-05 08:00:00,0.28238413718077227,0.0,0.0
2024-01-05 08:15:00,0.3380910110159024,84.9848392802918,62.701353378246196
2024-01-05 08:30:00,0.39220313587652395,158.5256756056477,116.318510126029
2024-01-05 08:45:00,0.4444889228929838,232.90899314762868,169.95582458165694
2024-01-05 09:00:00,0.4947245881518689,301.68820548494614,218.92500757269033
2024-01-05 09:15:00,0.542695124555751,367.4462942352276,263.6724884497662
2024-01-05 09:30:00,0.5881952146244114,428.56230386199417,304.92934761448237
2024-01-05 09:45:00,0.6310301036447191,487.67283172214565,344.0302109512355
2024-01-05 10:00:00,0.6710164455034586,50.0,34.969441499999995
2024-01-05 10:15:00,0.7079830808349193,589.4032767878593,406.2651018480695
2024-01-05 10:30:00,0.7417717653195692,194.8581976949264,132.342870979747
2024-01-05 10:45:00,0.7722378570104319,680.1069991793768,455.03817318098186
2024-01-05 11:00:00,0.799250929913488,715.7872606692332,471.6764116025588
2024-01-05 11:15:00,0.8226953294598127,746.6598187811044,485.98318767351384
2024-01-05 11:30:00,0.842470674921392,772.5178376088907,496.5674283774943
2024-01-05 11:45:00,0.8584922848795642,797.0109035720274,504.2561381718184
2024-01-05 12:00:00,0.8706915384823284,812.7947230948024,507.6705233478999
2024-01-05 12:15:00,0.8790161736627695,823.4699740446329,511.00922086119164
2024-01-05 12:30:00,0.8834305081491959,829.0508200572036,509.4450301945256
2024-01-05 12:45:00,0.8839155926240548,831.2387343976797,507.4290287344634
2024-01-05 13:00:00,0.8804692932880238,826.4864079874286,499.51610753201123
2024-01-05 13:15:00,0.8731062998887726,816.4907368040108,493.4748723544489
2024-01-05 13:30:00,0.8618580649164516,802.4742196983154,483.3814123547699
2024-01-05 13:45:00,0.846772667311811,783.450312549663,471.9220995440996
2024-01-05 14:00:00,0.8279146072089323,758.9320138771299,455.6190932104499
2024-01-05 14:15:00,0.8053645334758566,730.6740209188644,440.13157249522635
2024-01-05 14:30:00,0.7792188938134366,696.959492927018,421.23196419182227
2024-01-05 14:45:00,0.749589524051227,658.6699773371865,399.4217556121226
2024-01-05 15:00:00,0.7166031745219377,615.1002856506772,374.24414740832873
2024-01-05 15:15:00,0.6804009599413128,567.7439276355151,351.1692802147801
2024-01-05 15:30:00,0.6411377590597179,515.1071508364149,322.7764686124719
2024-01-05 15:45:00,0.5989815580232507,458.297275036043,290.88378735147097
2024-01-05 16:00:00,0.5541127211493347,398.8485924201716,256.3762416970094
2024-01-05 16:15:00,0.5067232240130846,334.44653249568063,218.35936013377653
2024-01-05 16:30:00,0.45701583896750325,267.7342045851667,178.05015225294315
2024-01-05 16:45:00,0.40520325484267566,196.80618005329447,132.87026213126344
2024-01-05 17:00:00,0.35150717286172994,122.45215185851899,83.90903233337208
2024-01-05 17:15:00,0.2961573656435071,0.0,0.0
2024-01-05 17:30:00,0.2393906796363504,0.0,0.0
2024-01-05 17:45:00,0.1814500285402223,0.0,0.0
2024-01-05 18:00:00,0.12258336194766468,0.0,0.0
2024-01-05 18:15:00,0.06304258876709326,0.0,0.0
2024-01-05 18:30:00,0.0030825069013871997,0.0,0.0
2024-01-05 18:45:00,-0.057040278980004966,0.0,0.0
2024-01-05 19:00:00,-0.1170684715618848,0.0,0.0
2024-01-05 19:15:00,-0.1767451739681828,0.0,0.0
2024-01-05 19:30:00,-0.23581498118763308,0.0,0.0
2024-01-05 19:45:00,-0.2940250890485183,0.0,0.0
2024-01-05 20:00:00,-0.35112636802852615,0.0,0.0
2024-01-05 20:15:00,-0.40687442193722567,0.0,0.0
2024-01-05 20:30:00,-0.4610306492475948,0.0,0.0
2024-01-05 20:45:00,-0.513363256281849,0.0,0.0
2024-01-05 21:00:00,-0.5636482426151688,0.0,0.0
2024-01-05 21:15:00,-0.611670373830687,0.0,0.0
2024-01-05 21:30:00,-0.6572240953267021,0.0,0.0
2024-01-05 21:45:00,-0.7001144064681663,0.0,0.0
2024-01-05 22:00:00,-0.7401577075251644,0.0,0.0
2024-01-05 22:15:00,-0.7771825788789781,0.0,0.0
2024-01-05 22:30:00,-0.8110305104435345,0.0,0.0
2024-01-05 22:45:00,-0.8415565901602025,0.0,0.0
2024-01-05 23:00:00,-0.8686301187483174,0.0,0.0
2024-01-05 23:15:00,-0.8921351663220057,0.0,0.0
2024-01-05 23:30:00,-0.9119710760247703,0.0,0.0
2024-01-05 23:45:00,-0.928052890692007,0.0,0.0
2024-01-06 00:00:00,-0.9403117152742523,0.0,0.0
2024-01-06 00:15:00,-0.9486950162659584,0.0,0.0
2024-01-06 00:30:00,-0.9531668438703189,0.0,0.0
2024-01-06 00:45:00,-0.9537079863145135,0.0,0.0
2024-01-06 01:00:00,-0.9503160535545625,0.0,0.0
2024-01-06 01:15:00,-0.9430054864070844,0.0,0.0
2024-01-06 01:30:00,-0.9318074968090977,0.0,0.0
2024-01-06 01:45:00,-0.9167699325788552,0.0,0.0
2024-01-06 02:00:00,-0.8979570731456212,0.0,0.0
2024-01-06 02:15:00,-0.8754493580427902,0.0,0.0
2024-01-06 02:30:00,-0.8493430379164003,0.0,0.0
2024-01-06 02:45:00,-0.8197497646551745,0.0,0.0
2024-01-06 03:00:00,-0.7867961185943557,0.0,0.0
2024-01-06 03:15:00,-0.7506230590662702,0.0,0.0
2024-01-06 03:30:00,-0.7113853247946198,0.0,0.0
2024-01-06 03:45:00,-0.6692507777954967,0.0,0.0
2024-01-06 04:00:00,-0.6243996747310807,0.0,0.0
2024-01-06 04:15:00,-0.5770239004435256,0.0,0.0
2024-01-06 04:30:00,-0.5273261538360131,0.0,0.0
2024-01-06 04:45:00,-0.4755190679500645,0.0,0.0
2024-01-06 05:00:00,-0.4218243060887992,0.0,0.0
2024-01-06 05:15:00,-0.36647162096960956,0.0,0.0
2024-01-06 05:30:00,-0.30969785723447407,0.0,0.0
2024-01-06 05:45:00,-0.2517459449340567,0.0,0.0
2024-01-06 06:00:00,-0.19286386803007505,0.0,0.0
2024-01-06 06:15:00,-0.13330358772324002,0.0,0.0
2024-01-06 06:30:00,-0.07331997183309377,0.0,0.0
2024-01-06 06:45:00,-0.013169712397036848,0.0,0.0
2024-01-06 07:00:00,0.046889788988402153,0.0,0.0
2024-01-06 07:15:00,0.1066015146016857,0.0,0.0
2024-01-06 07:30:00,0.16570992255960143,0.0,0.0
2024-01-06 07:45:00,0.22396205640685196,0.0,0.0
2024-01-06 08:00:00,0.2811086195739352,0.0,0.0
2024-01-06 08:15:00,0.3369050347874167,117.08222554058726,95.84922051307548
2024-01-06 08:30:00,0.3911125061590555,194.87172772230255,157.95588141723604
2024-01-06 08:45:00,0.4434990332385847,272.0374702147444,217.75418303994618
2024-01-06 09:00:00,0.4938403973135564,343.1440887182863,271.8974796248514
2024-01-06 09:15:00,0.5419211350870785,409.7578986697359,318.8824782472421
2024-01-06 09:30:00,0.5875354534858374,473.25102285860464,361.5979454553141
2024-01-06 09:45:00,0.6304881048473233,532.3673050469808,400.31043276828524
2024-01-06 10:00:00,0.6705952349198733,586.1585688755781,432.46461220616544
2024-01-06 10:15:00,0.7076851631497971,636.3786854143316,460.5123110807357
2024-01-06 10:30:00,0.7415991132601469,682.100845384385,485.3263199213277
2024-01-06 10:45:00,0.7721919028747275,723.0347635981382,505.6824373622285
2024-01-06 11:00:00,0.7993325594546008,759.8106499984125,522.187999185364
2024-01-06 11:15:00,0.8229048780726944,791.4998658750615,535.9672408142715
2024-01-06 11:30:00,0.8428079262517711,817.7411732578529,547.1248642685775
2024-01-06 11:45:00,0.8589564718114681,840.9451717074933,555.8505339110736
2024-01-06 12:00:00,0.8712813464675444,856.5788387501409,557.5268737897766
2024-01-06 12:15:00,0.8797297464659432,862.7121775092698,556.2873759685908
2024-01-06 12:30:00,0.8842654558972955,868.6399539696146,554.8421896733751
2024-01-06 12:45:00,0.8848690021543452,870.0794819819976,550.4854670374385
2024-01-06 13:00:00,0.8815377407801135,865.1331837769243,542.1097988749555
2024-01-06 13:15:00,0.8742858656866286,855.8458529689518,534.5602028855692
2024-01-06 13:30:00,0.8631443504718418,841.3245032798478,523.789571328789
2024-01-06 13:45:00,0.8481608142303974,820.7373760642793,509.31349082988424
2024-01-06 14:00:00,0.8293993182565722,796.1417891578888,492.44126698431273
2024-01-06 14:15:00,0.8069400954757056,766.1419844959994,475.43399383876965
2024-01-06 14:30:00,0.7808792023440039,731.1457852416273,455.1947981279436
2024-01-06 14:45:00,0.7513281098423773,692.8881901349173,434.1776323467514
2024-01-06 15:00:00,0.7184132313971794,649.0302879108364,408.0073120798227
2024-01-06 15:15:00,0.6822753742295384,600.3721546228443,384.70018634462804
2024-01-06 15:30:00,0.6430691403394264,547.8092751664497,357.6633966215175
2024-01-06 15:45:00,0.6009622710433513,494.92843917981696,328.1397526584886
2024-01-06 16:00:00,0.5561349188195103,433.52419711831084,292.68630535767176
2024-01-06 16:15:00,0.5087788812803833,368.2852827637726,253.8524365296693
2024-01-06 16:30:00,0.459096787479803,299.40800782560393,210.00782615943828
2024-01-06 16:45:00,0.4073012182279758,226.24330789575993,161.89058673759837
2024-01-06 17:00:00,0.35361380247080043,149.66601733396257,108.9101348885131
2024-01-06 17:15:00,0.2982642765843086,0.0,0.0
2024-01-06 17:30:00,0.24148948698820397,0.0,0.0
2024-01-06 17:45:00,0.183532383544237,0.0,0.0
2024-01-06 18:00:00,0.12464098804784289,0.0,0.0
2024-01-06 18:15:00,0.06506731732579568,0.0,0.0
2024-01-06 18:30:00,0.005066312453030575,0.0,0.0
2024-01-06 18:45:00,-0.05510524405544981,0.0,0.0
2024-01-06 19:00:00,-0.11518984324037615,0.0,0.0
2024-01-06 19:15:00,-0.17493034358214526,0.0,0.0
2024-01-06 19:30:00,-0.23407106354238147,0.0,0.0
2024-01-06 19:45:00,-0.2923588917453529,0.0,0.0
2024-01-06 20:00:00,-0.34954436212796736,0.0,0.0
2024-01-06 20:15:00,-0.4053827139881941,0.0,0.0
2024-01-06 20:30:00,-0.4596349550045983,0.0,0.0
2024-01-06 20:45:00,-0.5120688760501714,0.0,0.0
2024-01-06 21:00:00,-0.562460038378854,0.0,0.0
2024-01-06 21:15:00,-0.6105927483408635,0.0,0.0
2024-01-06 21:30:00,-0.6562609730957973,0.0,0.0
2024-01-06 21:45:00,-0.6992692168934157,0.0,0.0
2024-01-06 22:00:00,-0.7394333701093532,0.0,0.0
2024-01-06 22:15:00,-0.776581490680071,0.0,0.0
2024-01-06 22:30:00,-0.8105545357533186,0.0,0.0
2024-01-06 22:45:00,-0.8412070525232327,0.0,0.0
2024-01-06 23:00:00,-0.8684077952732563,0.0,0.0
2024-01-06 23:15:00,-0.8920402843785051,0.0,0.0
2024-01-06 23:30:00,-0.9120033123118775,0.0,0.0
2024-01-06 23:45:00,-0.928211372684568,0.0,0.0
2024-01-07 00:00:00,-0.9405950250145598,0.0,0.0
2024-01-07 00:15:00,-0.9491011965501149,0.0,0.0
2024-01-07 00:30:00,-0.9536934067426074,0.0,0.0
2024-01-07 00:45:00,-0.9543519238349428,0.0,0.0
2024-01-07 01:00:00,-0.9510738508458411,0.0,0.0
2024-01-07 01:15:00,-0.9438731368701107,0.0,0.0
2024-01-07 01:30:00,-0.9327805194446175,0.0,0.0
2024-01-07 01:45:00,-0.9178433913870363,0.0,0.0
2024-01-07 02:00:00,-0.8991255984747992,0.0,0.0
2024-01-07 02:15:00,-0.8767071697961392,0.0,0.0
2024-01-07 02:30:00,-0.8506839705385582,0.0,0.0
2024-01-07 02:45:00,-0.8211672938128288,0.0,0.0
2024-01-07 03:00:00,-0.7882833893229511,0.0,0.0
2024-01-07 03:15:00,-0.7521729154307306,0.0,0.0
2024-01-07 03:30:00,-0.7129903407877608,0.0,0.0
2024-01-07 03:45:00,-0.6709032894193118,0.0,0.0
2024-01-07 04:00:00,-0.6260918131209051,0.0,0.0
2024-01-07 04:15:00,-0.578747625829827,0.0,0.0
2024-01-07 04:30:00,-0.5290732902995247,0.0,0.0
2024-01-07 04:45:00,-0.4772813387084607,0.0,0.0
2024-01-07 05:00:00,-0.42359336922823443,0.0,0.0
2024-01-07 05:15:00,-0.3682391054731845,0.0,0.0
2024-01-07 05:30:00,-0.311455399137164,0.0,0.0
2024-01-07 05:45:00,-0.253485223397231,0.0,0.0
2024-01-07 06:00:00,-0.19457664130708618,0.0,0.0
2024-01-07 06:15:00,-0.13498172868564934,0.0,0.0
2024-01-07 06:30:00,-0.07495550307768067,0.0,0.0
2024-01-07 06:45:00,-0.014754840664958524,0.0,0.0
2024-01-07 07:00:00,0.04536263920876296,0.0,0.0
2024-01-07 07:15:00,0.10513966835696649,0.0,0.0
2024-01-07 07:30:00,0.16432042282792225,0.0,0.0
2024-01-07 07:45:00,0.22265163375137376,0.0,0.0
2024-01-07 08:00:00,0.27988366306258733,0.0,0.0
2024-01-07 08:15:00,0.335771564486389,131.52004757023616,112.18815382917326
2024-01-07 08:30:00,0.39007614714833017,211.35715980838512,178.15401418578745
2024-01-07 08:45:00,0.44256499138725464,288.670779927093,240.404523236126
2024-01-07 09:00:00,0.49301343680963955,359.8539354784103,296.04876856182756
2024-01-07 09:15:00,0.5412055579224437,427.83282393584926,345.92080713073943
2024-01-07 09:30:00,0.5869350809455391,491.94001232806517,390.7934636224227
2024-01-07 09:45:00,0.6300062610073411,550.4150526329242,429.4575084239223
2024-01-07 10:00:00,0.6702347323672386,605.9864709913787,464.242323783825
2024-01-07 10:15:00,0.7074482908983151,656.8204267543476,493.89221838459673
2024-01-07 10:30:00,0.7414876268909074,702.7335745446712,518.4730189694166
2024-01-07 10:45:00,0.7722070170117413,744.2141082935555,538.5468853753597
2024-01-07 11:00:00,0.7994749425725352,780.9206225687246,554.0597495663739
2024-01-07 11:15:00,0.823174649641285,813.4365509181886,568.9084376259074
2024-01-07 11:30:00,0.8432046562806712,840.5531489661469,581.0772581665353
2024-01-07 11:45:00,0.8594791827639765,863.4888693464299,588.2057121587427
2024-01-07 12:00:00,0.8719285175069548,879.5882345965931,590.2827452130749
2024-01-07 12:15:00,0.8804993200814624,891.3548533974707,594.5757145974505
2024-01-07 12:30:00,0.8851548468372876,897.5525690359351,593.2670660310479
2024-01-07 12:45:00,0.8858751086155832,899.2389785106508,588.9287105519966
2024-01-07 13:00:00,0.8826569578592731,894.289423882028,580.2641238899492
2024-01-07 13:15:00,0.8755141009877108,884.8628818373376,572.3590433652197
2024-01-07 13:30:00,0.8644770418051568,870.0663274640681,561.0294219110109
2024-01-07 13:45:00,0.8495929493560791,849.0685935466461,545.773556916897
2024-01-07 14:00:00,0.8309254565662532,824.9297491500491,528.5898517705436
2024-01-07 14:15:00,0.8085543915043867,794.252931401027,510.53854866037506
2024-01-07 14:30:00,0.7825754310539795,758.2307651038515,488.9164818746822
2024-01-07 14:45:00,0.7530996935298102,719.2587272415311,465.24071187305765
2024-01-07 15:00:00,0.7202532681099771,674.34059652379,437.5492374121169
2024-01-07 15:15:00,0.6841766676112335,625.4976374667148,413.4433580729607
2024-01-07 15:30:00,0.6450242307106677,571.2748449520369,384.5315049846022
2024-01-07 15:45:00,0.6029634676210713,514.3263220825411,352.4366320600995
2024-01-07 16:00:00,0.5581743329456855,452.1653550456987,315.3254119306974
2024-01-07 16:15:00,0.5108484605096975,385.97458929118153,273.8472747437733
2024-01-07 16:30:00,0.4611883503446768,314.9367772136996,227.2658534618128
2024-01-07 16:45:00,0.4094064895571686,241.39484595485652,177.61186309960874
2024-01-07 17:00:00,0.35572444915524487,162.49129970449516,121.52746241224652
2024-01-07 17:15:00,0.30037194355941427,0.0,0.0
2024-01-07 17:30:00,0.2435858332511159,0.0,0.0
2024-01-07 17:45:00,0.18560911821554668,0.0,0.0
2024-01-07 18:00:00,0.12668990613145115,0.0,0.0
2024-01-07 18:15:00,0.06708033515378711,0.0,0.0
2024-01-07 18:30:00,0.007035502532463905,0.0,0.0
2024-01-07 18:45:00,-0.05318761879305087,0.0,0.0
2024-01-07 19:00:00,-0.11333129605941411,0.0,0.0
2024-01-07 19:15:00,-0.1731381315683818,0.0,0.0
2024-01-07 19:30:00,-0.23235215625326652,0.0,0.0
2024-01-07 19:45:00,-0.29071994116868694,0.0,0.0
2024-01-07 20:00:00,-0.347991673961723,0.0,0.0
2024-01-07 20:15:00,-0.40392222049446797,0.0,0.0
2024-01-07 20:30:00,-0.45827218938116093,0.0,0.0
2024-01-07 20:45:00,-0.5108089486233658,0.0,0.0
2024-01-07 21:00:00,-0.5613076145639373,0.0,0.0
2024-01-07 21:15:00,-0.6095520285260398,0.0,0.0
2024-01-07 21:30:00,-0.655335674578791,0.0,0.0
2024-01-07 21:45:00,-0.6984625578496653,0.0,0.0
2024-01-07 22:00:00,-0.7387480557587672,0.0,0.0
2024-01-07 22:15:00,-0.7760197016507647,0.0,0.0
2024-01-07 22:30:00,-0.8101179187031381,0.0,0.0
2024-01-07 22:45:00,-0.8408967130923409,0.0,0.0
2024-01-07 23:00:00,-0.8682242933727851,0.0,0.0
2024-01-07 23:15:00,-0.8919836317863898,0.0,0.0
2024-01-07 23:30:00,-0.9120729727034782,0.0,0.0
2024-01-07 23:45:00,-0.9284062639927617,0.0,0.0
2024-01-08 00:00:00,-0.940913524127457,0.0,0.0
2024-01-08 00:15:00,-0.9495411463923455,0.0,0.0
2024-01-08 00:30:00,-0.954252125633603,0.0,0.0
2024-01-08 00:45:00,-0.9550262170995496,0.0,0.0
2024-01-08 01:00:00,-0.951860024666678,0.0,0.0
2024-01-08 01:15:00,-0.9447670142788159,0.0,0.0
2024-01-08 01:30:00,-0.9337774583875296,0.0,0.0
2024-01-08 01:45:00,-0.9189383048187872,0.0,0.0
2024-01-08 02:00:00,-0.9003129763632667,0.0,0.0
2024-01-08 02:15:00,-0.8779811029384131,0.0,0.0
2024-01-08 02:30:00,-0.8520381761166497,0.0,0.0
2024-01-08 02:45:00,-0.8225951425458694,0.0,0.0
2024-01-08 03:00:00,-0.7897779341253666,0.0,0.0
2024-01-08 03:15:00,-0.7537269214269626,0.0,0.0
2024-01-08 03:30:00,-0.7145963165781034,0.0,0.0
2024-01-08 03:45:00,-0.6725535194532085,0.0,0.0
2024-01-08 04:00:00,-0.6277783910073491,0.0,0.0
2024-01-08 04:15:00,-0.5804624885105727,0.0,0.0
2024-01-08 04:30:00,-0.5308082528437923,0.0,0.0
2024-01-08 04:45:00,-0.4790281296966781,0.0,0.0
2024-01-08 05:00:00,-0.42534366644049615,0.0,0.0
2024-01-08 05:15:00,-0.3699845718396895,0.0,0.0
2024-01-08 05:30:00,-0.31318771872769413,0.0,0.0
2024-01-08 05:45:00,-0.25519613733253155,0.0,0.0
2024-01-08 06:00:00,-0.1962579833733372,0.0,0.0
2024-01-08 06:15:00,-0.13662546062394246,0.0,0.0
2024-01-08 06:30:00,-0.07655374924112526,0.0,0.0
2024-01-08 06:45:00,-0.016299922030800384,0.0,0.0
2024-01-08 07:00:00,0.04387817192436538,0.0,0.0
2024-01-08 07:15:00,0.10372300253447633,0.0,0.0
2024-01-08 07:30:00,0.1629784529698676,0.0,0.0
2024-01-08 07:45:00,0.2213909317136029,0.0,0.0
2024-01-08 08:00:00,0.2787104497648734,0.0,0.0
2024-01-08 08:15:00,0.33469168301179403,122.77072192979767,105.96569179147542
2024-01-08 08:30:00,0.38909503761465963,202.37281234035808,172.21733165315098
2024-01-08 08:45:00,0.4416876674797636,278.1118444585867,233.859711219924
2024-01-08 09:00:00,0.4922444641393269,349.52870151330853,289.6738512634478
2024-01-08 09:15:00,0.5405490344217568,417.92487312965153,340.4441363657697
2024-01-08 09:30:00,0.5863946191711917,480.62317514005144,384.7179830413466
2024-01-08 09:45:00,0.6295849726153816,541.1129584209207,425.48095840280985
2024-01-08 10:00:00,0.6699352147020647,596.676940840991,460.72864058189106
2024-01-08 10:15:00,0.707272615864833,646.9380877899191,490.384326916722
2024-01-08 10:30:00,0.7414373320077505,693.3432921867042,515.7493983791243
2024-01-08 10:45:00,0.7722830988716309,734.1536932047785,535.7186711085882
2024-01-08 11:00:00,0.7996778525618331,764.1139330749078,548.3136593126737
2024-01-08 11:15:00,0.823504292046338,796.1538628417043,563.2583569985376
2024-01-08 11:30:00,0.8436603887641472,822.8872933866098,575.5181813435278
2024-01-08 11:45:00,0.8600598191812099,846.3949738275319,583.4048669015124
2024-01-08 12:00:00,0.8726323330734154,863.3122757598358,586.3403566166237
2024-01-08 12:15:00,0.8813240588777373,874.8687266385402,588.8839515531707
2024-01-08 12:30:00,0.8860977316031681,881.0708903909463,587.715826383243
2024-01-08 12:45:00,0.8869328527692832,882.8475530754334,583.5472992165012
2024-01-08 13:00:00,0.883825779754655,877.1903236123198,574.4886270936634
2024-01-08 13:15:00,0.8767897402840121,868.0305097627112,566.7350929728339
2024-01-08 13:30:00,0.8658547778933507,854.4522504397761,556.1427278374373
2024-01-08 13:45:00,0.8510676217930602,827.0672653445125,534.9748966849463
2024-01-08 14:00:00,0.8324914874026161,803.5773556875492,518.1565187520522
2024-01-08 14:15:00,0.8102058093796449,773.6525529197451,500.4244659542692
2024-01-08 14:30:00,0.7843058970444564,738.483354016855,479.1685834388555
2024-01-08 14:45:00,0.7549025285349025,698.9514669544114,453.5181226378886
2024-01-08 15:00:00,0.722121481718874,655.4156801986976,426.5945394438683
2024-01-08 15:15:00,0.6861029883150913,605.8017295001692,401.6492364182912
2024-01-08 15:30:00,0.6470011373243829,553.8958927996406,372.83353738587584
2024-01-08 15:45:00,0.6049832217715669,497.13243310690365,340.65470284043096
2024-01-08 16:00:00,0.5602290125084719,434.9614538184727,303.3279707717174
2024-01-08 16:15:00,0.5129299938325351,369.91742598498035,261.70705351065453
2024-01-08 16:30:00,0.4632885510902468,301.0972252856139,216.06165554510673
2024-01-08 16:45:00,0.4115170920998711,227.87792640523645,165.82398693438842
2024-01-08 17:00:00,0.3578371442160775,150.04190621573258,111.00339238596499
2024-01-08 17:15:00,0.3024784141108247,0.0,0.0
2024-01-08 17:30:00,0.24567779043833637,0.0,0.0
2024-01-08 17:45:00,0.187678337113092,0.0,0.0
2024-01-08 18:00:00,0.1287282612818246,0.0,0.0
2024-01-08 18:15:00,0.06907983560294895,0.0,0.0
2024-01-08 18:30:00,0.008988326347826037,0.0,0.0
2024-01-08 18:45:00,-0.051289090816152016,0.0,0.0
2024-01-08 19:00:00,-0.1114944474820799,0.0,0.0
2024-01-08 19:15:00,-0.17137007846162833,0.0,0.0
2024-01-08 19:30:00,-0.23065971649891287,0.0,0.0
2024-01-08 19:45:00,-0.28910960507511274,0.0,0.0
2024-01-08 20:00:00,-0.3464695762371262,0.0,0.0
2024-01-08 20:15:00,-0.4024941138290632,0.0,0.0
2024-01-08 20:30:00,-0.45694341963980856,0.0,0.0
2024-01-08 20:45:00,-0.5095844318060093,0.0,0.0
2024-01-08 21:00:00,-0.5601918156036223,0.0,0.0
2024-01-08 21:15:00,-0.6085489420760481,0.0,0.0
2024-01-08 21:30:00,-0.6544488078276567,0.0,0.0
2024-01-08 21:45:00,-0.6976949153704105,0.0,0.0
2024-01-08 22:00:00,-0.7381021266335321,0.0,0.0
2024-01-08 22:15:00,-0.7754974487819876,0.0,0.0
2024-01-08 22:30:00,-0.8097207703549985,0.0,0.0
2024-01-08 22:45:00,-0.84062555679116,0.0,0.0
2024-01-08 23:00:00,-0.8680794721425434,0.0,0.0
2024-01-08 23:15:00,-0.8919649426984078,0.0,0.0
2024-01-08 23:30:00,-0.9121796678149304,0.0,0.0
2024-01-08 23:45:00,-0.9286370536305779,0.0,0.0
2024-01-09 00:00:00,-0.9412665825072091,0.0,0.0
2024-01-09 00:15:00,-0.9500141195568923,0.0,0.0
2024-01-09 00:30:00,-0.9548421416689119,0.0,0.0
2024-01-09 00:45:00,-0.9557298985703857,0.0,0.0
2024-01-09 01:00:00,-0.9526735032628955,0.0,0.0
2024-01-09 01:15:00,-0.945685947564435,0.0,0.0
2024-01-09 01:30:00,-0.9347970485811143,0.0,0.0
2024-01-09 01:45:00,-0.9200533195662014,0.0,0.0
2024-01-09 02:00:00,-0.901517771371682,0.0,0.0
2024-01-09 02:15:00,-0.8792696463616475,0.0,0.0
2024-01-09 02:30:00,-0.8534040746653733,0.0,0.0
2024-01-09 02:45:00,-0.8240316691133371,0.0,0.0
2024-01-09 03:00:00,-0.7912780568490054,0.0,0.0
2024-01-09 03:15:00,-0.7552833341095144,0.0,0.0
2024-01-09 03:30:00,-0.7162014702354992,0.0,0.0
2024-01-09 03:45:00,-0.6741996549308721,0.0,0.0
2024-01-09 04:00:00,-0.6294575725018214,0.0,0.0
2024-01-09 04:15:00,-0.5821666378571201,0.0,0.0
2024-01-09 04:30:00,-0.5325291843993231,0.0,0.0
2024-01-09 04:45:00,-0.4807575856827809,0.0,0.0
2024-01-09 05:00:00,-0.42707335263589835,0.0,0.0
2024-01-09 05:15:00,-0.37170619335904836,0.0,0.0
2024-01-09 05:30:00,-0.3148930158390728,0.0,0.0
2024-01-09 05:45:00,-0.25687692113195,0.0,0.0
2024-01-09 06:00:00,-0.1979061711103977,0.0,0.0
2024-01-09 06:15:00,-0.13823311060392837,0.0,0.0
2024-01-09 06:30:00,-0.07811309508388145,0.0,0.0
2024-01-09 06:45:00,-0.017803406203824174,0.0,0.0
2024-01-09 07:00:00,0.04243786548402756,0.0,0.0
2024-01-09 07:15:00,0.1023529169394801,0.0,0.0
2024-01-09 07:30:00,0.16168532789889573,0.0,0.0
2024-01-09 07:45:00,0.220181174419238,0.0,0.0
2024-01-09 08:00:00,0.2775901073930249,0.0,0.0
2024-01-09 08:15:00,0.3336664165690433,112.76525930443681,91.17544828852795
2024-01-09 08:30:00,0.3881700975334771,188.91314193939516,150.83490698983792
2024-01-09 08:45:00,0.44086787100603414,263.9825752462162,208.104974370858
2024-01-09 09:00:00,0.4915341745976739,333.83584650458107,259.798291641838
2024-01-09 09:15:00,0.5399521423794164,399.2279832518295,305.8459809525947
2024-01-09 09:30:00,0.5859145257339078,462.1007149512119,347.47388772931697
2024-01-09 09:45:00,0.6292245747502376,520.6937785111796,385.2175519944624
2024-01-09 10:00:00,0.6696968928203793,574.0514546496385,416.5698783426819
2024-01-09 10:15:00,0.7071582235654923,624.9196357587452,447.16728834004795
2024-01-09 10:30:00,0.741448188138124,670.1092370953335,471.3759726181956
2024-01-09 10:45:00,0.7724199818881978,711.1018245687445,491.5871161815948
2024-01-09 11:00:00,0.7999409972440887,746.7489036133809,507.173395701311
2024-01-09 11:15:00,0.82389338849772,778.3783951009981,522.3618481953536
2024-01-09 11:30:00,0.8441745838368967,805.6270304471643,534.1342981704852
2024-01-09 11:45:00,0.8606977202063608,828.0458550251057,540.6292052588201
2024-01-09 12:00:00,0.8733920139132915,844.7995965497889,544.7371244263637
2024-01-09 12:15:00,0.8822030683164972,856.2759798947465,546.9447237354859
2024-01-09 12:30:00,0.887093103977199,863.4805384112967,546.3104202644747
2024-01-09 12:45:00,0.8880411208138707,863.4532965781807,542.8024935127893
2024-01-09 13:00:00,0.8850429896355528,859.8489486098109,535.3224712272928
2024-01-09 13:15:00,0.878111468719531,850.9346562537365,528.0525937821739
2024-01-09 13:30:00,0.8672761512820764,836.6812600025867,519.2075634319464
2024-01-09 13:45:00,0.8525833373175455,815.946586875298,504.6912202126752
2024-01-09 14:00:00,0.8340958359661348,791.8384314861647,489.7794912390752
2024-01-09 14:15:00,0.811892700292614,762.3466492545741,474.61974905082576
2024-01-09 14:30:00,0.7860688843517851,363.38287431238916,227.702994870773
2024-01-09 14:45:00,0.7567348389009672,302.91431616920306,191.03677867878224
2024-01-09 15:00:00,0.7240160436846221,640.7289793408593,406.6741879751604
2024-01-09 15:15:00,0.6880524628713653,593.1211833540218,383.65071026514204
2024-01-09 15:30:00,0.6489979496238529,540.6424499156328,356.2626841078437
2024-01-09 15:45:00,0.6070195938555809,172.51956679508112,115.77613192777164
2024-01-09 16:00:00,0.562296996911528,419.0520969399892,286.3039313766246
2024-01-09 16:15:00,0.5150215079056417,104.20172063245134,72.03500480108097
2024-01-09 16:30:00,0.46539541191287326,72.20056141946941,50.49626617650585
2024-01-09 16:45:00,0.4136310518289679,40.858989984750394,28.906683295218794
2024-01-09 17:00:00,0.35994992568980927,17.0,12.164514389999999
2024-01-09 17:15:00,0.30458174659370607,0.0,0.0
2024-01-09 17:30:00,0.24776344533572794,0.0,0.0
2024-01-09 17:45:00,0.18973816348617523,0.0,0.0
2024-01-09 18:00:00,0.1307542210279885,0.0,0.0
2024-01-09 18:15:00,0.07106403815153461,0.0,0.0
2024-01-09 18:30:00,0.010923062710923165,0.0,0.0
2024-01-09 18:45:00,-0.04941131475882618,0.0,0.0
2024-01-09 19:00:00,-0.10968087868953755,0.0,0.0
2024-01-09 19:15:00,-0.16962768543635587,0.0,0.0
2024-01-09 19:30:00,-0.2289951592331108,0.0,0.0
2024-01-09 19:45:00,-0.287529206337621,0.0,0.0
2024-01-09 20:00:00,-0.3449792943173688,0.0,0.0
2024-01-09 20:15:00,-0.4010995168311419,0.0,0.0
2024-01-09 20:30:00,-0.4556496614885732,0.0,0.0
2024-01-09 20:45:00,-0.5083962300627627,0.0,0.0
2024-01-09 21:00:00,-0.5591134310767849,0.0,0.0
2024-01-09 21:15:00,-0.6075841605450077,0.0,0.0
2024-01-09 21:30:00,-0.6536009237189087,0.0,0.0
2024-01-09 21:45:00,-0.6969667175797203,0.0,0.0
2024-01-09 22:00:00,-0.7374958865475787,0.0,0.0
2024-01-09 22:15:00,-0.7750149105179798,0.0,0.0
2024-01-09 22:30:00,-0.8093631432861812,0.0,0.0
2024-01-09 22:45:00,-0.8403935103915792,0.0,0.0
2024-01-09 23:00:00,-0.8679731331400782,0.0,0.0
2024-01-09 23:15:00,-0.8919838945821136,0.0,0.0
2024-01-09 23:30:00,-0.9123229527033736,0.0,0.0
2024-01-09 23:45:00,-0.928903176467345,0.0,0.0
2024-01-10 00:00:00,-0.9416535175451178,0.0,0.0
2024-01-10 00:15:00,-0.9505193191886152,0.0,0.0
2024-01-10 00:30:00,-0.9554625474747764,0.0,0.0
2024-01-10 00:45:00,-0.9564619545601666,0.0,0.0
2024-01-10 01:00:00,-0.9535131712998001,0.0,0.0
2024-01-10 01:15:00,-0.9466287248490803,0.0,0.0
2024-01-10 01:30:00,-0.9358379871262938,0.0,0.0
2024-01-10 01:45:00,-0.9211870476228153,0.0,0.0
2024-01-10 02:00:00,-0.9027385166645799,0.0,0.0
2024-01-10 02:15:00,-0.8805712610397279,0.0,0.0
2024-01-10 02:30:00,-0.8547800619011179,0.0,0.0
2024-01-10 02:45:00,-0.8254752111904928,0.0,0.0
2024-01-10 03:00:00,-0.7927820446133714,0.0,0.0
2024-01-10 03:15:00,-0.7568403977168785,0.0,0.0
2024-01-10 03:30:00,-0.7178040109778497,0.0,0.0
2024-01-10 03:45:00,-0.6758398780874669,0.0,0.0
2024-01-10 04:00:00,-0.6311275209986108,0.0,0.0
2024-01-10 04:15:00,-0.5838582266514776,0.0,0.0
2024-01-10 04:30:00,-0.5342342353996498,0.0,0.0
2024-01-10 04:45:00,-0.48246786306008993,0.0,0.0
2024-01-10 05:00:00,-0.4287805983862427,0.0,0.0
2024-01-10 05:15:00,-0.37340216297263795,0.0,0.0
2024-01-10 05:30:00,-0.3165695138956281,0.0,0.0
2024-01-10 05:45:00,-0.25852583664625806,0.0,0.0
2024-01-10 06:00:00,-0.19951951261120143,0.0,0.0
2024-01-10 06:15:00,-0.13980304055026124,0.0,0.0
2024-01-10 06:30:00,-0.07963196375215398,0.0,0.0
2024-01-10 06:45:00,-0.019263784636516817,0.0,0.0
2024-01-10 07:00:00,0.041043153386810305,0.0,0.0
2024-01-10 07:15:00,0.10103076347826982,0.0,0.0
2024-01-10 07:30:00,0.16044231183726937,0.0,0.0
2024-01-10 07:45:00,0.21902353262255672,0.0,0.0
2024-01-10 08:00:00,0.2765237079379093,0.0,0.0
2024-01-10 08:15:00,0.33269673342852,3.0,2.1769993349999996
2024-01-10 08:30:00,0.3873021870155146,4.0,2.86223868
2024-01-10 08:45:00,0.44010634994937964,5.0,3.527264475
2024-01-10 09:00:00,0.49088320046639145,6.0,4.172076720000001
2024-01-10 09:15:00,0.539415395414907,7.0,4.8108249
2024-01-10 09:30:00,0.5854951930620187,8.0,5.44957308
2024-01-10 09:45:00,0.6289253366961159,9.0,6.058000935
2024-01-10 10:00:00,0.66951991139506,10.0,6.650257949999999
2024-01-10 10:15:00,0.7071051331873758,11.0,7.248579029999999
2024-01-10 10:30:00,0.7415200886091824,19.0,12.405055635
2024-01-10 10:45:00,0.7726174337454954,66.0,42.6910176
2024-01-10 11:00:00,0.80026401936156,143.60184813553093,92.01568945494478
2024-01-10 11:15:00,0.8243414580739307,274.5696578850195,175.38086925727887
2024-01-10 11:30:00,0.8447466387104776,381.962926484067,242.4339587766452
2024-01-10 11:45:00,0.8613921635133059,335.2980599607753,212.13775632750003
2024-01-10 12:00:00,0.8742067210173722,181.7357209783127,114.24659897449449
2024-01-10 12:15:00,0.8831353960561856,374.2764853994057,235.28569563994444
2024-01-10 12:30:00,0.8881399021335488,414.92311543552074,260.83785025436293
2024-01-10 12:45:00,0.8891987457516894,199.11916738954392,125.17455315019309
2024-01-10 13:00:00,0.8863073201042009,306.2431857326083,192.51714655062284
2024-01-10 13:15:00,0.8794779236980308,210.6612052531291,132.8561771298649
2024-01-10 13:30:00,0.8687397097946359,315.3610387908383,198.88646312029715
2024-01-10 13:45:00,0.8541385601812932,355.5359891566212,224.94197265020648
2024-01-10 14:00:00,0.8357368893041337,418.89975123776077,265.877963492246
2024-01-10 14:15:00,0.8136133807653049,411.91544170260164,262.2776113637701
2024-01-10 14:30:00,0.7878626459929003,184.87809377769472,118.09054592237183
2024-01-10 14:45:00,0.7585948214080026,168.0680083920961,108.03258469488291
2024-01-10 15:00:00,0.7259351020769254,115.0,74.15340817500001
2024-01-10 15:15:00,0.6900231983701628,163.09141510057992,105.8226728059731
2024-01-10 15:30:00,0.6510127416405315,161.08101933124252,105.49502332101841
2024-01-10 15:45:00,0.6090706328784309,134.19866176997644,88.43178232362852
2024-01-10 16:00:00,0.5643763182858824,108.91194486915177,72.20910301728284
2024-01-10 16:15:00,0.5171210262254137,84.16772002279113,56.4841034466141
2024-01-10 16:30:00,0.46750695592979197,60.62268781010438,41.05089099466184
2024-01-10 16:45:00,0.41574639975529903,39.404703196818886,26.922002114677174
2024-01-10 17:00:00,0.36206084073175737,19.0,13.134764789999998
2024-01-10 17:15:00,0.3066800124587739,39.907881133748425,27.58845431363495
2024-01-10 17:30:00,0.24984090174638782,0.0,0.0
2024-01-10 17:45:00,0.19178674139370944,0.0,0.0
2024-01-10 18:00:00,0.13276597743256355,0.0,0.0
2024-01-10 18:15:00,0.07303119040587294,0.0,0.0
2024-01-10 18:30:00,0.012838022084524114,0.0,0.0
2024-01-10 18:45:00,-0.04755591032178291,0.0,0.0
2024-01-10 19:00:00,-0.10789213279494522,0.0,0.0
2024-01-10 19:15:00,-0.16791241264589998,0.0,0.0
2024-01-10 19:30:00,-0.2273598556230686,0.0,0.0
2024-01-10 19:45:00,-0.28598002151576046,0.0,0.0
2024-01-10 20:00:00,-0.3435220048972616,0.0,0.0
2024-01-10 20:15:00,-0.39973950153859705,0.0,0.0
2024-01-10 20:30:00,-0.454391877962929,0.0,0.0
2024-01-10 20:45:00,-0.5072451935128406,0.0,0.0
2024-01-10 21:00:00,-0.5580731948545482,0.0,0.0
2024-01-10 21:15:00,-0.606658298668314,0.0,0.0
2024-01-10 21:30:00,-0.6527925154908429,0.0,0.0
2024-01-10 21:45:00,-0.6962783343685941,0.0,0.0
2024-01-10 22:00:00,-0.7369295807301066,0.0,0.0
2024-01-10 22:15:00,-0.7745722066770648,0.0,0.0
2024-01-10 22:30:00,-0.8090450316755073,0.0,0.0
2024-01-10 22:45:00,-0.8402004427328269,0.0,0.0
2024-01-10 23:00:00,-0.8679050207428728,0.0,0.0
2024-01-10 23:15:00,-0.8920401087600762,0.0,0.0
2024-01-10 23:30:00,-0.9125023275713475,0.0,0.0
2024-01-10 23:45:00,-0.9292040140302898,0.0,0.0
2024-01-11 00:00:00,-0.9420735950781058,0.0,0.0
2024-01-11 00:15:00,-0.9510558989009135,0.0,0.0
2024-01-11 00:30:00,-0.9561123883966779,0.0,0.0
2024-01-11 00:45:00,-0.9572213265759231,0.0,0.0
2024-01-11 01:00:00,-0.9543778713207908,0.0,0.0
2024-01-11 01:15:00,-0.947594095015435,0.0,0.0
2024-01-11 01:30:00,-0.9368989349545449,0.0,0.0
2024-01-11 01:45:00,-0.9223380680582287,0.0,0.0
2024-01-11 02:00:00,-0.9039737158953328,0.0,0.0
2024-01-11 02:15:00,-0.8818843819800887,0.0,0.0
2024-01-11 02:30:00,-0.8561645112556207,0.0,0.0
2024-01-11 02:45:00,-0.8269240879571594,0.0,0.0
2024-01-11 03:00:00,-0.794288169912727,0.0,0.0
2024-01-11 03:15:00,-0.7583963458217955,0.0,0.0
2024-01-11 03:30:00,-0.7194021414101309,0.0,0.0
2024-01-11 03:45:00,-0.677472368622717,0.0,0.0
2024-01-11 04:00:00,-0.6327864014772896,0.0,0.0
2024-01-11 04:15:00,-0.585535413377219,0.0,0.0
2024-01-11 04:30:00,-0.5359215660883437,0.0,0.0
2024-01-11 04:45:00,-0.4841571320678706,0.0,0.0
2024-01-11 05:00:00,-0.4304635921653839,0.0,0.0
2024-01-11 05:15:00,-0.37507069551414673,0.0,0.0
2024-01-11 05:30:00,-0.3182154620885313,0.0,0.0
2024-01-11 05:45:00,-0.26014117534984116,0.0,0.0
2024-01-11 06:00:00,-0.20109634925994307,0.0,0.0
2024-01-11 06:15:00,-0.14133364925174235,0.0,0.0
2024-01-11 06:30:00,-0.08110881861928343,0.0,0.0
2024-01-11 06:45:00,-0.020679592253789986,0.0,0.0
2024-01-11 07:00:00,0.039695422512240786,0.0,0.0
2024-01-11 07:15:00,0.09975784455591423,0.0,0.0
2024-01-11 07:30:00,0.1592506167758147,0.0,0.0
2024-01-11 07:45:00,0.2179191223714732,0.0,0.0
2024-01-11 08:00:00,0.27551226637818355,0.0,0.0
2024-01-11 08:15:00,0.3317835428356479,53.482241597442105,38.05352195539755
2024-01-11 08:30:00,0.38649210532916595,107.77685001379568,75.59578030689367
2024-01-11 08:45:00,0.43940378985228434,26.0,17.97388866
2024-01-11 09:00:00,0.4902921103327009,38.0,25.88547213
2024-01-11 09:15:00,0.5389392423648542,379.53172268985816,253.93272230017797
2024-01-11 09:30:00,0.5851369480302995,66.0,43.49147418
2024-01-11 09:45:00,0.6286874616603185,80.0,51.908396399999994
2024-01-11 10:00:00,0.6694043487951296,95.0,60.681077099999996
2024-01-11 10:15:00,0.7071132976265289,209.19668933417123,131.5097007043819
2024-01-11 10:30:00,0.7416528607748661,281.1723906864497,174.48320985723464
2024-01-11 10:45:00,0.7728751566780375,314.8495332157439,192.19964882041964
2024-01-11 11:00:00,0.8006464970463933,719.9352995544137,433.66295559438197
2024-01-11 11:15:00,0.8248479563243486,751.6971312687772,448.2367926588608
2024-01-11 11:30:00,0.8453758884299295,777.5695051654401,458.9492500771969
2024-01-11 11:45:00,0.8621423662249759,800.5802925872542,467.6762664462629
2024-01-11 12:00:00,0.8750755566761692,816.9403565248864,472.2793716679214
2024-01-11 12:15:00,0.8841200331459267,829.3003088038103,476.0721324994038
2024-01-11 12:30:00,0.8892370099493678,835.5254356658994,476.2679717969452
2024-01-11 12:45:00,0.8904045088240276,836.542327185728,475.1566734309505
2024-01-11 13:00:00,0.887617454746093,833.2271856291009,469.9051746482398
2024-01-11 13:15:00,0.8808876965530956,823.7296329115339,464.54895338535636
2024-01-11 13:30:00,0.8702439583136925,418.83611270301066,235.35937882479675
2024-01-11 13:45:00,0.8557317149745474,792.5063480182125,445.33839400934244
2024-01-11 14:00:00,0.8374129982423291,328.05951368713454,183.685552506069
2024-01-11 14:15:00,0.815366134702376,309.4276090341063,173.8787264152398
2024-01-11 14:30:00,0.7896854060708549,320.6751936505961,181.4955536972482
2024-01-11 14:45:00,0.7604806477592613,489.2822464706677,277.9126854034353
2024-01-11 15:00:00,0.7278767838061364,420.25914025283254,239.55700187370553
2024-01-11 15:15:00,0.6920132847351582,201.1214613208674,116.26983123419718
2024-01-11 15:30:00,0.6530435742455175,212.52784115654623,125.01191637904824
2024-01-11 15:45:00,0.6111343787785892,478.90540893279837,285.5711636476402
2024-01-11 16:00:00,0.5664650038129618,419.9650875508715,254.66955886391753
2024-01-11 16:15:00,0.5192265714401273,357.3627945785585,220.31890684877933
2024-01-11 16:30:00,0.4696212095313681,292.2309076613152,183.11774597027872
2024-01-11 16:45:00,0.41786117427269,46.282251705362626,29.469151182206385
2024-01-11 17:00:00,0.36416794786550816,20.0,12.936672
2024-01-11 17:15:00,0.3087712984858741,78.31214306992055,50.971518709541954
2024-01-11 17:30:00,0.2519082826679095,0.0,0.0
2024-01-11 17:45:00,0.1938222378479113,0.0,0.0
2024-01-11 18:00:00,0.13476174919350348,0.0,0.0
2024-01-11 18:15:00,0.07497957013835138,0.0,0.0
2024-01-11 18:30:00,0.014731548461004412,0.0,0.0
2024-01-11 18:45:00,-0.045724460414050094,0.0,0.0
2024-01-11 19:00:00,-0.10612971312064207,0.0,0.0
2024-01-11 19:15:00,-0.1662256775955277,0.0,0.0
2024-01-11 19:30:00,-0.22575513153855845,0.0,0.0
2024-01-11 19:45:00,-0.28446327940913735,0.0,0.0
2024-01-11 20:00:00,-0.34209883470495467,0.0,0.0
2024-01-11 20:15:00,-0.3984150880052513,0.0,0.0
2024-01-11 20:30:00,-0.4531709783764362,0.0,0.0
2024-01-11 20:45:00,-0.5061321171453549,0.0,0.0
2024-01-11 21:00:00,-0.5570717844136862,0.0,0.0
2024-01-11 21:15:00,-0.6057719137858086,0.0,0.0
2024-01-11 21:30:00,-0.6520240182826917,0.0,0.0
2024-01-11 21:45:00,-0.6956300770786503,0.0,0.0
2024-01-11 22:00:00,-0.7364033956860107,0.0,0.0
2024-01-11 22:15:00,-0.7741693984337706,0.0,0.0
2024-01-11 22:30:00,-0.8087663714159377,0.0,0.0
2024-01-11 22:45:00,-0.8400461650370032,0.0,0.0
2024-01-11 23:00:00,-0.8678748226167494,0.0,0.0
2024-01-11 23:15:00,-0.8921331510106758,0.0,0.0
2024-01-11 23:30:00,-0.9127172384932474,0.0,0.0
2024-01-11 23:45:00,-0.9295388954014661,0.0,0.0
2024-01-12 00:00:00,-0.9425260304053491,0.0,0.0
2024-01-12 00:15:00,-0.951622963926003,0.0,0.0
2024-01-12 00:30:00,-0.9567906637854448,0.0,0.0
2024-01-12 00:45:00,-0.9580069127253157,0.0,0.0
2024-01-12 01:00:00,-0.9552664052706644,0.0,0.0
2024-01-12 01:15:00,-0.94858076934135,0.0,0.0
2024-01-12 01:30:00,-0.9379785185676317,0.0,0.0
2024-01-12 01:45:00,-0.9235049288545736,0.0,0.0
2024-01-12 02:00:00,-0.9052218451202014,0.0,0.0
2024-01-12 02:15:00,-0.8832074202112833,0.0,0.0
2024-01-12 02:30:00,-0.8575557759146284,0.0,0.0
2024-01-12 02:45:00,-0.8283766021982156,0.0,0.0
2024-01-12 03:00:00,-0.7957946927855126,0.0,0.0
2024-01-12 03:15:00,-0.7599494035638052,0.0,0.0
2024-01-12 03:30:00,-0.7209940597687918,0.0,0.0
2024-01-12 03:45:00,-0.6790953059781063,0.0,0.0
2024-01-12 04:00:00,-0.6344323827376388,0.0,0.0
2024-01-12 04:15:00,-0.5871963644555461,0.0,0.0
2024-01-12 04:30:00,-0.5375893487409297,0.0,0.0
2024-01-12 04:45:00,-0.48582357906528006,0.0,0.0
2024-01-12 05:00:00,-0.4321205425551962,0.0,0.0
2024-01-12 05:15:00,-0.3767100298665943,0.0,0.0
2024-01-12 05:30:00,-0.3198291375377576,0.0,0.0
2024-01-12 05:45:00,-0.2617212603179959,0.0,0.0
2024-01-12 06:00:00,-0.2026350576901404,0.0,0.0
2024-01-12 06:15:00,-0.1428233742326927,0.0,0.0
2024-01-12 06:30:00,-0.08254216516248603,0.0,0.0
2024-01-12 06:45:00,-0.022049409253597274,0.0,0.0
2024-01-12 07:00:00,0.038396011450340384,0.0,0.0
2024-01-12 07:15:00,0.0985354114911153,0.0,0.0
2024-01-12 07:30:00,0.15811140102681043,0.0,0.0
2024-01-12 07:45:00,0.21686900367213413,0.0,0.0
2024-01-12 08:00:00,0.2745567395005119,0.0,0.0
2024-01-12 08:15:00,0.33092769392924637,101.70305580946255,72.36344909225915
2024-01-12 08:30:00,0.3857405899772732,176.3675330410229,124.7754881625479
2024-01-12 08:45:00,0.4387608130481726,6.0,4.22058924
2024-01-12 09:00:00,0.4897614083905264,8.0,5.61128148
2024-01-12 09:15:00,0.5385240667945697,10.0,6.97367475
2024-01-12 09:30:00,0.5848400516183784,13.0,9.013221945000002
2024-01-12 09:45:00,0.6285110865800234,15.0,10.339230825000001
2024-01-12 10:00:00,0.6693502170424754,10.0,6.872607
2024-01-12 10:15:00,0.7071826036108431,11.0,7.51539789
2024-01-12 10:30:00,0.7418462662401761,23.0,15.621031440000001
2024-01-12 10:45:00,0.7731927878964058,28.0,18.9603099
2024-01-12 11:00:00,0.8010879443745819,15.0,10.096668225
2024-01-12 11:15:00,0.8254122760012776,30.0,20.07205515
2024-01-12 11:30:00,0.8460616067314669,31.0,20.67846165
2024-01-12 11:45:00,0.8629474858935715,33.0,21.87914652
2024-01-12 12:00:00,0.8759975655972552,21.0,13.83819633
2024-01-12 12:15:00,0.8851559152710119,107.0,70.07633514
2024-01-12 12:30:00,0.8903832583822486,35.0,22.851418275000004
2024-01-12 12:45:00,0.891657141010526,35.0,22.709923425
2024-01-12 13:00:00,0.8889720297407828,34.0,21.9923424
2024-01-12 13:15:00,0.8823393342516874,34.0,21.92361633
2024-01-12 13:30:00,0.8717873605692268,33.0,21.21209937
2024-01-12 13:45:00,0.8573611885319679,32.0,20.50462512
2024-01-12 14:00:00,0.8391224793808114,31.0,19.80119358
2024-01-12 14:15:00,0.8171492154524317,29.0,18.582316515
2024-01-12 14:30:00,0.7915353619236962,26.0,16.66000791
2024-01-12 14:45:00,0.7623904667521173,24.0,15.378468839999998
2024-01-12 15:00:00,0.7298391968255298,615.5971463747047,395.7002375996567
2024-01-12 15:15:00,0.694020796949407,568.5753897425611,367.7736662185839
2024-01-12 15:30:00,0.6550884974867237,517.7679217130606,337.0028743209657
2024-01-12 15:45:00,0.6132088647678439,465.75561031259815,305.0322078654287
2024-01-12 16:00:00,0.5685610780759209,11.0,7.248579029999999
2024-01-12 16:15:00,0.5213361677349765,9.0,5.96703996
2024-01-12 16:30:00,0.471736204713969,280.3593540418359,187.57961387153685
2024-01-12 16:45:00,0.41997342337223675,216.3081468240176,145.59943952311286
2024-01-12 17:00:00,0.3662693192502037,143.70022194881824,97.59763847815077
2024-01-12 17:15:00,0.31085370897504144,71.99476583218299,48.751538262718604
2024-01-12 17:30:00,0.25396373245996345,0.0,0.0
2024-01-12 17:45:00,0.19584284502855676,0.0,0.0
2024-01-12 18:00:00,0.13673978372724327,0.0,0.0
2024-01-12 18:15:00,0.07690748726905103,0.0,0.0
2024-01-12 18:30:00,0.016602021260448074,0.0,0.0
2024-01-12 18:45:00,-0.043918509426946084,0.0,0.0
2024-01-12 19:00:00,-0.10439508148408888,0.0,0.0
2024-01-12 19:15:00,-0.16456885354822182,0.0,0.0
2024-01-12 19:30:00,-0.22418226606438882,0.0,0.0
2024-01-12 19:45:00,-0.2829801597023664,0.0,0.0
2024-01-12 20:00:00,-0.3407108592531759,0.0,0.0
2024-01-12 20:15:00,-0.39712724330043475,0.0,0.0
2024-01-12 20:30:00,-0.4519878174346376,0.0,0.0
2024-01-12 20:45:00,-0.5050577399259356,0.0,0.0
2024-01-12 21:00:00,-0.5561098201388379,0.0,0.0
2024-01-12 21:15:00,-0.6049255053487232,0.0,0.0
2024-01-12 21:30:00,-0.6512958087325934,0.0,0.0
2024-01-12 21:45:00,-0.6950221982697797,0.0,0.0
2024-01-12 22:00:00,-0.7359174591362504,0.0,0.0
2024-01-12 22:15:00,-0.7738064884366965,0.0,0.0
2024-01-12 22:30:00,-0.8085270404156729,0.0,0.0
2024-01-12 22:45:00,-0.8399304313031173,0.0,0.0
2024-01-12 23:00:00,-0.8678821702587719,0.0,0.0
2024-01-12 23:15:00,-0.8922625322393043,0.0,0.0
2024-01-12 23:30:00,-0.9129670782375804,0.0,0.0
2024-01-12 23:45:00,-0.9299070981748232,0.0,0.0
2024-01-13 00:00:00,-0.9430099893993507,0.0,0.0
2024-01-13 00:15:00,-0.9522195723498796,0.0,0.0
2024-01-13 00:30:00,-0.9574963283444442,0.0,0.0
2024-01-13 00:45:00,-0.958817569182342,0.0,0.0
2024-01-13 01:00:00,-0.9561775360730999,0.0,0.0
2024-01-13 01:15:00,-0.9495874231823025,0.0,0.0
2024-01-13 01:30:00,-0.9390753318095754,0.0,0.0
2024-01-13 01:45:00,-0.924686148757123,0.0,0.0
2024-01-13 02:00:00,-0.9064813547244803,0.0,0.0
2024-01-13 02:15:00,-0.8845387647942518,0.0,0.0
2024-01-13 02:30:00,-0.858952190913616,0.0,0.0
2024-01-13 02:45:00,-0.8298310424663631,0.0,0.0
2024-01-13 03:00:00,-0.7972998630257795,0.0,0.0
2024-01-13 03:15:00,-0.7614977898831801,0.0,0.0
2024-01-13 03:30:00,-0.7225779621524486,0.0,0.0
2024-01-13 03:45:00,-0.6807068715404736,0.0,0.0
2024-01-13 04:00:00,-0.6360636396890361,0.0,0.0
2024-01-13 04:15:00,-0.5888392565065251,0.0,0.0
2024-01-13 04:30:00,-0.5392357699194106,0.0,0.0
2024-01-13 04:45:00,-0.487465408734718,0.0,0.0
2024-01-13 05:00:00,-0.4337496804588907,0.0,0.0
2024-01-13 05:15:00,-0.37831843111620533,0.0,0.0
2024-01-13 05:30:00,-0.3214088473378268,0.0,0.0
2024-01-13 05:45:00,-0.26326444831600393,0.0,0.0
2024-01-13 06:00:00,-0.20413405178589994,0.0,0.0
2024-01-13 06:15:00,-0.1442706936504114,0.0,0.0
2024-01-13 06:30:00,-0.0839305527680902,0.0,0.0
2024-01-13 06:45:00,-0.023371862832018475,0.0,0.0
2024-01-13 07:00:00,0.03714620896490034,0.0,0.0
2024-01-13 07:15:00,0.09736466307393435,0.0,0.0
2024-01-13 07:30:00,0.1570257679223913,0.0,0.0
2024-01-13 07:45:00,0.21587417926833177,0.0,0.0
2024-01-13 08:00:00,0.27365802482399887,0.0,0.0
2024-01-13 08:15:00,0.3301299747530717,8.0,6.2096025599999995
2024-01-13 08:30:00,0.3850483158208683,119.02091937551623,91.1811580535484
2024-01-13 08:45:00,0.4381779780128464,187.16055476622648,141.86922119230712
2024-01-13 09:00:00,0.48929153393251373,257.01315271772324,192.22048388534137
2024-01-13 09:15:00,0.5381701866231193,324.85607219182094,240.99034661054444
2024-01-13 09:30:00,0.5846046986516273,387.7017936556983,285.2605971178287
2024-01-13 09:45:00,0.6283962820402946,448.29456178825734,327.12464587360455
2024-01-13 10:00:00,0.6693574618165469,504.0581330244066,364.75919303767864
2024-01-13 10:15:00,0.7073128718494526,555.728875626531,398.7804961941836
2024-01-13 10:30:00,0.7421000011926808,602.2121008360692,429.701407703179
2024-01-13 10:45:00,0.7735699000781049,649.2531668571728,460.64226841749576
2024-01-13 11:00:00,0.8015878120320826,686.190859024062,484.0753280210614
2024-01-13 11:15:00,0.826033747836328,718.9158170947909,505.70806034934714
2024-01-13 11:30:00,0.8468030069646798,750.3531484394149,524.7886105738587
2024-01-13 11:45:00,0.8638066215682683,816.192727656552,569.1862615992123
2024-01-13 12:00:00,0.8769717361003315,832.8423821433887,579.1137189949627
2024-01-13 12:15:00,0.8862419240770749,845.4616835674406,586.1795230759001
2024-01-13 12:30:00,0.8915774269188395,271.21777158042596,188.0419977448225
2024-01-13 12:45:00,0.8929553245896463,357.4812711540088,247.12802175990092
2024-01-13 13:00:00,0.8903696355338123,332.9939667879366,230.19986474992731
2024-01-13 13:15:00,0.8838313411810711,843.3524235334372,583.0124062204294
2024-01-13 13:30:00,0.8733683410296645,358.31987977254727,247.70775475755195
2024-01-13 13:45:00,0.8590253319013754,339.3294330827407,234.57959420346546
2024-01-13 14:00:00,0.8408636171497033,228.1335442632816,157.7094970845925
2024-01-13 14:15:00,0.818960847904055,305.8526965125528,212.055248934182
2024-01-13 14:30:00,0.7934106862567913,722.7374589068801,502.5526878295585
2024-01-13 14:45:00,0.7643224064902221,267.64836097353333,186.64926168000147
2024-01-13 15:00:00,0.7318204324132079,647.1154480926324,452.5853161164319
2024-01-13 15:15:00,0.696043797385895,599.6102057583839,421.78473043633693
2024-01-13 15:30:00,0.6571455528882577,547.830601324858,387.5760437993529
2024-01-13 15:45:00,0.6152921196634545,494.4714946363411,352.8243570983464
2024-01-13 16:00:00,0.5706625653610721,434.1918695762512,311.5678468171926
2024-01-13 16:15:00,0.5234478430998621,370.77214115291315,270.555825818233
2024-01-13 16:30:00,0.47384998136403167,303.25138948931385,224.35020873882894
2024-01-13 16:45:00,0.4220812069828901,234.97562900765035,176.68852847706637
2024-01-13 17:00:00,0.36836304291594846,160.87286717931258,122.91848393727649
2024-01-13 17:15:00,0.31292536803771615,84.97283464867472,65.26890038888332
2024-01-13 17:30:00,0.25600541904616586,0.0,0.0
2024-01-13 17:45:00,0.1978467822085911,0.0,0.0
2024-01-13 18:00:00,0.13869835909366832,0.0,0.0
2024-01-13 18:15:00,0.07881328576370064,0.0,0.0
2024-01-13 18:30:00,0.018447857167489062,0.0,0.0
2024-01-13 18:45:00,-0.04213956145932035,0.0,0.0
2024-01-13 19:00:00,-0.10268965657970286,0.0,0.0
2024-01-13 19:15:00,-0.16294326800970993,0.0,0.0
2024-01-13 19:30:00,-0.22264249010829176,0.0,0.0
2024-01-13 19:45:00,-0.2815317917339933,0.0,0.0
2024-01-13 20:00:00,-0.3393591017603008,0.0,0.0
2024-01-13 20:15:00,-0.3958768804128338,0.0,0.0
2024-01-13 20:30:00,-0.45084319432630543,0.0,0.0
2024-01-13 20:45:00,-0.5040227441046509,0.0,0.0
2024-01-13 21:00:00,-0.5551878647337926,0.0,0.0
2024-01-13 21:15:00,-0.6041195144245947,0.0,0.0
2024-01-13 21:30:00,-0.6506082047334709,0.0,0.0
2024-01-13 21:45:00,-0.6944548916132433,0.0,0.0
2024-01-13 22:00:00,-0.7354718400368869,0.0,0.0
2024-01-13 22:15:00,-0.7734834209728984,0.0,0.0
2024-01-13 22:30:00,-0.8083268588565455,0.0,0.0
2024-01-13 22:45:00,-0.839852938758155,0.0,0.0
2024-01-13 23:00:00,-0.8679266395866052,0.0,0.0
2024-01-13 23:15:00,-0.8924277092432615,0.0,0.0
2024-01-13 23:30:00,-0.9132511871779937,0.0,0.0
2024-01-13 23:45:00,-0.9303078494911454,0.0,0.0
2024-01-14 00:00:00,-0.9435245896587393,0.0,0.0
2024-01-14 00:15:00,-0.9528447363945316,0.0,0.0
2024-01-14 00:30:00,-0.9582282935375808,0.0,0.0
2024-01-14 00:45:00,-0.959652111710785,0.0,0.0
2024-01-14 01:00:00,-0.9571099892598846,0.0,0.0
2024-01-14 01:15:00,-0.9506126976980893,0.0,0.0
2024-01-14 01:30:00,-0.9401879376943291,0.0,0.0
2024-01-14 01:45:00,-0.9258802191938841,0.0,0.0
2024-01-14 02:00:00,-0.9077506714282897,0.0,0.0
2024-01-14 02:15:00,-0.885876784894891,0.0,0.0
2024-01-14 02:30:00,-0.8603520752636333,0.0,0.0
2024-01-14 02:45:00,-0.8312856852224018,0.0,0.0
2024-01-14 03:00:00,-0.7988019223546479,0.0,0.0
2024-01-14 03:15:00,-0.7630397197086662,0.0,0.0
2024-01-14 03:30:00,-0.724152044763921,0.0,0.0
2024-01-14 03:45:00,-0.6823052509579881,0.0,0.0
2024-01-14 04:00:00,-0.6376783555951551,0.0,0.0
2024-01-14 04:15:00,-0.590462278628227,0.0,0.0
2024-01-14 04:30:00,-0.5408590327407208,0.0,0.0
2024-01-14 04:45:00,-0.48908084630093235,0.0,0.0
2024-01-14 05:00:00,-0.435349261235151,0.0,0.0
2024-01-14 05:15:00,-0.37989419263921903,0.0,0.0
2024-01-14 05:30:00,-0.3229529306393965,0.0,0.0
2024-01-14 05:45:00,-0.26476913179697364,0.0,0.0
2024-01-14 06:00:00,-0.20559178456669736,0.0,0.0
2024-01-14 06:15:00,-0.14567412815789432,0.0,0.0
2024-01-14 06:30:00,-0.08527257642383257,0.0,0.0
2024-01-14 06:45:00,-0.024645628757724053,0.0,0.0
2024-01-14 07:00:00,0.035947252456820455,0.0,0.0
2024-01-14 07:15:00,0.09624674414742225,0.0,0.0
2024-01-14 07:30:00,0.15599476444833638,0.0,0.0
2024-01-14 07:45:00,0.2149355934454541,0.0,0.0
2024-01-14 08:00:00,0.2728169594893052,0.0,0.0
2024-01-14 08:15:00,0.32939111137319166,113.17037785509154,92.64679119735783
2024-01-14 08:30:00,0.3844158943637466,189.29883457641105,153.05605830608053
2024-01-14 08:45:00,0.4376557786731414,266.4588089261501,212.21149121246572
2024-01-14 09:00:00,0.48888286086699034,336.17407657233207,263.6565344133481
2024-01-14 09:15:00,0.5378778537660851,403.5296734383414,312.40418492928313
2024-01-14 09:30:00,0.5844310176086723,465.95919471346144,356.02646235535093
2024-01-14 09:45:00,0.6283430521942639,527.0540918764176,397.3805571090514
2024-01-14 10:00:00,0.6694259626108688,582.1936402756407,433.0697694720873
2024-01-14 10:15:00,0.707503857352302,632.86066688624,465.64193068623615
2024-01-14 10:30:00,0.7424136968740656,679.1123327679632,494.18175938478703
2024-01-14 10:45:00,0.7740060019517545,721.4191676804606,520.5931942821653
2024-01-14 11:00:00,0.8021454880046681,758.6794474920893,541.3468545886363
2024-01-14 11:15:00,0.8267116413884197,791.2932259115282,559.8195815318389
2024-01-14 11:30:00,0.8475992430874341,818.2965210494284,575.6155819784419
2024-01-14 11:45:00,0.8647188149274077,843.7588403988684,588.4099720378869
2024-01-14 12:00:00,0.8779970013911252,861.2452532742707,597.1226628337491
2024-01-14 12:15:00,0.8873768885664751,873.3867374811571,602.0098052207575
2024-01-14 12:30:00,0.8928182450818145,881.0712402105148,605.5256372969467
2024-01-14 12:45:00,0.8942976947615371,882.5424745701372,602.9688955654352
2024-01-14 13:00:00,0.891808818567128,879.3559219003249,597.2368044763114
2024-01-14 13:15:00,0.8853621809688237,871.647844310349,592.0016687208778
2024-01-14 13:30:00,0.874985286815853,856.7365521496896,580.1425189791295
2024-01-14 13:45:00,0.8607224623201707,834.2323834751141,564.9037328322787
2024-01-14 14:00:00,0.8426346658460773,810.1580259322392,546.9640701537593
2024-01-14 14:15:00,0.8207992306272618,781.4073191051267,529.1330331557641
2024-01-14 14:30:00,0.7953095293631571,747.509909604673,506.17926926519954
2024-01-14 14:45:00,0.7662745766513848,709.6973121902367,482.0088707220514
2024-01-14 15:00:00,0.7338185674507964,665.9399595237674,453.63605953962656
2024-01-14 15:15:00,0.6980803381150436,618.6335559018755,426.41300870400215
2024-01-14 15:30:00,0.6592127757727538,567.7780928604756,397.09765606531937
2024-01-14 15:45:00,0.6173821701956265,511.35830283808923,362.8064684438833
2024-01-14 16:00:00,0.572767492009323,451.6742917706846,324.1129012549569
2024-01-14 16:15:00,0.5255596316554727,389.07383394585577,283.9107386012407
2024-01-14 16:30:00,0.4759605895700221,321.4321172794334,238.45032919437645
2024-01-14 16:45:00,0.4241825992424677,251.120047201538,189.33583060312722
2024-01-14 17:00:00,0.3704472250138421,177.32872895584137,136.2088389090432
2024-01-14 17:15:00,0.31498442164250817,101.8256069031873,78.41959156352283
2024-01-14 17:30:00,0.2580315359307402,0.0,0.0
2024-01-14 17:45:00,0.19983229791055845,0.0,0.0
2024-01-14 18:00:00,0.14063578602562873,0.0,0.0
2024-01-14 18:15:00,0.08069534551303933,0.0,0.0
2024-01-14 18:30:00,0.020267511912067604,0.0,0.0
2024-01-14 18:45:00,-0.04038907862283833,0.0,0.0
2024-01-14 19:00:00,-0.10101481241104146,0.0,0.0
2024-01-14 19:15:00,-0.16135020126723226,0.0,0.0
2024-01-14 19:30:00,-0.2211369850724499,0.0,0.0
2024-01-14 19:45:00,-0.28011925327375303,0.0,0.0
2024-01-14 20:00:00,-0.3380445320455418,0.0,0.0
2024-01-14 20:15:00,-0.3946648573613907,0.0,0.0
2024-01-14 20:30:00,-0.4497378519176535,0.0,0.0
2024-01-14 20:45:00,-0.5030277545643903,0.0,0.0
2024-01-14 21:00:00,-0.5543064227535571,0.0,0.0
2024-01-14 21:15:00,-0.6033543234061616,0.0,0.0
2024-01-14 21:30:00,-0.649961465226988,0.0,0.0
2024-01-14 21:45:00,-0.6939282918206601,0.0,0.0
2024-01-14 22:00:00,-0.7350665486496577,0.0,0.0
2024-01-14 22:15:00,-0.7732000821812837,0.0,0.0
2024-01-14 22:30:00,-0.8081655896279285,0.0,0.0
2024-01-14 22:45:00,-0.8398133284100696,0.0,0.0
2024-01-14 23:00:00,-0.8680077516455005,0.0,0.0
2024-01-14 23:15:00,-0.8926280855443591,0.0,0.0
2024-01-14 23:30:00,-0.9135688542413201,0.0,0.0
2024-01-14 23:45:00,-0.9307403271292063,0.0,0.0
2024-01-15 00:00:00,-0.9440689017370592,0.0,0.0
2024-01-15 00:15:00,-0.9534974237683387,0.0,0.0
2024-01-15 00:30:00,-0.9589854290599689,0.0,0.0
2024-01-15 00:45:00,-0.9605093172424441,0.0,0.0
2024-01-15 01:00:00,-0.9580624546534307,0.0,0.0
2024-01-15 01:15:00,-0.9516552016338539,0.0,0.0
2024-01-15 01:30:00,-0.9413148702724616,0.0,0.0
2024-01-15 01:45:00,-0.9270856062283495,0.0,0.0
2024-01-15 02:00:00,-0.9090282002951157,0.0,0.0
2024-01-15 02:15:00,-0.8872198318384392,0.0,0.0
2024-01-15 02:30:00,-0.8617537340560966,0.0,0.0
2024-01-15 02:45:00,-0.8327387970089535,0.0,0.0
2024-01-15 03:00:00,-0.8002991066329954,0.0,0.0
2024-01-15 03:15:00,-0.7645734062169823,0.0,0.0
2024-01-15 03:30:00,-0.7257145062012418,0.0,0.0
2024-01-15 03:45:00,-0.6838886363777901,0.0,0.0
2024-01-15 04:00:00,-0.6392747243377509,0.0,0.0
2024-01-15 04:15:00,-0.5920636346156418,0.0,0.0
2024-01-15 04:30:00,-0.5424573590211039,0.0,0.0
2024-01-15 04:45:00,-0.4906681396811081,0.0,0.0
2024-01-15 05:00:00,-0.43691756682940525,0.0,0.0
2024-01-15 05:15:00,-0.3814356382441623,0.0,0.0
2024-01-15 05:30:00,-0.32445976066844995,0.0,0.0
2024-01-15 05:45:00,-0.2662337408124812,0.0,0.0
2024-01-15 06:00:00,-0.20700675007243663,0.0,0.0
2024-01-15 06:15:00,-0.1470322426360509,0.0,0.0
2024-01-15 06:30:00,-0.08656687843740316,0.0,0.0
2024-01-15 06:45:00,-0.025869432975557383,0.0,0.0
2024-01-15 07:00:00,0.034800326408414184,0.0,0.0
2024-01-15 07:15:00,0.09518274422100068,0.0,0.0
2024-01-15 07:30:00,0.15501938005793447,0.0,0.0
2024-01-15 07:45:00,0.21405413095084544,0.0,0.0
2024-01-15 08:00:00,0.2720343193608857,0.0,0.0
2024-01-15 08:15:00,0.3287117670588544,118.22935955530372,95.59340283356437
2024-01-15 08:30:00,0.3838438730307006,194.04283575260038,154.93063522376553
2024-01-15 08:45:00,0.43719464389864837,268.708275568662,211.28722356485403
2024-01-15 09:00:00,0.4885356972983008,338.38066802224483,262.6511828006802
2024-01-15 09:15:00,0.5376472538697412,405.600132631424,310.7276434600778
2024-01-15 09:30:00,0.5843190705557697,467.2156452234888,352.26443784542056
2024-01-15 09:45:00,0.6283513348780633,527.9454738514745,392.71680217331334
2024-01-15 10:00:00,0.6695555329541754,582.3053152974319,426.0905653383006
2024-01-15 10:15:00,0.7077552497665736,632.4825705578901,457.6929066947957
2024-01-15 10:30:00,0.7427869200550035,678.9121605264229,485.8021615452742
2024-01-15 10:45:00,0.774500538910516,722.1684656186858,509.45583474840987
2024-01-15 11:00:00,0.8027602983827566,759.6263022784431,529.7386763635046
2024-01-15 11:15:00,0.8274451660026383,791.4261977423481,547.1156292626194
2024-01-15 11:30:00,0.848449410755318,819.6044696797862,561.6252299624491
2024-01-15 11:45:00,0.8656830514933351,842.6372599104283,572.298396938098
2024-01-15 12:00:00,0.8790722408873809,861.1092448937283,579.62229007815
2024-01-15 12:15:00,0.8885595865493544,872.4748196254061,583.7454232169151
2024-01-15 12:30:00,0.8941043940015995,880.2583556634763,585.394512780496
2024-01-15 12:45:00,0.8956828413275255,881.715262545306,582.7988743287814
2024-01-15 13:00:00,0.893288083055096,879.5049006598535,577.7822792538219
2024-01-15 13:15:00,0.8869302783542516,870.9758560859115,572.1792055130246
2024-01-15 13:30:00,0.8766365496486561,857.999079478169,561.9199162927446
2024-01-15 13:45:00,0.8624508652678016,838.9678365284316,547.7601414795147
2024-01-15 14:00:00,0.8444338517614387,814.8349004370563,532.0038038558616
2024-01-15 14:15:00,0.8226625380493342,786.8149839400061,513.7096658014425
2024-01-15 14:30:00,0.7972300213339757,753.5624187738986,493.5223608122312
2024-01-15 14:45:00,0.7682450707155304,714.7637410982182,469.5571601134664
2024-01-15 15:00:00,0.7358316667036684,672.2494216980072,442.98664191361826
2024-01-15 15:15:00,0.7001284631822436,625.605982125351,418.57325917966534
2024-01-15 15:30:00,0.6612881975719697,574.3692698600038,390.09740968056366
2024-01-15 15:45:00,0.6194770433544323,518.1388922528496,356.096497786918
2024-01-15 16:00:00,0.574873888732613,459.5081909973423,320.44606689763435
2024-01-15 16:15:00,0.5276695760021312,396.3429812574513,281.203603274759
2024-01-15 16:30:00,0.4780660918801666,329.40097696570325,237.70356331063974
2024-01-15 16:45:00,0.4262756906783551,259.46770003834683,190.38490881039755
2024-01-15 17:00:00,0.3725199919560639,185.28131645262417,138.19762738927673
2024-01-15 17:15:00,0.3170290398435642,111.01088619213064,83.02519164779088
2024-01-15 17:30:00,0.26004030432770825,0.0,0.0
2024-01-15 17:45:00,0.20179767185436026,0.0,0.0
2024-01-15 18:00:00,0.14255040982891273,0.0,0.0
2024-01-15 18:15:00,0.08255208419113304,0.0,0.0
2024-01-15 18:30:00,0.02205948197802493,0.0,0.0
2024-01-15 18:45:00,-0.03866847945688334,0.0,0.0
2024-01-15 19:00:00,-0.09937187678897536,0.0,0.0
2024-01-15 19:15:00,-0.15979088503094746,0.0,0.0
2024-01-15 19:30:00,-0.21966688159058043,0.0,0.0
2024-01-15 19:45:00,-0.27874356935484684,0.0,0.0
2024-01-15 20:00:00,-0.3367680655008197,0.0,0.0
2024-01-15 20:15:00,-0.393491976329629,0.0,0.0
2024-01-15 20:30:00,-0.4486724760692276,0.0,0.0
2024-01-15 20:45:00,-0.5020733382626286,0.0,0.0
2024-01-15 21:00:00,-0.5534659401411741,0.0,0.0
2024-01-15 21:15:00,-0.6026302556976084,0.0,0.0
2024-01-15 21:30:00,-0.6493557900251776,0.0,0.0
2024-01-15 21:45:00,-0.6934424746604253,0.0,0.0
2024-01-15 22:00:00,-0.7347015367475195,0.0,0.0
2024-01-15 22:15:00,-0.772956300424224,0.0,0.0
2024-01-15 22:30:00,-0.8080429387857151,0.0,0.0
2024-01-15 22:45:00,-0.8398111856659869,0.0,0.0
2024-01-15 23:00:00,-0.8681249733655645,0.0,0.0
2024-01-15 23:15:00,-0.8928630122674975,0.0,0.0
2024-01-15 23:30:00,-0.9139193179516663,0.0,0.0
2024-01-15 23:45:00,-0.9312036606783355,0.0,0.0
2024-01-16 00:00:00,-0.9446419504338568,0.0,0.0
2024-01-16 00:15:00,-0.9541765590818223,0.0,0.0
2024-01-16 00:30:00,-0.959766564361479,0.0,0.0
2024-01-16 00:45:00,-0.9613879255090184,0.0,0.0
2024-01-16 01:00:00,-0.9590335881007741,0.0,0.0
2024-01-16 01:15:00,-0.9527135131422266,0.0,0.0
2024-01-16 01:30:00,-0.9424546365316553,0.0,0.0
2024-01-16 01:45:00,-0.9283007525194771,0.0,0.0
2024-01-16 02:00:00,-0.9103123267784528,0.0,0.0
2024-01-16 02:15:00,-0.8885662412352673,0.0,0.0
2024-01-16 02:30:00,-0.8631554606225946,0.0,0.0
2024-01-16 02:45:00,-0.834188636671239,0.0,0.0
2024-01-16 03:00:00,-0.8017896481079356,0.0,0.0
2024-01-16 03:15:00,-0.7660970630772962,0.0,0.0
2024-01-16 03:30:00,-0.7272635496548352,0.0,0.0
2024-01-16 03:45:00,-0.6854552286741139,0.0,0.0
2024-01-16 04:00:00,-0.6408509526244344,0.0,0.0
2024-01-16 04:15:00,-0.593641545153556,0.0,0.0
2024-01-16 04:30:00,-0.5440289915128101,0.0,0.0
2024-01-16 04:45:00,-0.49222556166220743,0.0,0.0
2024-01-16 05:00:00,-0.4384529079109955,0.0,0.0
2024-01-16 05:15:00,-0.3829411241223428,0.0,0.0
2024-01-16 05:30:00,-0.3259277466796231,0.0,0.0
2024-01-16 05:45:00,-0.26765674490441893,0.0,0.0
2024-01-16 06:00:00,-0.2083774851396929,0.0,0.0
2024-01-16 06:15:00,-0.14834364792595667,0.0,0.0
2024-01-16 06:30:00,-0.08781215003714796,0.0,0.0
2024-01-16 06:45:00,-0.027042053142473044,0.0,0.0
2024-01-16 07:00:00,0.033706561127573226,0.0,0.0
2024-01-16 07:15:00,0.09417369624499712,0.0,0.0
2024-01-16 07:30:00,0.15410054551708935,0.0,0.0
2024-01-16 07:45:00,0.2132306159810404,0.0,0.0
2024-01-16 08:00:00,0.27131081812878377,0.0,0.0
2024-01-16 08:15:00,0.3280925414973569,117.70868786418063,93.26896954501872
2024-01-16 08:30:00,0.3833327345849824,192.66640321739226,150.71606542301538
2024-01-16 08:45:00,0.43679493706849315,266.30606095405483,205.6302515547973
2024-01-16 09:00:00,0.48825028526111214,335.273925435584,256.17348245746336
2024-01-16 09:15:00,0.5374785062177996,400.7230346845791,301.32130563624315
2024-01-16 09:30:00,0.5842688531235088,463.08930539580285,343.53691302735825
2024-01-16 09:45:00,0.628421001732909,521.7146983118121,380.69999165619237
2024-01-16 10:00:00,0.6697459206516092,575.759785473468,413.15429701383124
2024-01-16 10:15:00,0.7080666738224255,625.6582058176319,442.6370699171748
2024-01-16 10:30:00,0.7432191736303091,671.8447908076778,468.52270535745345
2024-01-16 10:45:00,0.7750528938036271,713.5700126268866,491.8510046898364
2024-01-16 11:00:00,0.8034315082520858,750.7716861463063,509.9055701544897
2024-01-16 11:15:00,0.8282334718136868,782.3607547806033,525.0343693952094
2024-01-16 11:30:00,0.849352548462414,810.3757104861612,537.2826941204794
2024-01-16 11:45:00,0.866698261898264,832.828246137048,545.4350587883943
2024-01-16 12:00:00,0.8801962816236812,850.1766534613131,551.6413342236909
2024-01-16 12:15:00,0.8897887461608069,863.3690265293694,554.965744961247
2024-01-16 12:30:00,0.8954345080485774,870.2636642920111,555.879331686653
2024-01-16 12:45:00,0.8971093104261261,871.7810352460702,551.5620127584438
2024-01-16 13:00:00,0.8948058928199656,868.7993330020688,546.1632333614834
2024-01-16 13:15:00,0.8885340211202745,861.3462210716078,539.7368121152019
2024-01-16 13:30:00,0.8783204478725284,845.0968008459129,527.8463589570321
2024-01-16 13:45:00,0.8642087965470919,825.4174113338177,513.8861763378941
2024-01-16 14:00:00,0.8462593753311538,802.5545096667465,498.03000426244
2024-01-16 14:15:00,0.8245489226432736,774.1821116222914,481.98823972938925
2024-01-16 14:30:00,0.7991702742986273,740.6880953482222,461.1356241715626
2024-01-16 14:45:00,0.7702319682520328,703.3055492364637,439.2837282393534
2024-01-16 15:00:00,0.7378577851179615,660.7326727223183,412.69276512622207
2024-01-16 15:15:00,0.7021862109553508,613.8555273971467,389.6174610287039
2024-01-16 15:30:00,0.663369848202546,564.1017419015808,363.73971060396894
2024-01-16 15:45:00,0.6215747687096237,508.6947774573793,332.12563239961764
2024-01-16 16:00:00,0.5769797929118169,450.5016933815664,298.68462293949716
2024-01-16 16:15:00,0.5297757294257401,388.6519814209885,261.60600742643896
2024-01-16 16:30:00,0.48016456556390047,322.0987393383403,220.0636532722748
2024-01-16 16:45:00,0.4283585904699317,253.88825999671414,176.02701819848073
2024-01-16 17:00:00,0.3745794926120683,180.82170486751696,127.19569032038295
2024-01-16 17:15:00,0.31905741885645467,106.2075940495154,75.35382119575532
2024-01-16 17:30:00,0.2620299752069031,0.0,0.0
2024-01-16 17:45:00,0.20374121692064276,0.0,0.0
2024-01-16 18:00:00,0.14444061220818205,0.0,0.0
2024-01-16 18:15:00,0.08438195896170995,0.0,0.0
2024-01-16 18:30:00,0.023822306283184713,0.0,0.0
2024-01-16 18:45:00,-0.03697913736898162,0.0,0.0
2024-01-16 19:00:00,-0.09776212986540975,0.0,0.0
2024-01-16 19:15:00,-0.15826650106744183,0.0,0.0
2024-01-16 19:30:00,-0.21823325832680626,0.0,0.0
2024-01-16 19:45:00,-0.27740571126818714,0.0,0.0
2024-01-16 20:00:00,-0.335530562218585,0.0,0.0
2024-01-16 20:15:00,-0.39235898287493537,0.0,0.0
2024-01-16 20:30:00,-0.44764769498131496,0.0,0.0
2024-01-16 20:45:00,-0.5011600036810024,0.0,0.0
2024-01-16 21:00:00,-0.5526668038986988,0.0,0.0
2024-01-16 21:15:00,-0.6019475755114199,0.0,0.0
2024-01-16 21:30:00,-0.6487913198319908,0.0,0.0
2024-01-16 21:45:00,-0.692997457091097,0.0,0.0
2024-01-16 22:00:00,-0.7343766978681496,0.0,0.0
2024-01-16 22:15:00,-0.7727518466558135,0.0,0.0
2024-01-16 22:30:00,-0.8079585560910533,0.0,0.0
2024-01-16 22:45:00,-0.8398460410116972,0.0,0.0
2024-01-16 23:00:00,-0.8682777183798482,0.0,0.0
2024-01-16 23:15:00,-0.8931317891377264,0.0,0.0
2024-01-16 23:30:00,-0.9143017675342228,0.0,0.0
2024-01-16 23:45:00,-0.9316969327780673,0.0,0.0
2024-01-17 00:00:00,-0.9452427161566217,0.0,0.0
2024-01-17 00:15:00,-0.9548810253153508,0.0,0.0
2024-01-17 00:30:00,-0.9605704902247714,0.0,0.0
2024-01-17 00:45:00,-0.9622866407248684,0.0,0.0
2024-01-17 01:00:00,-0.9600220132458032,0.0,0.0
2024-01-17 01:15:00,-0.953786181648611,0.0,0.0
2024-01-17 01:30:00,-0.9436057183458146,0.0,0.0
2024-01-17 01:45:00,-0.9295240793524631,0.0,0.0
2024-01-17 02:00:00,-0.9116014188029773,0.0,0.0
2024-01-17 02:15:00,-0.8899143351030256,0.0,0.0
2024-01-17 02:30:00,-0.8645555387334268,0.0,0.0
2024-01-17 02:45:00,-0.8356334575286013,0.0,0.0
2024-01-17 03:00:00,-0.8032717776094633,0.0,0.0
2024-01-17 03:15:00,-0.7676089066808309,0.0,0.0
2024-01-17 03:30:00,-0.7287973851864437,0.0,0.0
2024-01-17 03:45:00,-0.6870032397107237,0.0,0.0
2024-01-17 04:00:00,-0.6424052622791637,0.0,0.0
2024-01-17 04:15:00,-0.5951942500813621,0.0,0.0
2024-01-17 04:30:00,-0.5455721960651857,0.0,0.0
2024-01-17 04:45:00,-0.49375141198961287,0.0,0.0
2024-01-17 05:00:00,-0.4399536258963653,0.0,0.0
2024-01-17 05:15:00,-0.3844090409273259,0.0,0.0
2024-01-17 05:30:00,-0.32735533589058835,0.0,0.0
2024-01-17 05:45:00,-0.26903665500013485,0.0,0.0
2024-01-17 06:00:00,-0.20970257121078315,0.0,0.0
2024-01-17 06:15:00,-0.14960700252388331,0.0,0.0
2024-01-17 06:30:00,-0.08900713294516771,0.0,0.0
2024-01-17 06:45:00,-0.028162320044660794,0.0,0.0
2024-01-17 07:00:00,0.032667031311368167,0.0,0.0
2024-01-17 07:15:00,0.09322057538305224,0.0,0.0
2024-01-17 07:30:00,0.15323913182332777,0.0,0.0
2024-01-17 07:45:00,0.21246581120621433,0.0,0.0
2024-01-17 08:00:00,0.27064710644388507,0.0,0.0
2024-01-17 08:15:00,0.3275339701822793,101.83129827721034,77.80646308521133
2024-01-17 08:30:00,0.3828828966093615,174.1756809878229,131.32243959889152
2024-01-17 08:45:00,0.43645695566254483,249.9191069642848,185.90448701646739
2024-01-17 09:00:00,0.4880268004824756,318.63935667645853,233.80222222375164
2024-01-17 09:15:00,0.5373716636210588,384.15626307213023,277.21627738175323
2024-01-17 09:30:00,0.5842802945771541,445.89488060704196,317.26176992908546
2024-01-17 09:45:00,0.6285518584150348,506.70009735090025,355.4046090224129
2024-01-17 10:00:00,0.66999680821876,559.177593396945,385.4310806866007
2024-01-17 10:15:00,0.7084376898685555,608.5813980974733,413.3334414556429
2024-01-17 10:30:00,0.74370989729814,655.4553376331082,439.86943076845535
2024-01-17 10:45:00,0.7756623877135777,695.4918331497065,459.7083374675983
2024-01-17 11:00:00,0.8041583226374005,731.8638827569546,476.35286343111915
2024-01-17 11:15:00,0.8290756508307033,764.5689249519443,491.4579397362035
2024-01-17 11:30:00,0.850307638748757,792.0130311301873,504.2959426701504
2024-01-17 11:45:00,0.867763323241952,822.7639611296759,517.2234925079248
2024-01-17 12:00:00,0.8813678997186842,841.0105912510355,523.594136812897
2024-01-17 12:15:00,0.8910630474494226,853.1550491825367,525.9814134543117
2024-01-17 12:30:00,0.8968071765216712,860.055194280809,526.7584907723519
2024-01-17 12:45:00,0.8985756063216332,859.2394115946454,522.7851921279922
2024-01-17 13:00:00,0.8963606731765283,856.382835088051,517.5850639602028
2024-01-17 13:15:00,0.890171762052838,848.2413223685503,510.94985777653176
2024-01-17 13:30:00,0.880035268480301,834.790930457224,502.84782872783984
2024-01-17 13:45:00,0.8659944843825573,812.4872455377645,487.7705713925843
2024-01-17 14:00:00,0.8481094132892866,789.2854389490508,473.8415423287169
2024-01-17 14:15:00,0.8264565171357074,761.5293004625371,457.1783545635261
2024-01-17 14:30:00,0.8011283846719754,730.9422012010995,438.81562091332796
2024-01-17 14:45:00,0.7722333372312209,701.5870699253006,422.61064645519906
2024-01-17 15:00:00,0.7398949701640717,659.2340855942107,397.0987422957131
2024-01-17 15:15:00,0.7042516164627772,613.2885383208335,375.621177573385
2024-01-17 15:30:00,0.6654557583316763,563.0663896737224,349.41421806437063
2024-01-17 15:45:00,0.6236733807227554,506.3999348312252,319.3675805644806
2024-01-17 16:00:00,0.5790832508917302,448.0419426206442,286.1859754126009
2024-01-17 16:15:00,0.5318761582415212,386.1876266987473,251.36037743333807
2024-01-17 16:30:00,0.48225410485534637,320.047667759799,212.19302473639164
2024-01-17 16:45:00,0.4304294286117732,249.9494380206161,168.2437699146241
2024-01-17 17:00:00,0.37662390045279326,177.79242308609804,121.8303635414807
2024-01-17 17:15:00,0.321067783082807,104.89897926318595,72.3049839939312
2024-01-17 17:30:00,0.263998831219662,0.0,0.0
2024-01-17 17:45:00,0.20566128104024015,0.0,0.0
2024-01-17 18:00:00,0.14630481312039775,0.0,0.0
2024-01-17 18:15:00,0.08618346824221892,0.0,0.0
2024-01-17 18:30:00,0.02555456780638099,0.0,0.0
2024-01-17 18:45:00,-0.03532237909798658,0.0,0.0
2024-01-17 19:00:00,-0.09618680278073832,0.0,0.0
2024-01-17 19:15:00,-0.15677817997626586,0.0,0.0
2024-01-17 19:30:00,-0.21683714087985792,0.0,0.0
2024-01-17 19:45:00,-0.2761065955401725,0.0,0.0
2024-01-17 20:00:00,-0.3343328261133989,0.0,0.0
2024-01-17 20:15:00,-0.391266565215852,0.0,0.0
2024-01-17 20:30:00,-0.4466640786125236,0.0,0.0
2024-01-17 20:45:00,-0.5002882004774396,0.0,0.0
2024-01-17 21:00:00,-0.5519093418280322,0.0,0.0
2024-01-17 21:15:00,-0.6013064877944811,0.0,0.0
2024-01-17 21:30:00,-0.6482681362453269,0.0,0.0
2024-01-17 21:45:00,-0.6925931974327578,0.0,0.0
2024-01-17 22:00:00,-0.7340918676114025,0.0,0.0
2024-01-17 22:15:00,-0.7725864349088203,0.0,0.0
2024-01-17 22:30:00,-0.80791203566306,0.0,0.0
2024-01-17 22:45:00,-0.8399173708027,0.0,0.0
2024-01-17 23:00:00,-0.8684653479562413,0.0,0.0
2024-01-17 23:15:00,-0.8934336655069383,0.0,0.0
2024-01-17 23:30:00,-0.9147153440904543,0.0,0.0
2024-01-17 23:45:00,-0.9322191803925666,0.0,0.0
2024-01-18 00:00:00,-0.9458701363215047,0.0,0.0
2024-01-18 00:15:00,-0.9556096653459185,0.0,0.0
2024-01-18 00:30:00,-0.9613959604019942,0.0,0.0
2024-01-18 00:45:00,-0.9632041333172787,0.0,0.0
2024-01-18 01:00:00,-0.961026323353429,0.0,0.0
2024-01-18 01:15:00,-0.9548717297520369,0.0,0.0
2024-01-18 01:30:00,-0.9447665744556416,0.0,0.0
2024-01-18 01:45:00,-0.9307539886877689,0.0,0.0
2024-01-18 02:00:00,-0.9128938288609879,0.0,0.0
2024-01-18 02:15:00,-0.8912624240077327,0.0,0.0
2024-01-18 02:30:00,-0.8659522447490221,0.0,0.0
2024-01-18 02:45:00,-0.8370715095918514,0.0,0.0
2024-01-18 03:00:00,-0.8047437267989995,0.0,0.0
2024-01-18 03:15:00,-0.7691071583841331,0.0,0.0
2024-01-18 03:30:00,-0.7303142319636099,0.0,0.0
2024-01-18 03:45:00,-0.6885308945749001,0.0,0.0
2024-01-18 04:00:00,-0.6439358923600419,0.0,0.0
2024-01-18 04:15:00,-0.5967200104822352,0.0,0.0
2024-01-18 04:30:00,-0.5470852637105396,0.0,0.0
2024-01-18 04:45:00,-0.49524401947928076,0.0,0.0
2024-01-18 05:00:00,-0.4414180949745405,0.0,0.0
2024-01-18 05:15:00,-0.385837815703079,0.0,0.0
2024-01-18 05:30:00,-0.3287410153924426,0.0,0.0
2024-01-18 05:45:00,-0.2703720251619264,0.0,0.0
2024-01-18 06:00:00,-0.21098063599826478,0.0,0.0
2024-01-18 06:15:00,-0.15082101412005755,0.0,0.0
2024-01-18 06:30:00,-0.09015062083706771,0.0,0.0
2024-01-18 06:45:00,-0.02922911896521896,0.0,0.0
2024-01-18 07:00:00,0.03168275481673763,0.0,0.0
2024-01-18 07:15:00,0.09232429784644067,0.0,0.0
2024-01-18 07:30:00,0.1524359491895214,0.0,0.0
2024-01-18 07:45:00,0.2117604169400053,0.0,0.0
2024-01-18 08:00:00,0.27004377128857837,0.0,0.0
2024-01-18 08:15:00,0.3270365237920835,136.69536770790256,116.0501432971471
2024-01-18 08:30:00,0.38249471106591165,214.0998713997581,179.6003159046021
2024-01-18 08:45:00,0.43618093099049565,293.0171013872689,242.83954901961178
2024-01-18 09:00:00,0.48786535220718896,364.79697809205976,298.6405992387666
2024-01-18 09:15:00,0.5373267123979711,433.8604801877128,351.6714064228635
2024-01-18 09:30:00,0.5843532579929249,497.6268347184956,400.3404352159771
2024-01-18 09:45:00,0.6287436449238043,557.7973269679767,444.23752784622167
2024-01-18 10:00:00,0.6703078133160266,613.7397944387264,483.82854085319985
2024-01-18 10:15:00,0.7088677944577253,666.2972455893056,521.2206050481121
2024-01-18 10:30:00,0.7442584682902408,712.9015198417338,554.7954148812798
2024-01-18 10:45:00,0.7763282808516785,755.8007658899173,585.1250546828635
2024-01-18 11:00:00,0.8049398875191338,794.9348167425649,610.6012772687335
2024-01-18 11:15:00,0.8299707381109,828.0428157050261,634.3582560952451
2024-01-18 11:30:00,0.8513136095144975,856.5321657245987,652.7210520947889
2024-01-18 11:45:00,0.8688770604995449,879.9576992325696,667.0150856745939
2024-01-18 12:00:00,0.8825858219045024,898.2217024530863,679.0437235814098
2024-01-18 12:15:00,0.8923811240111241,912.1163545546347,685.8604748362113
2024-01-18 12:30:00,0.8982209453891279,919.4956656827845,689.5506768446094
2024-01-18 12:45:00,0.9000801932443928,922.2768251281283,689.772082587041
2024-01-18 13:00:00,0.8979508128561726,918.3389279033572,684.9706349528614
2024-01-18 13:15:00,0.8918418209519353,910.7089390090982,677.4387128071508
2024-01-18 13:30:00,0.881779269204418,897.5720850134015,667.6667504600332
2024-01-18 13:45:00,0.867806131573137,878.2089882050414,653.2633436019781
2024-01-18 14:00:00,0.8499821208626978,854.4332472483478,633.850440352448
2024-01-18 14:15:00,0.8283834367823364,824.9114458972258,613.617506265544
2024-01-18 14:30:00,0.8031024354709392,791.6418308913803,590.4698048670537
2024-01-18 14:45:00,0.7742472362973568,752.3710071402159,561.1784830438892
2024-01-18 15:00:00,0.7419412641193772,709.6180187456488,530.724274204196
2024-01-18 15:15:00,0.7063227136758203,661.2628246159088,498.56929998560594
2024-01-18 15:30:00,0.6675439617206738,609.0693838836453,464.1418325614674
2024-01-18 15:45:00,0.625770921041425,553.5002169645957,426.2705842348012
2024-01-18 16:00:00,0.5811823202984006,492.83511591096203,382.53877467732576
2024-01-18 16:15:00,0.5339689440006364,427.72939123246334,338.0558409533461
2024-01-18 16:30:00,0.48433282313359316,359.98732432264103,288.8818846486082
2024-01-18 16:45:00,0.43248635806583824,289.9243011975688,236.7601340822735
2024-01-18 17:00:00,0.37865141558847426,213.84031345659102,177.22134659088948
2024-01-18 17:15:00,0.32305838717196345,136.1777200279704,113.4085682900609
2024-01-18 17:30:00,0.26594518867808464,0.0,0.0
2024-01-18 17:45:00,0.20755624906942988,0.0,0.0
2024-01-18 18:00:00,0.14814147254423693,0.0,0.0
2024-01-18 18:15:00,0.08795515334608356,0.0,0.0
2024-01-18 18:30:00,0.02725489510877238,0.0,0.0
2024-01-18 18:45:00,-0.03369948334050049,0.0,0.0
2024-01-18 19:00:00,-0.09464707636287617,0.0,0.0
2024-01-18 19:15:00,-0.1553270000209661,0.0,0.0
2024-01-18 19:30:00,-0.21547950066462124,0.0,0.0
2024-01-18 19:45:00,-0.2748470830217728,0.0,0.0
2024-01-18 20:00:00,-0.33317560413666214,0.0,0.0
2024-01-18 20:15:00,-0.3902153536201093,0.0,0.0
2024-01-18 20:30:00,-0.44572213822366935,0.0,0.0
2024-01-18 20:45:00,-0.49945831912303973,0.0,0.0
2024-01-18 21:00:00,-0.551193822338872,0.0,0.0
2024-01-18 21:15:00,-0.600707138157982,0.0,0.0
2024-01-18 21:30:00,-0.6477862618723856,0.0,0.0
2024-01-18 21:45:00,-0.6922295955966292,0.0,0.0
2024-01-18 22:00:00,-0.7338468240976643,0.0,0.0
2024-01-18 22:15:00,-0.7724597228655388,0.0,0.0
2024-01-18 22:30:00,-0.807902916657173,0.0,0.0
2024-01-18 22:45:00,-0.840024598083849,0.0,0.0
2024-01-18 23:00:00,-0.8686871719639446,0.0,0.0
2024-01-18 23:15:00,-0.8937678414654244,0.0,0.0
2024-01-18 23:30:00,-0.91515914182477,0.0,0.0
2024-01-18 23:45:00,-0.932769396188931,0.0,0.0
2024-01-19 00:00:00,-0.9465231068398787,0.0,0.0
2024-01-19 00:15:00,-0.956361283529668,0.0,0.0
2024-01-19 00:30:00,-0.9622416932949187,0.0,0.0
2024-01-19 00:45:00,-0.9641390417036826,0.0,0.0
2024-01-19 01:00:00,-0.9620450831768292,0.0,0.0
2024-01-19 01:15:00,-0.9559686551748299,0.0,0.0
2024-01-19 01:30:00,-0.9459356424733296,0.0,0.0
2024-01-19 01:45:00,-0.9319888652125911,0.0,0.0
2024-01-19 02:00:00,-0.9141878961355576,0.0,0.0
2024-01-19 02:15:00,-0.8926088092299123,0.0,0.0
2024-01-19 02:30:00,-0.8673438498197483,0.0,0.0
2024-01-19 02:45:00,-0.8385010418177545,0.0,0.0
2024-01-19 03:00:00,-0.8062037304001922,0.0,0.0
2024-01-19 03:15:00,-0.7705900467565051,0.0,0.0
2024-01-19 03:30:00,-0.7318123204712714,0.0,0.0
2024-01-19 03:45:00,-0.6900364337582033,0.0,0.0
2024-01-19 04:00:00,-0.6454411014103473,0.0,0.0
2024-01-19 04:15:00,-0.5982171108925325,0.0,0.0
2024-01-19 04:30:00,-0.5485665128551429,0.0,0.0
2024-01-19 04:45:00,-0.49670174405349743,0.0,0.0
2024-01-19 05:00:00,-0.4428447241350869,0.0,0.0
2024-01-19 05:15:00,-0.3872259137671914,0.0,0.0
2024-01-19 05:30:00,-0.33008331392093504,0.0,0.0
2024-01-19 05:45:00,-0.2716614543286215,0.0,0.0
2024-01-19 06:00:00,-0.21221035513152364,0.0,0.0
2024-01-19 06:15:00,-0.15198444117650098,0.0,0.0
2024-01-19 06:30:00,-0.09124146081772105,0.0,0.0
2024-01-19 06:45:00,-0.0302413910445285,0.0,0.0
2024-01-19 07:00:00,0.030754691502700326,0.0,0.0
2024-01-19 07:15:00,0.09148571988954911,0.0,0.0
2024-01-19 07:30:00,0.15169174616377815,0.0,0.0
2024-01-19 07:45:00,0.21111507035535487,0.0,0.0
2024-01-19 08:00:00,0.26950133527439135,0.0,0.0
2024-01-19 08:15:00,0.3266006077062342,129.37080722782588,114.01588702718486
2024-01-19 08:30:00,0.3821684639200832,207.76568343419936,181.00629550943665
2024-01-19 08:45:00,0.4359670279867748,283.6810410923955,243.70353859736062
2024-01-19 09:00:00,0.48776598319082987,355.5601230908486,301.859557696327
2024-01-19 09:15:00,0.5373435725297487,423.90190577853235,355.5953382533106
2024-01-19 09:30:00,0.5844875405024285,488.7036055388311,405.015825395317
2024-01-19 09:45:00,0.6289960359981812,549.7938565465577,448.9767386034655
2024-01-19 10:00:00,0.6706784892683854,605.9683966678812,488.72602213019536
2024-01-19 10:15:00,0.709356421048879,658.5342450494494,525.7969381162623
2024-01-19 10:30:00,0.7448642022212346,706.2869917302529,558.213786188042
2024-01-19 10:45:00,0.7770497735296755,748.6890495737629,584.159412567253
2024-01-19 11:00:00,0.8057752909563293,787.39198656974,607.9907144828426
2024-01-19 11:15:00,0.8309177129836209,820.9660365280787,628.9367812483953
2024-01-19 11:30:00,0.8523693353656832,850.0321578717942,646.0494989305777
2024-01-19 11:45:00,0.8700382479882692,874.2655323811022,659.1659749419136
2024-01-19 12:00:00,0.8838487271127843,893.3985598504534,668.1739890002099
2024-01-19 12:15:00,0.8937415646854168,906.2233292396063,674.1020532244456
2024-01-19 12:30:00,0.8996743190880679,913.5935342618719,675.8910501919337
2024-01-19 12:45:00,0.9016214972785259,913.7209644472573,672.291416192864
2024-01-19 13:00:00,0.899574665980891,911.8010366900758,667.1926375957579
2024-01-19 13:15:00,0.8935424866778616,903.4622250438006,661.0908746970349
2024-01-19 13:30:00,0.8835506806324405,890.5856836688021,649.8685266850589
2024-01-19 13:45:00,0.8696419176647519,869.8098480869012,632.9500147726914
2024-01-19 14:00:00,0.8518756340150949,845.6143294897968,615.3432310749054
2024-01-19 14:15:00,0.830327781588373,817.4466423374776,596.498298637668
2024-01-19 14:30:00,0.8050904985593708,782.9458152135181,571.3227292302424
2024-01-19 14:45:00,0.7762717170867959,748.0004696218143,547.3347651166097
2024-01-19 15:00:00,0.7439947063986116,704.0434104475963,516.5931654568842
2024-01-19 15:15:00,0.7083975378498335,656.3043170209592,488.1976366853395
2024-01-19 15:30:00,0.6696324975595604,603.7682804963991,455.220402168304
2024-01-19 15:45:00,0.6278654408321358,547.0136982573872,417.95795438752106
2024-01-19 16:00:00,0.5832750722499769,486.62285433198264,376.7331777120801
2024-01-19 16:15:00,0.5360521857258451,422.45284312244667,333.0315950168116
2024-01-19 16:30:00,0.48639885510684316,354.18645810923437,283.510880940431
2024-01-19 16:45:00,0.43452755687865363,282.8533452052259,230.41405050971568
2024-01-19 17:00:00,0.38066026685778337,207.95560755802046,171.92401181021594
2024-01-19 17:15:00,0.32502751800687324,130.10957626639188,108.09203108145451
2024-01-19 17:30:00,0.267867399459682,0.0,0.0
2024-01-19 17:45:00,0.20942454458577825,0.0,0.0
2024-01-19 18:00:00,0.1499490921256244,0.0,0.0
2024-01-19 18:15:00,0.08969560007052647,0.0,0.0
2024-01-19 18:30:00,0.028921963797169797,0.0,0.0
2024-01-19 18:45:00,-0.03211167935046813,0.0,0.0
2024-01-19 19:00:00,-0.09314407983608122,0.0,0.0
2024-01-19 19:15:00,-0.15391398597295686,0.0,0.0
2024-01-19 19:30:00,-0.2141612540284476,0.0,0.0
2024-01-19 19:45:00,-0.27362797806171335,0.0,0.0
2024-01-19 20:00:00,-0.3320595856217634,0.0,0.0
2024-01-19 20:15:00,-0.38920591984809927,0.0,0.0
2024-01-19 20:30:00,-0.4448223259727572,0.0,0.0
2024-01-19 20:45:00,-0.49867069063796216,0.0,0.0
2024-01-19 21:00:00,-0.5505204543327908,0.0,0.0
2024-01-19 21:15:00,-0.6001496129207913,0.0,0.0
2024-01-19 21:30:00,-0.6473456605159149,0.0,0.0
2024-01-19 21:45:00,-0.6919064934855113,0.0,0.0
2024-01-19 22:00:00,-0.7336412884342872,0.0,0.0
2024-01-19 22:15:00,-0.7723713124936629,0.0,0.0
2024-01-19 22:30:00,-0.8079306840370558,0.0,0.0
2024-01-19 22:45:00,-0.8401670935186754,0.0,0.0
2024-01-19 23:00:00,-0.8689424499068074,0.0,0.0
2024-01-19 23:15:00,-0.8941334690206699,0.0,0.0
2024-01-19 23:30:00,-0.9156322093500158,0.0,0.0
2024-01-19 23:45:00,-0.9333465299486358,0.0,0.0
2024-01-20 00:00:00,-0.9472004836396217,0.0,0.0
2024-01-20 00:15:00,-0.957134647333373,0.0,0.0
2024-01-20 00:30:00,-0.9631063736839676,0.0,0.0
2024-01-20 00:45:00,-0.9650899741117519,0.0,0.0
2024-01-20 01:00:00,-0.9630768308507494,0.0,0.0
2024-01-20 01:15:00,-0.9570754327267759,0.0,0.0
2024-01-20 01:30:00,-0.9471113409186616,0.0,0.0
2024-01-20 01:45:00,-0.9332270784442213,0.0,0.0
2024-01-20 02:00:00,-0.9154819486350001,0.0,0.0
2024-01-20 02:15:00,-0.8939517849535059,0.0,0.0
2024-01-20 02:30:00,-0.8687286221225888,0.0,0.0
2024-01-20 02:45:00,-0.8399203042796248,0.0,0.0
2024-01-20 03:00:00,-0.8076500284178897,0.0,0.0
2024-01-20 03:15:00,-0.7720558097885226,0.0,0.0
2024-01-20 03:30:00,-0.7332898947437704,0.0,0.0
2024-01-20 03:45:00,-0.6915181153595509,0.0,0.0
2024-01-20 04:00:00,-0.6469191696014213,0.0,0.0
2024-01-20 04:15:00,-0.5996838614148217,0.0,0.0
2024-01-20 04:30:00,-0.5500142912639581,0.0,0.0
2024-01-20 04:45:00,-0.4981229787404863,0.0,0.0
2024-01-20 05:00:00,-0.44423195905184465,0.0,0.0
2024-01-20 05:15:00,-0.38857184060519695,0.0,0.0
2024-01-20 05:30:00,-0.3313808036743204,0.0,0.0
2024-01-20 05:45:00,-0.2729035880493794,0.0,0.0
2024-01-20 06:00:00,-0.2133904537724244,0.0,0.0
2024-01-20 06:15:00,-0.1530960944303777,0.0,0.0
2024-01-20 06:30:00,-0.09227855475133895,0.0,0.0
2024-01-20 06:45:00,-0.031198134464487798,0.0,0.0
2024-01-20 07:00:00,0.029883742095982102,0.0,0.0
2024-01-20 07:15:00,0.09070563680488002,0.0,0.0
2024-01-20 07:30:00,0.15100720871845752,0.0,0.0
2024-01-20 07:45:00,0.21053034470545268,0.0,0.0
2024-01-20 08:00:00,0.2690202560758486,0.0,0.0
2024-01-20 08:15:00,0.32622656157023305,92.72720291487266,78.34766081366082
2024-01-20 08:30:00,0.38190437491866047,162.81224434628714,135.9188551424534
2024-01-20 08:45:00,0.4358153450870746,220.04244493657131,181.47182968418335
2024-01-20 09:00:00,0.4877286697131099,269.35518806803054,219.41836983943332
2024-01-20 09:15:00,0.5374220978063425,324.39815939220296,259.6666412253777
2024-01-20 09:30:00,0.5846828735824202,375.72875173450694,296.1976644752987
2024-01-20 09:45:00,0.6293086415695167,425.07661705305503,329.9446061810988
2024-01-20 10:00:00,0.6711083257221242,466.2561538959984,356.25336060829255
2024-01-20 10:15:00,0.7099029407581936,522.1091438553874,394.7076052506997
2024-01-20 10:30:00,0.7455263539839001,581.2123943550682,433.5146977954963
2024-01-20 10:45:00,0.7778260072016567,638.0351592500077,470.7388791539168
2024-01-20 11:00:00,0.806663564247961,688.517617342434,501.02587022515775
2024-01-20 11:15:00,0.8319155003501271,725.3813297762503,523.4523844924045
2024-01-20 11:30:00,0.8534736390159026,756.8997530468175,541.6069375132622
2024-01-20 11:45:00,0.8712456109271336,779.3226816837596,552.9260175314414
2024-01-20 12:00:00,0.8851552481305522,801.2530797077056,563.6266877885341
2024-01-20 12:15:00,0.8951429153128815,800.1706184881211,559.6303926647834
2024-01-20 12:30:00,0.9011657623696305,792.9209522720081,551.3545076290461
2024-01-20 12:45:00,0.9031979082956769,776.3336082130102,536.6820706552579
2024-01-20 13:00:00,0.9012305540768515,760.9106100168701,522.9439584776212
2024-01-20 13:15:00,0.8952720192408901,738.2242217379955,507.35249538861007
2024-01-20 13:30:00,0.8853477083459363,713.8899187586961,489.1854603323122
2024-01-20 13:45:00,0.8715000011404888,685.547500758425,469.76412038609016
2024-01-20 14:00:00,0.8537880716661654,652.8630016513474,446.0477477336002
2024-01-20 14:15:00,0.8322876386157025,614.0371584466529,420.7624202596457
2024-01-20 14:30:00,0.8070906369672375,578.4983881670632,397.5792072005676
2024-01-20 14:45:00,0.7783048265616408,540.7374835682723,372.72064388946745
2024-01-20 15:00:00,0.7460533358992609,502.8845880420039,347.6458305498825
2024-01-20 15:15:00,0.7104741278558062,464.4465464850192,324.8287267436982
2024-01-20 15:30:00,0.6717194127237678,424.8748646000552,300.5880261767756
2024-01-20 15:45:00,0.6299550030010601,381.0083564435099,272.63421380396034
2024-01-20 16:00:00,0.5853595936229931,336.50933428570784,243.51332749502114
2024-01-20 16:15:00,0.5381240021100203,290.8551969051987,213.41554317413176
2024-01-20 16:30:00,0.48845035898782896,240.4956400052533,179.3808867646401
2024-01-20 16:45:00,0.4365512302916967,188.86396952946856,143.16042342308958
2024-01-20 17:00:00,0.38264871384569143,132.54985531064528,101.81351885695076
2024-01-20 17:15:00,0.3269734965754892,68.04602448632338,52.54225563736094
2024-01-20 17:30:00,0.269763852823712,0.0,0.0
2024-01-20 17:45:00,0.21126463160377898,0.0,0.0
2024-01-20 18:00:00,0.1517262168718745,0.0,0.0
2024-01-20 18:15:00,0.09140344024319,0.0,0.0
2024-01-20 18:30:00,0.030554498010720882,0.0,0.0
2024-01-20 18:45:00,-0.0305601456198403,0.0,0.0
2024-01-20 19:00:00,-0.09167888970842444,0.0,0.0
2024-01-20 19:15:00,-0.15254010812904661,0.0,0.0
2024-01-20 19:30:00,-0.21288326130329888,0.0,0.0
2024-01-20 19:45:00,-0.2724500277565729,0.0,0.0
2024-01-20 20:00:00,-0.3309854016434819,0.0,0.0
2024-01-20 20:15:00,-0.388238776656741,0.0,0.0
2024-01-20 20:30:00,-0.44396503456558445,0.0,0.0
2024-01-20 20:45:00,-0.4979255864429853,0.0,0.0
2024-01-20 21:00:00,-0.5498893872015805,0.0,0.0
2024-01-20 21:15:00,-0.5996339392545275,0.0,0.0
2024-01-20 21:30:00,-0.6469462374909118,0.0,0.0
2024-01-20 21:45:00,-0.6916236753868481,0.0,0.0
2024-01-20 22:00:00,-0.7334749252719777,0.0,0.0
2024-01-20 22:15:00,-0.7723207507242071,0.0,0.0
2024-01-20 22:30:00,-0.8079947694535883,0.0,0.0
2024-01-20 22:45:00,-0.840344176362452,0.0,0.0
2024-01-20 23:00:00,-0.8692303920634077,0.0,0.0
2024-01-20 23:15:00,-0.8945296533410896,0.0,0.0
2024-01-20 23:30:00,-0.9161335510524833,0.0,0.0
2024-01-20 23:45:00,-0.9339494900294422,0.0,0.0
2024-01-21 00:00:00,-0.9479010842439499,0.0,0.0
2024-01-21 00:15:00,-0.9579284890182229,0.0,0.0
2024-01-21 00:30:00,-0.9639886545074212,0.0,0.0
2024-01-21 00:45:00,-0.9660555104403945,0.0,0.0
2024-01-21 01:00:00,-0.9641200798354033,0.0,0.0
2024-01-21 01:15:00,-0.9581905163141746,0.0,0.0
2024-01-21 01:30:00,-0.9482920713035837,0.0,0.0
2024-01-21 01:45:00,-0.9344669848591947,0.0,0.0
2024-01-21 02:00:00,-0.9167743053668339,0.0,0.0
2024-01-21 02:15:00,-0.8952896404386739,0.0,0.0
2024-01-21 02:30:00,-0.8701048290300154,0.0,0.0
2024-01-21 02:45:00,-0.8413275504187259,0.0,0.0
2024-01-21 03:00:00,-0.8090808683732521,0.0,0.0
2024-01-21 03:15:00,-0.7735026971051437,0.0,0.0
2024-01-21 03:30:00,-0.7347452145569356,0.0,0.0
2024-01-21 03:45:00,-0.6929742172942094,0.0,0.0
2024-01-21 04:00:00,-0.6483684008422107,0.0,0.0
2024-01-21 04:15:00,-0.601118599775921,0.0,0.0
2024-01-21 04:30:00,-0.551426978108449,0.0,0.0
2024-01-21 04:45:00,-0.4995061516423501,0.0,0.0
2024-01-21 05:00:00,-0.4455782840097606,0.0,0.0
2024-01-21 05:15:00,-0.3898741437060212,0.0,0.0
2024-01-21 05:30:00,-0.33263210204860094,0.0,0.0
2024-01-21 05:45:00,-0.27409712003837305,0.0,0.0
2024-01-21 06:00:00,-0.21451970808611748,0.0,0.0
2024-01-21 06:15:00,-0.1541548382278211,0.0,0.0
2024-01-21 06:30:00,-0.09326086052629898,0.0,0.0
2024-01-21 06:45:00,-0.0320984056323827,0.0,0.0
2024-01-21 07:00:00,0.029070747113531498,0.0,0.0
2024-01-21 07:15:00,0.08998478200438181,0.0,0.0
2024-01-21 07:30:00,0.15038295954052372,0.0,0.0
2024-01-21 07:45:00,0.21000674881149725,0.0,0.0
2024-01-21 08:00:00,0.26860092595542084,0.0,0.0
2024-01-21 08:15:00,0.32591465900269034,52.591465900269036,42.841327089599844
2024-01-21 08:30:00,0.3817025973689943,131.91459349752148,106.12519680939465
2024-01-21 08:45:00,0.4357259141734985,233.02657997885984,185.58560037382827
2024-01-21 09:00:00,0.48775332166015917,302.5827405499234,237.92295571894897
2024-01-21 09:15:00,0.5375620760629523,369.0865007250159,285.7390051267646
2024-01-21 09:30:00,0.584938923520969,432.3609110534202,329.48099328961956
2024-01-21 09:45:00,0.6296810073407657,494.59085204310605,370.90490963242087
2024-01-21 10:00:00,0.6715967493255786,550.8928530130677,406.4457583593138
2024-01-21 10:15:00,0.7105066632145567,601.8799974109176,437.98073117995625
2024-01-21 10:30:00,0.7462441187140604,648.5929478846828,464.1069557526908
2024-01-21 10:45:00,0.7786560655635691,692.8102281886011,488.74498116125926
2024-01-21 11:00:00,0.8076036831687499,730.7741907330249,508.1409981223489
2024-01-21 11:15:00,0.832962972049215,765.0274149126516,525.7732766920594
2024-01-21 11:30:00,0.8546252928136719,793.3213700850434,540.4078477755212
2024-01-21 11:45:00,0.8724978270193617,831.945607333864,559.99191856641
2024-01-21 12:00:00,0.8865039732998184,850.4639845839408,565.580487466803
2024-01-21 12:15:00,0.8965836805310614,862.890222547865,572.1000487818227
2024-01-21 12:30:00,0.9026937021907199,871.9812327365963,574.6022616516401
2024-01-21 12:45:00,0.9048077819316052,873.8500792275389,574.0673987415191
2024-01-21 13:00:00,0.9029167681235564,871.2755062531003,568.8537436043421
2024-01-21 13:15:00,0.8970286519093297,863.3852136802101,563.7021900073353
2024-01-21 13:30:00,0.8871685350975621,850.1596367454644,555.067241708362
2024-01-21 13:45:00,0.873378521650408,831.9659353142046,543.1886165261853
2024-01-21 14:00:00,0.8557175379579017,808.7728001817534,528.0458727541784
2024-01-21 14:15:00,0.8342610842563007,780.956182702112,511.46305783820816
2024-01-21 14:30:00,0.8091009072086783,747.8356611480812,491.2834396729933
2024-01-21 14:45:00,0.7803446092986298,710.2236134527724,468.0101810076901
2024-01-21 15:00:00,0.7481151932840233,666.4846154003548,440.535057192365
2024-01-21 15:15:00,0.7125505284545339,620.2145132514455,413.71232345301394
2024-01-21 15:30:00,0.6738027640850465,568.7210868842101,382.8125417887512
2024-01-21 15:45:00,0.6320376844782335,513.9632458777628,349.0711314287384
2024-01-21 16:00:00,0.5874339892952928,454.217414688685,311.2476437288679
2024-01-21 16:15:00,0.540182533686316,392.01590889081064,271.7943379079827
2024-01-21 16:30:00,0.4904855185512278,325.02917316695596,227.97877248143158
2024-01-21 16:45:00,0.43855561272552235,229.52591398650432,162.84762720703284
2024-01-21 17:00:00,0.3846150488160673,140.61528891257916,100.90286314855967
2024-01-21 17:15:00,0.32889467990807214,65.38746582731395,47.185147312491154
2024-01-21 17:30:00,0.27163297720195967,0.0,0.0
2024-01-21 17:45:00,0.21307501633382347,0.0,0.0
2024-01-21 18:00:00,0.15347143674058655,0.0,0.0
2024-01-21 18:15:00,0.09307735320656575,0.0,0.0
2024-01-21 18:30:00,0.03215127170677498,0.0,0.0
2024-01-21 18:45:00,-0.029046008729515516,0.0,0.0
2024-01-21 19:00:00,-0.09025252866267405,0.0,0.0
2024-01-21 19:15:00,-0.1512062813148236,0.0,0.0
2024-01-21 19:30:00,-0.2116463259458941,0.0,0.0
2024-01-21 19:45:00,-0.27131392122502773,0.0,0.0
2024-01-21 20:00:00,-0.32995362446154686,0.0,0.0
2024-01-21 20:15:00,-0.38731437746380065,0.0,0.0
2024-01-21 20:30:00,-0.4431505970405076,0.0,0.0
2024-01-21 20:45:00,-0.49722321823788174,0.0,0.0
2024-01-21 21:00:00,-0.5493007108770285,0.0,0.0
2024-01-21 21:15:00,-0.5991600854024776,0.0,0.0
2024-01-21 21:30:00,-0.6465878399123777,0.0,0.0
2024-01-21 21:45:00,-0.6913808684663878,0.0,0.0
2024-01-21 22:00:00,-0.7333473434724049,0.0,0.0
2024-01-21 22:15:00,-0.7723075302646859,0.0,0.0
2024-01-21 22:30:00,-0.8080945521463121,0.0,0.0
2024-01-21 22:45:00,-0.8405551155208034,0.0,0.0
2024-01-21 23:00:00,-0.8695501606481741,0.0,0.0
2024-01-21 23:15:00,-0.8949554540414977,0.0,0.0
2024-01-21 23:30:00,-0.9166621284941691,0.0,0.0
2024-01-21 23:45:00,-0.9345771449178789,0.0,0.0
2024-01-22 00:00:00,-0.9486236894150145,0.0,0.0
2024-01-22 00:15:00,-0.9587415073700587,0.0,0.0
2024-01-22 00:30:00,-0.9648871586783496,0.0,0.0
2024-01-22 00:45:00,-0.9670342041589579,0.0,0.0
2024-01-22 01:00:00,-0.9651733208869877,0.0,0.0
2024-01-22 01:15:00,-0.9593123409840685,0.0,0.0
2024-01-22 01:30:00,-0.9494762201934829,0.0,0.0
2024-01-22 01:45:00,-0.935706930005201,0.0,0.0
2024-01-22 02:00:00,-0.9180632784871341,0.0,0.0
2024-01-22 02:15:00,-0.8966206622201616,0.0,0.0
2024-01-22 02:30:00,-0.871470739337973,0.0,0.0
2024-01-22 02:45:00,-0.8427210392646948,0.0,0.0
2024-01-22 03:00:00,-0.8104945075221501,0.0,0.0
2024-01-22 03:15:00,-0.7749289721931625,0.0,0.0
2024-01-22 03:30:00,-0.7361765575957336,0.0,0.0
2024-01-22 03:45:00,-0.694403039371749,0.0,0.0
2024-01-22 04:00:00,-0.6497871249094003,0.0,0.0
2024-01-22 04:15:00,-0.6025196934031778,0.0,0.0
2024-01-22 04:30:00,-0.5528029860133667,0.0,0.0
2024-01-22 04:45:00,-0.5008497278929321,0.0,0.0
2024-01-22 05:00:00,-0.4468822237451993,0.0,0.0
2024-01-22 05:15:00,-0.3911314142487773,0.0,0.0
2024-01-22 05:30:00,-0.33383587325619,0.0,0.0
2024-01-22 05:45:00,-0.2752407937717145,0.0,0.0
2024-01-22 06:00:00,-0.21559694671206803,0.0,0.0
2024-01-22 06:15:00,-0.15515959191588652,0.0,0.0
2024-01-22 06:30:00,-0.09418739335576301,0.0,0.0
2024-01-22 06:45:00,-0.03294132031655336,0.0,0.0
2024-01-22 07:00:00,0.028316485978381295,0.0,0.0
2024-01-22 07:15:00,0.08932382623492305,0.0,0.0
2024-01-22 07:30:00,0.1498195573242501,0.0,0.0
2024-01-22 07:45:00,0.2095447264506406,0.0,0.0
2024-01-22 08:00:00,0.26824367140544225,0.0,0.0
2024-01-22 08:15:00,0.3256651072810733,19.0,15.515920979999999
2024-01-22 08:30:00,0.38156321802799203,76.87977007321908,61.849720439268
2024-01-22 08:45:00,0.4356987006406936,258.6420360273944,204.41768273905413
2024-01-22 09:00:00,0.48783978276563356,328.3862729178956,254.8935301224779
2024-01-22 09:15:00,0.5377632295713347,394.31951984393953,302.0856388199415
2024-01-22 09:30:00,0.5852552918704111,457.41140668245407,344.8723810650703
2024-01-22 09:45:00,0.6301126154192009,284.10254585614905,210.7578612795136
2024-01-22 10:00:00,0.6721431244988145,298.46221424118346,217.79061015336296
2024-01-22 10:15:00,0.7111668374601544,326.1485466266222,234.6972703860583
2024-01-22 10:30:00,0.7470166328764896,351.1765906739111,249.86810021946556
2024-01-22 10:45:00,0.7795389757630136,373.93229628635476,262.2799211156869
2024-01-22 11:00:00,0.8085945692987225,392.1721011264474,271.1099108155779
2024-01-22 11:15:00,0.8340589483047394,405.8640339388891,278.9344000696647
2024-01-22 11:30:00,0.8558230202607067,417.5047464096087,284.4028283507538
2024-01-22 11:45:00,0.873793528108807,425.0601108363986,286.97192503346264
2024-01-22 12:00:00,0.8878934482671821,429.5249358598643,288.2498290727053
2024-01-22 12:15:00,0.898062325627862,403.3892130331068,269.89501769718726
2024-01-22 12:30:00,0.9042565296548257,378.05340574890414,252.1794468526001
2024-01-22 12:45:00,0.9064494416028366,352.3416184740141,233.6040574450574
2024-01-22 13:00:00,0.9046315706413124,325.65115690631615,215.2499063257559
2024-01-22 13:15:00,0.8988105933600214,312.9703546762423,206.8681105474468
2024-01-22 13:30:00,0.8890113230124963,298.01212097823714,197.58335938238838
2024-01-22 13:45:00,0.8752756022531583,280.8995286005311,186.23763465605913
2024-01-22 14:00:00,0.8576621245364567,261.7553078383801,173.5449312904128
2024-01-22 14:15:00,0.8362461865292334,223.48480169952015,148.62315792064072
2024-01-22 14:30:00,0.8111193615752066,189.1447002088314,126.1684332119054
2024-01-22 14:45:00,0.7823891098186868,159.518225757099,106.72862082755472
2024-01-22 15:00:00,0.7501783232881651,131.2505349698645,88.08090313785148
2024-01-22 15:15:00,0.7146247926015408,119.71462479260154,81.54919956900774
2024-01-22 15:30:00,0.6758806207841057,108.0,74.44246194
2024-01-22 15:45:00,0.6341115784567962,95.0,66.249910125
2024-01-22 16:00:00,0.589496384276106,81.0,57.30541425
2024-01-22 16:15:00,0.5422259449350314,67.0,48.21335946
2024-01-22 16:30:00,0.4925025452231058,53.0,38.781717029999996
2024-01-22 16:45:00,0.4405389698176342,39.0,29.010486959999998
2024-01-22 17:00:00,0.38655759864819145,25.0,18.89966925
2024-01-22 17:15:00,0.3307894629090525,12.0,9.14461002
2024-01-22 17:30:00,0.27347324196225015,0.0,0.0
2024-01-22 17:45:00,0.21485424874646553,0.0,0.0
2024-01-22 18:00:00,0.15518338810794868,0.0,0.0
2024-01-22 18:15:00,0.0947160671847045,0.0,0.0
2024-01-22 18:30:00,0.03371110998153043,0.0,0.0
2024-01-22 18:45:00,-0.02757034212038595,0.0,0.0
2024-01-22 19:00:00,-0.08886596449174447,0.0,0.0
2024-01-22 19:15:00,-0.1499133639887567,0.0,0.0
2024-01-22 19:30:00,-0.21045119388039563,0.0,0.0
2024-01-22 19:45:00,-0.2702202890642888,0.0,0.0
2024-01-22 20:00:00,-0.32896476710686084,0.0,0.0
2024-01-22 20:15:00,-0.3864331159971477,0.0,0.0
2024-01-22 20:30:00,-0.44237928662058473,0.0,0.0
2024-01-22 20:45:00,-0.49656373800611575,0.0,0.0
2024-01-22 21:00:00,-0.548754455942571,0.0,0.0
2024-01-22 21:15:00,-0.5987279609010855,0.0,0.0
2024-01-22 21:30:00,-0.646270257182762,0.0,0.0
2024-01-22 21:45:00,-0.6911777433521412,0.0,0.0
2024-01-22 22:00:00,-0.7332580968142713,0.0,0.0
2024-01-22 22:15:00,-0.7723310904640435,0.0,0.0
2024-01-22 22:30:00,-0.8082293598989696,0.0,0.0
2024-01-22 22:45:00,-0.8407991306685343,0.0,0.0
2024-01-22 23:00:00,-0.8699008710633254,0.0,0.0
2024-01-22 23:15:00,-0.8954098865734914,0.0,0.0
2024-01-22 23:30:00,-0.9172168619158496,0.0,0.0
2024-01-22 23:45:00,-0.9352283247963726,0.0,0.0
2024-01-23 00:00:00,-0.9493670448307616,0.0,0.0
2024-01-23 00:15:00,-0.9595723694761564,0.0,0.0
2024-01-23 00:30:00,-0.9658004809438978,0.0,0.0
2024-01-23 00:45:00,-0.9680245842418024,0.0,0.0
2024-01-23 01:00:00,-0.9662350240571954,0.0,0.0
2024-01-23 01:15:00,-0.9604393249675087,0.0,0.0
2024-01-23 01:30:00,-0.950662161335358,0.0,0.0
2024-01-23 01:45:00,-0.9369452506563727,0.0,0.0
2024-01-23 02:00:00,-0.9193471754816219,0.0,0.0
2024-01-23 02:15:00,-0.8979431363177087,0.0,0.0
2024-01-23 02:30:00,-0.8728246254865628,0.0,0.0
2024-01-23 02:45:00,-0.8440990376289642,0.0,0.0
2024-01-23 03:00:00,-0.8118892150275446,0.0,0.0
2024-01-23 03:15:00,-0.7763329145615124,0.0,0.0
2024-01-23 03:30:00,-0.7375822216303846,0.0,0.0
2024-01-23 03:45:00,-0.6958029054660256,0.0,0.0
2024-01-23 04:00:00,-0.651173699518662,0.0,0.0
2024-01-23 04:15:00,-0.6038855414300914,0.0,0.0
2024-01-23 04:30:00,-0.5541407629416911,0.0,0.0
2024-01-23 04:45:00,-0.5021522114735835,0.0,0.0
2024-01-23 05:00:00,-0.44814234522159574,0.0,0.0
2024-01-23 05:15:00,-0.392342288852081,0.0,0.0
2024-01-23 05:30:00,-0.3349908299609935,0.0,0.0
2024-01-23 05:45:00,-0.2763334040134311,0.0,0.0
2024-01-23 06:00:00,-0.2166210521938366,0.0,0.0
2024-01-23 06:15:00,-0.1561093311161842,0.0,0.0
2024-01-23 06:30:00,-0.09505722683444136,0.0,0.0
2024-01-23 06:45:00,-0.03372605458266234,0.0,0.0
2024-01-23 07:00:00,0.027621676092821762,0.0,0.0
2024-01-23 07:15:00,0.0887233767873776,0.0,0.0
2024-01-23 07:30:00,0.1493174961532141,0.0,0.0
2024-01-23 07:45:00,0.20914465588674358,0.0,0.0
2024-01-23 08:00:00,0.2679487527460647,0.0,0.0
2024-01-23 08:15:00,0.32547804724491863,117.66698003174083,96.56577579935616
2024-01-23 08:30:00,0.38148625710132233,190.6057142396567,154.1127254027605
2024-01-23 08:45:00,0.4357336035477969,263.1457402413066,210.1048283173592
2024-01-23 09:00:00,0.48798783086912967,335.3287350288704,264.34918192577015
2024-01-23 09:15:00,0.5380252154560496,401.94454133916855,311.1770090013572
2024-01-23 09:30:00,0.5856315160134533,465.1133242414442,353.49983796429626
2024-01-23 09:45:00,0.6306028850059913,525.5379435594515,393.0505374643376
2024-01-23 10:00:00,0.6727467543094559,581.7059878355188,426.8278534559792
2024-01-23 10:15:00,0.7118826529609007,632.5061223687205,456.43143043408315
2024-01-23 10:30:00,0.7478429753645047,680.7269257496229,482.9727620245187
2024-01-23 10:45:00,0.7804737096393739,723.5979160970741,504.61365166387844
2024-01-23 11:00:00,0.8096350913906079,762.2380031389697,523.8562236038906
2024-01-23 11:15:00,0.8352021992008678,795.1203067071524,541.6332773490801
2024-01-23 11:30:00,0.8570654976251855,823.6464414172876,556.0705387654078
2024-01-23 11:45:00,0.875131301906874,855.7430404142798,572.5507167141368
2024-01-23 12:00:00,0.8893221778147504,874.8365709223491,580.0205307958925
2024-01-23 12:15:00,0.8995772784450162,887.7157461065198,586.7650924645641
2024-01-23 12:30:00,0.9058526019935745,897.13757301814,591.1793271640348
2024-01-23 12:45:00,0.9081211805608238,899.2065166714713,590.7250662646001
2024-01-23 13:00:00,0.9063731978107483,896.7059832055917,587.2698037491426
2024-01-23 13:15:00,0.9006160298581904,889.6599711410951,582.6552364329542
2024-01-23 13:30:00,0.8908742158020819,876.2411653008842,573.8670052625131
2024-01-23 13:45:00,0.8771893516630875,856.8388484417895,561.1600589194254
2024-01-23 14:00:00,0.859619912826846,834.061722415893,546.2428858641287
2024-01-23 14:15:00,0.838241007387429,806.490327508325,529.8160581871919
2024-01-23 14:30:00,0.8131440504519447,772.6221798427399,509.12844826554294
2024-01-23 14:45:00,0.7844363749063954,729.8487367959041,482.41766963070967
2024-01-23 15:00:00,0.7522407770560428,687.8553634024034,457.44155989169724
2024-01-23 15:15:00,0.7166949837506222,641.3728518867522,431.71525960150683
2024-01-23 15:30:00,0.6779510664529431,590.1577339662015,402.0134624970016
2024-01-23 15:45:00,0.6361747965793306,532.8587478413393,367.2899727368052
2024-01-23 16:00:00,0.5915449258990324,474.58844231421205,330.9625436808452
2024-01-23 16:15:00,0.5442524264213182,410.9278635701766,290.720882083413
2024-01-23 16:30:00,0.49449968013750734,345.150305203742,247.67330978716402
2024-01-23 16:45:00,0.4424996003996871,273.40978741263353,199.50962494160245
2024-01-23 17:00:00,0.3884747267136157,201.9288797539909,149.39020196905696
2024-01-23 17:15:00,0.3326562800869099,127.78469706763735,95.31204920988586
2024-01-23 17:30:00,0.2752831590519729,56.045305448315666,42.02964706435212
2024-01-23 17:45:00,0.21660092417585264,0.0,0.0
2024-01-23 18:00:00,0.15686075527441656,0.0,0.0
2024-01-23 18:15:00,0.09631836063800613,0.0,0.0
2024-01-23 18:30:00,0.03523289026786408,0.0,0.0
2024-01-23 18:45:00,-0.02613416501685284,0.0,0.0
2024-01-23 19:00:00,-0.08752010920938563,0.0,0.0
2024-01-23 19:15:00,-0.14866215747567155,0.0,0.0
2024-01-23 19:30:00,-0.20929855276459988,0.0,0.0
2024-01-23 19:45:00,-0.26916970279272795,0.0,0.0
2024-01-23 20:00:00,-0.32801928298883215,0.0,0.0
2024-01-23 20:15:00,-0.3855953260672314,0.0,0.0
2024-01-23 20:30:00,-0.4416513165779617,0.0,0.0
2024-01-23 20:45:00,-0.49594723808731483,0.0,0.0
2024-01-23 21:00:00,-0.5482505938975263,0.0,0.0
2024-01-23 21:15:00,-0.5983374170144469,0.0,0.0
2024-01-23 21:30:00,-0.6459932214693527,0.0,0.0
2024-01-23 21:45:00,-0.6910139147887788,0.0,0.0
2024-01-23 22:00:00,-0.733206684763303,0.0,0.0
2024-01-23 22:15:00,-0.7723908181901447,0.0,0.0
2024-01-23 22:30:00,-0.8083984701620447,0.0,0.0
2024-01-23 22:45:00,-0.8410753934269843,0.0,0.0
2024-01-23 23:00:00,-0.8702815932040344,0.0,0.0
2024-01-23 23:15:00,-0.8958919236276968,0.0,0.0
2024-01-23 23:30:00,-0.9177966317491515,0.0,0.0
2024-01-23 23:45:00,-0.9359018231769257,0.0,0.0
2024-01-24 00:00:00,-0.9501298628137125,0.0,0.0
2024-01-24 00:15:00,-0.960419712537024,0.0,0.0
2024-01-24 00:30:00,-0.9667271897811835,0.0,0.0
2024-01-24 00:45:00,-0.9690251571358441,0.0,0.0
2024-01-24 01:00:00,-0.9673036407239926,0.0,0.0
2024-01-24 01:15:00,-0.9615698717772052,0.0,0.0
2024-01-24 01:30:00,-0.9518482577819756,0.0,0.0
2024-01-24 01:45:00,-0.9381802769926045,0.0,0.0
2024-01-24 02:00:00,-0.9206243013813884,0.0,0.0
2024-01-24 02:15:00,-0.899255350418951,0.0,0.0
2024-01-24 02:30:00,-0.8741647657553094,0.0,0.0
2024-01-24 02:45:00,-0.8454598223188832,0.0,0.0
2024-01-24 03:00:00,-0.8132632741881692,0.0,0.0
2024-01-24 03:15:00,-0.7777128219014898,0.0,0.0
2024-01-24 03:30:00,-0.7389605266395396,0.0,0.0
2024-01-24 03:45:00,-0.69717216558655,0.0,0.0
2024-01-24 04:00:00,-0.6525265123492985,0.0,0.0
2024-01-24 04:15:00,-0.6052145766767132,0.0,0.0
2024-01-24 04:30:00,-0.5554387941067488,0.0,0.0
2024-01-24 04:45:00,-0.5034121470781653,0.0,0.0
2024-01-24 05:00:00,-0.44935725938649473,0.0,0.0
2024-01-24 05:15:00,-0.393505451245309,0.0,0.0
2024-01-24 05:30:00,-0.3360957348115676,0.0,0.0
2024-01-24 05:45:00,-0.2773737982020916,0.0,0.0
2024-01-24 06:00:00,-0.21759096222492819,0.0,0.0
2024-01-24 06:15:00,-0.1570030888912165,0.0,0.0
2024-01-24 06:30:00,-0.09586949404790886,0.0,0.0
2024-01-24 06:45:00,-0.03445184579406377,0.0,0.0
2024-01-24 07:00:00,0.026986972019340943,0.0,0.0
2024-01-24 07:15:00,0.08818397684213544,0.0,0.0
2024-01-24 07:30:00,0.14887720499981183,0.0,0.0
2024-01-24 07:45:00,0.2088068495258341,0.0,0.0
2024-01-24 08:00:00,0.2677163640025889,0.0,0.0
2024-01-24 08:15:00,0.3253535531531397,121.20889437116702,99.47251910074192
2024-01-24 08:30:00,0.3814716683350918,45.444150050052755,36.835362729694175
2024-01-24 08:45:00,0.43583045577328816,270.29763292716257,216.36151883497195
2024-01-24 09:00:00,0.4881971782422069,340.33568719301957,268.984244007544
2024-01-24 09:15:00,0.5383476261509037,407.001171390351,315.91443947356527
2024-01-24 09:30:00,0.5860670698579303,470.2797537388464,359.32768135190105
2024-01-24 09:45:00,0.6311511732240851,530.9945310912879,399.27818354657916
2024-01-24 10:00:00,0.6734068814089047,586.6041812617635,432.79338260724586
2024-01-24 10:15:00,0.7126532406719794,638.8238184629594,463.57300932534105
2024-01-24 10:30:00,0.7487221687063332,687.4394000262566,489.124792090906
2024-01-24 10:45:00,0.781459185036775,731.458848096222,510.09560996327093
2024-01-24 11:00:00,0.8107240668122326,769.4655937257689,527.268099444682
2024-01-24 11:15:00,0.8363914462535385,803.6789069180996,544.2143262593008
2024-01-24 11:30:00,0.8583513556111717,832.4993010714982,556.9990627814522
2024-01-24 11:45:00,0.8765096937397151,854.9701371220862,565.1207988178295
2024-01-24 12:00:00,0.8907886276976842,874.0373990448227,570.656976959038
2024-01-24 12:15:00,0.9011269313171062,886.9153651167127,575.4794293216131
2024-01-24 12:30:00,0.907480244581782,896.3621411019309,577.9852845369429
2024-01-24 12:45:00,0.9098212639803318,899.3882439022003,576.3005868296794
2024-01-24 13:00:00,0.9081398616190274,896.9584349036007,571.117496413139
2024-01-24 13:15:00,0.9024431274470588,889.003700957247,566.0525039237574
2024-01-24 13:30:00,0.8927553410128521,876.6942962295412,558.2147757338453
2024-01-24 13:45:00,0.8791178665344886,858.1731369487638,544.6871842284395
2024-01-24 14:00:00,0.861588976329915,834.6446550756449,529.753528082775
2024-01-24 14:15:00,0.840243605033469,806.3729107992518,513.4392632592159
2024-01-24 14:30:00,0.8151730246354104,772.6791472357238,491.98554016310993
2024-01-24 14:45:00,0.7864844558819728,733.579365220267,468.5724844200009
2024-01-24 15:00:00,0.7543006143787382,691.5609087055952,443.1311618954617
2024-01-24 15:15:00,0.7187591780573781,645.0386566923041,415.92882433354896
2024-01-24 15:30:00,0.6800122014550988,593.0895293364322,386.0279243541337
2024-01-24 15:45:00,0.6382254711159415,538.307328808072,353.6358184524231
2024-01-24 16:00:00,0.5935777859468754,478.22096138012216,317.06262069608954
2024-01-24 16:15:00,0.5462601968309316,415.9018114830623,278.26680323576437
2024-01-24 16:30:00,0.4964751960832376,348.34634480685816,235.88409464536736
2024-01-24 16:45:00,0.44443583833988465,279.4397885418776,191.4831376673747
2024-01-24 17:00:00,0.3903648346841473,207.27381077318213,143.28909219119555
2024-01-24 17:15:00,0.33449360731113337,134.3863712346074,93.44504181886387
2024-01-24 17:30:00,0.2770612846412024,60.37747967364561,42.22733486729978
2024-01-24 17:45:00,0.21831368482189095,0.0,0.0
2024-01-24 18:00:00,0.15850227185865753,0.0,0.0
2024-01-24 18:15:00,0.09788306355674072,0.0,0.0
2024-01-24 18:30:00,0.03671554346901934,0.0,0.0
2024-01-24 18:45:00,-0.024738441471488404,0.0,0.0
2024-01-24 19:00:00,-0.08621581816155467,0.0,0.0
2024-01-24 19:15:00,-0.14745340520972772,0.0,0.0
2024-01-24 19:30:00,-0.20818903139424172,0.0,0.0
2024-01-24 19:45:00,-0.26816267439796526,0.0,0.0
2024-01-24 20:00:00,-0.32711756555657445,0.0,0.0
2024-01-24 20:15:00,-0.3848012814325599,0.0,0.0
2024-01-24 20:30:00,-0.4409668402886018,0.0,0.0
2024-01-24 20:45:00,-0.49537375132965034,0.0,0.0
2024-01-24 21:00:00,-0.5477890374040127,0.0,0.0
2024-01-24 21:15:00,-0.5979882471387875,0.0,0.0
2024-01-24 21:30:00,-0.6457564082887024,0.0,0.0
2024-01-24 21:45:00,-0.6908889423423756,0.0,0.0
2024-01-24 22:00:00,-0.7331925533689017,0.0,0.0
2024-01-24 22:15:00,-0.7724860488812486,0.0,0.0
2024-01-24 22:30:00,-0.8086011111440741,0.0,0.0
2024-01-24 22:45:00,-0.8413830286294663,0.0,0.0
2024-01-24 23:00:00,-0.8706913528334495,0.0,0.0
2024-01-24 23:15:00,-0.8964004966163428,0.0,0.0
2024-01-24 23:30:00,-0.9184002802034646,0.0,0.0
2024-01-24 23:45:00,-0.9365963985998926,0.0,0.0
2024-01-25 00:00:00,-0.9509108241082156,0.0,0.0
2024-01-25 00:15:00,-0.961282145727864,0.0,0.0
2024-01-25 00:30:00,-0.9676658293300777,0.0,0.0
2024-01-25 00:45:00,-0.9700344087578259,0.0,0.0
2024-01-25 01:00:00,-0.9683776056479061,0.0,0.0
2024-01-25 01:15:00,-0.9627023723009178,0.0,0.0
2024-01-25 01:30:00,-0.9530328640237522,0.0,0.0
2024-01-25 01:45:00,-0.9394103347421723,0.0,0.0
2024-01-25 02:00:00,-0.9218929609015043,0.0,0.0
2024-01-25 02:15:00,-0.9005555960937695,0.0,0.0
2024-01-25 02:30:00,-0.8754894464536344,0.0,0.0
2024-01-25 02:45:00,-0.8468016823248474,0.0,0.0
2024-01-25 03:00:00,-0.8146149845842431,0.0,0.0
2024-01-25 03:15:00,-0.7790670122599486,0.0,0.0
2024-01-25 03:30:00,-0.7403098168903877,0.0,0.0
2024-01-25 03:45:00,-0.6985091979246434,0.0,0.0
2024-01-25 04:00:00,-0.6538439830238102,0.0,0.0
2024-01-25 04:15:00,-0.6065052675690441,0.0,0.0
2024-01-25 04:30:00,-0.5566956038858233,0.0,0.0
2024-01-25 04:45:00,-0.5046281218828157,0.0,0.0
2024-01-25 05:00:00,-0.450525622864155,0.0,0.0
2024-01-25 05:15:00,-0.3946196337955413,0.0,0.0
2024-01-25 05:30:00,-0.33714940193380044,0.0,0.0
2024-01-25 05:45:00,-0.27836087783330293,0.0,0.0
2024-01-25 06:00:00,-0.2185056709551428,0.0,0.0
2024-01-25 06:15:00,-0.15783995686835572,0.0,0.0
2024-01-25 06:30:00,-0.09662338858995574,0.0,0.0
2024-01-25 06:45:00,-0.035117993477030235,0.0,0.0
2024-01-25 07:00:00,0.02641296478524166,0.0,0.0
2024-01-25 07:15:00,0.08770610490596228,0.0,0.0
2024-01-25 07:30:00,0.14849904729046415,0.0,0.0
2024-01-25 07:45:00,0.20853155361868478,0.0,0.0
2024-01-25 08:00:00,0.26754663266314915,58.62330061404055,48.228890237766436
2024-01-25 08:15:00,0.32529163271020817,131.924446754181,106.666456027519
2024-01-25 08:30:00,0.38151933907772406,207.02497333206395,164.87756019803584
2024-01-25 08:45:00,0.43598902435047593,280.28187558756554,219.82107820378175
2024-01-25 09:00:00,0.48846747209627905,350.7345074206558,270.11336004421355
2024-01-25 09:15:00,0.5387299900530315,417.5687731763796,316.5205228139778
2024-01-25 09:30:00,0.5865613645315201,480.7763574725412,359.57328680179614
2024-01-25 09:45:00,0.6317567759779807,541.4527175030452,398.38640943496586
2024-01-25 10:00:00,0.6741226890008146,597.2981512006517,432.23187438242917
2024-01-25 10:15:00,0.7134776741570914,648.6190811796004,462.81456626174025
2024-01-25 10:30:00,0.7496531803355927,697.2065905639114,490.43710569852175
2024-01-25 10:45:00,0.7824942672196207,740.2925526105327,513.2631600699477
2024-01-25 11:00:00,0.8118602630596092,778.0014507032773,531.5445873665772
2024-01-25 11:15:00,0.8376253640242165,812.6489486175285,551.9310772190155
2024-01-25 11:30:00,0.8596791810800573,837.5531878855712,563.7664439247801
2024-01-25 11:45:00,0.8779272083719494,859.3786331180105,574.9831772892107
2024-01-25 12:00:00,0.8922912265567333,878.6312688072869,582.5364323420648
2024-01-25 12:15:00,0.9027096430534454,891.6603558925284,589.3724128100414
2024-01-25 12:30:00,0.909137753000631,899.3153552305743,592.6144022983037
2024-01-25 12:45:00,0.9115479310797977,896.2162338339775,588.760628735981
2024-01-25 13:00:00,0.9099297520356642,893.8467065841335,585.3972091063083
2024-01-25 13:15:00,0.9042900341738982,886.9567407223345,580.8848394162654
2024-01-25 13:30:00,0.8946528122773567,871.1356557391248,570.523309943725
2024-01-25 13:45:00,0.8810592337410199,849.4510664583565,556.3216599828618
2024-01-25 14:00:00,0.8635673829313809,827.0307579161641,541.6381734843114
2024-01-25 14:15:00,0.8422520362020274,405.30102534012303,267.0778648289013
2024-01-25 14:30:00,0.817204337628155,373.8602236802446,247.11528400695812
2024-01-25 14:45:00,0.7885314109272632,319.08977961061646,212.202934361925
2024-01-25 15:00:00,0.7563559059990224,314.8093166357986,209.99265745535703
2024-01-25 15:15:00,0.7208154666651699,629.2360639988326,426.0896704883607
2024-01-25 15:30:00,0.6820621450817679,576.2286709564077,396.0193197615704
2024-01-25 15:45:00,0.6402617571447754,251.37575427183717,175.30127503277157
2024-01-25 16:00:00,0.5955931627250054,211.184735104126,148.9808827590138
2024-01-25 16:15:00,0.5482475049866764,172.0748582829082,123.12982880821455
2024-01-25 16:30:00,0.4984273994788111,8.0,5.80533156
2024-01-25 16:45:00,0.44634605444167014,7.0,5.15041254
2024-01-25 17:00:00,0.3922263642919299,59.18022367176422,44.141344936394376
2024-01-25 17:15:00,0.3362999634799079,24.0,17.90111988
2024-01-25 17:30:00,0.2788062206655692,2.0,1.49175999
2024-01-25 17:45:00,0.21999122120054881,0.0,0.0
2024-01-25 18:00:00,0.16010672207640242,0.0,0.0
2024-01-25 18:15:00,0.09940905862954139,0.0,0.0
2024-01-25 18:30:00,0.0381580550461052,0.0,0.0
2024-01-25 18:45:00,-0.023384079396745555,0.0,0.0
2024-01-25 19:00:00,-0.08495388916727149,0.0,0.0
2024-01-25 19:15:00,-0.14628779205616615,0.0,0.0
2024-01-25 19:30:00,-0.20712319925465117,0.0,0.0
2024-01-25 19:45:00,-0.2671996559989608,0.0,0.0
2024-01-25 20:00:00,-0.3262599481580676,0.0,0.0
2024-01-25 20:15:00,-0.3840511957341287,0.0,0.0
2024-01-25 20:30:00,-0.4403259512948757,0.0,0.0
2024-01-25 20:45:00,-0.49484325128112533,0.0,0.0
2024-01-25 21:00:00,-0.5473696406814018,0.0,0.0
2024-01-25 21:15:00,-0.5976801873118729,0.0,0.0
2024-01-25 21:30:00,-0.6455594371933684,0.0,0.0
2024-01-25 21:45:00,-0.690802331232904,0.0,0.0
2024-01-25 22:00:00,-0.7332150961923349,0.0,0.0
2024-01-25 22:15:00,-0.7726160675751548,0.0,0.0
2024-01-25 22:30:00,-0.808836462987752,0.0,0.0
2024-01-25 22:45:00,-0.8417211156187323,0.0,0.0
2024-01-25 23:00:00,-0.8711291329832748,0.0,0.0
2024-01-25 23:15:00,-0.8969344972165714,0.0,0.0
2024-01-25 23:30:00,-0.9190266129130351,0.0,0.0
2024-01-25 23:45:00,-0.9373107763473276,0.0,0.0
2024-01-26 00:00:00,-0.9517085796944516,0.0,0.0
2024-01-26 00:15:00,-0.9621582520929685,0.0,0.0
2024-01-26 00:30:00,-0.9686149213544611,0.0,0.0
2024-01-26 00:45:00,-0.9710508065185528,0.0,0.0
2024-01-26 01:00:00,-0.969455339045143,0.0,0.0
2024-01-26 01:15:00,-0.9638352069244608,0.0,0.0
2024-01-26 01:30:00,-0.9542143281499117,0.0,0.0
2024-01-26 01:45:00,-0.9406337473699973,0.0,0.0
2024-01-26 02:00:00,-0.923151460674943,0.0,0.0
2024-01-26 02:15:00,-0.9018421709897817,0.0,0.0
2024-01-26 02:30:00,-0.8767969641357589,0.0,0.0
2024-01-26 02:45:00,-0.8481229209937909,0.0,0.0
2024-01-26 03:00:00,-0.8159426642194751,0.0,0.0
2024-01-26 03:15:00,-0.7803938261058829,0.0,0.0
2024-01-26 03:30:00,-0.7416284630347243,0.0,0.0
2024-01-26 03:45:00,-0.6998124108802977,0.0,0.0
2024-01-26 04:00:00,-0.6551245651155362,0.0,0.0
2024-01-26 04:15:00,-0.6077561200369465,0.0,0.0
2024-01-26 04:30:00,-0.5579097575560601,0.0,0.0
2024-01-26 04:45:00,-0.5057987672639618,0.0,0.0
2024-01-26 05:00:00,-0.45164613954959637,0.0,0.0
2024-01-26 05:15:00,-0.39568361903779686,0.0,0.0
2024-01-26 05:30:00,-0.3381506983023574,0.0,0.0
2024-01-26 05:45:00,-0.2792935997759715,0.0,0.0
2024-01-26 06:00:00,-0.21936423014745887,0.0,0.0
2024-01-26 06:15:00,-0.158619086352895,0.0,0.0
2024-01-26 06:30:00,-0.09731816545097713,0.0,0.0
2024-01-26 06:45:00,-0.03572386006151723,0.0,0.0
2024-01-26 07:00:00,0.025900181238471348,0.0,0.0
2024-01-26 07:15:00,0.08729017431514849,0.0,0.0
2024-01-26 07:30:00,0.1481833204843542,0.0,0.0
2024-01-26 07:45:00,0.20831894800511142,0.0,0.0
2024-01-26 08:00:00,0.2674396196539191,1.0,0.741837285
2024-01-26 08:15:00,0.32529222714280215,4.0,2.95926372
2024-01-26 08:30:00,0.38162909060751904,5.0,3.688972875
2024-01-26 08:45:00,0.4362090108546911,6.0,4.414639319999999
2024-01-26 09:00:00,0.48879829507972394,7.0,5.12211357
2024-01-26 09:15:00,0.5391717721745216,9.0,6.567382395000001
2024-01-26 09:30:00,0.58711374917355,198.4608823628093,144.41756287265147
2024-01-26 09:45:00,0.6324189288832531,11.0,7.982330895
2024-01-26 10:00:00,0.6748933019678982,13.0,9.40738617
2024-01-26 10:15:00,0.7143549708235264,14.0,10.10273229
2024-01-26 10:30:00,0.7506349239248786,16.0,11.51363808
2024-01-26 10:45:00,0.7835777703140854,17.0,12.198877425
2024-01-26 11:00:00,0.8130423993178375,20.0,14.311193399999999
2024-01-26 11:15:00,0.8389025817817574,21.0,15.026753070000002
2024-01-26 11:30:00,0.8610475188083279,23.0,16.411381245
2024-01-26 11:45:00,0.8793823118729531,24.0,17.07640704
2024-01-26 12:00:00,0.8938283678647769,25.0,17.787923999999997
2024-01-26 12:15:00,0.9043237409705993,26.0,18.446885729999998
2024-01-26 12:30:00,0.9108233951253495,27.0,19.156381335
2024-01-26 12:45:00,0.9132993972702704,53.0,37.603267065
2024-01-26 13:00:00,0.9117410392126095,27.0,19.10180475
2024-01-26 13:15:00,0.9061548823289525,44.0,31.128867
2024-01-26 13:30:00,0.8965647315818657,25.0,17.686856249999998
2024-01-26 13:45:00,0.8830115326592556,24.0,17.027894519999997
2024-01-26 14:00:00,0.8655531971891415,23.0,16.318398915
2024-01-26 14:15:00,0.8442643584906453,126.0,89.39644622999998
2024-01-26 14:30:00,0.8192360479306222,35.0,24.832346174999998
2024-01-26 14:45:00,0.7905753073364087,41.0,29.089319805
2024-01-26 15:00:00,0.7584047358513362,17.0,12.095788319999999
2024-01-26 15:15:00,0.7228619579041021,16.0,11.38427136
2024-01-26 15:30:00,0.6840990377134323,14.0,9.98953641
2024-01-26 15:45:00,0.6422818346157395,12.0,8.586716039999999
2024-01-26 16:00:00,0.5975892830895424,10.0,7.175810249999999
2024-01-26 16:15:00,0.5502126318201069,9.0,6.458229224999999
2024-01-26 16:30:00,0.5003546322358443,8.0,5.7406482
2024-01-26 16:45:00,0.44822865825350555,40.0,28.784095199999996
2024-01-26 17:00:00,0.39405779905632726,6.0,4.31761428
2024-01-26 17:15:00,0.33807391210107424,4.0,2.87840952
2024-01-26 17:30:00,0.2805166163169123,2.0,1.43516205
2024-01-26 17:45:00,0.22163227348623857,0.0,0.0
2024-01-26 18:00:00,0.16167294203502003,0.0,0.0
2024-01-26 18:15:00,0.10089528236486955,0.0,0.0
2024-01-26 18:30:00,0.03955946600892188,0.0,0.0
2024-01-26 18:45:00,-0.022071929674699398,0.0,0.0
2024-01-26 19:00:00,-0.08373506191690928,0.0,0.0
2024-01-26 19:15:00,-0.14516594378216824,0.0,0.0
2024-01-26 19:30:00,-0.20610156604070773,0.0,0.0
2024-01-26 19:45:00,-0.2662810395513547,0.0,0.0
2024-01-26 20:00:00,-0.32544670386594254,0.0,0.0
2024-01-26 20:15:00,-0.3833452224809502,0.0,0.0
2024-01-26 20:30:00,-0.43972868345031046,0.0,0.0
2024-01-26 20:45:00,-0.49435565252750613,0.0,0.0
2024-01-26 21:00:00,-0.5469921999697803,0.0,0.0
2024-01-26 21:15:00,-0.5974129168447029,0.0,0.0
2024-01-26 21:30:00,-0.6454018724837405,0.0,0.0
2024-01-26 21:45:00,-0.690753533182815,0.0,0.0
2024-01-26 22:00:00,-0.7332736552836622,0.0,0.0
2024-01-26 22:15:00,-0.7727801100570029,0.0,0.0
2024-01-26 22:30:00,-0.809103659061237,0.0,0.0
2024-01-26 22:45:00,-0.8420886896198018,0.0,0.0
2024-01-26 23:00:00,-0.871593875479539,0.0,0.0
2024-01-26 23:15:00,-0.8974927789570329,0.0,0.0
2024-01-26 23:30:00,-0.9196744006111661,0.0,0.0
2024-01-26 23:45:00,-0.9380436502242371,0.0,0.0
2024-01-27 00:00:00,-0.9525217526450249,0.0,0.0
2024-01-27 00:15:00,-0.9630465904682919,0.0,0.0
2024-01-27 00:30:00,-0.9695729672369229,0.0,0.0
2024-01-27 00:45:00,-0.9720728013720585,0.0,0.0
2024-01-27 01:00:00,-0.9705352486846293,0.0,0.0
2024-01-27 01:15:00,-0.9649667476627104,0.0,0.0
2024-01-27 01:30:00,-0.955390994010602,0.0,0.0
2024-01-27 01:45:00,-0.9418488382658963,0.0,0.0
2024-01-27 02:00:00,-0.9243981114176135,0.0,0.0
2024-01-27 02:15:00,-0.903113381000241,0.0,0.0
2024-01-27 02:30:00,-0.8780856277465576,0.0,0.0
2024-01-27 02:45:00,-0.8494218581784534,0.0,0.0
2024-01-27 03:00:00,-0.8172446516743406,0.0,0.0
2024-01-27 03:15:00,-0.7816916284602402,0.0,0.0
2024-01-27 03:30:00,-0.7429148641543323,0.0,0.0
2024-01-27 03:45:00,-0.7010802450465625,0.0,0.0
2024-01-27 04:00:00,-0.6563667480166849,0.0,0.0
2024-01-27 04:15:00,-0.6089656793435145,0.0,0.0
2024-01-27 04:30:00,-0.5590798630752446,0.0,0.0
2024-01-27 04:45:00,-0.5069227604312851,0.0,0.0
2024-01-27 05:00:00,-0.452717562173731,0.0,0.0
2024-01-27 05:15:00,-0.39669624118644925,0.0,0.0
2024-01-27 05:30:00,-0.3390985451684845,0.0,0.0
2024-01-27 05:45:00,-0.28017097747933356,0.0,0.0
2024-01-27 06:00:00,-0.22016575028241364,0.0,0.0
2024-01-27 06:15:00,-0.15933968921694766,0.0,0.0
2024-01-27 06:30:00,-0.09795314184251461,0.0,0.0
2024-01-27 06:45:00,-0.036268871610969644,0.0,0.0
2024-01-27 07:00:00,0.02544908344993252,0.0,0.0
2024-01-27 07:15:00,0.08693653274576069,0.0,0.0
2024-01-27 07:30:00,0.14793025588950645,0.0,0.0
2024-01-27 07:45:00,0.20816914604087075,0.0,0.0
2024-01-27 08:00:00,0.2673953193787612,2.0,1.46750373
2024-01-27 08:15:00,0.3253552113915774,13.0,9.538774245
2024-01-27 08:30:00,0.38180067841436166,25.0,18.343796624999996
2024-01-27 08:45:00,0.4364900518246396,7.0,5.136263055
2024-01-27 09:00:00,0.4891891658437134,53.0,38.888848845
2024-01-27 09:15:00,0.5396723748453461,69.0,50.48940519
2024-01-27 09:30:00,0.5877235118763935,86.0,62.75498733
2024-01-27 09:45:00,0.6331368083048112,13.0,9.4599414
2024-01-27 10:00:00,0.6757177880122792,14.0,10.1876292
2024-01-27 10:15:00,0.7152840931972202,15.0,10.884996675
2024-01-27 10:30:00,0.7516662607735781,15.0,10.85467635
2024-01-27 10:45:00,0.7847084587977557,24.0,17.367482159999998
2024-01-27 11:00:00,0.8142691480804618,197.87088188665524,142.788324834792
2024-01-27 11:15:00,0.8402216852479993,44.0,31.66250472
2024-01-27 11:30:00,0.8624548733223141,90.0,64.7642142
2024-01-27 11:45:00,0.8808734335179753,136.0,97.5910194
2024-01-27 12:00:00,0.8953984119184448,84.0,60.107012280000006
2024-01-27 12:15:00,0.905967522942427,42.0,29.968609230000006
2024-01-27 12:30:00,0.9125354132439294,46.0,32.82276249
2024-01-27 12:45:00,0.9150738563294258,43.0,30.595229279999998
2024-01-27 13:00:00,0.9135718756989724,42.0,29.79881541
2024-01-27 13:15:00,0.9080357906942915,42.0,29.713918500000002
2024-01-27 13:30:00,0.898489191548759,65.0,45.854438175000006
2024-01-27 13:45:00,0.884972837471727,138.0,97.07355252
2024-01-27 14:00:00,0.8675444826383985,59.0,41.383200914999996
2024-01-27 14:15:00,0.8462786326341531,242.77671795804918,170.28606265664808
2024-01-27 14:30:00,0.8212662213471283,147.64253244269426,103.55797599449868
2024-01-27 14:45:00,0.7926142237957468,33.0,23.146536104999996
2024-01-27 15:00:00,0.7604452032744273,29.0,20.340895364999998
2024-01-27 15:15:00,0.7248967794652204,34.0,23.91667236
2024-01-27 15:30:00,0.686121042947275,590.3132030694018,417.6313906066227
2024-01-27 15:45:00,0.6442839104374143,532.9043902610621,378.0933227754283
2024-01-27 16:00:00,0.5995644045236771,477.29464757109764,339.6032366640588
2024-01-27 16:15:00,0.5521538923431941,18.0,12.916458449999999
2024-01-27 16:30:00,0.5022552736314954,14.0,10.10273229
2024-01-27 16:45:00,0.45008209978568803,11.0,8.0045658
2024-01-27 17:00:00,0.39585766589424326,7.0,5.12211357
2024-01-27 17:15:00,0.33981406283932875,133.02198760587055,97.87401615157145
2024-01-27 17:30:00,0.2821911694717428,60.58620477653536,44.82263943192295
2024-01-27 17:45:00,0.22323563287477605,0.0,0.0
2024-01-27 18:00:00,0.1631998208998831,0.0,0.0
2024-01-27 18:15:00,0.10234072618286703,0.0,0.0
2024-01-27 18:30:00,0.04091887380684392,0.0,0.0
2024-01-27 18:45:00,-0.020802785450702993,0.0,0.0
2024-01-27 19:00:00,-0.08256001724844089,0.0,0.0
2024-01-27 19:15:00,-0.14408842655055354,0.0,0.0
2024-01-27 19:30:00,-0.2051245812945212,0.0,0.0
2024-01-27 19:45:00,-0.26540715663087155,0.0,0.0
2024-01-27 20:00:00,-0.3246780453680749,0.0,0.0
2024-01-27 20:15:00,-0.3826834551770361,0.0,0.0
2024-01-27 20:30:00,-0.4391750111663462,0.0,0.0
2024-01-27 20:45:00,-0.49391081108323703,0.0,0.0
2024-01-27 21:00:00,-0.5466564540457983,0.0,0.0
2024-01-27 21:15:00,-0.5971860589559774,0.0,0.0
2024-01-27 21:30:00,-0.6452832240015984,0.0,0.0
2024-01-27 21:45:00,-0.6907419473493859,0.0,0.0
2024-01-27 22:00:00,-0.7333675222707515,0.0,0.0
2024-01-27 22:15:00,-0.7729773640458559,0.0,0.0
2024-01-27 22:30:00,-0.8094017872450809,0.0,0.0
2024-01-27 22:45:00,-0.8424847431840025,0.0,0.0
2024-01-27 23:00:00,-0.8720844824392373,0.0,0.0
2024-01-27 23:15:00,-0.8980741588297636,0.0,0.0
2024-01-27 23:30:00,-0.920342380856241,0.0,0.0
2024-01-27 23:45:00,-0.9387936843699634,0.0,0.0
2024-01-28 00:00:00,-0.9533489400094608,0.0,0.0
2024-01-28 00:15:00,-0.9639456974485952,0.0,0.0
2024-01-28 00:30:00,-0.9705384499995902,0.0,0.0
2024-01-28 00:45:00,-0.973098829885432,0.0,0.0
2024-01-28 01:00:00,-0.9716157320006755,0.0,0.0
2024-01-28 01:15:00,-0.9660953603058142,0.0,0.0
2024-01-28 01:30:00,-0.9565612033742998,0.0,0.0
2024-01-28 01:45:00,-0.9430539329087638,0.0,0.0
2024-01-28 02:00:00,-0.9256312301184563,0.0,0.0
2024-01-28 02:15:00,-0.9043675424600602,0.0,0.0
2024-01-28 02:30:00,-0.8793537607992047,0.0,0.0
2024-01-28 02:45:00,-0.8506968323957119,0.0,0.0
2024-01-28 03:00:00,-0.8185193081837063,0.0,0.0
2024-01-28 03:15:00,-0.7829588109319178,0.0,0.0
2024-01-28 03:30:00,-0.7441674497291958,0.0,0.0
2024-01-28 03:45:00,-0.7023111751378164,0.0,0.0
2024-01-28 04:00:00,-0.6575690587957168,0.0,0.0
2024-01-28 04:15:00,-0.6101325318688795,0.0,0.0
2024-01-28 04:30:00,-0.5602045728074273,0.0,0.0
2024-01-28 04:45:00,-0.5079988261018195,0.0,0.0
2024-01-28 05:00:00,-0.45373869386050725,0.0,0.0
2024-01-28 05:15:00,-0.39765638747259224,0.0,0.0
2024-01-28 05:30:00,-0.33999191925598565,0.0,0.0
2024-01-28 05:45:00,-0.28099208213317317,0.0,0.0
2024-01-28 06:00:00,-0.2209094015731528,0.0,0.0
2024-01-28 06:15:00,-0.1600010388523695,0.0,0.0
2024-01-28 06:30:00,-0.09852769803729539,0.0,0.0
2024-01-28 06:45:00,-0.03675251846344926,0.0,0.0
2024-01-28 07:00:00,0.025060068267552638,0.0,0.0
2024-01-28 07:15:00,0.08664546196462423,0.0,0.0
2024-01-28 07:30:00,0.14774001841626427,0.0,0.0
2024-01-28 07:45:00,0.2080821945372814,0.0,0.0
2024-01-28 08:00:00,0.2674136597790623,37.462747421441236,26.731105670365775
2024-01-28 08:15:00,0.3254803943115294,102.1859710859633,72.50049737814804
2024-01-28 08:30:00,0.38203379254644815,6.0,4.244845499999999
2024-01-28 08:45:00,0.43683171934395865,8.0,5.627452320000001
2024-01-28 09:00:00,0.4896395397924509,10.0,6.993888299999999
2024-01-28 09:15:00,0.5402311385940357,13.0,9.065777175000001
2024-01-28 09:30:00,0.5883898806005956,16.0,11.093196240000001
2024-01-28 09:45:00,0.6339095324602395,19.0,13.096359045
2024-01-28 10:00:00,0.6765951588398462,145.9446644475157,100.30203224946476
2024-01-28 10:15:00,0.7162639502451307,187.54330911421758,128.512054296559
2024-01-28 10:30:00,0.7527460012915586,247.80206014207144,169.30282544812516
2024-01-28 10:45:00,0.7858850491269332,289.5956769760245,197.27160066661486
2024-01-28 11:00:00,0.815539136838329,338.8747403150909,230.15534663842917
2024-01-28 11:15:00,0.841581218364367,352.1677817423148,238.4717956653518
2024-01-28 11:30:00,0.8638997107657337,336.99325748256285,228.19630700285305
2024-01-28 11:45:00,0.8823989677435571,261.70873600010054,176.6880915271994
2024-01-28 12:00:00,0.896999687852964,39.0,26.251337385000003
2024-01-28 12:15:00,0.9076392594936389,40.0,26.924448599999998
2024-01-28 12:30:00,0.9142720262090507,107.0,71.80661502000001
2024-01-28 12:45:00,0.9168694825995147,44.0,29.527953840000002
2024-01-28 13:00:00,0.9154203986796057,41.0,27.431808705
2024-01-28 13:15:00,0.9099308668111379,41.0,27.431808705
2024-01-28 13:30:00,0.9004242777234759,40.0,26.681885999999995
2024-01-28 13:45:00,0.886941219456394,38.0,25.270980209999998
2024-01-28 14:00:00,0.869539304097854,227.78157216391415,151.02019369485552
2024-01-28 14:15:00,0.8482929248093674,189.11756557137798,125.38578565581474
2024-01-28 14:30:00,0.8232929332213057,33.0,21.87914652
2024-01-28 14:45:00,0.7946462526041427,31.0,20.553137640000003
2024-01-28 15:00:00,0.7624754252263524,245.77249337308794,162.94825433622788
2024-01-28 15:15:00,0.7269180805580695,261.8569578420362,174.1416315651816
2024-01-28 15:30:00,0.6881263497176708,127.50501079774136,85.30958695445366
2024-01-28 15:45:00,0.6462662205447871,82.0,55.029368520000006
2024-01-28 16:00:00,0.6015168170120783,123.2485381443865,82.95997325734184
2024-01-28 16:15:00,0.5540696374533984,99.63546238652137,67.66994306429513
2024-01-28 16:30:00,0.5041277420555155,76.04127742055516,52.10647513262451
2024-01-28 16:45:00,0.4519048712246893,55.0,38.02168755
2024-01-28 17:00:00,0.39762453675065557,39.0,27.197331525000003
2024-01-28 17:15:00,0.34151907301964474,24.0,16.736819399999998
2024-01-28 17:30:00,0.2838286280796917,11.0,7.69327713
2024-01-28 17:45:00,0.22480014277846613,0.0,0.0
2024-01-28 18:00:00,0.16468630200937298,0.0,0.0
2024-01-28 18:15:00,0.10374443733162365,0.0,0.0
2024-01-28 18:30:00,0.04223543319867776,0.0,0.0
2024-01-28 18:45:00,-0.01957738138119164,0.0,0.0
2024-01-28 19:00:00,-0.08142937659766233,0.0,0.0
2024-01-28 19:15:00,-0.14305574646554584,0.0,0.0
2024-01-28 19:30:00,-0.2041926342041956,0.0,0.0
2024-01-28 19:45:00,-0.2645782783501892,0.0,0.0
2024-01-28 20:00:00,-0.32395412511426047,0.0,0.0
2024-01-28 20:15:00,-0.38206592747102175,0.0,0.0
2024-01-28 20:30:00,-0.43866484976284836,0.0,0.0
2024-01-28 20:45:00,-0.49350852483012503,0.0,0.0
2024-01-28 21:00:00,-0.5463620848029684,0.0,0.0
2024-01-28 21:15:00,-0.596999181524283,0.0,0.0
2024-01-28 21:30:00,-0.6452029480476217,0.0,0.0
2024-01-28 21:45:00,-0.6907669213607492,0.0,0.0
2024-01-28 22:00:00,-0.7334959395151628,0.0,0.0
2024-01-28 22:15:00,-0.7732069704657121,0.0,0.0
2024-01-28 22:30:00,-0.8097298913096076,0.0,0.0
2024-01-28 22:45:00,-0.8429082276405188,0.0,0.0
2024-01-28 23:00:00,-0.8725998178711107,0.0,0.0
2024-01-28 23:15:00,-0.8986774190088019,0.0,0.0
2024-01-28 23:30:00,-0.9210292598171056,0.0,0.0
2024-01-28 23:45:00,-0.9395595151156495,0.0,0.0
2024-01-29 00:00:00,-0.9541887147535153,0.0,0.0
2024-01-29 00:15:00,-0.9648540893703901,0.0,0.0
2024-01-29 00:30:00,-0.9715098363411557,0.0,0.0
2024-01-29 00:45:00,-0.974127316327524,0.0,0.0
2024-01-29 01:00:00,-0.9726951782160038,0.0,0.0
2024-01-29 01:15:00,-0.9672194065679335,0.0,0.0
2024-01-29 01:30:00,-0.9577232981002998,0.0,0.0
2024-01-29 01:45:00,-0.9442473610464495,0.0,0.0
2024-01-29 02:00:00,-0.9268491422119665,0.0,0.0
2024-01-29 02:15:00,-0.9056029843040436,0.0,0.0
2024-01-29 02:30:00,-0.8805997035238908,0.0,0.0
2024-01-29 02:45:00,-0.85194620289865,0.0,0.0
2024-01-29 03:00:00,-0.8197650197102218,0.0,0.0
2024-01-29 03:15:00,-0.7841937937303003,0.0,0.0
2024-01-29 03:30:00,-0.7453846816185791,0.0,0.0
2024-01-29 03:45:00,-0.7035037118770072,0.0,0.0
2024-01-29 04:00:00,-0.6587300640862433,0.0,0.0
2024-01-29 04:15:00,-0.6112553068714819,0.0,0.0
2024-01-29 04:30:00,-0.561282585126814,0.0,0.0
2024-01-29 04:45:00,-0.509025737962877,0.0,0.0
2024-01-29 05:00:00,-0.4547083894820658,0.0,0.0
2024-01-29 05:15:00,-0.39856299948009494,0.0,0.0
2024-01-29 05:30:00,-0.34082985398676624,0.0,0.0
2024-01-29 05:45:00,-0.2817560437712407,0.0,0.0
2024-01-29 06:00:00,-0.22159441496846594,0.0,0.0
2024-01-29 06:15:00,-0.1606024709948511,0.0,0.0
2024-01-29 06:30:00,-0.09904127798232448,0.0,0.0
2024-01-29 06:45:00,-0.03717435574664424,0.0,0.0
2024-01-29 07:00:00,0.02473346689495326,0.0,0.0
2024-01-29 07:15:00,0.08641717753139148,0.0,0.0
2024-01-29 07:30:00,0.1476127064581688,0.0,0.0
2024-01-29 07:45:00,0.20805807376144259,0.0,0.0
2024-01-29 08:00:00,0.26749450254566975,2.0,1.3502651399999999
2024-01-29 08:15:00,0.3256675190476615,4.0,2.69244486
2024-01-29 08:30:00,0.38232805815974824,5.0,3.3453425249999995
2024-01-29 08:45:00,0.43723352163521767,8.0,5.336377199999999
2024-01-29 09:00:00,0.4901488098010437,7.0,4.64103108
2024-01-29 09:15:00,0.5408473430319923,8.0,5.28786468
2024-01-29 09:30:00,0.5891120242295557,9.0,5.912463375
2024-01-29 09:45:00,0.6347361625487544,11.0,7.20410922
2024-01-29 10:00:00,0.6775243715027544,22.0,14.31927882
2024-01-29 10:15:00,0.7172933988076682,25.0,16.221373874999998
2024-01-29 10:30:00,0.7538729065123946,28.0,18.1113408
2024-01-29 10:45:00,0.7871062113198786,31.0,19.989179595000003
2024-01-29 11:00:00,0.816850949818166,33.0,21.21209937
2024-01-29 11:15:00,0.8429796851013958,19.0,12.174621165
2024-01-29 11:30:00,0.8653804607998995,42.0,26.91232047
2024-01-29 11:45:00,0.8839572761389773,38.0,24.27243084
2024-01-29 12:00:00,0.8986304957154826,39.0,24.832346175000005
2024-01-29 12:15:00,0.9093371959262809,41.0,26.105799825000002
2024-01-29 12:30:00,0.9160314316134264,41.0,26.02292427
2024-01-29 12:45:00,0.9186844332041004,100.0,63.470546999999996
2024-01-29 13:00:00,0.91728473222789,41.0,25.940048715
2024-01-29 13:15:00,0.9118382092612654,72.0,45.55325628
2024-01-29 13:30:00,0.9023680708575699,39.0,24.595847640000002
2024-01-29 13:45:00,0.888914749288302,38.0,23.96518488
2024-01-29 14:00:00,0.8715357299429494,36.0,22.631090580000002
2024-01-29 14:15:00,0.850305308891214,35.0,22.002449175000002
2024-01-29 14:30:00,0.82531427070765,32.0,20.116524960000003
2024-01-29 14:45:00,0.7966695019143957,132.0,82.98066546
2024-01-29 15:00:00,0.7644935384751173,666.3629341644919,418.9033311730887
2024-01-29 15:15:00,0.7289240340558382,127.0,79.837458435
2024-01-29 15:30:00,0.69011317433824,59.0,37.089842895000004
2024-01-29 15:45:00,0.6482270318470607,33.0,20.745166365
2024-01-29 16:00:00,0.6034448449908018,19.0,11.944186695
2024-01-29 16:15:00,0.5559582558060662,16.0,10.09060416
2024-01-29 16:30:00,0.5059704968036205,14.0,8.82927864
2024-01-29 16:45:00,0.45369550858191954,11.0,6.93729036
2024-01-29 17:00:00,0.39935703011075013,9.0,5.67596484
2024-01-29 17:15:00,0.3431876489881155,7.0,4.428788805
2024-01-29 17:30:00,0.285427791397863,4.0,2.53073646
2024-01-29 17:45:00,0.22632469998149127,0.0,0.0
2024-01-29 18:00:00,0.16613138388121504,0.0,0.0
2024-01-29 18:15:00,0.10510551984860073,0.0,0.0
2024-01-29 18:30:00,0.0435083570163885,0.0,0.0
2024-01-29 18:45:00,-0.01839639300267501,0.0,0.0
2024-01-29 19:00:00,-0.08034370155740893,0.0,0.0
2024-01-29 19:15:00,-0.14206834930290269,0.0,0.0
2024-01-29 19:30:00,-0.2033060533503237,0.0,0.0
2024-01-29 19:45:00,-0.2637946152786042,0.0,0.0
2024-01-29 20:00:00,-0.32327503531712204,0.0,0.0
2024-01-29 20:15:00,-0.3814926134188629,0.0,0.0
2024-01-29 20:30:00,-0.4381980557998497,0.0,0.0
2024-01-29 20:45:00,-0.4931485340705526,0.0,0.0
2024-01-29 21:00:00,-0.5461087179893832,0.0,0.0
2024-01-29 21:15:00,-0.5968517979207575,0.0,0.0
2024-01-29 21:30:00,-0.6451604483142597,0.0,0.0
2024-01-29 21:45:00,-0.6908277523873056,0.0,0.0
2024-01-29 22:00:00,-0.7336581012702744,0.0,0.0
2024-01-29 22:15:00,-0.7734680247456232,0.0,0.0
2024-01-29 22:30:00,-0.8100869723670798,0.0,0.0
2024-01-29 22:45:00,-0.8433580546726621,0.0,0.0
2024-01-29 23:00:00,-0.8731387093244944,0.0,0.0
2024-01-29 23:15:00,-0.8993013085618895,0.0,0.0
2024-01-29 23:30:00,-0.9217337140730524,0.0,0.0
2024-01-29 23:45:00,-0.9403397528564412,0.0,0.0
2024-01-30 00:00:00,-0.9550396276939633,0.0,0.0
2024-01-30 00:15:00,-0.9657702643259591,0.0,0.0
2024-01-30 00:30:00,-0.9724855787090559,0.0,0.0
2024-01-30 00:45:00,-0.9751566747730143,0.0,0.0
2024-01-30 01:00:00,-0.973771970477183,0.0,0.0
2024-01-30 01:15:00,-0.96833724624463,0.0,0.0
2024-01-30 01:30:00,-0.9588756223174999,0.0,0.0
2024-01-30 01:45:00,-0.9454274588789306,0.0,0.0
2024-01-30 02:00:00,-0.9280501837466371,0.0,0.0
2024-01-30 02:15:00,-0.9068180501991963,0.0,0.0
2024-01-30 02:30:00,-0.8818218149658179,0.0,0.0
2024-01-30 02:45:00,-0.8531683517835914,0.0,0.0
2024-01-30 03:00:00,-0.8209801989753807,0.0,0.0
2024-01-30 03:15:00,-0.7853950276585125,0.0,0.0
2024-01-30 03:30:00,-0.7465650559971305,0.0,0.0
2024-01-30 03:45:00,-0.7046564038714965,0.0,0.0
2024-01-30 04:00:00,-0.6598483717623602,0.0,0.0
2024-01-30 04:15:00,-0.6123326781306534,0.0,0.0
2024-01-30 04:30:00,-0.5623126460092849,0.0,0.0
2024-01-30 04:45:00,-0.5100023201917652,0.0,0.0
2024-01-30 05:00:00,-0.4556255570961168,0.0,0.0
2024-01-30 05:15:00,-0.39941507443263496,0.0,0.0
2024-01-30 05:30:00,-0.34161144066147575,0.0,0.0
2024-01-30 05:45:00,-0.28246205224138177,0.0,0.0
2024-01-30 06:00:00,-0.22222008296548895,0.0,0.0
2024-01-30 06:15:00,-0.16114338441545917,0.0,0.0
2024-01-30 06:30:00,-0.0994933898936177,0.0,0.0
2024-01-30 06:45:00,-0.037534003839210656,0.0,0.0
2024-01-30 07:00:00,0.024469544586296632,0.0,0.0
2024-01-30 07:15:00,0.08625182859648797,0.0,0.0
2024-01-30 07:30:00,0.14754835190307736,0.0,0.0
2024-01-30 07:45:00,0.20809669761238273,0.0,0.0
2024-01-30 08:00:00,0.2676376433741345,2.0,1.32600888
2024-01-30 08:15:00,0.3259162634287243,4.0,2.64393234
2024-01-30 08:30:00,0.3826830360492419,5.0,3.2948086499999993
2024-01-30 08:45:00,0.43769490376860354,6.0,3.9416422499999997
2024-01-30 09:00:00,0.490716307050434,7.0,4.58443314
2024-01-30 09:15:00,0.5415202077739734,8.0,5.223181320000001
2024-01-30 09:30:00,0.5898890536707334,9.0,5.857886789999999
2024-01-30 09:45:00,0.6356157040182399,11.0,7.137404505
2024-01-30 10:00:00,0.6785043297356144,12.0,7.7620032
2024-01-30 10:15:00,0.7183712450818516,18.0,11.606620410000001
2024-01-30 10:30:00,0.7550456896697992,38.0,24.34924233
2024-01-30 10:45:00,0.7883705706685068,65.0,41.5186317
2024-01-30 11:00:00,0.8182031297383332,72.0,45.8443314
2024-01-30 11:15:00,0.8444155513715755,30.0,18.98052345
2024-01-30 11:30:00,0.8668955185756746,106.0,66.85025256
2024-01-30 11:45:00,0.8855466894769735,82.0,51.54859521
2024-01-30 12:00:00,0.9002891085513709,141.0,88.068415995
2024-01-30 12:15:00,0.9110595544649291,98.0,61.4087649
2024-01-30 12:30:00,0.9178118079816084,62.0,38.97576711000001
2024-01-30 12:45:00,0.9205168502812789,46.0,28.917504630000003
2024-01-30 13:00:00,0.9191629895620264,28.0,17.65855728
2024-01-30 13:15:00,0.913755909936498,76.0,48.08399273999999
2024-01-30 13:30:00,0.904318649199699,151.0,95.535301365
2024-01-30 13:45:00,0.8908914993169172,105.0,66.64407435
2024-01-30 14:00:00,0.8735318343920189,42.0,26.742526650000006
2024-01-30 14:15:00,0.8523138687337912,36.0,22.99493448
2024-01-30 14:30:00,0.8273283350063273,33.0,21.21209937
2024-01-30 14:45:00,0.7986820978933438,86.0,55.45385307
2024-01-30 15:00:00,0.766497701704234,28.0,18.1113408
2024-01-30 15:15:00,0.7309128385534263,25.0,16.221373874999998
2024-01-30 15:30:00,0.6920797625240409,89.0,58.10789218500001
2024-01-30 15:45:00,0.6501646441910314,59.0,38.64022218
2024-01-30 16:00:00,0.6053468492355126,54.0,35.47478025
2024-01-30 16:15:00,0.5578181756039547,45.0,29.744238824999996
2024-01-30 16:30:00,0.5077820397086751,36.0,23.86815984
2024-01-30 16:45:00,0.45545259321348863,29.0,19.34436735
2024-01-30 17:00:00,0.40105381242612287,21.0,14.050438605000002
2024-01-30 17:15:00,0.34481854750330854,15.0,10.066347900000002
2024-01-30 17:30:00,0.2869875112488238,8.0,5.38488972
2024-01-30 17:45:00,0.22780825579875993,0.0,0.0
2024-01-30 18:00:00,0.16753412124134323,0.0,0.0
2024-01-30 18:15:00,0.10642313535329334,0.0,0.0
2024-01-30 18:30:00,0.04473691683297884,0.0,0.0
2024-01-30 18:45:00,-0.017260436232303944,0.0,0.0
2024-01-30 19:00:00,-0.0793034934524537,0.0,0.0
2024-01-30 19:15:00,-0.14112662020204964,0.0,0.0
2024-01-30 19:30:00,-0.20246510663162023,0.0,0.0
2024-01-30 19:45:00,-0.26305631748599523,0.0,0.0
2024-01-30 20:00:00,-0.3226408081736215,0.0,0.0
2024-01-30 20:15:00,-0.3809634277976232,0.0,0.0
2024-01-30 20:30:00,-0.43777442761465735,0.0,0.0
2024-01-30 20:45:00,-0.492830522154744,0.0,0.0
2024-01-30 21:00:00,-0.5458959239141732,0.0,0.0
2024-01-30 21:15:00,-0.5967433678731564,0.0,0.0
2024-01-30 21:30:00,-0.6451550768700357,0.0,0.0
2024-01-30 21:45:00,-0.6909236882628653,0.0,0.0
2024-01-30 22:00:00,-0.7338531549878665,0.0,0.0
2024-01-30 22:15:00,-0.7737595782330475,0.0,0.0
2024-01-30 22:30:00,-0.8104719903435924,0.0,0.0
2024-01-30 22:45:00,-0.8438330978962038,0.0,0.0
2024-01-30 23:00:00,-0.8736999495568032,0.0,0.0
2024-01-30 23:15:00,-0.8999445452148239,0.0,0.0
2024-01-30 23:30:00,-0.9224543924671871,0.0,0.0
2024-01-30 23:45:00,-0.9411329840007637,0.0,0.0
2024-01-31 00:00:00,-0.9559002095047053,0.0,0.0
2024-01-31 00:15:00,-0.9666927042052116,0.0,0.0
2024-01-31 00:30:00,-0.9734641173748908,0.0,0.0
2024-01-31 00:45:00,-0.9761853112193922,0.0,0.0
2024-01-31 01:00:00,-0.9748444879984991,0.0,0.0
2024-01-31 01:15:00,-0.9694472393738003,0.0,0.0
2024-01-31 01:30:00,-0.9600165245703272,0.0,0.0
2024-01-31 01:45:00,-0.9465925711999258,0.0,0.0
2024-01-31 02:00:00,-0.9292327035220289,0.0,0.0
2024-01-31 02:15:00,-0.9080111006883708,0.0,0.0
2024-01-31 02:30:00,-0.8830184750882626,0.0,0.0
2024-01-31 02:45:00,-0.8543616860468871,0.0,0.0
2024-01-31 03:00:00,-0.8221632874895993,0.0,0.0
2024-01-31 03:15:00,-0.786560996066799,0.0,0.0
2024-01-31 03:30:00,-0.7477071051834059,0.0,0.0
2024-01-31 03:45:00,-0.7057678393818405,0.0,0.0
2024-01-31 04:00:00,-0.6609226327090106,0.0,0.0
2024-01-31 04:15:00,-0.6133633655746662,0.0,0.0
2024-01-31 04:30:00,-0.5632935505793472,0.0,0.0
2024-01-31 04:45:00,-0.510927448904416,0.0,0.0
2024-01-31 05:00:00,-0.4564891592164098,0.0,0.0
2024-01-31 05:15:00,-0.4002116663391997,0.0,0.0
2024-01-31 05:30:00,-0.3423358294550492,0.0,0.0
2024-01-31 05:45:00,-0.28310935815801747,0.0,0.0
2024-01-31 06:00:00,-0.22278576044388593,0.0,0.0
2024-01-31 06:15:00,-0.16162324161940195,0.0,0.0
2024-01-31 06:30:00,-0.09988360684387022,0.0,0.0
2024-01-31 06:45:00,-0.037831148775911955,0.0,0.0
2024-01-31 07:00:00,0.02426850039831091,0.0,0.0
2024-01-31 07:15:00,0.08614949789353404,0.0,0.0
2024-01-31 07:30:00,0.14754692018901255,0.0,0.0
2024-01-31 07:45:00,0.20819791380226169,0.0,0.0
2024-01-31 08:00:00,0.2678428123433553,3.0,2.1284868149999996
2024-01-31 08:15:00,0.32622624045665716,4.0,2.83798242
2024-01-31 08:30:00,0.3830982232553154,5.0,3.5373712499999996
2024-01-31 08:45:00,0.43821524843860676,6.0,4.244845499999999
2024-01-31 09:00:00,0.4913413019805839,7.0,4.95231975
2024-01-31 09:15:00,0.5422488935769436,8.0,5.643623160000001
2024-01-31 09:30:00,0.5907200230346759,9.0,6.330883860000001
2024-01-31 09:45:00,0.6365471078678109,11.0,7.715512035
2024-01-31 10:00:00,0.6795338853529227,12.0,8.392665959999999
2024-01-31 10:15:00,0.719496246098809,16.0,11.125537920000001
2024-01-31 10:30:00,0.7562630178402361,15.0,10.339230825000001
2024-01-31 10:45:00,0.7896767094695947,17.0,11.649068865
2024-01-31 11:00:00,0.8195941796732643,18.0,12.261539430000001
2024-01-31 11:15:00,0.845887246917624,19.0,12.90433032
2024-01-31 11:30:00,0.8684432467208623,21.0,14.17778397
2024-01-31 11:45:00,0.8871655097667865,22.0,14.80844673
2024-01-31 12:00:00,0.9019737745246279,29.0,19.461605940000002
2024-01-31 12:15:00,0.9128045364264596,31.0,20.741123655
2024-01-31 12:30:00,0.9196113169870346,23.0,15.388575615
2024-01-31 12:45:00,0.9223648632317347,24.0,16.05764412
2024-01-31 13:00:00,0.9210532753198643,24.0,16.009131599999996
2024-01-31 13:15:00,0.9156820563291053,30.0,20.07205515
2024-01-31 13:30:00,0.9062740907947202,88.0,58.87802844
2024-01-31 13:45:00,0.8928695458620315,39.0,26.093671695
2024-01-31 14:00:00,0.8755256997841496,38.0,25.42460319
2024-01-31 14:15:00,0.8543167003951073,112.0,74.93567256
2024-01-31 14:30:00,0.8293332435453873,98.0,65.76680628000001
2024-01-31 14:45:00,0.8006821869185943,31.0,20.803785660000003
2024-01-31 15:00:00,0.7684860976535413,30.0,20.132695800000004
2024-01-31 15:15:00,0.7328827204295214,27.0,18.174002805
2024-01-31 15:30:00,0.6940243913852164,23.0,15.52804911
2024-01-31 15:45:00,0.6520773922829797,20.0,13.543078499999998
2024-01-31 16:00:00,0.6072212286425881,77.0,52.29649656
2024-01-31 16:15:00,0.5596478662670155,64.0,43.725951359999996
2024-01-31 16:30:00,0.5095609167474481,52.0,35.7375564
2024-01-31 16:45:00,0.45717475337281227,40.0,27.652136399999996
2024-01-31 17:00:00,0.4027135995556998,29.0,20.165037480000002
2024-01-31 17:15:00,0.346410576983639,4.0,2.7894699000000003
2024-01-31 17:30:00,0.2885066931950595,11.0,7.671042225000001
2024-01-31 17:45:00,0.22924981702236302,0.0,0.0
2024-01-31 18:00:00,0.16889362583610013,0.0,0.0
2024-01-31 18:15:00,0.10769650380372912,0.0,0.0
2024-01-31 18:30:00,0.045920443558821855,0.0,0.0
2024-01-31 18:45:00,-0.016170066885961287,0.0,0.0
2024-01-31 19:00:00,-0.07830919299415492,0.0,0.0
2024-01-31 19:15:00,-0.14023088351353002,0.0,0.0
2024-01-31 19:30:00,-0.20167000122367695,0.0,0.0
2024-01-31 19:45:00,-0.26236347468020127,0.0,0.0
2024-01-31 20:00:00,-0.32205141615961985,0.0,0.0
2024-01-31 20:15:00,-0.3804782265549835,0.0,0.0
2024-01-31 20:30:00,-0.43739370583663645,0.0,0.0
2024-01-31 20:45:00,-0.4925541161168483,0.0,0.0
2024-01-31 21:00:00,-0.5457232182725622,0.0,0.0
2024-01-31 21:15:00,-0.5966732984387704,0.0,0.0
2024-01-31 21:30:00,-0.6451861353108,0.0,0.0
2024-01-31 21:45:00,-0.691053928719473,0.0,0.0
2024-01-31 22:00:00,-0.7340802026310561,0.0,0.0
2024-01-31 22:15:00,-0.7740806395926467,0.0,0.0
2024-01-31 22:30:00,-0.8108838655122117,0.0,0.0
2024-01-31 22:45:00,-0.8443321944728958,0.0,0.0
2024-01-31 23:00:00,-0.8742822982739693,0.0,0.0
2024-01-31 23:15:00,-0.900605817180664,0.0,0.0
2024-01-31 23:30:00,-0.9231899180024786,0.0,0.0
2024-01-31 23:45:00,-0.941937772902556,0.0,0.0
2024-02-01 00:00:00,-0.9567689727107482,0.0,0.0
2024-02-01 00:15:00,-0.9676198767513308,0.0,0.0
2024-02-01 00:30:00,-0.9744438825324435,0.0,0.0
2024-02-01 00:45:00,-0.9772116257130143,0.0,0.0
2024-02-01 01:00:00,-0.9759111082073078,0.0,0.0
2024-02-01 01:15:00,-0.9705477483886743,0.0,0.0
2024-02-01 01:30:00,-0.9611443599898036,0.0,0.0
2024-02-01 01:45:00,-0.9477410535640214,0.0,0.0
2024-02-01 02:00:00,-0.9303950652252015,0.0,0.0
2024-02-01 02:15:00,-0.9091805152926057,0.0,0.0
2024-02-01 02:30:00,-0.8841880868470402,0.0,0.0
2024-02-01 02:45:00,-0.8555246395942823,0.0,0.0
2024-02-01 03:00:00,-0.8233127574867062,0.0,0.0
2024-02-01 03:15:00,-0.7876902167205326,0.0,0.0
2024-02-01 03:30:00,-0.7488093995050314,0.0,0.0
2024-02-01 03:45:00,-0.7068366480806547,0.0,0.0
2024-02-01 04:00:00,-0.661951542488654,0.0,0.0
2024-02-01 04:15:00,-0.6143461368742138,0.0,0.0
2024-02-01 04:30:00,-0.5642241445459433,0.0,0.0
2024-02-01 04:45:00,-0.5118000534279054,0.0,0.0
2024-02-01 05:00:00,-0.4572982140659288,0.0,0.0
2024-02-01 05:15:00,-0.4009518871146003,0.0,0.0
2024-02-01 05:30:00,-0.34300223043785577,0.0,0.0
2024-02-01 05:45:00,-0.28369727378082127,0.0,0.0
2024-02-01 06:00:00,-0.2232908653838314,0.0,0.0
2024-02-01 06:15:00,-0.16204156946763165,0.0,0.0
2024-02-01 06:30:00,-0.10021156714786285,0.0,0.0
2024-02-01 06:45:00,-0.0380655425248945,0.0,0.0
2024-02-01 07:00:00,0.02413046706388519,0.0,0.0
2024-02-01 07:15:00,0.08611020166883275,0.0,0.0
2024-02-01 07:30:00,0.14760831039279615,0.0,0.0
2024-02-01 07:45:00,0.2083615041039238,0.0,0.0
2024-02-01 08:00:00,0.26810967429476285,4.0,2.7571282200000002
2024-02-01 08:15:00,0.32659699891252486,8.0,5.4980856000000005
2024-02-01 08:30:00,0.3835730538212522,10.0,6.852393449999999
2024-02-01 08:45:00,0.4387938768275498,13.0,8.88183387
2024-02-01 09:00:00,0.4920230052530118,29.0,19.813321709999997
2024-02-01 09:15:00,0.5430325034063347,19.0,12.90433032
2024-02-01 09:30:00,0.5916039308657718,22.0,14.897386350000001
2024-02-01 09:45:00,0.6375292719751008,98.0,66.16299185999999
2024-02-01 10:00:00,0.6806118397673673,73.0,49.137118695
2024-02-01 10:15:00,0.720667111390555,105.0,70.252193025
2024-02-01 10:30:00,0.7575235136588336,123.0,82.04679945
2024-02-01 10:45:00,0.791023168830068,100.0,66.300444
2024-02-01 11:00:00,0.8210225649198697,22.0,14.541627870000001
2024-02-01 11:15:00,0.8473931672681609,24.0,15.863594039999999
2024-02-01 11:30:00,0.8700219773588629,201.40043954717726,133.12228385224924
2024-02-01 11:45:00,0.8888120123567771,229.33079640777365,151.58377729511716
2024-02-01 12:00:00,0.9036827190744436,434.03965994897317,286.015525208587
2024-02-01 12:15:00,0.9145703244244721,421.5723461825923,278.65218993045784
2024-02-01 12:30:00,0.9214281056856155,270.914261495652,179.06974433389277
2024-02-01 12:45:00,0.9242265909758958,160.0,105.75729359999998
2024-02-01 13:00:00,0.9229536878334804,219.38202744450308,145.00780929382233
2024-02-01 13:15:00,0.9176147338160169,241.19890094974457,159.42839364837158
2024-02-01 13:30:00,0.9082324757478835,249.2375315056632,164.74179247239798
2024-02-01 13:45:00,0.894846971469518,208.89693942939036,138.07734347109658
2024-02-01 14:00:00,0.8775154188043507,107.0,70.94147508
2024-02-01 14:15:00,0.8563119143558022,282.49913654895477,187.2981818281233
2024-02-01 14:30:00,0.8313271321870874,315.0604899774439,209.52335282033917
2024-02-01 14:45:00,0.8026679376892975,91.0,60.70129064999999
2024-02-01 15:00:00,0.7704569351893527,88.0,58.7001492
2024-02-01 15:15:00,0.7348319358589344,87.0,58.208959935
2024-02-01 15:30:00,0.6959453713432001,119.0,79.85969334
2024-02-01 15:45:00,0.6539636474972699,13.0,8.750445795000001
2024-02-01 16:00:00,0.6090664219760114,19.0,12.789113085
2024-02-01 16:15:00,0.5614458401248612,16.0,10.802121119999999
2024-02-01 16:30:00,0.5113057196534425,14.0,9.48015495
2024-02-01 16:45:00,0.4588606656679709,11.0,7.448693175000001
2024-02-01 17:00:00,0.40433515810099857,9.0,6.11257752
2024-02-01 17:15:00,0.3479625987335826,7.0,4.7542269600000004
2024-02-01 17:30:00,0.28998429755437105,5.0,3.3958764
2024-02-01 17:45:00,0.2306484468908024,0.0,0.0
2024-02-01 18:00:00,0.17020906727372548,0.0,0.0
2024-02-01 18:15:00,0.10892490414560356,0.0,0.0
2024-02-01 18:30:00,0.04705832802564898,0.0,0.0
2024-02-01 18:45:00,-0.015125780250590415,0.0,0.0
2024-02-01 19:00:00,-0.07736118010041573,0.0,0.0
2024-02-01 19:15:00,-0.13938140271560523,0.0,0.0
2024-02-01 19:30:00,-0.20092088365403735,0.0,0.0
2024-02-01 19:45:00,-0.26171611641970793,0.0,0.0
2024-02-01 20:00:00,-0.3215067723200507,0.0,0.0
2024-02-01 20:15:00,-0.3800368072358718,0.0,0.0
2024-02-01 20:30:00,-0.4370555740169247,0.0,0.0
2024-02-01 20:45:00,-0.49231888751902764,0.0,0.0
2024-02-01 21:00:00,-0.5455900630791645,0.0,0.0
2024-02-01 21:15:00,-0.5966409450316297,0.0,0.0
2024-02-01 21:30:00,-0.6452528758585623,0.0,0.0
2024-02-01 21:45:00,-0.6912176266622254,0.0,0.0
2024-02-01 22:00:00,-0.734338302033982,0.0,0.0
2024-02-01 22:15:00,-0.7744301763213817,0.0,0.0
2024-02-01 22:30:00,-0.8113214801139592,0.0,0.0
2024-02-01 22:45:00,-0.8448541468390877,0.0,0.0
2024-02-01 23:00:00,-0.8748844838959918,0.0,0.0
2024-02-01 23:15:00,-0.9012837850009084,0.0,0.0
2024-02-01 23:30:00,-0.9239388897442166,0.0,0.0
2024-02-01 23:45:00,-0.9427526638385484,0.0,0.0
2024-02-02 00:00:00,-0.9576444137236932,0.0,0.0
2024-02-02 00:15:00,-0.9685502376312474,0.0,0.0
2024-02-02 00:30:00,-0.9754232964092728,0.0,0.0
2024-02-02 00:45:00,-0.9782340144828849,0.0,0.0
2024-02-02 01:00:00,-0.9769702088913019,0.0,0.0
2024-02-02 01:15:00,-0.9716371402736743,0.0,0.0
2024-02-02 01:30:00,-0.9622574924440772,0.0,0.0
2024-02-02 01:45:00,-0.9488712744103608,0.0,0.0
2024-02-02 02:00:00,-0.9315356495541719,0.0,0.0
2024-02-02 02:15:00,-0.9103246945710253,0.0,0.0
2024-02-02 02:30:00,-0.8853290782175774,0.0,0.0
2024-02-02 02:45:00,-0.8566556752227457,0.0,0.0
2024-02-02 03:00:00,-0.8244271138533062,0.0,0.0
2024-02-02 03:15:00,-0.7887812436866766,0.0,0.0
2024-02-02 03:30:00,-0.7498705490978412,0.0,0.0
2024-02-02 03:45:00,-0.7078615027494704,0.0,0.0
2024-02-02 04:00:00,-0.6629338429000976,0.0,0.0
2024-02-02 04:15:00,-0.6152798089214806,0.0,0.0
2024-02-02 04:30:00,-0.565103325591519,0.0,0.0
2024-02-02 04:45:00,-0.5126191176483765,0.0,0.0
2024-02-02 05:00:00,-0.45805179669845525,0.0,0.0
2024-02-02 05:15:00,-0.40163490765915444,0.0,0.0
2024-02-02 05:30:00,-0.34360991450891937,0.0,0.0
2024-02-02 05:45:00,-0.28422517373634776,0.0,0.0
2024-02-02 06:00:00,-0.22373487949821866,0.0,0.0
2024-02-02 06:15:00,-0.1623979595675665,0.0,0.0
2024-02-02 06:30:00,-0.10047697473493943,0.0,0.0
2024-02-02 06:45:00,-0.038237003182563484,0.0,0.0
2024-02-02 07:00:00,0.024055510886245246,0.0,0.0
2024-02-02 07:15:00,0.08613388975477028,0.0,0.0
2024-02-02 07:30:00,0.14773235552309824,0.0,0.0
2024-02-02 07:45:00,0.20858718480722563,0.0,0.0
2024-02-02 08:00:00,0.26843782938382027,3.0,1.98901332
2024-02-02 08:15:00,0.3270280239712889,5.0,3.3150222
2024-02-02 08:30:00,0.3841068995850008,7.0,4.64103108
2024-02-02 08:45:00,0.4394300495144434,9.0,5.96703996
2024-02-02 09:00:00,0.4927605687919123,8.0,5.30403552
2024-02-02 09:15:00,0.5438700836163723,9.0,5.96703996
2024-02-02 09:30:00,0.5925397214823118,10.0,6.6300444
2024-02-02 09:45:00,0.6385610425715188,22.0,14.586097680000002
2024-02-02 10:00:00,0.681736945522799,13.0,8.61905772
2024-02-02 10:15:00,0.72188250459874,15.0,9.975386925
2024-02-02 10:30:00,0.7588257570331896,22.0,14.63056749
2024-02-02 10:45:00,0.7924084504712643,33.0,22.01255595
2024-02-02 11:00:00,0.8224867149042601,405.66903259001185,271.4203731597955
2024-02-02 11:15:00,0.8489316757540528,124.0,82.96449462
2024-02-02 11:30:00,0.8716300141934404,132.0,88.58386152
2024-02-02 11:45:00,0.8904844480587466,41.0,27.597559815
2024-02-02 12:00:00,0.9054141470813224,43.0,28.943782244999998
2024-02-02 12:15:00,0.9163550845707789,30.0,20.19333645
2024-02-02 12:30:00,0.9232603087522083,411.8798968104063,277.24097777612724
2024-02-02 12:45:00,0.9261001442192431,483.1209387949764,325.1941221042272
2024-02-02 13:00:00,0.9248623214050106,464.4409933870376,312.62044135455585
2024-02-02 13:15:00,0.9195520279330183,434.7036860055989,292.6039262522072
2024-02-02 13:30:00,0.9101918885043172,201.74268643906044,135.38747119841298
2024-02-02 13:45:00,0.8968218671783158,185.07139680460483,124.1995377716067
2024-02-02 14:00:00,0.8794990967316765,67.0,44.96302062
2024-02-02 14:15:00,0.858297637735679,106.0,71.13552516
2024-02-02 14:30:00,0.833308157361799,197.99939577668317,133.27561386050908
2024-02-02 14:45:00,0.8046375433182096,139.0,93.84342722999999
2024-02-02 15:00:00,0.7724084513113656,118.0,79.66564326
2024-02-02 15:15:00,0.7367587727505278,83.0,56.37154824000001
2024-02-02 15:30:00,0.6978410480057438,34.0,23.16068559
2024-02-02 15:45:00,0.6558218196884653,14.0,9.59335083
2024-02-02 16:00:00,0.6108809096277439,12.0,8.247128400000001
2024-02-02 16:15:00,0.5632106540305603,10.0,6.89282055
2024-02-02 16:30:00,0.5130150873553303,9.0,6.22173069
2024-02-02 16:45:00,0.4605090563781174,8.0,5.5465981200000005
2024-02-02 17:00:00,0.40591730658857145,6.0,4.1842048499999995
2024-02-02 17:15:00,0.3494735280182959,5.0,3.486837375
2024-02-02 17:30:00,0.29141934043509804,4.0,2.79755532
2024-02-02 17:45:00,0.2320032659852476,0.0,0.0
2024-02-02 18:00:00,0.1714796737709207,0.0,0.0
2024-02-02 18:15:00,0.11010767495374062,0.0,0.0
2024-02-02 18:30:00,0.0481500213764727,0.0,0.0
2024-02-02 18:45:00,-0.014128010865560758,0.0,0.0
2024-02-02 19:00:00,-0.07645977370416769,0.0,0.0
2024-02-02 19:15:00,-0.13857838039513748,0.0,0.0
2024-02-02 19:30:00,-0.20021783988688804,0.0,0.0
2024-02-02 19:45:00,-0.2611142123361091,0.0,0.0
2024-02-02 20:00:00,-0.32100673071999386,0.0,0.0
2024-02-02 20:15:00,-0.3796389095858234,0.0,0.0
2024-02-02 20:30:00,-0.43675965934953226,0.0,0.0
2024-02-02 20:45:00,-0.492124353221821,0.0,0.0
2024-02-02 21:00:00,-0.5454958676058952,0.0,0.0
2024-02-02 21:15:00,-0.5966456125040297,0.0,0.0
2024-02-02 21:30:00,-0.645354502585327,0.0,0.0
2024-02-02 21:45:00,-0.6914138894635524,0.0,0.0
2024-02-02 22:00:00,-0.7346264683816923,0.0,0.0
2024-02-02 22:15:00,-0.774807116281399,0.0,0.0
2024-02-02 22:30:00,-0.8117836799720359,0.0,0.0
2024-02-02 22:45:00,-0.8453977244005706,0.0,0.0
2024-02-02 23:00:00,-0.8755052053739845,0.0,0.0
2024-02-02 23:15:00,-0.9019770834181042,0.0,0.0
2024-02-02 23:30:00,-0.9246998847840728,0.0,0.0
2024-02-02 23:45:00,-0.9435761830307947,0.0,0.0
2024-02-03 00:00:00,-0.9585250148968619,0.0,0.0
2024-02-03 00:15:00,-0.9694822325352076,0.0,0.0
2024-02-03 00:30:00,-0.9764007753820964,0.0,0.0
2024-02-03 00:45:00,-0.9792508720770163,0.0,0.0
2024-02-03 01:00:00,-0.9780201703475149,0.0,0.0
2024-02-03 01:15:00,-0.9727137887116563,0.0,0.0
2024-02-03 01:30:00,-0.963354296663957,0.0,0.0
2024-02-03 01:45:00,-0.9499816171858948,0.0,0.0
2024-02-03 02:00:00,-0.9326528562884845,0.0,0.0
2024-02-03 02:15:00,-0.9114420621912867,0.0,0.0
2024-02-03 02:30:00,-0.8864399041978349,0.0,0.0
2024-02-03 02:45:00,-0.8577532865845146,0.0,0.0
2024-02-03 03:00:00,-0.8255048960341449,0.0,0.0
2024-02-03 03:15:00,-0.7898326691520757,0.0,0.0
2024-02-03 03:30:00,-0.7508892055586056,0.0,0.0
2024-02-03 03:45:00,-0.708841120919505,0.0,0.0
2024-02-03 04:00:00,-0.6638683235439986,0.0,0.0
2024-02-03 04:15:00,-0.6161632492452025,0.0,0.0
2024-02-03 04:30:00,-0.5659300447337435,0.0,0.0
2024-02-03 04:45:00,-0.5133836811994499,0.0,0.0
2024-02-03 05:00:00,-0.4587490401700492,0.0,0.0
2024-02-03 05:15:00,-0.4022599587542825,0.0,0.0
2024-02-03 05:30:00,-0.34415821417255754,0.0,0.0
2024-02-03 05:45:00,-0.2846924957658195,0.0,0.0
2024-02-03 06:00:00,-0.22411734878975798,0.0,0.0
2024-02-03 06:15:00,-0.16269206879946746,0.0,0.0
2024-02-03 06:30:00,-0.1006795994237869,0.0,0.0
2024-02-03 06:45:00,-0.03834541516005455,0.0,0.0
2024-02-03 07:00:00,0.024043631793744163,0.0,0.0
2024-02-03 07:15:00,0.08622044576910731,0.0,0.0
2024-02-03 07:30:00,0.14791882278904717,0.0,0.0
2024-02-03 07:45:00,0.20887460709128897,0.0,0.0
2024-02-03 08:00:00,0.26882681367418576,3.0,2.031461775
2024-02-03 08:15:00,0.32751873794150416,5.0,3.3857696249999996
2024-02-03 08:30:00,0.38469907099903966,6.0,4.050795419999999
2024-02-03 08:45:00,0.44012296748385465,7.0,4.72592799
2024-02-03 09:00:00,0.4935530869682368,8.0,5.4010605599999995
2024-02-03 09:15:00,0.5447606252452077,9.0,6.058000935
2024-02-03 09:30:00,0.5935262863470847,17.0,11.40852762
2024-02-03 09:45:00,0.6396412157219691,12.0,8.02882206
2024-02-03 10:00:00,0.6829079078589175,13.0,8.67161295
2024-02-03 10:15:00,0.723141045151386,15.0,9.975386925
2024-02-03 10:30:00,0.760168286955226,30.0,19.95077385
2024-02-03 10:45:00,0.7938310186538309,33.0,21.87914652
2024-02-03 11:00:00,0.823985025171101,19.0,12.558678615
2024-02-03 11:15:00,0.8505011055320313,21.0,13.880644785000001
2024-02-03 11:30:00,0.873265634593342,22.0,14.541627870000001
2024-02-03 11:45:00,0.8921810452818649,23.0,15.202610954999999
2024-02-03 12:00:00,0.9071662450556539,24.0,15.863594039999999
2024-02-03 12:15:00,0.9181569687090553,24.0,15.863594039999999
2024-02-03 12:30:00,0.9251060507409958,31.0,20.553137640000003
2024-02-03 12:45:00,0.9279836277226647,30.0,19.8901332
2024-02-03 13:00:00,0.9267772685844187,31.0,20.553137640000003
2024-02-03 13:15:00,0.9214920266552831,30.0,19.8901332
2024-02-03 13:30:00,0.9121504201209789,30.0,19.8901332
2024-02-03 13:45:00,0.8987923347624821,28.0,18.56412432
2024-02-03 14:00:00,0.8814748536531041,22.0,14.586097680000002
2024-02-03 14:15:00,0.8602720164273016,24.0,15.91210656
2024-02-03 14:30:00,0.8352744981946008,19.0,12.59708436
2024-02-03 14:45:00,0.8065892234046201,22.0,14.586097680000002
2024-02-03 15:00:00,0.7743389131830867,20.0,13.219661699999998
2024-02-03 15:15:00,0.7386615526938503,17.0,11.236712444999998
2024-02-03 15:30:00,0.6997098040377177,14.0,9.253763189999999
2024-02-03 15:45:00,0.6576503589597764,12.0,7.907540759999999
2024-02-03 16:00:00,0.6126632151974032,12.0,7.907540759999999
2024-02-03 16:15:00,0.5649409108538221,10.0,6.5491902
2024-02-03 16:30:00,0.5146877074196708,9.0,5.876078985
2024-02-03 16:45:00,0.4621187028217015,7.0,4.556134169999999
2024-02-03 17:00:00,0.40745891673050316,6.0,3.8810016
2024-02-03 17:15:00,0.3509423352377419,5.0,3.2240612250000003
2024-02-03 17:30:00,0.2928108946710273,4.0,2.56307814
2024-02-03 17:45:00,0.23331345298302256,0.0,0.0
2024-02-03 18:00:00,0.17270473276081677,0.0,0.0
2024-02-03 18:15:00,0.11124421487154187,0.0,0.0
2024-02-03 18:30:00,0.04919503544464107,0.0,0.0
2024-02-03 18:45:00,-0.013177132225122762,0.0,0.0
2024-02-03 19:00:00,-0.07560523165552566,0.0,0.0
2024-02-03 19:15:00,-0.13782195828754182,0.0,0.0
2024-02-03 19:30:00,-0.19956089560939466,0.0,0.0
2024-02-03 19:45:00,-0.26055767254194706,0.0,0.0
2024-02-03 20:00:00,-0.3205510869399863,0.0,0.0
2024-02-03 20:15:00,-0.3792842161978096,0.0,0.0
2024-02-03 20:30:00,-0.4365055334346328,0.0,0.0
2024-02-03 20:45:00,-0.49196997632169953,0.0,0.0
2024-02-03 21:00:00,-0.545439989399529,0.0,0.0
2024-02-03 21:15:00,-0.5966865563100309,0.0,0.0
2024-02-03 21:30:00,-0.6454901727203736,0.0,0.0
2024-02-03 21:45:00,-0.6916417803853773,0.0,0.0
2024-02-03 22:00:00,-0.7349436756803374,0.0,0.0
2024-02-03 22:15:00,-0.7752103493094065,0.0,0.0
2024-02-03 22:30:00,-0.812269276187627,0.0,0.0
2024-02-03 22:45:00,-0.8459616653115563,0.0,0.0
2024-02-03 23:00:00,-0.8761431340289363,0.0,0.0
2024-02-03 23:15:00,-0.9026843233110178,0.0,0.0
2024-02-03 23:30:00,-0.9254714602041323,0.0,0.0
2024-02-03 23:45:00,-0.9444068406598431,0.0,0.0
2024-02-04 00:00:00,-0.9594092465961416,0.0,0.0
2024-02-04 00:15:00,-0.9704142992654439,0.0,0.0
2024-02-04 00:30:00,-0.9773747320994306,0.0,0.0
2024-02-04 00:45:00,-0.9802605935001523,0.0,0.0
2024-02-04 01:00:00,-0.9790593775207477,0.0,0.0
2024-02-04 01:15:00,-0.9737760762177293,0.0,0.0
2024-02-04 01:30:00,-0.9644331603731785,0.0,0.0
2024-02-04 01:45:00,-0.9510704824373375,0.0,0.0
2024-02-04 02:00:00,-0.9337451063591751,0.0,0.0
2024-02-04 02:15:00,-0.9125310669452451,0.0,0.0
2024-02-04 02:30:00,-0.8875190487894619,0.0,0.0
2024-02-04 02:45:00,-0.8588160000790359,0.0,0.0
2024-02-04 03:00:00,-0.8265446798381791,0.0,0.0
2024-02-04 03:15:00,-0.7908431251284331,0.0,0.0
2024-02-04 03:30:00,-0.7518640636997298,0.0,0.0
2024-02-04 03:45:00,-0.7097742664285224,0.0,0.0
2024-02-04 04:00:00,-0.6647538233197146,0.0,0.0
2024-02-04 04:15:00,-0.6169953774401152,0.0,0.0
2024-02-04 04:30:00,-0.5667033075595194,0.0,0.0
2024-02-04 04:45:00,-0.5140928406005508,0.0,0.0
2024-02-04 05:00:00,-0.4593891364550308,0.0,0.0
2024-02-04 05:15:00,-0.4028263320061813,0.0,0.0
2024-02-04 05:30:00,-0.3446465243184986,0.0,0.0
2024-02-04 05:45:00,-0.28509874131676416,0.0,0.0
2024-02-04 06:00:00,-0.22443788405757648,0.0,0.0
2024-02-04 06:15:00,-0.16292361959320428,0.0,0.0
2024-02-04 06:30:00,-0.10081927713865942,0.0,0.0
2024-02-04 06:45:00,-0.03839072918632322,0.0,0.0
2024-02-04 07:00:00,0.024094763405286268,0.0,0.0
2024-02-04 07:15:00,0.08636968734561228,0.0,0.0
2024-02-04 07:30:00,0.14816741396756217,0.0,0.0
2024-02-04 07:45:00,0.20922335756782906,0.0,0.0
2024-02-04 08:00:00,0.2692760997816892,3.0,1.9768851899999997
2024-02-04 08:15:00,0.3280685011119129,5.0,3.2847018749999997
2024-02-04 08:30:00,0.38534881814775,6.0,3.92951412
2024-02-04 08:45:00,0.44087177324137516,7.0,4.58443314
2024-02-04 09:00:00,0.49439959776440273,9.0,5.876078985
2024-02-04 09:15:00,0.5457030653026416,10.0,6.508763099999999
2024-02-04 09:30:00,0.5945624654728476,12.0,7.786259459999999
2024-02-04 09:45:00,0.6407685388573447,13.0,8.408836800000001
2024-02-04 10:00:00,0.6841233864181303,16.0,10.316995920000002
2024-02-04 10:15:00,0.7244413100712599,18.0,11.570236020000001
2024-02-04 10:30:00,0.7615496033513752,19.0,12.174621165
2024-02-04 10:45:00,0.7952893020702421,20.0,12.7749636
2024-02-04 11:00:00,0.8255158593662393,23.0,14.644716975000001
2024-02-04 11:15:00,0.8520997616376212,25.0,15.918170625
2024-02-04 11:30:00,0.8749270917016883,27.0,17.13704769
2024-02-04 11:45:00,0.8939000122207734,28.0,17.71515522
2024-02-04 12:00:00,0.90893718335935,24.0,15.135906239999999
2024-02-04 12:15:00,0.9199741166556695,24.0,15.135906239999999
2024-02-04 12:30:00,0.9269634483435361,31.0,19.55054556
2024-02-04 12:45:00,0.9298751425730813,30.0,18.859242150000004
2024-02-04 13:00:00,0.928696622442424,30.0,18.859242150000004
2024-02-04 13:15:00,0.9234328226571356,30.0,18.7986015
2024-02-04 13:30:00,0.9141061704962541,24.0,14.990368679999998
2024-02-04 13:45:00,0.9007564889381459,29.0,18.113362154999997
2024-02-04 14:00:00,0.8834408266224029,81.0,50.428764539999996
2024-02-04 14:15:00,0.8622332172587257,21.0,13.07412414
2024-02-04 14:30:00,0.8372243585790187,28.0,17.432165519999998
2024-02-04 14:45:00,0.8085212260609163,30.0,18.6773202
2024-02-04 15:00:00,0.7762466200537695,17.0,10.583814779999999
2024-02-04 15:15:00,0.7405386328199084,28.0,17.488763459999998
2024-02-04 15:30:00,0.7015500609024483,27.0,16.91874135
2024-02-04 15:45:00,0.659447757311741,15.0,9.429621075000002
2024-02-04 16:00:00,0.6144119071039008,12.0,7.567953119999999
2024-02-04 16:15:00,0.5666352609970242,9.0,5.694157035
2024-02-04 16:30:00,0.5163223174263253,8.0,5.07764376
2024-02-04 16:45:00,0.46368843456519604,7.0,4.457087775000001
2024-02-04 17:00:00,0.4089589145196416,7.0,4.457087775000001
2024-02-04 17:15:00,0.35236804677100775,5.0,3.1937409
2024-02-04 17:30:00,0.2941580906594781,3.0,1.9162445399999999
2024-02-04 17:45:00,0.23457824536533317,29.358790157034655,18.81221831708567
2024-02-04 18:00:00,0.17388359150195398,0.0,0.0
2024-02-04 18:15:00,0.11233398311314437,0.0,0.0
2024-02-04 18:30:00,0.0501929430581623,0.0,0.0
2024-02-04 18:45:00,-0.012273456673440097,0.0,0.0
2024-02-04 19:00:00,-0.07479775078203704,0.0,0.0
2024-02-04 19:15:00,-0.1371122174876938,0.0,0.0
2024-02-04 19:30:00,-0.19895001646256813,0.0,0.0
2024-02-04 19:45:00,-0.260046348057803,0.0,0.0
2024-02-04 20:00:00,-0.32013957866901943,0.0,0.0
2024-02-04 20:15:00,-0.3789723531770046,0.0,0.0
2024-02-04 20:30:00,-0.43629271307782597,0.0,0.0
2024-02-04 20:45:00,-0.49185516711771077,0.0,0.0
2024-02-04 21:00:00,-0.5454217354432879,0.0,0.0
2024-02-04 21:15:00,-0.5967629837453416,0.0,0.0
2024-02-04 21:30:00,-0.6456589979507851,0.0,0.0
2024-02-04 21:45:00,-0.6919003200247151,0.0,0.0
2024-02-04 22:00:00,-0.7352888583089425,0.0,0.0
2024-02-04 22:15:00,-0.7756387288371548,0.0,0.0
2024-02-04 22:30:00,-0.8127770468692068,0.0,0.0
2024-02-04 22:45:00,-0.8465446783049935,0.0,0.0
2024-02-04 23:00:00,-0.8767969154386018,0.0,0.0
2024-02-04 23:15:00,-0.9034040936386354,0.0,0.0
2024-02-04 23:30:00,-0.9262521550916502,0.0,0.0
2024-02-04 23:45:00,-0.9452431329052365,0.0,0.0
2024-02-05 00:00:00,-0.9602955692680695,0.0,0.0
2024-02-05 00:15:00,-0.9713448698565997,0.0,0.0
2024-02-05 00:30:00,-0.9783435776131888,0.0,0.0
2024-02-05 00:45:00,-0.9812615763496804,0.0,0.0
2024-02-05 01:00:00,-0.980086222140892,0.0,0.0
2024-02-05 01:15:00,-0.9748223962638555,0.0,0.0
2024-02-05 01:30:00,-0.9654924863921828,0.0,0.0
2024-02-05 01:45:00,-0.9521362898924658,0.0,0.0
2024-02-05 02:00:00,-0.9348108438911742,0.0,0.0
2024-02-05 02:15:00,-0.9135901847348534,0.0,0.0
2024-02-05 02:30:00,-0.8885650269089906,0.0,0.0
2024-02-05 02:45:00,-0.8598423767133141,0.0,0.0
2024-02-05 03:00:00,-0.8275450792475765,0.0,0.0
2024-02-05 03:15:00,-0.791811285227248,0.0,0.0
2024-02-05 03:30:00,-0.752793863114587,0.0,0.0
2024-02-05 03:45:00,-0.7106597510018501,0.0,0.0
2024-02-05 04:00:00,-0.665589231803704,0.0,0.0
2024-02-05 04:15:00,-0.6177751664334349,0.0,0.0
2024-02-05 04:30:00,-0.5674221754022001,0.0,0.0
2024-02-05 04:45:00,-0.5147457503184196,0.0,0.0
2024-02-05 05:00:00,-0.459971337461466,0.0,0.0
2024-02-05 05:15:00,-0.4033333806250247,0.0,0.0
2024-02-05 05:30:00,-0.34507430293150754,0.0,0.0
2024-02-05 05:45:00,-0.2854434760958593,0.0,0.0
2024-02-05 06:00:00,-0.2246961612560836,0.0,0.0
2024-02-05 06:15:00,-0.163092400199488,0.0,0.0
2024-02-05 06:30:00,-0.10089590996826688,0.0,0.0
2024-02-05 06:45:00,-0.038372962257288826,0.0,0.0
2024-02-05 07:00:00,0.024208773211346096,0.0,0.0
2024-02-05 07:15:00,0.08658136643138162,0.0,0.0
2024-02-05 07:30:00,0.14847776592552445,0.0,0.0
2024-02-05 07:45:00,0.20963295892333783,0.0,0.0
2024-02-05 08:00:00,0.26978509763461084,4.0,2.8703241
2024-02-05 08:15:00,0.32867661258281794,5.0,3.567691575
2024-02-05 08:30:00,0.38605533169995987,38.0,26.960832989999997
2024-02-05 08:45:00,0.4416755518720843,56.0,39.618558
2024-02-05 09:00:00,0.49529908404094647,297.8751859865078,209.53480080627563
2024-02-05 09:15:00,0.5466962881885655,362.4551958407341,253.4971153464719
2024-02-05 09:30:00,0.5956470489728034,423.3492885716883,294.37428521308385
2024-02-05 09:45:00,0.6419417123937163,150.1099016461738,103.77148688276455
2024-02-05 10:00:00,0.6853819969314523,111.0,76.2859377
2024-02-05 10:15:00,0.7257818357475939,260.3516386471872,177.87692324973753
2024-02-05 10:30:00,0.7629681689496357,212.4373129543307,144.2821715082052
2024-02-05 10:45:00,0.7967816958193952,173.15494374147153,117.25254978769163
2024-02-05 11:00:00,0.8270775512572721,416.00262863443436,280.0160348033179
2024-02-05 11:15:00,0.8537259231037646,779.4195607137004,523.0605638806187
2024-02-05 11:30:00,0.8766126166074932,317.9209373603943,212.71088626791766
2024-02-05 11:45:00,0.8956395390373053,421.87558227590876,281.4109048117354
2024-02-05 12:00:00,0.910725118418964,179.55362559209482,119.4077926045152
2024-02-05 12:15:00,0.9218046584406822,105.0,69.827708475
2024-02-05 12:30:00,0.9288306126494426,383.6804388341692,254.3818344882026
2024-02-05 12:45:00,0.9317727884526386,367.3351441334851,243.54483152854058
2024-02-05 13:00:00,0.9306184788349978,399.82957509243465,264.28058601883663
2024-02-05 13:15:00,0.9253725155674979,318.73129130766984,210.6759922145773
2024-02-05 13:30:00,0.9160572506095557,321.36120980546957,212.41432385655153
2024-02-05 13:45:00,0.9027124595660716,230.27594886785,152.20850708397376
2024-02-05 14:00:00,0.8853951718336536,210.70790343667306,139.27436004745425
2024-02-05 14:15:00,0.8641794301048961,222.78956233325178,147.7104690126027
2024-02-05 14:30:00,0.8391559692393227,111.0,73.817863245
2024-02-05 14:45:00,0.8104318298586468,115.0,76.71042225
2024-02-05 15:00:00,0.778129905174221,62.0,41.48224731
2024-02-05 15:15:00,0.7423884075930365,29.0,19.520225234999998
2024-02-05 15:30:00,0.7033602806007275,26.0,17.60600205
2024-02-05 15:45:00,0.661212550274116,22.0,14.986325970000001
2024-02-05 16:00:00,0.616125600112617,134.25151680315327,91.72305146470158
2024-02-05 16:15:00,0.5682924037841093,242.5048085422432,167.64440108664985
2024-02-05 16:30:00,0.5179177062334006,196.83438913394772,137.26590094350857
2024-02-05 16:45:00,0.46521713460020975,153.34343282423714,108.17656861509612
2024-02-05 17:00:00,0.4104162812551107,235.25398706488158,167.8627335273074
2024-02-05 17:15:00,0.3537497459781739,166.179906519968,118.91163907005915
2024-02-05 17:30:00,0.29546011711949527,29.61374222527041,21.310119386011085
2024-02-05 17:45:00,0.235796940110718,32.80694296930031,23.74058319764419
2024-02-05 18:00:00,0.1750156575779243,0.0,0.0
2024-02-05 18:15:00,0.11337649974519225,0.0,0.0
2024-02-05 18:30:00,0.05114337823974659,0.0,0.0
2024-02-05 18:45:00,-0.011417235334903242,0.0,0.0
2024-02-05 19:00:00,-0.0740374669215271,0.0,0.0
2024-02-05 19:15:00,-0.1364491786265105,0.0,0.0
2024-02-05 19:30:00,-0.19838510842852547,0.0,0.0
2024-02-05 19:45:00,-0.2595800312857959,0.0,0.0
2024-02-05 20:00:00,-0.3197718862900476,0.0,0.0
2024-02-05 20:15:00,-0.37870289097851856,0.0,0.0
2024-02-05 20:30:00,-0.4361206613075175,0.0,0.0
2024-02-05 20:45:00,-0.49177928415524425,0.0,0.0
2024-02-05 21:00:00,-0.5454403632702531,0.0,0.0
2024-02-05 21:15:00,-0.5968740551962147,0.0,0.0
2024-02-05 21:30:00,-0.6458600458143727,0.0,0.0
2024-02-05 21:45:00,-0.692188487786349,0.0,0.0
2024-02-05 22:00:00,-0.7356609126100322,0.0,0.0
2024-02-05 22:15:00,-0.7760910735988106,0.0,0.0
2024-02-05 22:30:00,-0.8133057389094357,0.0,0.0
2024-02-05 22:45:00,-0.8471454445155218,0.0,0.0
2024-02-05 23:00:00,-0.8774651713613322,0.0,0.0
2024-02-05 23:15:00,-0.9041349633850629,0.0,0.0
2024-02-05 23:30:00,-0.9270404925398437,0.0,0.0
2024-02-05 23:45:00,-0.946083544028216,0.0,0.0
2024-02-06 00:00:00,-0.9611824355516622,0.0,0.0
2024-02-06 00:15:00,-0.9722723726857675,0.0,0.0
2024-02-06 00:30:00,-0.9793057235039933,0.0,0.0
2024-02-06 00:45:00,-0.9822522229462339,0.0,0.0
2024-02-06 01:00:00,-0.9810991048452063,0.0,0.0
2024-02-06 01:15:00,-0.975851155387974,0.0,0.0
2024-02-06 01:30:00,-0.9665306947123811,0.0,0.0
2024-02-06 01:45:00,-0.9531774804985883,0.0,0.0
2024-02-06 02:00:00,-0.9358485381913513,0.0,0.0
2024-02-06 02:15:00,-0.9146179205069307,0.0,0.0
2024-02-06 02:30:00,-0.8895763862854882,0.0,0.0
2024-02-06 02:45:00,-0.860831013947882,0.0,0.0
2024-02-06 03:00:00,-0.8285047481699206,0.0,0.0
2024-02-06 03:15:00,-0.7927358662650306,0.0,0.0
2024-02-06 03:30:00,-0.753677389766388,0.0,0.0
2024-02-06 03:45:00,-0.7114964356268547,0.0,0.0
2024-02-06 04:00:00,-0.6663734906353688,0.0,0.0
2024-02-06 04:15:00,-0.6185016437050083,0.0,0.0
2024-02-06 04:30:00,-0.5680857665052448,0.0,0.0
2024-02-06 04:45:00,-0.5153416237969651,0.0,0.0
2024-02-06 05:00:00,-0.4604949558907164,0.0,0.0
2024-02-06 05:15:00,-0.4037805201900913,0.0,0.0
2024-02-06 05:30:00,-0.34544107162985793,0.0,0.0
2024-02-06 05:45:00,-0.28572633050752594,0.0,0.0
2024-02-06 06:00:00,-0.22489192181256018,0.0,0.0
2024-02-06 06:15:00,-0.1631982648718687,0.0,0.0
2024-02-06 06:30:00,-0.10090946625256932,0.0,0.0
2024-02-06 06:45:00,-0.03829219759965925,0.0,0.0
2024-02-06 07:00:00,0.024385462858250495,0.0,0.0
2024-02-06 07:15:00,0.08685516972777085,0.0,0.0
2024-02-06 07:30:00,0.1488494511200632,0.0,0.0
2024-02-06 07:45:00,0.210102870586502,0.0,0.0
2024-02-06 08:00:00,0.2703531553245505,3.0,2.0981664899999997
2024-02-06 08:15:00,0.3293423112562099,5.0,3.4767306000000002
2024-02-06 08:30:00,0.38681774402158453,7.0,4.824974385
2024-02-06 08:45:00,0.442533332344391,289.9507994570707,198.09960240395293
2024-02-06 09:00:00,0.49625047489326923,357.20154110957407,242.60245669952647
2024-02-06 09:15:00,0.5477391271247204,16.0,10.73743776
2024-02-06 09:30:00,0.5967787786076884,19.0,12.635490104999999
2024-02-06 09:45:00,0.6431593914224686,22.0,14.45268825
2024-02-06 10:00:00,0.6866823129651196,25.0,16.271907749999997
2024-02-06 10:15:00,0.7271611197632342,28.0,18.05474286
2024-02-06 10:30:00,0.7644224112286293,31.0,19.80119358
2024-02-06 10:45:00,0.798306563419243,136.0,86.04503963999998
2024-02-06 11:00:00,0.8286684068312129,146.0,91.48652729999999
2024-02-06 11:15:00,0.8553778450634657,214.09520181671357,133.2908212538127
2024-02-06 11:30:00,0.8783204205004425,172.51328168200178,106.70543885526274
2024-02-06 11:45:00,0.8973978000631074,224.4349450015777,137.9134602691139
2024-02-06 12:00:00,0.9125281949650752,309.9147837921711,189.81368273104388
2024-02-06 12:15:00,0.9236467165721894,276.10598254518163,168.5486789209799
2024-02-06 12:30:00,0.9307056514155172,265.08963735945173,161.82375970526377
2024-02-06 12:45:00,0.9336746659044193,176.80102399771326,107.9280454265951
2024-02-06 13:00:00,0.9325409386587613,220.7857368958577,134.77847866734416
2024-02-06 13:15:00,0.9273092142016139,213.83694742722582,130.9688360086283
2024-02-06 13:30:00,0.9180017847310251,118.0,72.51004656
2024-02-06 13:45:00,0.9046583938313357,175.61863357532533,108.27121893654878
2024-02-06 14:00:00,0.8873360667545509,56.0,34.63793928
2024-02-06 14:15:00,0.8661088699211424,69.0,42.818362965000006
2024-02-06 14:30:00,0.841067589709366,46.0,28.63855764
2024-02-06 14:45:00,0.8123193457858817,35.0,21.860954324999998
2024-02-06 15:00:00,0.7799871376313812,32.0,20.0518416
2024-02-06 15:15:00,0.7442093106182119,29.0,18.230600745
2024-02-06 15:30:00,0.7051389673595523,26.0,16.39723176
2024-02-06 15:45:00,0.6629433185037088,12.0,7.592209379999999
2024-02-06 16:00:00,0.617802956780226,12.0,7.6164656399999995
2024-02-06 16:15:00,0.5699110888119463,25.0,15.918170625
2024-02-06 16:30:00,0.5194727152204874,21.0,13.371263325000003
2024-02-06 16:45:00,0.46670374043877094,17.0,10.85871906
2024-02-06 17:00:00,0.41183005450807814,14.0,8.97077349
2024-02-06 17:15:00,0.3550865740266224,11.0,7.048464885
2024-02-06 17:30:00,0.2967162218336795,4.0,2.56307814
2024-02-06 17:45:00,0.23696889418486664,3.0,1.9223086049999998
2024-02-06 18:00:00,0.1761003992582373,0.0,0.0
2024-02-06 18:15:00,0.11437134600737858,0.0,0.0
2024-02-06 18:30:00,0.05204603630779921,0.0,0.0
2024-02-06 18:45:00,-0.010608658136260857,0.0,0.0
2024-02-06 19:00:00,-0.07332445510161029,0.0,0.0
2024-02-06 19:15:00,-0.13583280217909785,0.0,0.0
2024-02-06 19:30:00,-0.1978660183002201,0.0,0.0
2024-02-06 19:45:00,-0.25915845665131026,0.0,0.0
2024-02-06 20:00:00,-0.31944763368298373,0.0,0.0
2024-02-06 20:15:00,-0.37847534522484244,0.0,0.0
2024-02-06 20:30:00,-0.43598878827178456,0.0,0.0
2024-02-06 20:45:00,-0.49174163534058496,0.0,0.0
2024-02-06 21:00:00,-0.5454950821846536,0.0,0.0
2024-02-06 21:15:00,-0.5970188855022129,0.0,0.0
2024-02-06 21:30:00,-0.6460923411844286,0.0,0.0
2024-02-06 21:45:00,-0.6925052234510592,0.0,0.0
2024-02-06 22:00:00,-0.7360586985689995,0.0,0.0
2024-02-06 22:15:00,-0.776566169359414,0.0,0.0
2024-02-06 22:30:00,-0.813854069784258,0.0,0.0
2024-02-06 22:45:00,-0.8477626193568388,0.0,0.0
2024-02-06 23:00:00,-0.8781465016535502,0.0,0.0
2024-02-06 23:15:00,-0.9048754835938131,0.0,0.0
2024-02-06 23:30:00,-0.9278349817041469,0.0,0.0
2024-02-06 23:45:00,-0.9469265484280339,0.0,0.0
2024-02-07 00:00:00,-0.962068292366508,0.0,0.0
2024-02-07 00:15:00,-0.9731952345840285,0.0,0.0
2024-02-07 00:30:00,-0.9802595840031617,0.0,0.0
2024-02-07 00:45:00,-0.9832309424553385,0.0,0.0
2024-02-07 01:00:00,-0.9820964372894861,0.0,0.0
2024-02-07 01:15:00,-0.9768607752804432,0.0,0.0
2024-02-07 01:30:00,-0.9675462245618405,0.0,0.0
2024-02-07 01:45:00,-0.9541925184458026,0.0,0.0
2024-02-07 02:00:00,-0.9368566857305957,0.0,0.0
2024-02-07 02:15:00,-0.915612810198129,0.0,0.0
2024-02-07 02:30:00,-0.890551709311868,0.0,0.0
2024-02-07 02:45:00,-0.8617805474269115,0.0,0.0
2024-02-07 03:00:00,-0.8294223820812432,0.0,0.0
2024-02-07 03:15:00,-0.7936156298784591,0.0,0.0
2024-02-07 03:30:00,-0.7545134774716475,0.0,0.0
2024-02-07 03:45:00,-0.7122832320184393,0.0,0.0
2024-02-07 04:00:00,-0.6671055947943061,0.0,0.0
2024-02-07 04:15:00,-0.6191738925353594,0.0,0.0
2024-02-07 04:30:00,-0.5686932570324434,0.0,0.0
2024-02-07 04:45:00,-0.5158797343336652,0.0,0.0
2024-02-07 05:00:00,-0.46095936598165893,0.0,0.0
2024-02-07 05:15:00,-0.4041672292519795,0.0,0.0
2024-02-07 05:30:00,-0.3457464162139969,0.0,0.0
2024-02-07 05:45:00,-0.28594700005682894,0.0,0.0
2024-02-07 06:00:00,-0.22502497292281914,0.0,0.0
2024-02-07 06:15:00,-0.16324113393734851,0.0,0.0
2024-02-07 06:30:00,-0.10085998049570541,0.0,0.0
2024-02-07 06:45:00,-0.038148584377308795,0.0,0.0
2024-02-07 07:00:00,0.02462456848086618,0.0,0.0
2024-02-07 07:15:00,0.0871907191583181,0.0,0.0
2024-02-07 07:30:00,0.14928197821355196,0.0,0.0
2024-02-07 07:45:00,0.21063248945428686,0.0,0.0
2024-02-07 08:00:00,0.270979559941687,18.0,12.7345365
2024-02-07 08:15:00,0.33006477684255775,34.320259107370234,24.141952717096473
2024-02-07 08:30:00,0.3876351303542973,56.977432346377356,39.96455136289752
2024-02-07 08:45:00,0.44344408874987157,79.85987857374627,55.691681874780045
2024-02-07 09:00:00,0.49725264705688843,106.3818638234462,73.97221624800169
2024-02-07 09:15:00,0.5488303656654294,133.28333084292947,91.8698081806593
2024-02-07 09:30:00,0.5979563493645917,156.67125000996927,107.04061652259867
2024-02-07 09:45:00,0.6444201873649205,191.77571592601822,130.2493255612539
2024-02-07 10:00:00,0.6880228677498407,216.29810383298533,145.59267947321692
2024-02-07 10:15:00,0.7285776228277403,244.772072774085,163.274513543546
2024-02-07 10:30:00,0.7659107243798354,321.6298411127502,213.24201269424796
2024-02-07 10:45:00,0.7998622388266887,386.96624851253875,254.2137524101704
2024-02-07 11:00:00,0.8302867063661267,417.04425694882684,271.44422706954424
2024-02-07 11:15:00,0.8570537609025319,842.9195460949863,546.9325241500827
2024-02-07 11:30:00,0.880048696857247,873.6044115338092,565.0766864882953
2024-02-07 11:45:00,0.899172956026361,895.6424277201468,577.5212045354781
2024-02-07 12:00:00,0.9143445482764299,916.0256735108683,588.8129579389005
2024-02-07 12:15:00,0.9254984082891874,486.25707819663467,311.57872188651623
2024-02-07 12:30:00,0.9325866713257993,939.4404309903417,601.9648081258808
2024-02-07 12:45:00,0.9355788785886285,397.20798954547155,254.51877875933664
2024-02-07 13:00:00,0.9344621100953308,173.86892422019065,111.40990972352179
2024-02-07 13:15:00,0.9292410387861947,331.5609345295437,212.45414584266118
2024-02-07 13:30:00,0.9199379126007514,339.7536049978774,218.39052213729406
2024-02-07 13:45:00,0.9065924583763912,356.2306497554253,228.98181640156812
2024-02-07 14:00:00,0.8892617121885666,428.4161001058618,276.2479473034055
2024-02-07 14:15:00,0.8680197788115773,391.5278173106344,253.25334757118
2024-02-07 14:30:00,0.8429575103205995,382.4344595744405,248.14449405762292
2024-02-07 14:45:00,0.8141821191519136,782.8519006153801,511.1221779525938
2024-02-07 15:00:00,0.7818167241782368,741.4896496899966,485.6156747151159
2024-02-07 15:15:00,0.7459998163153394,696.8618444190924,460.6138917429218
2024-02-07 15:30:00,0.7068846691953725,295.4287411547069,196.4677334522582
2024-02-07 15:45:00,0.6646386892482372,43.0,28.85686398
2024-02-07 16:00:00,0.6194426888454764,213.48309106067575,144.12938791933803
2024-02-07 16:15:00,0.5714901172126758,471.61629544804066,321.2634334703711
2024-02-07 16:30:00,0.5209862394449809,409.95951897759187,281.7490659842031
2024-02-07 16:45:00,0.46814724514847134,345.5505313853186,239.57874096835116
2024-02-07 17:00:00,0.4131993290506818,277.1764148750914,194.41436043517456
2024-02-07 17:15:00,0.35637773059012057,205.84319933620847,145.62876306798458
2024-02-07 17:30:00,0.29792571220792075,133.040810668099,94.92971587034938
2024-02-07 17:45:00,0.23809352503909995,67.61866903364108,48.65855516904042
2024-02-07 18:00:00,0.17713734588915325,0.0,0.0
2024-02-07 18:15:00,0.11531816449891581,0.0,0.0
2024-02-07 18:30:00,0.0529006739745803,0.0,0.0
2024-02-07 18:45:00,-0.009847853900655804,0.0,0.0
2024-02-07 19:00:00,-0.07265872979051519,0.0,0.0
2024-02-07 19:15:00,-0.13526298887777297,0.0,0.0
2024-02-07 19:30:00,-0.19739253417211522,0.0,0.0
2024-02-07 19:45:00,-0.2587813012244352,0.0,0.0
2024-02-07 20:00:00,-0.3191663889873994,0.0,0.0
2024-02-07 20:15:00,-0.37828917763793635,0.0,0.0
2024-02-07 20:30:00,-0.43589645230853746,0.0,0.0
2024-02-07 20:45:00,-0.49174147910115706,0.0,0.0
2024-02-07 21:00:00,-0.545585054614178,0.0,0.0
2024-02-07 21:15:00,-0.5971965453763507,0.0,0.0
2024-02-07 21:30:00,-0.6463548677603748,0.0,0.0
2024-02-07 21:45:00,-0.6928494287933878,0.0,0.0
2024-02-07 22:00:00,-0.7364810414406108,0.0,0.0
2024-02-07 22:15:00,-0.7770627706622434,0.0,0.0
2024-02-07 22:30:00,-0.8144207294076592,0.0,0.0
2024-02-07 22:45:00,-0.8483948344660389,0.0,0.0
2024-02-07 23:00:00,-0.8788394862640362,0.0,0.0
2024-02-07 23:15:00,-0.9056241893600707,0.0,0.0
2024-02-07 23:30:00,-0.9286341198559114,0.0,0.0
2024-02-07 23:45:00,-0.9477706127314942,0.0,0.0
2024-02-08 00:00:00,-0.9629515830249121,0.0,0.0
2024-02-08 00:15:00,-0.9741118829701292,0.0,0.0
2024-02-08 00:30:00,-0.9812035781186856,0.0,0.0
2024-02-08 00:45:00,-0.9841961530004351,0.0,0.0
2024-02-08 01:00:00,-0.9830766442409062,0.0,0.0
2024-02-08 01:15:00,-0.9778496948515085,0.0,0.0
2024-02-08 01:30:00,-0.9685375364379591,0.0,0.0
2024-02-08 01:45:00,-0.9551798931584636,0.0,0.0
2024-02-08 02:00:00,-0.9378338120740823,0.0,0.0
2024-02-08 02:15:00,-0.9165734225713473,0.0,0.0
2024-02-08 02:30:00,-0.891489614831876,0.0,0.0
2024-02-08 02:45:00,-0.8626896527288116,0.0,0.0
2024-02-08 03:00:00,-0.8302967197124681,0.0,0.0
2024-02-08 03:15:00,-0.7944493840805258,0.0,0.0
2024-02-08 03:30:00,-0.7553010093477555,0.0,0.0
2024-02-08 03:45:00,-0.7130191039162881,0.0,0.0
2024-02-08 04:00:00,-0.6677845938077507,0.0,0.0
2024-02-08 04:15:00,-0.6197910530116835,0.0,0.0
2024-02-08 04:30:00,-0.5692438820369703,0.0,0.0
2024-02-08 04:45:00,-0.5163594159438705,0.0,0.0
2024-02-08 05:00:00,-0.4613640042618645,0.0,0.0
2024-02-08 05:15:00,-0.4044930499812562,0.0,0.0
2024-02-08 05:30:00,-0.34598998712606777,0.0,0.0
2024-02-08 05:45:00,-0.286105245621684,0.0,0.0
2024-02-08 06:00:00,-0.22509518761254746,0.0,0.0
2024-02-08 06:15:00,-0.1632209938166513,0.0,0.0
2024-02-08 06:30:00,-0.10074755322877474,0.0,0.0
2024-02-08 06:45:00,-0.03794233747330929,0.0,0.0
2024-02-08 07:00:00,0.024925761097712745,0.0,0.0
2024-02-08 07:15:00,0.0875875724118386,0.0,0.0
2024-02-08 07:30:00,0.14977479283114226,0.0,0.0
2024-02-08 07:45:00,0.21122115080497936,0.0,0.0
2024-02-08 08:00:00,0.2716635386058415,30.421569696781088,24.65860959778921
2024-02-08 08:15:00,0.33084313101955165,191.78229106856077,153.90105690626757
2024-02-08 08:30:00,0.38850651002148595,264.6648148725908,209.71276637178002
2024-02-08 08:45:00,0.44440674162903254,340.1969236330808,266.12393724472395
2024-02-08 09:00:00,0.49830442631281435,409.26731792941604,316.01887406348806
2024-02-08 09:15:00,0.5499687392691319,47.0,35.816389245
2024-02-08 09:30:00,0.5991784111774341,116.59096252295177,87.66988171881619
2024-02-08 09:45:00,0.6457226697993254,175.38908285775884,130.11016104583985
2024-02-08 10:00:00,0.6894021560209531,326.5551584094269,238.95037260606074
2024-02-08 10:15:00,0.7300297706848954,399.48009226217954,289.0818073182732
2024-02-08 10:30:00,0.7674314712884617,469.18176617084623,336.6759326801861
2024-02-08 10:45:00,0.8014470284979374,538.0989147645038,381.778815080685
2024-02-08 11:00:00,0.8319307065624588,519.7554511037331,364.56176711342783
2024-02-08 11:15:00,0.8587518844240969,590.6471752522316,411.89812922153124
2024-02-08 11:30:00,0.881795623652416,520.1556507729553,360.6367943355813
2024-02-08 11:45:00,0.9009631562885756,612.4526834556304,420.91465994859504
2024-02-08 12:00:00,0.9161723064303757,592.7085410071882,404.94913804276365
2024-02-08 12:15:00,0.9273578478170995,527.0450799102034,359.02133492813664
2024-02-08 12:30:00,0.9344717802465248,512.9968162714922,347.37780765074484
2024-02-08 12:45:00,0.9374835355291882,538.8696984403986,363.80848440319124
2024-02-08 13:00:00,0.9363801108362139,970.8612865136015,653.4976201616334
2024-02-08 13:15:00,0.9311661231531592,964.9194782270328,647.5476775546525
2024-02-08 13:30:00,0.9218637915909929,615.9168424243558,412.0905609651843
2024-02-08 13:45:00,0.9085128414102284,562.6859567843481,376.4754518901984
2024-02-08 14:00:00,0.8911703343573609,912.0471363020634,608.3784429359529
2024-02-08 14:15:00,0.8699104280032892,884.8458918950886,592.0225180456385
2024-02-08 14:30:00,0.844824054118575,851.8415462761561,569.9403498638761
2024-02-08 14:45:00,0.816018531371664,472.5025971683124,317.0917017833192
2024-02-08 15:00:00,0.7836171109502712,771.0390169661944,517.436465950381
2024-02-08 15:15:00,0.7477584415783893,725.0184623552962,489.4835777873793
2024-02-08 15:30:00,0.7085959795119746,673.935522277858,459.08260998264444
2024-02-08 15:45:00,0.6662973378000016,619.0234664142013,424.17923466529675
2024-02-08 16:00:00,0.6210435585741284,560.6663260036181,386.45723735707384
2024-02-08 16:15:00,0.5730283428739651,498.2430224130709,346.4513524520019
2024-02-08 16:30:00,0.5224572286747584,434.00606307594745,303.5389926675931
2024-02-08 16:45:00,0.4695466982596619,367.04812840264736,258.9351647859793
2024-02-08 17:00:00,0.41452325760358844,111.81540720044856,79.55855861242527
2024-02-08 17:15:00,0.357622474572892,72.68266538955004,52.008784060866844
2024-02-08 17:30:00,0.2990879558378214,152.1123812310741,109.1529584389849
2024-02-08 17:45:00,0.2391703110161673,81.72851677351068,58.977237530110926
2024-02-08 18:00:00,0.1781260881298964,0.0,0.0
2024-02-08 18:15:00,0.11621665925037786,0.0,0.0
2024-02-08 18:30:00,0.05370710926044976,0.0,0.0
2024-02-08 18:45:00,-0.009134890520865913,0.0,0.0
2024-02-08 19:00:00,-0.07204024520539123,0.0,0.0
2024-02-08 19:15:00,-0.1347395801538335,0.0,0.0
2024-02-08 19:30:00,-0.19696438605427022,0.0,0.0
2024-02-08 19:45:00,-0.2584481854689067,0.0,0.0
2024-02-08 20:00:00,-0.3189276654296498,0.0,0.0
2024-02-08 20:15:00,-0.3781437970597396,0.0,0.0
2024-02-08 20:30:00,-0.4358429611008099,0.0,0.0
2024-02-08 20:45:00,-0.4917780256512367,0.0,0.0
2024-02-08 21:00:00,-0.5457093973930636,0.0,0.0
2024-02-08 21:15:00,-0.5974060627913105,0.0,0.0
2024-02-08 21:30:00,-0.646646569578011,0.0,0.0
2024-02-08 21:45:00,-0.6932199691818848,0.0,0.0
2024-02-08 22:00:00,-0.736926733549342,0.0,0.0
2024-02-08 22:15:00,-0.7775796026752755,0.0,0.0
2024-02-08 22:30:00,-0.815004382008425,0.0,0.0
2024-02-08 22:45:00,-0.8490406996090218,0.0,0.0
2024-02-08 23:00:00,-0.8795426872108595,0.0,0.0
2024-02-08 23:15:00,-0.9063796018661878,0.0,0.0
2024-02-08 23:30:00,-0.9294363944423278,0.0,0.0
2024-02-08 23:45:00,-0.9486141978943557,0.0,0.0
2024-02-09 00:00:00,-0.9638307493408578,0.0,0.0
2024-02-09 00:15:00,-0.9750207479521263,0.0,0.0
2024-02-09 00:30:00,-0.9821361317413122,0.0,0.0
2024-02-09 00:45:00,-0.985146283760009,0.0,0.0
2024-02-09 01:00:00,-0.9840381656575173,0.0,0.0
2024-02-09 01:15:00,-0.9788163722849389,0.0,0.0
2024-02-09 01:30:00,-0.9695031141042987,0.0,0.0
2024-02-09 01:45:00,-0.9561381212349579,0.0,0.0
2024-02-09 02:00:00,-0.9387784737762952,0.0,0.0
2024-02-09 02:15:00,-0.9174983610618607,0.0,0.0
2024-02-09 02:30:00,-0.8923887598931266,0.0,0.0
2024-02-09 02:45:00,-0.8635570470363654,0.0,0.0
2024-02-09 03:00:00,-0.8311265445911864,0.0,0.0
2024-02-09 03:15:00,-0.7952359847093368,0.0,0.0
2024-02-09 03:30:00,-0.756038919186387,0.0,0.0
2024-02-09 03:45:00,-0.7137030683620319,0.0,0.0
2024-02-09 04:00:00,-0.6684095928913794,0.0,0.0
2024-02-09 04:15:00,-0.6203523231012305,0.0,0.0
2024-02-09 04:30:00,-0.5697369364109071,0.0,0.0
2024-02-09 04:45:00,-0.5167800641399287,0.0,0.0
2024-02-09 05:00:00,-0.46170837018051647,0.0,0.0
2024-02-09 05:15:00,-0.40475758859361616,0.0,0.0
2024-02-09 05:30:00,-0.3461714997400071,0.0,0.0
2024-02-09 05:45:00,-0.28620089367385504,0.0,0.0
2024-02-09 06:00:00,-0.2251025048633028,0.0,0.0
2024-02-09 06:15:00,-0.1631378969732004,0.0,0.0
2024-02-09 06:30:00,-0.10057235081557278,0.0,0.0
2024-02-09 06:45:00,-0.0376737371252133,0.0,0.0
2024-02-09 07:00:00,0.025288647152069965,0.0,0.0
2024-02-09 07:15:00,0.08804522362293457,0.0,0.0
2024-02-09 07:30:00,0.15032727830953357,0.0,0.0
2024-02-09 07:45:00,0.21186812916115447,53.949889573908585,42.53023282547051
2024-02-09 08:00:00,0.27240425949396757,4.0,3.1209721200000002
2024-02-09 08:15:00,0.3316764385016939,5.0,3.86078805
2024-02-09 08:30:00,0.38943084769138914,6.0,4.59656127
2024-02-09 08:45:00,0.44542015943706065,7.0,5.3060568749999995
2024-02-09 09:00:00,0.49940458907895074,9.0,6.749304345
2024-02-09 09:15:00,0.5511529369460596,10.0,7.418372849999999
2024-02-09 09:30:00,0.6004435706336438,16.0,11.74002984
2024-02-09 09:45:00,0.6470653682436562,74.0,53.699316929999995
2024-02-09 10:00:00,0.6908186359043262,222.24613313910234,159.03036968779213
2024-02-09 10:15:00,0.7315159560871803,236.37340413567188,168.1836859354647
2024-02-09 10:30:00,0.7689829856097992,159.1518638848784,112.27414312223341
2024-02-09 10:45:00,0.8030592135155756,211.10707247304515,147.64592842164825
2024-02-09 11:00:00,0.8335986426841628,202.3391701390516,140.28675758695297
2024-02-09 11:15:00,0.8604704120444945,391.93125993663193,270.94341647979
2024-02-09 11:30:00,0.8835593655720283,517.8279811223497,355.88282078573286
2024-02-09 11:45:00,0.902766541061746,457.46950293694255,312.55139428287697
2024-02-09 12:00:00,0.9180095925508416,465.40429261965113,316.0910907531535
2024-02-09 12:15:00,0.9292231486280593,459.28753899542914,311.0083597343454
2024-02-09 12:30:00,0.9363590894782015,357.19042257416754,241.15088797188375
2024-02-09 12:45:00,0.9393867533469934,304.24197870751357,204.17370689694826
2024-02-09 13:00:00,0.9382930702904366,265.6551366710366,177.7414851380611
2024-02-09 13:15:00,0.9330826169103046,286.5202960793358,192.28086538304004
2024-02-09 13:30:00,0.923777598838297,278.26510234307653,187.3033611302476
2024-02-09 13:45:00,0.910417754802689,322.1167624226366,216.82040532616728
2024-02-09 14:00:00,0.8930601869062844,133.0,89.79263180999999
2024-02-09 14:15:00,0.8717791197957449,410.3300569175149,278.6860312993691
2024-02-09 14:30:00,0.8466655787053223,286.27324303254176,195.00836984430464
2024-02-09 14:45:00,0.8178270017803697,193.3565400356074,132.4955088454659
2024-02-09 15:00:00,0.7853867851682622,137.0,94.1547159
2024-02-09 15:15:00,0.749483747388157,261.944244717921,181.08294960337327
2024-02-09 15:30:00,0.7102715385590743,161.20543077118148,112.09357080966967
2024-02-09 15:45:00,0.6679179888986139,127.67167195559446,89.29214127316702
2024-02-09 16:00:00,0.6226043799783081,449.94002360700654,316.50200371351303
2024-02-09 16:15:00,0.5745246735498384,455.5494013816393,322.2894710804243
2024-02-09 16:30:00,0.523884688439354,392.2862006011866,279.11828490170643
2024-02-09 16:45:00,0.4709012066930542,32.0,22.89790944
2024-02-09 17:00:00,0.4158010516305554,24.0,17.27045712
2024-02-09 17:15:00,0.35882012471699326,16.0,11.57832144
2024-02-09 17:30:00,0.3002023809826725,10.0,7.276877999999999
2024-02-09 17:45:00,0.24019879165584357,5.0,3.65865255
2024-02-09 18:00:00,0.17906627810147926,0.0,0.0
2024-02-09 18:15:00,0.11706659577028847,0.0,0.0
2024-02-09 18:30:00,0.054465221376539905,0.0,0.0
2024-02-09 18:45:00,-0.008469775246773212,0.0,0.0
2024-02-09 19:00:00,-0.07146889571962245,0.0,0.0
2024-02-09 19:15:00,-0.13426235866279662,0.0,0.0
2024-02-09 19:30:00,-0.1965812465545897,0.0,0.0
2024-02-09 19:45:00,-0.25815867404364246,0.0,0.0
2024-02-09 20:00:00,-0.3187309223267167,0.0,0.0
2024-02-09 20:15:00,-0.37803856049500323,0.0,0.0
2024-02-09 20:30:00,-0.4358275728210915,0.0,0.0
2024-02-09 20:45:00,-0.49185043823360114,0.0,0.0
2024-02-09 21:00:00,-0.5458671832022989,0.0,0.0
2024-02-09 21:15:00,-0.597646424570702,0.0,0.0
2024-02-09 21:30:00,-0.6469663526812495,0.0,0.0
2024-02-09 21:45:00,-0.693615675314887,0.0,0.0
2024-02-09 22:00:00,-0.7373945360139174,0.0,0.0
2024-02-09 22:15:00,-0.7781153630264406,0.0,0.0
2024-02-09 22:30:00,-0.8156036680342562,0.0,0.0
2024-02-09 22:45:00,-0.8496988046477624,0.0,0.0
2024-02-09 23:00:00,-0.8802546505889138,0.0,0.0
2024-02-09 23:15:00,-0.9071402304470463,0.0,0.0
2024-02-09 23:30:00,-0.9302402851756493,0.0,0.0
2024-02-09 23:45:00,-0.9494557612965216,0.0,0.0
2024-02-10 00:00:00,-0.9647042337343283,0.0,0.0
2024-02-10 00:15:00,-0.975920264437357,0.0,0.0
2024-02-10 00:30:00,-0.9830556797438748,0.0,0.0
2024-02-10 00:45:00,-0.9860797770489282,0.0,0.0
2024-02-10 01:00:00,-0.9849794587380594,0.0,0.0
2024-02-10 01:15:00,-0.9797592870378423,0.0,0.0
2024-02-10 01:30:00,-0.9704414665602358,0.0,0.0
2024-02-10 01:45:00,-0.9570657483758473,0.0,0.0
2024-02-10 02:00:00,-0.9396892602210059,0.0,0.0
2024-02-10 02:15:00,-0.9183862655611914,0.0,0.0
2024-02-10 02:30:00,-0.89324784147579,0.0,0.0
2024-02-10 02:45:00,-0.8643814907273686,0.0,0.0
2024-02-10 03:00:00,-0.8319106865843778,0.0,0.0
2024-02-10 03:15:00,-0.7959743368591716,0.0,0.0
2024-02-10 03:30:00,-0.7567261927506681,0.0,0.0
2024-02-10 03:45:00,-0.7143341968816661,0.0,0.0
2024-02-10 04:00:00,-0.6689797540634745,0.0,0.0
2024-02-10 04:15:00,-0.620856959616039,0.0,0.0
2024-02-10 04:30:00,-0.5701717756471195,0.0,0.0
2024-02-10 04:45:00,-0.5171411366119049,0.0,0.0
2024-02-10 05:00:00,-0.4619920266467224,0.0,0.0
2024-02-10 05:15:00,-0.4049605158003916,0.0,0.0
2024-02-10 05:30:00,-0.34629073469871685,0.0,0.0
2024-02-10 05:45:00,-0.2862338364149291,0.0,0.0
2024-02-10 06:00:00,-0.22504692961938147,0.0,0.0
2024-02-10 06:15:00,-0.16299196170076533,0.0,0.0
2024-02-10 06:30:00,-0.10033460512481916,0.0,0.0
2024-02-10 06:45:00,-0.03734312845528942,0.0,0.0
2024-02-10 07:00:00,0.025712769080180845,0.0,0.0
2024-02-10 07:15:00,0.08856310406440467,0.0,0.0
2024-02-10 07:30:00,0.15093875653855282,0.0,0.0
2024-02-10 07:45:00,0.2125726392632233,2.4251452785264465,1.8725943821697653
2024-02-10 08:00:00,0.2732008329352915,5.0,3.86078805
2024-02-10 08:15:00,0.33256370838918475,6.0,4.63294566
2024-02-10 08:30:00,0.3904070548034191,7.0,5.390953785000001
2024-02-10 08:45:00,0.4464831599646926,9.0,6.931226295000001
2024-02-10 09:00:00,0.5005518639513804,10.0,7.681148999999999
2024-02-10 09:15:00,0.5523816028787295,17.0,13.023590265
2024-02-10 09:30:00,0.6017503927174294,14.0,10.72530963
2024-02-10 09:45:00,0.6484467739963244,15.0,11.46108285
2024-02-10 10:00:00,0.692270730883379,16.0,12.19281336
2024-02-10 10:15:00,0.7330345408001426,18.0,13.68053064
2024-02-10 10:30:00,0.7705635738117376,21.0,15.960619080000003
2024-02-10 10:45:00,0.8046970516902647,99.0,75.042804375
2024-02-10 11:00:00,0.8352887307289689,138.0,104.60512125
2024-02-10 11:15:00,0.8622075249758887,125.0,94.75101562500001
2024-02-10 11:30:00,0.885338076232115,25.0,18.89966925
2024-02-10 11:45:00,0.904581243677449,125.0,94.49834625000001
2024-02-10 12:00:00,0.9198545270641247,110.0,83.15854470000001
2024-02-10 12:15:00,0.9310924256859208,216.9663863852888,163.58515155203466
2024-02-10 12:30:00,0.9382467159906807,254.0856481957111,191.05819389201466
2024-02-10 12:45:00,0.9412866584756565,350.3048058721387,263.4096179650078
2024-02-10 13:00:00,0.940199131771836,55.0,41.245748775
2024-02-10 13:15:00,0.9349886875967153,436.7128619557792,326.61813901909096
2024-02-10 13:30:00,0.9256775333365534,450.24363706734937,334.917619537572
2024-02-10 13:45:00,0.9123054361032029,444.1456687621886,329.48381705905126
2024-02-10 14:00:00,0.894929552883968,298.4349278076457,220.78691366049625
2024-02-10 14:15:00,0.873624189451885,189.73624189451886,140.36989425189844
2024-02-10 14:30:00,0.8484804780890334,574.3312661361128,423.7384924081053
2024-02-10 14:45:00,0.8196059893844525,451.5366746773336,333.1413089904766
2024-02-10 15:00:00,0.7871242767951243,265.8411849115612,196.1361840393217
2024-02-10 15:15:00,0.7511743403013637,141.75117434030136,104.8697768731622
2024-02-10 15:30:00,0.7119100348582811,138.13573010457483,102.47423498227056
2024-02-10 15:45:00,0.669499417978697,16.0,11.901738239999998
2024-02-10 16:00:00,0.6241240200175879,32.0,23.9328432
2024-02-10 16:15:00,0.5759780719317708,12.0,9.023328719999999
2024-02-10 16:30:00,0.5252676809547785,10.0,7.580081249999999
2024-02-10 16:45:00,0.4722099355209993,9.0,6.858457515
2024-02-10 17:00:00,0.4170319819806291,7.0,5.3768043
2024-02-10 17:15:00,0.3599700600855919,6.0,4.62081753
2024-02-10 17:30:00,0.30126847689359737,5.0,3.86078805
2024-02-10 17:45:00,0.24117856792677642,3.0,2.322536895
2024-02-10 18:00:00,0.17995762950284058,0.0,0.0
2024-02-10 18:15:00,0.11786780105327893,0.0,0.0
2024-02-10 18:30:00,0.055174950604718206,0.0,0.0
2024-02-10 18:45:00,-0.007852454967592432,0.0,0.0
2024-02-10 19:00:00,-0.07094451631964296,0.0,0.0
2024-02-10 19:15:00,-0.133831048927175,0.0,0.0
2024-02-10 19:30:00,-0.19624273162121664,0.0,0.0
2024-02-10 19:45:00,-0.2579122767098336,0.0,0.0
2024-02-10 20:00:00,-0.3185755660595216,0.0,0.0
2024-02-10 20:15:00,-0.37797277422005165,0.0,0.0
2024-02-10 20:30:00,-0.4358494973889381,0.0,0.0
2024-02-10 20:45:00,-0.4919578345427005,0.0,0.0
2024-02-10 21:00:00,-0.5460574420128486,0.0,0.0
2024-02-10 21:15:00,-0.5979165778976936,0.0,0.0
2024-02-10 21:30:00,-0.6473130867404305,0.0,0.0
2024-02-10 21:45:00,-0.6940353449494413,0.0,0.0
2024-02-10 22:00:00,-0.737883180575701,0.0,0.0
2024-02-10 22:15:00,-0.7786687236419367,0.0,0.0
2024-02-10 22:30:00,-0.8162172060964722,0.0,0.0
2024-02-10 22:45:00,-0.8503677215600761,0.0,0.0
2024-02-10 23:00:00,-0.8809739086278029,0.0,0.0
2024-02-10 23:15:00,-0.9079045746352488,0.0,0.0
2024-02-10 23:30:00,-0.9310442661161425,0.0,0.0
2024-02-10 23:45:00,-0.950293758831869,0.0,0.0
2024-02-11 00:00:00,-0.9655704813368661,0.0,0.0
2024-02-11 00:15:00,-0.9768088742390468,0.0,0.0
2024-02-11 00:30:00,-0.9839606680718078,0.0,0.0
2024-02-11 00:45:00,-0.9869950903813931,0.0,0.0
2024-02-11 01:00:00,-0.9858989999522216,0.0,0.0
2024-02-11 01:15:00,-0.9806769418431162,0.0,0.0
2024-02-11 01:30:00,-0.9713511299959762,0.0,0.0
2024-02-11 01:45:00,-0.9579613512636926,0.0,0.0
2024-02-11 02:00:00,-0.9405647954554016,0.0,0.0
2024-02-11 02:15:00,-0.9192358141337742,0.0,0.0
2024-02-11 02:30:00,-0.8940655980927468,0.0,0.0
2024-02-11 02:45:00,-0.8651617889415363,0.0,0.0
2024-02-11 03:00:00,-0.8326480233301077,0.0,0.0
2024-02-11 03:15:00,-0.7966633962462939,0.0,0.0
2024-02-11 03:30:00,-0.7573618690581153,0.0,0.0
2024-02-11 03:45:00,-0.7149116166302889,0.0,0.0
2024-02-11 04:00:00,-0.6694942970962368,0.0,0.0
2024-02-11 04:15:00,-0.6213042790345884,0.0,0.0
2024-02-11 04:30:00,-0.5705478166137798,0.0,0.0
2024-02-11 04:45:00,-0.5174421538150262,0.0,0.0
2024-02-11 05:00:00,-0.4622146004850444,0.0,0.0
2024-02-11 05:15:00,-0.40510156714334095,0.0,0.0
2024-02-11 05:30:00,-0.34634753809444957,0.0,0.0
2024-02-11 05:45:00,-0.28620403183408205,0.0,0.0
2024-02-11 06:00:00,-0.22492853262738868,0.0,0.0
2024-02-11 06:15:00,-0.16278337194391454,0.0,0.0
2024-02-11 06:30:00,-0.10003461317401792,0.0,0.0
2024-02-11 06:45:00,-0.03695092096659573,0.0,0.0
2024-02-11 07:00:00,0.026197605939982965,0.0,0.0
2024-02-11 07:15:00,0.0891405829403252,0.0,0.0
2024-02-11 07:30:00,0.1516084888943527,0.0,0.0
2024-02-11 07:45:00,0.2133338371864453,29.53339127644121,23.81928978131274
2024-02-11 08:00:00,0.27405231261911045,28.014575438810216,22.48107864803814
2024-02-11 08:15:00,0.33350389540470465,53.67365971159289,42.52946000712012
2024-02-11 08:30:00,0.39143399094085873,80.70317147456981,63.29434656027988
2024-02-11 08:45:00,0.4475945118704185,12.0,9.29014758
2024-02-11 09:00:00,0.5017449333218362,15.0,11.491403175
2024-02-11 09:15:00,0.5536533382148889,19.0,14.36374863
2024-02-11 09:30:00,0.603097402656444,71.0,52.813963439999995
2024-02-11 09:45:00,0.6498653420778326,174.14313244596946,127.77784820917208
2024-02-11 10:00:00,0.6937568317316927,277.4698772357293,200.7897142845383
2024-02-11 10:15:00,0.7345838576467778,131.0,93.73831677
2024-02-11 10:30:00,0.772171517259489,368.9159635214609,260.9985446053729
2024-02-11 10:45:00,0.8063587796838085,405.62148881937117,282.8672334637056
2024-02-11 11:00:00,0.8369991695961361,219.1099750878841,151.02857389957555
2024-02-11 11:15:00,0.8639613914537014,198.95942087180552,135.93265561959902
2024-02-11 11:30:00,0.8871299004293388,219.6297279090161,148.7231323002723
2024-02-11 11:45:00,0.9064053928227843,154.0,103.65912711
2024-02-11 12:00:00,0.9217052299403249,150.0,100.05707249999999
2024-02-11 12:15:00,0.9329637976840177,365.42490913829397,242.27833724528548
2024-02-11 12:30:00,0.9401327846461492,493.0331961615373,325.8866030062631
2024-02-11 12:45:00,0.9431813893581549,563.6816723817726,370.3052492351088
2024-02-11 13:00:00,0.9420964546598323,373.28318874054054,243.71572231245324
2024-02-11 13:15:00,0.9368825227892948,670.1887914858046,436.21000760563993
2024-02-11 13:30:00,0.927561818003376,728.305641708083,474.03688862713915
2024-02-11 13:45:00,0.9141741505599521,617.2925419025385,400.5333244980072
2024-02-11 14:00:00,0.8967767466613558,481.6136053318728,311.5238621457945
2024-02-11 14:15:00,0.8754440070829733,852.5223863392612,551.4401242364152
2024-02-11 14:30:00,0.8502671844370026,821.3367254111843,531.2681909099277
2024-02-11 14:45:00,0.8213539944954867,784.04203719456,507.1447334698911
2024-02-11 15:00:00,0.788828160072651,743.6033895024073,482.49074383343185
2024-02-11 15:15:00,0.7528288739605664,697.881911874797,455.6454707087907
2024-02-11 15:30:00,0.7135102065449617,649.2188999865034,425.1858057446388
2024-02-11 15:45:00,0.6710404524462648,594.819240599673,391.9631158228467
2024-02-11 16:00:00,0.6256013997444971,538.7130778032629,357.16916246962876
2024-02-11 16:15:00,0.5773875566408837,478.9572416876904,322.3914908854499
2024-02-11 16:30:00,0.5266053259440436,170.4586923727257,116.46044518092198
2024-02-11 16:45:00,0.473472108681568,213.72732784369944,147.75043054853737
2024-02-11 17:00:00,0.41821537945179016,96.94793807943248,68.00027118366327
2024-02-11 17:15:00,0.36107172050533887,213.4526450911534,150.58078642496173
2024-02-11 17:30:00,0.3022857941672431,77.85429809592267,55.237282329417
2024-02-11 17:45:00,0.24210930241198902,13.0,9.275998095
2024-02-11 18:00:00,0.18079991763340938,0.0,0.0
2024-02-11 18:15:00,0.11862016333536307,0.0,0.0
2024-02-11 18:30:00,0.055836297938251664,0.0,0.0
2024-02-11 18:45:00,-0.007282816662710009,0.0,0.0
2024-02-11 19:00:00,-0.070466883200965,0.0,0.0
2024-02-11 19:15:00,-0.1334453180190518,0.0,0.0
2024-02-11 19:30:00,-0.19594840135026795,0.0,0.0
2024-02-11 19:45:00,-0.25770844920593183,0.0,0.0
2024-02-11 20:00:00,-0.31846095113309464,0.0,0.0
2024-02-11 20:15:00,-0.37794569502076336,0.0,0.0
2024-02-11 20:30:00,-0.4359078977703857,0.0,0.0
2024-02-11 20:45:00,-0.4920992880950785,0.0,0.0
2024-02-11 21:00:00,-0.5462791626233005,0.0,0.0
2024-02-11 21:15:00,-0.5982154319343836,0.0,0.0
2024-02-11 21:30:00,-0.6476856067205622,0.0,0.0
2024-02-11 21:45:00,-0.6944777446301681,0.0,0.0
2024-02-11 22:00:00,-0.7383913714440802,0.0,0.0
2024-02-11 22:15:00,-0.7792383327196524,0.0,0.0
2024-02-11 22:30:00,-0.8168435949286138,0.0,0.0
2024-02-11 22:45:00,-0.8510460064153872,0.0,0.0
2024-02-11 23:00:00,-0.8816989816981308,0.0,0.0
2024-02-11 23:15:00,-0.9086711262357894,0.0,0.0
2024-02-11 23:30:00,-0.9318468077526952,0.0,0.0
2024-02-11 23:45:00,-0.9511266470203632,0.0,0.0
2024-02-12 00:00:00,-0.9664279420955832,0.0,0.0
2024-02-12 00:15:00,-0.9776850281582831,0.0,0.0
2024-02-12 00:30:00,-0.9848495558078996,0.0,0.0
2024-02-12 00:45:00,-0.9878906985103306,0.0,0.0
2024-02-12 01:00:00,-0.9867952870460694,0.0,0.0
2024-02-12 01:15:00,-0.9815678646577068,0.0,0.0
2024-02-12 01:30:00,-0.9722306696673237,0.0,0.0
2024-02-12 01:45:00,-0.9588235393836675,0.0,0.0
2024-02-12 02:00:00,-0.9414037399344604,0.0,0.0
2024-02-12 02:15:00,-0.9200457247107532,0.0,0.0
2024-02-12 02:30:00,-0.8948408114242824,0.0,0.0
2024-02-12 02:45:00,-0.8658967931017205,0.0,0.0
2024-02-12 03:00:00,-0.8333374816668564,0.0,0.0
2024-02-12 03:15:00,-0.7973021704829967,0.0,0.0
2024-02-12 03:30:00,-0.7579450414983174,0.0,0.0
2024-02-12 03:45:00,-0.7154345114347235,0.0,0.0
2024-02-12 04:00:00,-0.6699525004850266,0.0,0.0
2024-02-12 04:15:00,-0.6216936583664494,0.0,0.0
2024-02-12 04:30:00,-0.5708645382262102,0.0,0.0
2024-02-12 04:45:00,-0.5176826995600026,0.0,0.0
2024-02-12 05:00:00,-0.46237578291456793,0.0,0.0
2024-02-12 05:15:00,-0.40518054324582414,0.0,0.0
2024-02-12 05:30:00,-0.3463418215317618,0.0,0.0
2024-02-12 05:45:00,-0.28611150364766497,0.0,0.0
2024-02-12 06:00:00,-0.22474745032157098,0.0,0.0
2024-02-12 06:15:00,-0.16251237695866383,0.0,0.0
2024-02-12 06:30:00,-0.09967273667657091,0.0,0.0
2024-02-12 06:45:00,-0.03649758797150485,0.0,0.0
2024-02-12 07:00:00,0.026742574197010233,0.0,0.0
2024-02-12 07:15:00,0.08977696827828976,0.0,0.0
2024-02-12 07:30:00,0.15233567727627093,0.0,0.0
2024-02-12 07:45:00,0.214150821415952,2.0,1.54835793
2024-02-12 08:00:00,0.2749576968599796,5.0,3.86078805
2024-02-12 08:15:00,0.3344959012557556,6.0,4.62081753
2024-02-12 08:30:00,0.392510465292434,7.0,5.3768043
2024-02-12 08:45:00,0.44875293630965485,8.0,6.12874836
2024-02-12 09:00:00,0.5029824350923443,10.0,7.6407219
2024-02-12 09:15:00,0.5549667028112087,11.0,8.36032428
2024-02-12 09:30:00,0.6044830877945896,13.0,9.854105625
2024-02-12 09:45:00,0.6513194931446533,15.0,11.309481225000003
2024-02-12 10:00:00,0.6952752985536967,15.0,11.248840575000001
2024-02-12 10:15:00,0.7361622125671702,20.0,14.877172799999997
2024-02-12 10:30:00,0.773805074367659,21.0,15.493686075000003
2024-02-12 10:45:00,0.8080426152154804,23.0,16.82980173
2024-02-12 11:00:00,0.8387281433027048,25.0,18.141661125
2024-02-12 11:15:00,0.8657301689585604,27.0,19.374687675
2024-02-12 11:30:00,0.8889329763736731,175.5557319054947,124.91088067597259
2024-02-12 11:45:00,0.9082371147723738,92.0,64.71570168000001
2024-02-12 12:00:00,0.9235598229321043,32.0,22.251075840000002
2024-02-12 12:15:00,0.9348353892799415,134.0,92.36379537
2024-02-12 12:30:00,0.942015430404157,266.9705400641455,182.39907577183996
2024-02-12 12:45:00,0.9450690986219583,49.0,33.180542325
2024-02-12 13:00:00,0.9439832165325708,50.0,33.554493
2024-02-12 13:15:00,0.9387623321943233,269.73420629118993,179.9254335640503
2024-02-12 13:30:00,0.9294287017123584,34.0,22.54215096
2024-02-12 13:45:00,0.9160221930756496,31.0,20.42781363
2024-02-12 14:00:00,0.8986001158439987,28.0,18.33773256
2024-02-12 14:15:00,0.8772369794112997,29.0,18.99265158
2024-02-12 14:30:00,0.8520241697929689,24.0,15.66954396
2024-02-12 14:45:00,0.8230695603611542,41.0,26.768804265000004
2024-02-12 15:00:00,0.7904970550466803,24.0,15.66954396
2024-02-12 15:15:00,0.7544460504773729,32.0,20.95740864
2024-02-12 15:30:00,0.7150708426977799,30.0,19.70821125
2024-02-12 15:45:00,0.6725399728416817,25.0,16.474043249999998
2024-02-12 16:00:00,0.6270354952844325,26.0,17.185560210000002
2024-02-12 16:15:00,0.5787522031185395,38.0,25.3477917
2024-02-12 16:30:00,0.5278968014452632,11.0,7.3819884600000005
2024-02-12 16:45:00,0.4746870096334767,25.0,16.928848125
2024-02-12 17:00:00,0.4193506353075819,8.0,5.44957308
2024-02-12 17:15:00,0.3621246069749899,7.0,4.782525929999999
2024-02-12 17:30:00,0.3032539449410503,5.0,3.4363035
2024-02-12 17:45:00,0.2429907193271755,4.0,2.7571282200000002
2024-02-12 18:00:00,0.18159297928845153,0.0,0.0
2024-02-12 18:15:00,0.11932363196461701,0.0,0.0
2024-02-12 18:30:00,0.056449324756430164,0.0,0.0
2024-02-12 18:45:00,-0.006760687914956501,0.0,0.0
2024-02-12 19:00:00,-0.07003571433374071,0.0,0.0
2024-02-12 19:15:00,-0.13310477627324116,0.0,0.0
2024-02-12 19:30:00,-0.19569776088451635,0.0,0.0
2024-02-12 19:45:00,-0.2575465943602837,0.0,0.0
2024-02-12 20:00:00,-0.31838638133491937,0.0,0.0
2024-02-12 20:15:00,-0.37795653139442364,0.0,0.0
2024-02-12 20:30:00,-0.43600189135452433,0.0,0.0
2024-02-12 20:45:00,-0.4922738296907195,0.0,0.0
2024-02-12 21:00:00,-0.5465312941831642,0.0,0.0
2024-02-12 21:15:00,-0.5985418594762651,0.0,0.0
2024-02-12 21:30:00,-0.6480827146662689,0.0,0.0
2024-02-12 21:45:00,-0.694941611561098,0.0,0.0
2024-02-12 22:00:00,-0.7389177871838182,0.0,0.0
2024-02-12 22:15:00,-0.7798228166128824,0.0,0.0
2024-02-12 22:30:00,-0.8174814153715995,0.0,0.0
2024-02-12 22:45:00,-0.8517322014002023,0.0,0.0
2024-02-12 23:00:00,-0.8824283803938657,0.0,0.0
2024-02-12 23:15:00,-0.9094383714217047,0.0,0.0
2024-02-12 23:30:00,-0.9326463791109513,0.0,0.0
2024-02-12 23:45:00,-0.9519528850974208,0.0,0.0
2024-02-13 00:00:00,-0.9672750728593151,0.0,0.0
2024-02-13 00:15:00,-0.9785471880566889,0.0,0.0
2024-02-13 00:30:00,-0.9857208172202344,0.0,0.0
2024-02-13 00:45:00,-0.9887650954424809,0.0,0.0
2024-02-13 01:00:00,-0.9876668410088438,0.0,0.0
2024-02-13 01:15:00,-0.9824306105849334,0.0,0.0
2024-02-13 01:30:00,-0.9730786817674314,0.0,0.0
2024-02-13 01:45:00,-0.9596509568272351,0.0,0.0
2024-02-13 02:00:00,-0.9422047922315603,0.0,0.0
2024-02-13 02:15:00,-0.9208147567308377,0.0,0.0
2024-02-13 02:30:00,-0.8955723078477418,0.0,0.0
2024-02-13 02:45:00,-0.866585402322951,0.0,0.0
2024-02-13 03:00:00,-0.8339780389489004,0.0,0.0
2024-02-13 03:15:00,-0.797889720300499,0.0,0.0
2024-02-13 03:30:00,-0.7584748589705437,0.0,0.0
2024-02-13 03:45:00,-0.7159021227723289,0.0,0.0
2024-02-13 04:00:00,-0.670353702305449,0.0,0.0
2024-02-13 04:15:00,-0.6220245358456253,0.0,0.0
2024-02-13 04:30:00,-0.5711214820331793,0.0,0.0
2024-02-13 04:45:00,-0.5178624214078309,0.0,0.0
2024-02-13 05:00:00,-0.4624753297458999,0.0,0.0
2024-02-13 05:15:00,-0.40519730996158215,0.0,0.0
2024-02-13 05:30:00,-0.34627356223273204,0.0,0.0
2024-02-13 05:45:00,-0.2859563412229117,0.0,0.0
2024-02-13 06:00:00,-0.2245038845577981,0.0,0.0
2024-02-13 06:15:00,-0.162179290925451,0.0,0.0
2024-02-13 06:30:00,-0.09924940148662037,0.0,0.0
2024-02-13 06:45:00,-0.03598366587022747,0.0,0.0
2024-02-13 07:00:00,0.027347028490339778,0.0,0.0
2024-02-13 07:15:00,0.09047150786988925,0.0,0.0
2024-02-13 07:30:00,0.15311946511374835,0.0,0.0
2024-02-13 07:45:00,0.21502263406729488,2.0,1.41899121
2024-02-13 08:00:00,0.2759159298436749,4.0,2.829897
2024-02-13 08:15:00,0.3355385761072863,8.0,5.627452320000001
2024-02-13 08:30:00,0.3936352382509565,10.0,7.0141018499999985
2024-02-13 08:45:00,0.4499571085167221,12.0,8.392665959999999
2024-02-13 09:00:00,0.5042629643957953,15.0,10.430191800000001
2024-02-13 09:15:00,0.5563202170421984,18.0,12.47984577
2024-02-13 09:30:00,0.6059058994498719,20.0,13.826068199999998
2024-02-13 09:45:00,0.652807615442097,25.0,17.232051374999998
2024-02-13 10:00:00,0.6968244627985549,35.0,23.983377075
2024-02-13 10:15:00,0.737767886711578,32.0,21.862975679999998
2024-02-13 10:30:00,0.7754624827244625,37.0,25.12948536
2024-02-13 10:45:00,0.8097467592042766,42.0,28.35556794
2024-02-13 11:00:00,0.8404738231939881,43.0,28.85686398
2024-02-13 11:15:00,0.8675120064292667,237.6278962121658,158.98934126496894
2024-02-13 11:30:00,0.890745437904497,349.3264707969216,232.31111395626706
2024-02-13 11:45:00,0.9100745356420082,885.5958149718933,587.1539573717838
2024-02-13 12:00:00,0.9254164318179976,112.0,73.80371376
2024-02-13 12:15:00,0.9367053333007087,157.0,103.45699160999999
2024-02-13 12:30:00,0.9438928005110533,243.70953441175422,160.59525641346409
2024-02-13 12:45:00,0.9469479552277751,480.1163419710216,317.34878087492086
2024-02-13 13:00:00,0.9458576152740785,410.98692706056363,271.6554069431613
2024-02-13 13:15:00,0.9406263496979181,455.12526993958363,300.83010498612373
2024-02-13 13:30:00,0.9312764612723452,585.8850552834912,387.26011129667756
2024-02-13 13:45:00,0.9178478901198022,573.9465024652852,380.52907945695506
2024-02-13 14:00:00,0.900398043078468,46.0,30.49820424
2024-02-13 14:15:00,0.8790015515485503,44.0,29.26113498
2024-02-13 14:30:00,0.85374994773607,413.9712385541993,276.13833485954876
2024-02-13 14:45:00,0.824751274740992,114.0,76.27380957
2024-02-13 15:00:00,0.7921296290418262,112.0,75.38845608
2024-02-13 15:15:00,0.7560246217672594,454.5815286239294,306.90279569440196
2024-02-13 15:30:00,0.7165907845002888,637.6735381862276,433.09210384622185
2024-02-13 15:45:00,0.6739969139274395,148.1099537089116,100.89200207651635
2024-02-13 16:00:00,0.6284253388367109,99.0,67.83869515500001
2024-02-13 16:15:00,0.5800711444757585,222.35230799430622,153.2634557883083
2024-02-13 16:30:00,0.5291413445037478,418.5201036740748,291.0163302317657
2024-02-13 16:45:00,0.4758539819343616,144.10247783212338,101.07494563518804
2024-02-13 17:00:00,0.4204372017035721,106.41891095161792,75.07352881356607
2024-02-13 17:15:00,0.36312828189271384,223.73732173853307,159.64515155592576
2024-02-13 17:30:00,0.30417260302318844,154.9274576516,111.48616725344058
2024-02-13 17:45:00,0.24382260457556065,85.34445802625025,62.10412090331438
2024-02-13 18:00:00,0.1823367126315095,0.0,0.0
2024-02-13 18:15:00,0.11997821712601887,0.0,0.0
2024-02-13 18:30:00,0.05701415245181815,0.0,0.0
2024-02-13 18:45:00,-0.006285837371429653,0.0,0.0
2024-02-13 19:00:00,-0.06965067019163088,0.0,0.0
2024-02-13 19:15:00,-0.13280897817524615,0.0,0.0
2024-02-13 19:30:00,-0.19549026138681946,0.0,0.0
2024-02-13 19:45:00,-0.2574260630987504,0.0,0.0
2024-02-13 20:00:00,-0.31835111092858503,0.0,0.0
2024-02-13 20:15:00,-0.3780044448818452,0.0,0.0
2024-02-13 20:30:00,-0.4361305513343288,0.0,0.0
2024-02-13 20:45:00,-0.4924804489563902,0.0,0.0
2024-02-13 21:00:00,-0.5468127478459059,0.0,0.0
2024-02-13 21:15:00,-0.5988946986496511,0.0,0.0
2024-02-13 21:30:00,-0.6485031814451538,0.0,0.0
2024-02-13 21:45:00,-0.6954256554158487,0.0,0.0
2024-02-13 22:00:00,-0.7394610825701798,0.0,0.0
2024-02-13 22:15:00,-0.7804207818077998,0.0,0.0
2024-02-13 22:30:00,-0.8181292323700906,0.0,0.0
2024-02-13 22:45:00,-0.8524248368866058,0.0,0.0
2024-02-13 23:00:00,-0.8831606075852981,0.0,0.0
2024-02-13 23:15:00,-0.9102047927971648,0.0,0.0
2024-02-13 23:30:00,-0.9334414498340337,0.0,0.0
2024-02-13 23:45:00,-0.9527709370982778,0.0,0.0
2024-02-14 00:00:00,-0.9681103394437924,0.0,0.0
2024-02-14 00:15:00,-0.9793938289210938,0.0,0.0
2024-02-14 00:30:00,-0.986572943792872,0.0,0.0
2024-02-14 00:45:00,-0.9896167964271779,0.0,0.0
2024-02-14 01:00:00,-0.9885122080179386,0.0,0.0
2024-02-14 01:15:00,-0.9832637637556267,0.0,0.0
2024-02-14 01:30:00,-0.9738937952542708,0.0,0.0
2024-02-14 01:45:00,-0.9604422840392856,0.0,0.0
2024-02-14 02:00:00,-0.9429666907352222,0.0,0.0
2024-02-14 02:15:00,-0.9215417126901893,0.0,0.0
2024-02-14 02:30:00,-0.8962589599055284,0.0,0.0
2024-02-14 02:45:00,-0.8672265648037211,0.0,0.0
2024-02-14 03:00:00,-0.8345687243152303,0.0,0.0
2024-02-14 03:15:00,-0.7984251607201491,0.0,0.0
2024-02-14 03:30:00,-0.7589505269411545,0.0,0.0
2024-02-14 03:45:00,-0.7163137507054071,0.0,0.0
2024-02-14 04:00:00,-0.6706973009630984,0.0,0.0
2024-02-14 04:15:00,-0.6222964115789557,0.0,0.0
2024-02-14 04:30:00,-0.5713182527122269,0.0,0.0
2024-02-14 04:45:00,-0.5179810310622555,0.0,0.0
2024-02-14 05:00:00,-0.46251306169036466,0.0,0.0
2024-02-14 05:15:00,-0.40515179853856387,0.0,0.0
2024-02-14 05:30:00,-0.34614280294127353,0.0,0.0
2024-02-14 05:45:00,-0.2857386993659283,0.0,0.0
2024-02-14 06:00:00,-0.22419810225245324,0.0,0.0
2024-02-14 06:15:00,-0.1617844924400244,0.0,0.0
2024-02-14 06:30:00,-0.09876509697873734,0.0,0.0
2024-02-14 06:45:00,-0.03540975342196784,0.0,0.0
2024-02-14 07:00:00,0.028010262530053426,0.0,0.0
2024-02-14 07:15:00,0.09122339022840603,0.0,0.0
2024-02-14 07:30:00,0.15395893856822213,0.0,0.0
2024-02-14 07:45:00,0.21594826212717483,3.0,2.1224227499999997
2024-02-14 08:00:00,0.2769259030782362,4.0,2.8218115800000003
2024-02-14 08:15:00,0.33663072007004635,6.0,4.22058924
2024-02-14 08:30:00,0.3948070229553139,9.0,6.312691664999999
2024-02-14 08:45:00,0.4512056595322854,12.0,8.368409699999999
2024-02-14 09:00:00,0.5055850753775663,9.0,6.2581150800000005
2024-02-14 09:15:00,0.5577123636935515,10.0,6.913034099999999
2024-02-14 09:30:00,0.6073642548927745,12.0,8.247128400000001
2024-02-14 09:45:00,0.6543280668634665,14.0,9.565051859999999
2024-02-14 10:00:00,0.6984026293611499,29.0,19.69608312
2024-02-14 10:15:00,0.7393991385897367,32.0,21.53955888
2024-02-14 10:30:00,0.777141961248246,34.0,22.679603099999998
2024-02-14 10:45:00,0.8114693979838162,106.0,70.06420700999999
2024-02-14 11:00:00,0.842234370125124,40.0,26.1967608
2024-02-14 11:15:00,0.8693050465135057,44.0,28.54961802
2024-02-14 11:30:00,0.8925654167574172,55.0,35.35349895
2024-02-14 11:45:00,0.911915783618612,68.0,43.2974241
2024-02-14 12:00:00,0.9272731886086646,193.49091232026066,122.02751279881359
2024-02-14 12:15:00,0.938571772940911,189.69285886470456,119.24878531517459
2024-02-14 12:30:00,0.945763056654874,50.0,31.43207025
2024-02-14 12:45:00,0.9488161465915415,54.0,33.8374827
2024-02-14 13:00:00,0.9477178711411383,52.0,32.47913214
2024-02-14 13:15:00,0.942472835373106,50.0,31.331002499999997
2024-02-14 13:30:00,0.9331034033742286,48.0,30.17478744
2024-02-14 13:45:00,0.9196496016007252,48.0,30.271812479999998
2024-02-14 14:00:00,0.9021689478633635,45.0,28.470785174999996
2024-02-14 14:15:00,0.8807362086900725,116.0,73.62583452
2024-02-14 14:30:00,0.8554430749741286,255.20582452378403,162.49639437053617
2024-02-14 14:45:00,0.8263977713742174,218.79193314122654,139.75294909264014
2024-02-14 15:00:00,0.7937245980044572,68.0,43.572328379999995
2024-02-14 15:15:00,0.7575633908185713,33.0,21.21209937
2024-02-14 15:30:00,0.7180689264253133,29.0,18.64093581
2024-02-14 15:45:00,0.6754102656858629,27.0,17.409930615
2024-02-14 16:00:00,0.6297700195827189,88.0,56.921356800000005
2024-02-14 16:15:00,0.5813435722577915,101.0,65.94266416500001
2024-02-14 16:30:00,0.5303382517889389,19.0,12.520272869999998
2024-02-14 16:45:00,0.47697242967036835,15.0,9.975386925
2024-02-14 17:00:00,0.42147459201837645,12.0,8.02882206
2024-02-14 17:15:00,0.36408236925786575,9.0,6.058000935
2024-02-14 17:30:00,0.3050415039389438,6.0,4.06292355
2024-02-14 17:45:00,0.2446048056384993,4.0,2.71670112
2024-02-14 18:00:00,0.1830310769981372,0.0,0.0
2024-02-14 18:15:00,0.1205839894008867,0.0,0.0
2024-02-14 18:30:00,0.057530961836932695,0.0,0.0
2024-02-14 18:45:00,-0.005857975522047892,0.0,0.0
2024-02-14 19:00:00,-0.06931135455760032,0.0,0.0
2024-02-14 19:15:00,-0.13255742326094516,0.0,0.0
2024-02-14 19:30:00,-0.19532530101592166,0.0,0.0
2024-02-14 19:45:00,-0.2573461556093161,0.0,0.0
2024-02-14 20:00:00,-0.31835434588590106,0.0,0.0
2024-02-14 20:15:00,-0.378088551454914,0.0,0.0
2024-02-14 20:30:00,-0.43629290824077216,0.0,0.0
2024-02-14 20:45:00,-0.49271809589373705,0.0,0.0
2024-02-14 21:00:00,-0.5471223984066582,0.0,0.0
2024-02-14 21:15:00,-0.5992727546314114,0.0,0.0
2024-02-14 21:30:00,-0.6489457485633245,0.0,0.0
2024-02-14 21:45:00,-0.695928560213122,0.0,0.0
2024-02-14 22:00:00,-0.7400198905968345,0.0,0.0
2024-02-14 22:15:00,-0.7810308169084621,0.0,0.0
2024-02-14 22:30:00,-0.8187855970244342,0.0,0.0
2024-02-14 22:45:00,-0.8531224334499085,0.0,0.0
2024-02-14 23:00:00,-0.8838941605094144,0.0,0.0
2024-02-14 23:15:00,-0.9109688714830494,0.0,0.0
2024-02-14 23:30:00,-0.9342304922605675,0.0,0.0
2024-02-14 23:45:00,-0.9535792739476947,0.0,0.0
2024-02-15 00:00:00,-0.9689322187126699,0.0,0.0
2024-02-15 00:15:00,-0.980223440891586,0.0,0.0
2024-02-15 00:30:00,-0.9874044462262176,0.0,0.0
2024-02-15 00:45:00,-0.9904443399132938,0.0,0.0
2024-02-15 01:00:00,-0.9893299613424149,0.0,0.0
2024-02-15 01:15:00,-0.9840659391795646,0.0,0.0
2024-02-15 01:30:00,-0.9746746736063134,0.0,0.0
2024-02-15 01:45:00,-0.9611962395016802,0.0,0.0
2024-02-15 02:00:00,-0.9436882152137828,0.0,0.0
2024-02-15 02:15:00,-0.9222254396802865,0.0,0.0
2024-02-15 02:30:00,-0.8968996877376073,0.0,0.0
2024-02-15 02:45:00,-0.8678192791475023,0.0,0.0
2024-02-15 03:00:00,-0.8351086199000028,0.0,0.0
2024-02-15 03:15:00,-0.7989076621137035,0.0,0.0
2024-02-15 03:30:00,-0.7593713083520177,0.0,0.0
2024-02-15 03:45:00,-0.7166687546831827,0.0,0.0
2024-02-15 04:00:00,-0.6709827559198098,0.0,0.0
2024-02-15 04:15:00,-0.6225088481062852,0.0,0.0
2024-02-15 04:30:00,-0.5714545185619493,0.0,0.0
2024-02-15 04:45:00,-0.5180383047011993,0.0,0.0
2024-02-15 05:00:00,-0.4624888645207482,0.0,0.0
2024-02-15 05:15:00,-0.405044005528145,0.0,0.0
2024-02-15 05:30:00,-0.3459496517935049,0.0,0.0
2024-02-15 05:45:00,-0.28545879804341284,0.0,0.0
2024-02-15 06:00:00,-0.22383043499051494,0.0,0.0
2024-02-15 06:15:00,-0.16132842402406727,0.0,0.0
2024-02-15 06:30:00,-0.0982203754075443,0.0,0.0
2024-02-15 06:45:00,-0.03477651094172329,0.0,0.0
2024-02-15 07:00:00,0.028731510074317276,0.0,0.0
2024-02-15 07:15:00,0.0920317457633935,0.0,0.0
2024-02-15 07:30:00,0.15485312771260304,0.0,0.0
2024-02-15 07:45:00,0.21692663881996957,3.0,2.13455088
2024-02-15 08:00:00,0.27798645681255096,131.07888067514426,92.73493279648717
2024-02-15 08:15:00,0.33777108466761907,8.0,5.59511064
2024-02-15 08:30:00,0.3960244869431623,60.39602448694316,41.87405948434411
2024-02-15 08:45:00,0.4524971779314576,14.0,9.59335083
2024-02-15 09:00:00,0.506947283022539,108.16673479254094,73.46417238940974
2024-02-15 09:15:00,0.559141589868377,134.12909723526158,89.74155456419611
2024-02-15 09:30:00,0.6088565393236791,160.6162573482129,105.83996680830359
2024-02-15 09:45:00,0.6558791769600434,258.9406683136069,168.01493568629533
2024-02-15 10:00:00,0.7000080786247684,334.40195502719394,213.59864016206197
2024-02-15 10:15:00,0.7410542061542609,311.7560524277616,195.98276281544173
2024-02-15 10:30:00,0.7788417123643817,339.8549830884956,210.89904378763976
2024-02-15 10:45:00,0.8132087054960002,343.04734935188003,209.4129834044492
2024-02-15 11:00:00,0.8440079367352773,378.5453968654088,228.02203994290176
2024-02-15 11:15:00,0.871107427791386,414.96370041385995,247.4427404417671
2024-02-15 11:30:00,0.8943910447864332,436.82211940515094,257.82799194969806
2024-02-15 11:45:00,0.9137589911724007,473.30215788137616,276.4896764865053
2024-02-15 12:00:00,0.9291282337512423,480.2742631652932,278.62097278427814
2024-02-15 12:15:00,0.9404328639393985,453.3844084681827,262.1049405200522
2024-02-15 12:30:00,0.9476243771129146,359.9719402028398,207.37485813878268
2024-02-15 12:45:00,0.9506718806753429,323.74434412457265,185.85023863589083
2024-02-15 13:00:00,0.9495622288040309,425.0812699222329,243.16496255291437
2024-02-15 13:15:00,0.9443000774588994,272.99480278852036,156.16489291413686
2024-02-15 13:30:00,0.9349078664994527,331.9228135869573,189.87427639683213
2024-02-15 13:45:00,0.9214257226936976,338.0068893197391,194.03786407609596
2024-02-15 14:00:00,0.9039112882704159,209.7508467475154,120.41058208296
2024-02-15 14:15:00,0.8824394777415099,268.3570949315925,155.13925730887846
2024-02-15 14:30:00,0.8571021528881769,220.57045166931624,128.40514137620085
2024-02-15 14:45:00,0.8280077314209524,345.54514425030095,201.85765806120338
2024-02-15 15:00:00,0.7952807278507935,415.3163579754158,244.29502286164043
2024-02-15 15:15:00,0.7590612128955477,486.7097500353544,289.2410769141178
2024-02-15 15:30:00,0.7195042173009707,438.67970378959217,263.35804155812247
2024-02-15 15:45:00,0.6767790743349159,331.6696756244178,200.45622499436672
2024-02-15 16:00:00,0.6310686844594782,164.5048847472981,100.42187693512916
2024-02-15 16:15:00,0.5825687370968942,89.0,54.869681475
2024-02-15 16:30:00,0.5314868801197107,71.0,44.059474935000004
2024-02-15 16:45:00,0.47804181791368394,58.0,36.3439629
2024-02-15 17:00:00,0.4224623811094297,45.0,28.379824199999998
2024-02-15 17:15:00,0.3649865548494625,33.0,20.94528051
2024-02-15 17:30:00,0.30586044496864373,23.0,14.69120814
2024-02-15 17:45:00,0.2453372313916497,13.0,8.35628157
2024-02-15 18:00:00,0.18367609255749962,24.95938303436997,16.144567581900453
2024-02-15 18:15:00,0.12114107938648958,0.0,0.0
2024-02-15 18:30:00,0.05799999263463754,0.0,0.0
2024-02-15 18:45:00,-0.005476755314673856,0.0,0.0
2024-02-15 19:00:00,-0.0690173152764402,0.0,0.0
2024-02-15 19:15:00,-0.13234955701001752,0.0,0.0
2024-02-15 19:30:00,-0.19520222608119733,0.0,0.0
2024-02-15 19:45:00,-0.25730612256505647,0.0,0.0
2024-02-15 20:00:00,-0.31839524524767265,0.0,0.0
2024-02-15 20:15:00,-0.3782079229162522,0.0,0.0
2024-02-15 20:30:00,-0.4364879514037959,0.0,0.0
2024-02-15 20:45:00,-0.4929856824956055,0.0,0.0
2024-02-15 21:00:00,-0.5474590859733773,0.0,0.0
2024-02-15 21:15:00,-0.5996748014548264,0.0,0.0
2024-02-15 21:30:00,-0.6494091300117186,0.0,0.0
2024-02-15 21:45:00,-0.6964489862335395,0.0,0.0
2024-02-15 22:00:00,-0.7405928243872657,0.0,0.0
2024-02-15 22:15:00,-0.7816514946427713,0.0,0.0
2024-02-15 22:30:00,-0.8194490485580956,0.0,0.0
2024-02-15 22:45:00,-0.8538235039470677,0.0,0.0
2024-02-15 23:00:00,-0.8846275328040787,0.0,0.0
2024-02-15 23:15:00,-0.9117290892047515,0.0,0.0
2024-02-15 23:30:00,-0.935011983513268,0.0,0.0
2024-02-15 23:45:00,-0.9543763755112542,0.0,0.0
2024-02-16 00:00:00,-0.9697392006136603,0.0,0.0
2024-02-16 00:15:00,-0.9810345312765836,0.0,0.0
2024-02-16 00:30:00,-0.9882138564071385,0.0,0.0
2024-02-16 00:45:00,-0.9912462894743628,0.0,0.0
2024-02-16 01:00:00,-0.9901187032092681,0.0,0.0
2024-02-16 01:15:00,-0.9848357845383084,0.0,0.0
2024-02-16 01:30:00,-0.9754200165667233,0.0,0.0
2024-02-16 01:45:00,-0.9619115813910321,0.0,0.0
2024-02-16 02:00:00,-0.9443681884085193,0.0,0.0
2024-02-16 02:15:00,-0.9228648308531571,0.0,0.0
2024-02-16 02:30:00,-0.8974934604353937,0.0,0.0
2024-02-16 02:45:00,-0.8683625955966423,0.0,0.0
2024-02-16 03:00:00,-0.8355968619613159,0.0,0.0
2024-02-16 03:15:00,-0.7993364512408736,0.0,0.0
2024-02-16 03:30:00,-0.7597365245488681,0.0,0.0
2024-02-16 03:45:00,-0.716966554314616,0.0,0.0
2024-02-16 04:00:00,-0.6712095883296003,0.0,0.0
2024-02-16 04:15:00,-0.6226614709343339,0.0,0.0
2024-02-16 04:30:00,-0.5715300117663801,0.0,0.0
2024-02-16 04:45:00,-0.5180340831397153,0.0,0.0
2024-02-16 05:00:00,-0.4624026890784945,0.0,0.0
2024-02-16 05:15:00,-0.40487399279063674,0.0,0.0
2024-02-16 05:30:00,-0.34569428211037095,0.0,0.0
2024-02-16 05:45:00,-0.28511692208165956,0.0,0.0
2024-02-16 06:00:00,-0.2234012785646573,0.0,0.0
2024-02-16 06:15:00,-0.16081159144266846,0.0,0.0
2024-02-16 06:30:00,-0.09761585108185533,0.0,0.0
2024-02-16 06:45:00,-0.034084659383676275,0.0,0.0
2024-02-16 07:00:00,0.02950994594726021,0.0,0.0
2024-02-16 07:15:00,0.09289564786776891,0.0,0.0
2024-02-16 07:30:00,0.15580100778091407,0.0,0.0
2024-02-16 07:45:00,0.2179566449388989,66.38637517643556,48.57693616490453
2024-02-16 08:00:00,0.27909638150498195,130.70746839383335,94.32161153475248
2024-02-16 08:15:00,0.3389583745467719,199.36106140790375,141.848776355325
2024-02-16 08:30:00,0.39728625387227356,268.0694471839623,187.4847770247382
2024-02-16 08:45:00,0.453830211640342,335.82069375669613,231.47517790414116
2024-02-16 09:00:00,0.5083480650410372,402.21842455311054,272.36378489345515
2024-02-16 09:15:00,0.5606063088960053,465.56078656739584,309.60993220780773
2024-02-16 09:30:00,0.6103811078552888,527.11040418573,343.08367483901645
2024-02-16 09:45:00,0.6574592489932838,586.365184451674,373.3544421864538
2024-02-16 10:00:00,0.701639068639526,640.2391190784928,398.5983677198313
2024-02-16 10:15:00,0.7427313090151576,692.4088369547021,424.08003158063934
2024-02-16 10:30:00,0.7805599242226002,739.3787352103232,446.86952409000776
2024-02-16 10:45:00,0.8149628455172426,782.8326384455183,465.22050435820194
2024-02-16 11:00:00,0.8457926696372361,821.8349272896795,480.0926203015211
2024-02-16 11:15:00,0.8729172869957595,855.5151372872133,494.5797428947218
2024-02-16 11:30:00,0.8962204561729414,884.4946310118203,505.9693734978981
2024-02-16 11:45:00,0.915602297278894,917.9321249829769,519.5306733385903
2024-02-16 12:00:00,0.9309797183181965,936.8111380359227,524.5349221851149
2024-02-16 12:15:00,0.9422867767315439,951.1535626905305,528.7202276708873
2024-02-16 12:30:00,0.9494749588544746,959.7590865289338,531.5637889680899
2024-02-16 12:45:00,0.9525133880459886,963.6000178229993,529.7955382152376
2024-02-16 13:00:00,0.9513889593419729,962.5486769847446,525.3261968609546
2024-02-16 13:15:00,0.9461063942857845,954.7172658686369,521.0520801164727
2024-02-16 13:30:00,0.9366882227629384,943.1200471695327,514.7227141955201
2024-02-16 13:45:00,0.9231746855994727,925.0134094939127,502.97094921349577
2024-02-16 14:00:00,0.9056235626304399,902.3624304947438,490.654604076337
2024-02-16 14:15:00,0.884109928908041,876.4241452352253,478.3223685848262
2024-02-16 14:30:00,0.8587258290032239,843.5706977609079,463.80239059411997
2024-02-16 14:45:00,0.8295798848421343,810.1331567033944,447.05571100231583
2024-02-16 15:00:00,0.7967968357091704,769.3684027669066,426.11566697032265
2024-02-16 15:15:00,0.7605169966668044,723.889270103453,403.85346597731035
2024-02-16 15:30:00,0.7208956613086943,675.2031034350075,380.78622219113964
2024-02-16 15:45:00,0.6781024431272648,621.1469253525025,352.81192256615003
2024-02-16 16:00:00,0.6323205389144659,565.3857132872306,323.42520249032395
2024-02-16 16:15:00,0.5837459493428171,505.81936479134043,295.48530511204416
2024-02-16 16:30:00,0.5325866469867767,442.51635882925444,262.9779004233844
2024-02-16 16:45:00,0.4790616730284696,178.14734783723839,108.0297096862623
2024-02-16 17:00:00,0.42340020553338253,310.8591305136979,191.6487806166523
2024-02-16 17:15:00,0.36584058620234516,242.33409061812267,150.87171352834977
2024-02-16 17:30:00,0.3066292849804549,173.7290225107747,109.21325680045005
2024-02-16 17:45:00,0.24601985191069387,106.86092831683216,67.82521573197127
2024-02-16 18:00:00,0.1842718399171503,44.90601854475565,28.774408621624453
2024-02-16 18:15:00,0.12164967718429068,0.0,0.0
2024-02-16 18:30:00,0.05842154281034494,0.0,0.0
2024-02-16 18:45:00,-0.005141772961832838,0.0,0.0
2024-02-16 19:00:00,-0.06876804527416788,0.0,0.0
2024-02-16 19:15:00,-0.1321847719815465,0.0,0.0
2024-02-16 19:30:00,-0.19512033217156316,0.0,0.0
2024-02-16 19:45:00,-0.25730516638066075,0.0,0.0
2024-02-16 20:00:00,-0.3184729224883398,0.0,0.0
2024-02-16 20:15:00,-0.3783615883720777,0.0,0.0
2024-02-16 20:30:00,-0.43671463054555104,0.0,0.0
2024-02-16 20:45:00,-0.4932820844263879,0.0,0.0
2024-02-16 21:00:00,-0.5478216177620405,0.0,0.0
2024-02-16 21:15:00,-0.600099583818074,0.0,0.0
2024-02-16 21:30:00,-0.6498920141657052,0.0,0.0
2024-02-16 21:45:00,-0.6969855719532457,0.0,0.0
2024-02-16 22:00:00,-0.7411784791750722,0.0,0.0
2024-02-16 22:15:00,-0.7822813738500447,0.0,0.0
2024-02-16 22:30:00,-0.8201181164448366,0.0,0.0
2024-02-16 22:45:00,-0.8545265555688495,0.0,0.0
2024-02-16 23:00:00,-0.8853592166364092,0.0,0.0
2024-02-16 23:15:00,-0.9124839303756933,0.0,0.0
2024-02-16 23:30:00,-0.9357844075755959,0.0,0.0
2024-02-16 23:45:00,-0.9551607326568108,0.0,0.0
2024-02-17 00:00:00,-0.9705297901960209,0.0,0.0
2024-02-17 00:15:00,-0.981825626545836,0.0,0.0
2024-02-17 00:30:00,-0.988999729359135,0.0,0.0
2024-02-17 00:45:00,-0.992021235699611,0.0,0.0
2024-02-17 01:00:00,-0.9908770666338245,0.0,0.0
2024-02-17 01:15:00,-0.9855719819482607,0.0,0.0
2024-02-17 01:30:00,-0.9761285618171744,0.0,0.0
2024-02-17 01:45:00,-0.9625871091784683,0.0,0.0
2024-02-17 02:00:00,-0.9450054775245429,0.0,0.0
2024-02-17 02:15:00,-0.9234588268051152,0.0,0.0
2024-02-17 02:30:00,-0.8980392973345231,0.0,0.0
2024-02-17 02:45:00,-0.8688556172229092,0.0,0.0
2024-02-17 03:00:00,-0.836032641939675,0.0,0.0
2024-02-17 03:15:00,-0.7997108121761588,0.0,0.0
2024-02-17 03:30:00,-0.7600455560889434,0.0,0.0
2024-02-17 03:45:00,-0.7172066300790004,0.0,0.0
2024-02-17 04:00:00,-0.671377381580086,0.0,0.0
2024-02-17 04:15:00,-0.6227539689186095,0.0,0.0
2024-02-17 04:30:00,-0.5715445287406641,0.0,0.0
2024-02-17 04:45:00,-0.5179682719775999,0.0,0.0
2024-02-17 05:00:00,-0.46225455133695154,0.0,0.0
2024-02-17 05:15:00,-0.4046418873414556,0.0,0.0
2024-02-17 05:30:00,-0.3453769321621,0.0,0.0
2024-02-17 05:45:00,-0.2847134206421553,0.0,0.0
2024-02-17 06:00:00,-0.22291109233799497,0.0,0.0
2024-02-17 06:15:00,-0.16023456301318234,0.0,0.0
2024-02-17 06:30:00,-0.09695219954659308,0.0,0.0
2024-02-17 06:45:00,-0.03333497933599028,0.0,0.0
2024-02-17 07:00:00,0.03034468708619785,0.0,0.0
2024-02-17 07:15:00,0.09381411415087565,0.0,0.0
2024-02-17 07:30:00,0.1568015005673861,0.0,0.0
2024-02-17 07:45:00,0.2190371103493417,84.1492073255012,60.213779024597216
2024-02-17 08:00:00,0.2802544194182674,149.47118128578285,105.14274323747742
2024-02-17 08:15:00,0.3401912490728116,217.36308325024547,150.26384065900857
2024-02-17 08:30:00,0.3985909052740124,286.5319976487916,195.18463261818476
2024-02-17 08:45:00,0.4552032696945158,353.2622070437982,236.35661673979453
2024-02-17 09:00:00,0.5097858637317787,418.575179478076,274.9789353720195
2024-02-17 09:15:00,0.5621049023632786,480.63762089372847,309.921023359944
2024-02-17 09:30:00,0.6119362875707286,541.0416034684463,342.3084280686149
2024-02-17 09:45:00,0.6590665620806844,598.4573812199192,371.37630968344746
2024-02-17 10:00:00,0.7032938372288075,652.7668232721983,397.1615180986676
2024-02-17 10:15:00,0.7444286505928814,704.4642108592851,422.9197597176166
2024-02-17 10:30:00,0.7822947728460656,750.5079262403075,444.4935841289247
2024-02-17 10:45:00,0.8167299738549668,793.4394868093556,465.10863341926216
2024-02-17 11:00:00,0.8475867116466287,831.1328670586726,480.48416887710755
2024-02-17 11:15:00,0.8747327612507118,865.2573472156463,496.7138032830274
2024-02-17 11:30:00,0.8980517896630782,894.6154393313797,509.95058036625
2024-02-17 11:45:00,0.9174438496045964,920.6355608842516,522.9216936621033
2024-02-17 12:00:00,0.932825806171373,939.5279997393769,529.8543739557796
2024-02-17 12:15:00,0.944131698563571,954.8190064583754,538.4778602111078
2024-02-17 12:30:00,0.9513130196174906,963.4289863619712,543.3335276450289
2024-02-17 12:45:00,0.9543389238956228,618.1008581670842,348.5829515847311
2024-02-17 13:00:00,0.9531963622013534,597.0102794790913,336.688750059932
2024-02-17 13:15:00,0.9478901361650021,727.0889381587111,411.5173609657044
2024-02-17 13:30:00,0.9384428797240684,736.8194993533373,417.0246581523022
2024-02-17 13:45:00,0.9248949612713048,734.3597709494802,417.11690434093174
2024-02-17 14:00:00,0.9073043111483828,694.3291961549137,395.7829934268278
2024-02-17 14:15:00,0.8857461772244849,656.7316665873443,377.0065459677638
2024-02-17 14:30:00,0.8603127984089375,627.6864087535548,362.87023937908793
2024-02-17 14:45:00,0.8311130116731429,404.351523533072,235.3933364691435
2024-02-17 15:00:00,0.7982717910946939,433.2970912085559,253.99570012196244
2024-02-17 15:15:00,0.7619297052598024,373.5773401465732,221.2538003468491
2024-02-17 15:30:00,0.7222423189185233,361.338518280979,216.92684592409492
2024-02-17 15:45:00,0.6793795331689156,332.2417809580735,201.47357554455198
2024-02-17 16:00:00,0.6335248476172151,551.913558122404,339.1464220046676
2024-02-17 16:15:00,0.5848745795899286,491.88281599859755,307.22936496564915
2024-02-17 16:30:00,0.5336370308765701,429.4113734900928,273.417740461236
2024-02-17 16:45:00,0.4800315829058286,364.5804341400711,236.5598211878363
2024-02-17 17:00:00,0.42428776360151155,297.9054927612903,196.91049164380283
2024-02-17 17:15:00,0.366644272590683,230.18844465679243,153.5465459712461
2024-02-17 17:30:00,0.30734794429334866,163.0081804360865,110.05213178883878
2024-02-17 17:45:00,0.24665269812060142,97.48911483242163,66.4092569729742
2024-02-17 18:00:00,0.18481845973012276,39.168313580328046,26.998015675532923
2024-02-17 18:15:00,0.12211003175297802,0.0,0.0
2024-02-17 18:30:00,0.058795967819693734,0.0,0.0
2024-02-17 18:45:00,-0.004852568822734812,0.0,0.0
2024-02-17 19:00:00,-0.06856298346690554,0.0,0.0
2024-02-17 19:15:00,-0.13206240885833376,0.0,0.0
2024-02-17 19:30:00,-0.19507886531597898,0.0,0.0
2024-02-17 19:45:00,-0.257342442532079,0.0,0.0
2024-02-17 20:00:00,-0.31858644691977517,0.0,0.0
2024-02-17 20:15:00,-0.3785485357934569,0.0,0.0
2024-02-17 20:30:00,-0.4369718574187052,0.0,0.0
2024-02-17 20:45:00,-0.49360614269985786,0.0,0.0
2024-02-17 21:00:00,-0.5482087698511782,0.0,0.0
2024-02-17 21:15:00,-0.6005458188902614,0.0,0.0
2024-02-17 21:30:00,-0.6503930656255044,0.0,0.0
2024-02-17 21:45:00,-0.6975369359844044,0.0,0.0
2024-02-17 22:00:00,-0.741775434311002,0.0,0.0
2024-02-17 22:15:00,-0.7829190015421044,0.0,0.0
2024-02-17 22:30:00,-0.8207913224067822,0.0,0.0
2024-02-17 22:45:00,-0.8552300919338499,0.0,0.0
2024-02-17 23:00:00,-0.8860877047412307,0.0,0.0
2024-02-17 23:15:00,-0.9132318841389733,0.0,0.0
2024-02-17 23:30:00,-0.9365462573218601,0.0,0.0
2024-02-17 23:45:00,-0.9559308492860632,0.0,0.0
2024-02-18 00:00:00,-0.9713025096225414,0.0,0.0
2024-02-18 00:15:00,-0.9825952742870487,0.0,0.0
2024-02-18 00:30:00,-0.989760645147631,0.0,0.0
2024-02-18 00:45:00,-0.9927677980457277,0.0,0.0
2024-02-18 01:00:00,-0.9916037172053076,0.0,0.0
2024-02-18 01:15:00,-0.9862732496726145,0.0,0.0
2024-02-18 01:30:00,-0.9767990866051286,0.0,0.0
2024-02-18 01:45:00,-0.9632216651526779,0.0,0.0
2024-02-18 02:00:00,-0.9455989956680276,0.0,0.0
2024-02-18 02:15:00,-0.9240064169251465,0.0,0.0
2024-02-18 02:30:00,-0.8985362692461913,0.0,0.0
2024-02-18 02:45:00,-0.8692975010508242,0.0,0.0
2024-02-18 03:00:00,-0.8364152074773124,0.0,0.0
2024-02-18 03:15:00,-0.8000300871802868,0.0,0.0
2024-02-18 03:30:00,-0.7602978434744008,0.0,0.0
2024-02-18 03:45:00,-0.7173885239016493,0.0,0.0
2024-02-18 04:00:00,-0.6714857817355961,0.0,0.0
2024-02-18 04:15:00,-0.6227860945724002,0.0,0.0
2024-02-18 04:30:00,-0.5714979303167543,0.0,0.0
2024-02-18 04:45:00,-0.5178408416861623,0.0,0.0
2024-02-18 05:00:00,-0.4620445322850153,0.0,0.0
2024-02-18 05:15:00,-0.40434788109232245,0.0,0.0
2024-02-18 05:30:00,-0.3449979046945908,0.0,0.0
2024-02-18 05:45:00,-0.28424870680335795,0.0,0.0
2024-02-18 06:00:00,-0.22236039862747384,0.0,0.0
2024-02-18 06:15:00,-0.15959796883301305,0.0,0.0
2024-02-18 06:30:00,-0.09623015670681948,0.0,0.0
2024-02-18 06:45:00,-0.032528310065927116,0.0,0.0
2024-02-18 07:00:00,0.031234793783227605,0.0,0.0
2024-02-18 07:15:00,0.0947861077430741,0.0,0.0
2024-02-18 07:30:00,0.15785347576872855,0.0,0.0
2024-02-18 07:45:00,0.2201668154678615,3.0,2.11029462
2024-02-18 08:00:00,0.2814592662081361,5.0,3.4767306000000002
2024-02-18 08:15:00,0.3414683240009965,7.0,4.83912387
2024-02-18 08:30:00,0.39993698227610064,10.0,6.852393449999999
2024-02-18 08:45:00,0.45661482419348387,13.0,8.829278640000002
2024-02-18 09:00:00,0.5112590879947527,16.0,10.802121119999999
2024-02-18 09:15:00,0.5636357220991616,20.0,13.4217972
2024-02-18 09:30:00,0.6135203796202215,24.0,16.009131599999996
2024-02-18 09:45:00,0.660699373257841,192.33846552918126,127.52125662863412
2024-02-18 10:00:00,0.704970604127424,218.82308926828256,144.1960414681719
2024-02-18 10:15:00,0.7461444202838456,245.21468710100459,160.10009663195154
2024-02-18 10:30:00,0.7840444243921125,339.58328560030645,220.34029749693897
2024-02-18 10:45:00,0.8185082405825597,351.86877729029675,226.17804451764167
2024-02-18 11:00:00,0.8493882040209876,128.0,81.75976704
2024-02-18 11:15:00,0.876551990284954,45.0,28.652707125
2024-02-18 11:30:00,0.8998831907488059,49.0,31.001521635
2024-02-18 11:45:00,0.9192818066760149,50.0,31.533137999999997
2024-02-18 12:00:00,0.9346646760920359,151.0,94.92485215500001
2024-02-18 12:15:00,0.9459658356039203,196.6757950136235,123.63854810685629
2024-02-18 12:30:00,0.953136799959567,89.0,55.94908504500001
2024-02-18 12:45:00,0.9561467700280435,53.0,33.42512628
2024-02-18 13:00:00,0.9549827671125509,53.0,33.42512628
2024-02-18 13:15:00,0.9496496872216582,70.0,44.28788805
2024-02-18 13:30:00,0.9401702821465342,76.0,48.23761572
2024-02-18 13:45:00,0.9265850610729787,94.0,59.852321550000006
2024-02-18 14:00:00,0.9089521174790132,240.81485081949631,153.82004767792478
2024-02-18 14:15:00,0.8873468839970567,268.15591601187344,171.82614161042721
2024-02-18 14:30:00,0.8618618051057398,234.99399234806646,151.52700376746958
2024-02-18 14:45:00,0.8326059432701854,278.4498100856428,180.11069307701266
2024-02-18 15:00:00,0.7997045170203835,758.7473620524279,493.8506832349183
2024-02-18 15:15:00,0.7632983572461266,713.4073217295003,467.22402400790907
2024-02-18 15:30:00,0.7235433077399506,661.1348824235396,436.99897418542344
2024-02-18 15:45:00,0.6806095641758578,609.8070417765105,405.53741275402206
2024-02-18 16:00:00,0.6346809349508806,553.6083627170308,371.5209586306014
2024-02-18 16:15:00,0.5859540590971343,494.7779118500736,335.04080501258136
2024-02-18 16:30:00,0.5346375715904513,432.38485039967776,295.4131083965185
2024-02-18 16:45:00,0.4809511971304804,371.31349728889995,255.9397304605299
2024-02-18 17:00:00,0.42512481542392117,304.32613740859193,212.2271500211328
2024-02-18 17:15:00,0.36739748494476254,237.02724438522702,166.25332333428227
2024-02-18 17:30:00,0.3080164043943779,169.68333276428692,119.70359833181458
2024-02-18 17:45:00,0.2472358614005734,103.59889081658693,73.50295771724329
2024-02-18 18:00:00,0.18531615210093028,43.94779740085536,31.358437305367715
2024-02-18 18:15:00,0.12252245028427965,0.0,0.0
2024-02-18 18:30:00,0.059123679832536136,0.0,0.0
2024-02-18 18:45:00,-0.004608628292262246,0.0,0.0
2024-02-18 19:00:00,-0.06840151580797088,0.0,0.0
2024-02-18 19:15:00,-0.1319817576050067,0.0,0.0
2024-02-18 19:30:00,-0.1950770233726194,0.0,0.0
2024-02-18 19:45:00,-0.25741706096173117,0.0,0.0
2024-02-18 20:00:00,-0.3187348452167329,0.0,0.0
2024-02-18 20:15:00,-0.3787677135622034,0.0,0.0
2024-02-18 20:30:00,-0.43725850745893513,0.0,0.0
2024-02-18 20:45:00,-0.4939566654232615,0.0,0.0
2024-02-18 21:00:00,-0.5486192889553713,0.0,0.0
2024-02-18 21:15:00,-0.6010121982347746,0.0,0.0
2024-02-18 21:30:00,-0.6509109272292882,0.0,0.0
2024-02-18 21:45:00,-0.698101679053094,0.0,0.0
2024-02-18 22:00:00,-0.7423822552871213,0.0,0.0
2024-02-18 22:15:00,-0.7835629149324359,0.0,0.0
2024-02-18 22:30:00,-0.8214671824871249,0.0,0.0
2024-02-18 22:45:00,-0.8559326151112041,0.0,0.0
2024-02-18 23:00:00,-0.8868114924907581,0.0,0.0
2024-02-18 23:15:00,-0.913971446458423,0.0,0.0
2024-02-18 23:30:00,-0.9372960365800531,0.0,0.0
2024-02-18 23:45:00,-0.9566852443422764,0.0,0.0
2024-02-19 00:00:00,-0.9720559001401298,0.0,0.0
2024-02-19 00:15:00,-0.9833420451333612,0.0,0.0
2024-02-19 00:30:00,-0.9904952107564984,0.0,0.0
2024-02-19 00:45:00,-0.9934846266496875,0.0,0.0
2024-02-19 01:00:00,-0.9922973548279377,0.0,0.0
2024-02-19 01:15:00,-0.9869383437811032,0.0,0.0
2024-02-19 01:30:00,-0.9774304093192332,0.0,0.0
2024-02-19 01:45:00,-0.9638141359082409,0.0,0.0
2024-02-19 02:00:00,-0.9461477032291216,0.0,0.0
2024-02-19 02:15:00,-0.9245066406764908,0.0,0.0
2024-02-19 02:30:00,-0.8989834996240169,0.0,0.0
2024-02-19 02:45:00,-0.8696874590828887,0.0,0.0
2024-02-19 03:00:00,-0.8367438633067594,0.0,0.0
2024-02-19 03:15:00,-0.8002936775047306,0.0,0.0
2024-02-19 03:30:00,-0.7604928878174246,0.0,0.0
2024-02-19 03:45:00,-0.7175118396799002,0.0,0.0
2024-02-19 04:00:00,-0.6715344980049902,0.0,0.0
2024-02-19 04:15:00,-0.6227576644055243,0.0,0.0
2024-02-19 04:30:00,-0.5713901418294505,0.0,0.0
2024-02-19 04:45:00,-0.5176518275458886,0.0,0.0
2024-02-19 05:00:00,-0.46177277775985703,0.0,0.0
2024-02-19 05:15:00,-0.40399223054294664,0.0,0.0
2024-02-19 05:30:00,-0.3445575665678404,0.0,0.0
2024-02-19 05:45:00,-0.28372325693349876,0.0,0.0
2024-02-19 06:00:00,-0.22174978205066806,0.0,0.0
2024-02-19 06:15:00,-0.15890249992376632,0.0,0.0
2024-02-19 06:30:00,-0.09545051777136805,0.0,0.0
2024-02-19 06:45:00,-0.03166554830901093,0.0,0.0
2024-02-19 07:00:00,0.03217927089038325,0.0,0.0
2024-02-19 07:15:00,0.09581053862447164,0.0,0.0
2024-02-19 07:30:00,0.1589557524447382,0.0,0.0
2024-02-19 07:45:00,0.22134449280032248,78.99225711368449,57.960715977725506
2024-02-19 08:00:00,0.28270957256715634,143.10486201889245,104.1356622118314
2024-02-19 08:15:00,0.34278817331779504,209.99456944567297,151.11259196018156
2024-02-19 08:30:00,0.40132298753846307,277.1554258844624,196.6405565669293
2024-02-19 08:45:00,0.45806331218029683,344.78632985884906,241.1397078399745
2024-02-19 09:00:00,0.5127661152749711,411.27032119390515,283.48125215304503
2024-02-19 09:15:00,0.5651970921804836,473.8982860152116,321.8600010959015
2024-02-19 09:30:00,0.6151316612484087,535.115194210039,358.02872299289544
2024-02-19 09:45:00,0.6623559196544293,593.9235324466536,391.37287842875793
2024-02-19 10:00:00,0.706667573198826,648.2274045838444,420.6055634310171
2024-02-19 10:15:00,0.7478767956861663,698.7292476022627,447.7244150770017
2024-02-19 10:30:00,0.7858070373352791,746.7217887723225,472.4390140806338
2024-02-19 10:45:00,0.8202957922609397,790.1964518902347,493.5556726442709
2024-02-19 11:00:00,0.8511952886655875,829.2006587370514,512.8893226476783
2024-02-19 11:15:00,0.8783731186214734,862.8737024544898,528.4847440659433
2024-02-19 11:30:00,0.9017128138505917,892.8363940239807,541.421792772703
2024-02-19 11:45:00,0.9211143400475634,919.2929351032352,553.7487765090088
2024-02-19 12:00:00,0.9364945239074107,938.9559948513734,559.8992015169754
2024-02-19 12:15:00,0.9477874150022725,954.0688469720861,566.9824792463507
2024-02-19 12:30:00,0.9549445652608014,962.5490000399373,568.1307443209124
2024-02-19 12:45:00,0.9579352368004947,967.1742235668567,568.9057137292932
2024-02-19 13:00:00,0.9567465359583521,966.077052689559,564.3547727625586
2024-02-19 13:15:00,0.9513834671921617,959.2241732839809,560.3515152698594
2024-02-19 13:30:00,0.941868913687553,946.6356627651736,552.9976650014135
2024-02-19 13:45:00,0.9282435383874479,931.2710811629023,542.139683404043
2024-02-19 14:00:00,0.9105656102190235,908.6147052993114,528.9502687575234
2024-02-19 14:15:00,0.8889107582004847,881.6864146550377,513.2739578961697
2024-02-19 14:30:00,0.8633716432730527,849.8542490861091,496.4607122061596
2024-02-19 14:45:00,0.8340575634818239,814.8090588083778,475.9883075045388
2024-02-19 15:00:00,0.8010939910458024,773.1561481740313,453.2186833087725
2024-02-19 15:15:00,0.7646220275544802,727.8103216692984,429.57960556529065
2024-02-19 15:30:00,0.7247978033033351,678.5549525781048,403.25053117354344
2024-02-19 15:45:00,0.6817918150666594,626.432871984794,373.5417492954929
2024-02-19 16:00:00,0.6357881855901517,569.0873957297608,341.6473128802132
2024-02-19 16:15:00,0.586983880169667,508.6296522099649,311.52069046479073
2024-02-19 16:30:00,0.5355878705277499,446.97914548525745,279.1825909623069
2024-02-19 16:45:00,0.48182022710074857,384.90141738081877,244.29903502235874
2024-02-19 17:00:00,0.42591118287695584,318.1572458583748,205.79479670465767
2024-02-19 17:15:00,0.36810015560042864,104.43581836085058,68.39700381378627
2024-02-19 17:30:00,0.3086347076339965,182.3791984948543,120.91821836572973
2024-02-19 17:45:00,0.24776949312191404,115.92248194823011,77.79440218149028
2024-02-19 18:00:00,0.18576517599511652,54.868338718925635,37.265219312561165
2024-02-19 18:15:00,0.12288729746659792,0.0,0.0
2024-02-19 18:30:00,0.05940514688900961,0.0,0.0
2024-02-19 18:45:00,-0.004409382804957715,0.0,0.0
2024-02-19 19:00:00,-0.06828297645442964,0.0,0.0
2024-02-19 19:15:00,-0.13194205873508852,0.0,0.0
2024-02-19 19:30:00,-0.19511395727955352,0.0,0.0
2024-02-19 19:45:00,-0.2575280875089894,0.0,0.0
2024-02-19 20:00:00,-0.31891710292381376,0.0,0.0
2024-02-19 20:15:00,-0.37901803209428947,0.0,0.0
2024-02-19 20:30:00,-0.43757342146498845,0.0,0.0
2024-02-19 20:45:00,-0.49433242958987633,0.0,0.0
2024-02-19 21:00:00,-0.5490518943372726,0.0,0.0
2024-02-19 21:15:00,-0.6014973896970165,0.0,0.0
2024-02-19 21:30:00,-0.6514442219481481,0.0,0.0
2024-02-19 21:45:00,-0.698678386029826,0.0,0.0
2024-02-19 22:00:00,-0.7429974957206438,0.0,0.0
2024-02-19 22:15:00,-0.7842116434721016,0.0,0.0
2024-02-19 22:30:00,-0.822144209120621,0.0,0.0
2024-02-19 22:45:00,-0.8566326277306144,0.0,0.0
2024-02-19 23:00:00,-0.8875290799686881,0.0,0.0
2024-02-19 23:15:00,-0.914701122154056,0.0,0.0
2024-02-19 23:30:00,-0.9380322621452244,0.0,0.0
2024-02-19 23:45:00,-0.9574224538002699,0.0,0.0
2024-02-20 00:00:00,-0.9727885240249362,0.0,0.0
2024-02-20 00:15:00,-0.9840645346669441,0.0,0.0
2024-02-20 00:30:00,-0.9912020619295917,0.0,0.0
2024-02-20 00:45:00,-0.9941704040995424,0.0,0.0
2024-02-20 01:00:00,-0.9929567154155512,0.0,0.0
2024-02-20 01:15:00,-0.9875660597625218,0.0,0.0
2024-02-20 01:30:00,-0.9780213910206789,0.0,0.0
2024-02-20 01:45:00,-0.9643634537795707,0.0,0.0
2024-02-20 02:00:00,-0.9466506092166185,0.0,0.0
2024-02-20 02:15:00,-0.9249585887980203,0.0,0.0
2024-02-20 02:30:00,-0.8993801656575189,0.0,0.0
2024-02-20 02:45:00,-0.8700247592894316,0.0,0.0
2024-02-20 03:00:00,-0.8370179721249507,0.0,0.0
2024-02-20 03:15:00,-0.8005010441094851,0.0,0.0
2024-02-20 03:30:00,-0.7606302514480978,0.0,0.0
2024-02-20 03:45:00,-0.7175762437816099,0.0,0.0
2024-02-20 04:00:00,-0.6715233029791066,0.0,0.0
2024-02-20 04:15:00,-0.6226685590122801,0.0,0.0
2024-02-20 04:30:00,-0.5712211531583686,0.0,0.0
2024-02-20 04:45:00,-0.5174013295415244,0.0,0.0
2024-02-20 05:00:00,-0.4614394981821349,0.0,0.0
2024-02-20 05:15:00,-0.403575256460195,0.0,0.0
2024-02-20 05:30:00,-0.3440563482044443,0.0,0.0
2024-02-20 05:45:00,-0.2831376100355267,0.0,0.0
2024-02-20 06:00:00,-0.22107988860480085,0.0,0.0
2024-02-20 06:15:00,-0.15814890728260855,0.0,0.0
2024-02-20 06:30:00,-0.09461413625408849,0.0,0.0
2024-02-20 06:45:00,-0.030747647168353195,0.0,0.0
2024-02-20 07:00:00,0.03317706907422639,0.0,0.0
2024-02-20 07:15:00,0.09688626501410862,0.0,0.0
2024-02-20 07:30:00,0.16010710057103197,33.254886979373445,24.80415493390063
2024-02-20 07:45:00,0.22256882862975208,90.55119921796364,66.99121966205304
2024-02-20 08:00:00,0.2840039459653587,155.54171649493105,114.12902456345691
2024-02-20 08:15:00,0.34414933096961653,223.087444075836,161.4361335461283
2024-02-20 08:30:00,0.4027473870575518,291.467663943934,207.38418618768952
2024-02-20 08:45:00,0.4595471375761073,362.5729592766008,254.31236644219797
2024-02-20 09:00:00,0.5143052935557237,428.8713378278997,296.480218291689
2024-02-20 09:15:00,0.5667873110784777,491.45871835287846,334.7800251833936
2024-02-20 09:30:00,0.6167683879785517,553.3308684429486,371.3347350370568
2024-02-20 09:45:00,0.6640344206211672,616.81260353619,407.70269755223273
2024-02-20 10:00:00,0.7083829345882908,671.250643203812,435.54430588973054
2024-02-20 10:15:00,0.7496239448058885,721.9224559259288,462.58591638971535
2024-02-20 10:30:00,0.7875807646719304,769.5841382640023,486.9036594355979
2024-02-20 10:45:00,0.8220907741346859,815.170059817756,509.1541555652423
2024-02-20 11:00:00,0.8530061103270883,853.5005909492858,526.1944445405794
2024-02-20 11:15:00,0.8801942977839887,888.1797254501896,542.1886117390852
2024-02-20 11:30:00,0.9035388244951317,918.0981844294628,554.8849043206376
2024-02-20 11:45:00,0.9229396364144373,946.1008960480577,566.0721099124416
2024-02-20 12:00:00,0.93831356456899,965.3361999051094,571.7271362272435
2024-02-20 12:15:00,0.9495946869168088,979.9133313186356,576.3990391418259
2024-02-20 12:30:00,0.9567346076955088,988.6382849569064,577.5344038013404
2024-02-20 12:45:00,0.9597026650242889,993.3548557582931,578.2817676848556
2024-02-20 13:00:00,0.9584860645978941,991.2296498847826,573.0373245576565
2024-02-20 13:15:00,0.9530899331545257,985.1070660288811,567.5065616340505
2024-02-20 13:30:00,0.943537298550859,973.1345828175195,558.6423291209143
2024-02-20 13:45:00,0.929868990157811,956.3054096400782,547.0482601287547
2024-02-20 14:00:00,0.9121434643541995,933.8877172790727,532.3366471065004
2024-02-20 14:15:00,0.8904365578333684,567.9276382080135,324.8792940297784
2024-02-20 14:30:00,0.864841158505808,874.1671185689072,500.0615874952235
2024-02-20 14:45:00,0.8354668097149341,527.8320557888244,303.0098140966414
2024-02-20 15:00:00,0.8024392462293299,796.2197140686902,457.08172683729407
2024-02-20 15:15:00,0.7658998482915675,750.2462640692445,433.72301461279864
2024-02-20 15:30:00,0.7260050397508294,700.1584299409791,409.0126667713174
2024-02-20 15:45:00,0.682925624560881,647.9989627469186,381.1622595128996
2024-02-20 16:00:00,0.6368460449216262,590.0401395994012,349.45541180932463
2024-02-20 16:15:00,0.5879635964669654,529.662549541775,320.12017680587536
2024-02-20 16:30:00,0.5364875907488137,467.31437042107945,288.1055129628628
2024-02-20 16:45:00,0.4826384459956522,402.22189625280004,252.8533379821245
2024-02-20 17:00:00,0.4266467494534321,335.253023375601,214.81992389572798
2024-02-20 17:15:00,0.36875227806093225,266.626412397778,173.54081545000398
2024-02-20 17:30:00,0.30920295678378407,197.04198779289203,129.843129158643
2024-02-20 17:45:00,0.24825380412351541,130.00437436074108,86.98183239700136
2024-02-20 18:00:00,0.18616584860247487,65.75410591148801,44.65856329358453
2024-02-20 18:15:00,0.1232049946553008,0.0,0.0
2024-02-20 18:30:00,0.05964089191500512,0.0,0.0
2024-02-20 18:45:00,-0.004254210892045918,0.0,0.0
2024-02-20 19:00:00,-0.06820664888459882,0.0,0.0
2024-02-20 19:15:00,-0.13194250457569567,0.0,0.0
2024-02-20 19:30:00,-0.19518877245306945,0.0,0.0
2024-02-20 19:45:00,-0.2576745453459092,0.0,0.0
2024-02-20 20:00:00,-0.3191321660185668,0.0,0.0
2024-02-20 20:15:00,-0.3792983655350192,0.0,0.0
2024-02-20 20:30:00,-0.4379154073772821,0.0,0.0
2024-02-20 20:45:00,-0.49473218290795207,0.0,0.0
2024-02-20 21:00:00,-0.5495052796560951,0.0,0.0
2024-02-20 21:15:00,-0.6020000393186612,0.0,0.0
2024-02-20 21:30:00,-0.6519915548726369,0.0,0.0
2024-02-20 21:45:00,-0.6992656278645908,0.0,0.0
2024-02-20 22:00:00,-0.7436196994392675,0.0,0.0
2024-02-20 22:15:00,-0.7848637109268809,0.0,0.0
2024-02-20 22:30:00,-0.8228209131887654,0.0,0.0
2024-02-20 22:45:00,-0.8573286350225124,0.0,0.0
2024-02-20 23:00:00,-0.8882389740119413,0.0,0.0
2024-02-20 23:15:00,-0.9154194269056054,0.0,0.0
2024-02-20 23:30:00,-0.9387534657797667,0.0,0.0
2024-02-20 23:45:00,-0.9581410326349358,0.0,0.0
2024-02-21 00:00:00,-0.9734989665016576,0.0,0.0
2024-02-21 00:15:00,-0.9847613652761373,0.0,0.0
2024-02-21 00:30:00,-0.991879864964575,0.0,0.0
2024-02-21 00:45:00,-0.9948238471607375,0.0,0.0
2024-02-21 01:00:00,-0.9935805725404527,0.0,0.0
2024-02-21 01:15:00,-0.9881552340901967,0.0,0.0
2024-02-21 01:30:00,-0.9785709368959252,0.0,0.0
2024-02-21 01:45:00,-0.9648685981970211,0.0,0.0
2024-02-21 02:00:00,-0.947106772498221,0.0,0.0
2024-02-21 02:15:00,-0.9253614044516509,0.0,0.0
2024-02-21 02:30:00,-0.8997254992895638,0.0,0.0
2024-02-21 02:45:00,-0.8703087265192031,0.0,0.0
2024-02-21 03:00:00,-0.8372369553812397,0.0,0.0
2024-02-21 03:15:00,-0.800651708304195,0.0,0.0
2024-02-21 03:30:00,-0.7607095584072661,0.0,0.0
2024-02-21 03:45:00,-0.7175814653752349,0.0,0.0
2024-02-21 04:00:00,-0.6714520329033523,0.0,0.0
2024-02-21 04:15:00,-0.6225187232060796,0.0,0.0
2024-02-21 04:30:00,-0.5709910187297667,0.0,0.0
2024-02-21 04:45:00,-0.5170895122249412,0.0,0.0
2024-02-21 05:00:00,-0.4610449682991378,0.0,0.0
2024-02-21 05:15:00,-0.40309734332757174,0.0,0.0
2024-02-21 05:30:00,-0.34349474299271054,0.0,0.0
2024-02-21 05:45:00,-0.28249236700804237,0.0,0.0
2024-02-21 06:00:00,-0.22035142488514486,0.0,0.0
2024-02-21 06:15:00,-0.15733800095177788,0.0,0.0
2024-02-21 06:30:00,-0.09372192288348943,0.0,0.0
2024-02-21 06:45:00,-0.029775614854071375,0.0,0.0
2024-02-21 07:00:00,0.034227086220308775,0.0,0.0
2024-02-21 07:15:00,0.09801209489127295,0.0,0.0
2024-02-21 07:30:00,0.1613062425940492,43.13210482065149,32.607300606665746
2024-02-21 07:45:00,0.2238384646070604,103.70103958157704,77.76776411432832
2024-02-21 08:00:00,0.28534095242073176,170.2463847813171,126.63924424834721
2024-02-21 08:15:00,0.34555029270949666,239.76472006421756,175.44316089259715
2024-02-21 08:30:00,0.40420861209488373,308.5440150858642,222.65268457815768
2024-02-21 08:45:00,0.46106467318214184,378.20017665204927,268.3313631448525
2024-02-21 09:00:00,0.5158749434549139,444.03320713882476,310.5518652219703
2024-02-21 09:15:00,0.5684046537069211,507.88169969700226,349.0471324509516
2024-02-21 09:30:00,0.6184287957158101,570.2037564655434,384.9631275262364
2024-02-21 09:45:00,0.6657330799290698,629.2045840995675,418.4372787584592
2024-02-21 10:00:00,0.7101148668965616,683.9302788006983,446.53648205177495
2024-02-21 10:15:00,0.7513840282248903,735.4831691483772,472.76188087690593
2024-02-21 10:30:00,0.7893637561654665,783.1635630859126,497.07819739531885
2024-02-21 10:45:00,0.823891332359475,826.980025770717,516.5306448874562
2024-02-21 11:00:00,0.8548188188124095,864.9815014955409,531.5241436184778
2024-02-21 11:15:00,0.8820136884654188,899.2108534690283,547.1049307688801
2024-02-21 11:30:00,0.905359401446175,928.4699937680815,559.276704347418
2024-02-21 11:45:00,0.924755899718765,955.9913960308581,570.0574065555668
2024-02-21 12:00:00,0.9401200341997515,975.3954729001609,573.7415701921145
2024-02-21 12:15:00,0.9513859265147142,990.0874190866992,578.3809467973105
2024-02-21 12:30:00,0.9585052481625689,998.8745749732041,579.4759934340537
2024-02-21 12:45:00,0.9614474278203582,1001.7196627022864,577.0768489084503
2024-02-21 13:00:00,0.9601997846394775,995.7121928231774,569.5906529253185
2024-02-21 13:15:00,0.9547675812155608,989.531645548154,564.0549165071308
2024-02-21 13:30:00,0.9451740030756757,976.4766949464973,556.6133060192287
2024-02-21 13:45:00,0.9314600583807565,959.681435636861,545.0997800012209
2024-02-21 14:00:00,0.9136844026351068,936.2591292954461,529.903380243159
2024-02-21 14:15:00,0.8919230911424626,909.2996287650573,514.6448583086699
2024-02-21 14:30:00,0.8662692489373595,877.2292092585564,498.2668531669129
2024-02-21 14:45:00,0.8368326739756775,840.3965580795503,477.34587948858587
2024-02-21 15:00:00,0.803739372027874,798.2065679173933,453.38193322303806
2024-02-21 15:15:00,0.7671310095363496,753.1165155541056,430.815381106297
2024-02-21 15:30:00,0.7271643104941613,699.9959359928853,403.2579812816861
2024-02-21 15:45:00,0.6840103916674773,646.1969056590281,374.87749037042215
2024-02-21 16:00:00,0.6378540193615726,589.9702521475515,344.64386319958726
2024-02-21 16:15:00,0.5888928231841493,529.6476154864242,315.8287274614605
2024-02-21 16:30:00,0.5373364570960152,466.8237448781237,284.02856975926403
2024-02-21 16:45:00,0.4834056886964807,402.33636981452037,248.85897763876753
2024-02-21 17:00:00,0.42733146001224376,335.8673871883625,211.81905339820133
2024-02-21 17:15:00,0.36935390666538603,266.99942213253934,171.08509556513593
2024-02-21 17:30:00,0.30972131458836505,198.6300672485404,128.88210334619865
2024-02-21 17:45:00,0.24868906404122698,131.93105379389252,86.93751544874647
2024-02-21 18:00:00,0.1865185445062555,69.0903779068141,46.22619585599714
2024-02-21 18:15:00,0.12347601898322118,0.0,0.0
2024-02-21 18:30:00,0.05983149174420772,0.0,0.0
2024-02-21 18:45:00,-0.004142439321001987,0.0,0.0
2024-02-21 19:00:00,-0.06817176715852419,0.0,0.0
2024-02-21 19:15:00,-0.13198224057262492,0.0,0.0
2024-02-21 19:30:00,-0.195300530279152,0.0,0.0
2024-02-21 19:45:00,-0.2578554166254737,0.0,0.0
2024-02-21 20:00:00,-0.31937894259891625,0.0,0.0
2024-02-21 20:15:00,-0.37960755345364666,0.0,0.0
2024-02-21 20:30:00,-0.43828324206553115,0.0,0.0
2024-02-21 20:45:00,-0.49515464558514544,0.0,0.0
2024-02-21 21:00:00,-0.5499781148412123,0.0,0.0
2024-02-21 21:15:00,-0.6025187733122512,0.0,0.0
2024-02-21 21:30:00,-0.6525515152204031,0.0,0.0
2024-02-21 21:45:00,-0.6998619636800806,0.0,0.0
2024-02-21 22:00:00,-0.7442474025056867,0.0,0.0
2024-02-21 22:15:00,-0.7855176374154249,0.0,0.0
2024-02-21 22:30:00,-0.8234958060664106,0.0,0.0
2024-02-21 22:45:00,-0.8580191468668819,0.0,0.0
2024-02-21 23:00:00,-0.8889396902443429,0.0,0.0
2024-02-21 23:15:00,-0.9161248893068259,0.0,0.0
2024-02-21 23:30:00,-0.9394581961941926,0.0,0.0
2024-02-21 23:45:00,-0.9588395567549891,0.0,0.0
2024-02-22 00:00:00,-0.9741858376336383,0.0,0.0
2024-02-22 00:15:00,-0.9854311879786196,0.0,0.0
2024-02-22 00:30:00,-0.9925273184688279,0.0,0.0
2024-02-22 00:45:00,-0.9954437084548918,0.0,0.0
2024-02-22 01:00:00,-0.9941677390269661,0.0,0.0
2024-02-22 01:15:00,-0.988704745718296,0.0,0.0
2024-02-22 01:30:00,-0.9790779976735405,0.0,0.0
2024-02-22 01:45:00,-0.9653285969871349,0.0,0.0
2024-02-22 02:00:00,-0.9475153030007535,0.0,0.0
2024-02-22 02:15:00,-0.9257142843110069,0.0,0.0
2024-02-22 02:30:00,-0.9000187882013712,0.0,0.0
2024-02-22 02:45:00,-0.8705387433039689,0.0,0.0
2024-02-22 03:00:00,-0.8374002939342435,0.0,0.0
2024-02-22 03:15:00,-0.8007452523188683,0.0,0.0
2024-02-22 03:30:00,-0.7607304948680282,0.0,0.0
2024-02-22 03:45:00,-0.7175272967374824,0.0,0.0
2024-02-22 04:00:00,-0.6713205878628331,0.0,0.0
2024-02-22 04:15:00,-0.6223081660602126,0.0,0.0
2024-02-22 04:30:00,-0.570699857341647,0.0,0.0
2024-02-22 04:45:00,-0.5167166043974676,0.0,0.0
2024-02-22 05:00:00,-0.46058952670006953,0.0,0.0
2024-02-22 05:15:00,-0.40255893886306,0.0,0.0
2024-02-22 05:30:00,-0.342873306582724,0.0,0.0
2024-02-22 05:45:00,-0.28178818986189963,0.0,0.0
2024-02-22 06:00:00,-0.2195651571577808,0.0,0.0
2024-02-22 06:15:00,-0.15647064886617004,0.0,0.0
2024-02-22 06:30:00,-0.09277484430588093,0.0,0.0
2024-02-22 06:45:00,-0.028750513353724555,0.0,0.0
2024-02-22 07:00:00,0.03532816882536946,0.0,0.0
2024-02-22 07:15:00,0.09918678747318468,0.0,0.0
2024-02-22 07:30:00,0.16255185501626299,19.039107505504152,14.508767772224205
2024-02-22 07:45:00,0.22515199949912454,59.945215933383565,45.31779017043118
2024-02-22 08:00:00,0.2867191182250244,118.53993691093117,88.65617884460026
2024-02-22 08:15:00,0.34698951800927436,182.87525792931095,134.55471738497963
2024-02-22 08:30:00,0.4057050611658259,248.32163703529505,179.69673338135343
2024-02-22 08:45:00,0.46261426271166073,305.8305316778671,217.60361017461972
2024-02-22 09:00:00,0.5174733602512864,370.50550797669985,259.12741373237975
2024-02-22 09:15:00,0.5700473735187975,433.46804512312815,297.02935931860276
2024-02-22 09:30:00,0.620111102887255,493.9102170247452,331.4581383957059
2024-02-22 09:45:00,0.667450087892327,541.8378566026586,355.95516470574677
2024-02-22 10:00:00,0.7118615394348166,596.7946775790664,384.820515853809
2024-02-22 10:15:00,0.7531552013392242,647.4554857361177,410.94353837822086
2024-02-22 10:30:00,0.7911541605302033,694.6309955817463,432.4615175108354
2024-02-22 10:45:00,0.8256956161976452,727.198061197514,445.38740740854604
2024-02-22 11:00:00,0.8566315711633745,766.0543100915902,461.4433775726055
2024-02-22 11:15:00,0.8838294626704604,795.9176318388111,472.99663290342875
2024-02-22 11:30:00,0.9071727388173764,825.193899590667,482.0548365081497
2024-02-22 11:45:00,0.9265613532259964,916.0802362517809,527.7411592953848
2024-02-22 12:00:00,0.9419121921202105,935.3599387948672,531.2851514322382
2024-02-22 12:15:00,0.9531594359265033,949.1713762823674,533.3742214308581
2024-02-22 12:30:00,0.9602548381680468,958.4280801604019,532.763932792473
2024-02-22 12:45:00,0.9631679324265631,960.1089636569208,527.8761267513039
2024-02-22 13:00:00,0.9618861651637782,955.1168008305989,519.3395025336496
2024-02-22 13:15:00,0.9564149481420507,947.3400590019991,513.1960314103483
2024-02-22 13:30:00,0.9467776372655708,935.9514313427646,505.13465816899503
2024-02-22 13:45:00,0.933015431525797,917.254533448124,493.1898119638367
2024-02-22 14:00:00,0.9151871968922474,894.2128612962553,480.8007557733009
2024-02-22 14:15:00,0.8933692178502093,867.0842657868805,466.2142408745242
2024-02-22 14:30:00,0.8676548663288919,835.1096009785448,449.02208935127237
2024-02-22 14:45:00,0.8381542038139682,793.8587601846634,428.44698990954976
2024-02-22 15:00:00,0.8049935151187271,752.8996759124749,406.34129901588415
2024-02-22 15:15:00,0.7683147599822391,707.7250670257203,384.8216091687414
2024-02-22 15:30:00,0.7282749687173077,657.9675754743693,360.42621914973125
2024-02-22 15:45:00,0.6850455760807901,603.9495922453196,333.2774521530194
2024-02-22 16:00:00,0.6388116766536434,546.9713356338133,302.9407688943837
2024-02-22 16:15:00,0.5897712371885291,487.6603235575933,277.977166597582
2024-02-22 16:30:00,0.538134256201889,425.092340580843,248.32687061939424
2024-02-22 16:45:00,0.48412185171650657,360.346085843636,216.33104661808744
2024-02-22 17:00:00,0.4279653205907017,294.52499568370456,180.98323008567132
2024-02-22 17:15:00,0.369905156109771,227.33504399603146,141.99317180768884
2024-02-22 17:30:00,0.31019000315625556,161.18239120253338,102.3033453639278
2024-02-22 17:45:00,0.24907560064693923,96.26150496691032,61.87601845041971
2024-02-22 18:00:00,0.18682369494208195,40.6715486132815,26.554359121545485
2024-02-22 18:15:00,0.12370090248108626,0.0,0.0
2024-02-22 18:30:00,0.05997757607539152,0.0,0.0
2024-02-22 18:45:00,-0.004073344233028964,0.0,0.0
2024-02-22 19:00:00,-0.06817751719457933,0.0,0.0
2024-02-22 19:15:00,-0.1320603667635596,0.0,0.0
2024-02-22 19:30:00,-0.1954482495584792,0.0,0.0
2024-02-22 19:45:00,-0.2580696439775432,0.0,0.0
2024-02-22 20:00:00,-0.31965630450565574,0.0,0.0
2024-02-22 20:15:00,-0.37994440256342454,0.0,0.0
2024-02-22 20:30:00,-0.43867567308629923,0.0,0.0
2024-02-22 20:45:00,-0.4955985122851426,0.0,0.0
2024-02-22 21:00:00,-0.5504690480739625,0.0,0.0
2024-02-22 21:15:00,-0.6030522000213975,0.0,0.0
2024-02-22 21:30:00,-0.6531226783369314,0.0,0.0
2024-02-22 21:45:00,-0.7004659427881037,0.0,0.0
2024-02-22 22:00:00,-0.7448791352321811,0.0,0.0
2024-02-22 22:15:00,-0.7861719414643018,0.0,0.0
2024-02-22 22:30:00,-0.8241674016948317,0.0,0.0
2024-02-22 22:45:00,-0.8587026798420123,0.0,0.0
2024-02-22 23:00:00,-0.88962975510396,0.0,0.0
2024-02-22 23:15:00,-0.9168160528285583,0.0,0.0
2024-02-22 23:30:00,-0.9401450209971637,0.0,0.0
2024-02-22 23:45:00,-0.9595166248981464,0.0,0.0
2024-02-23 00:00:00,-0.9748477741537742,0.0,0.0
2024-02-23 00:15:00,-0.9860726842075583,0.0,0.0
2024-02-23 00:30:00,-0.9931431550731562,0.0,0.0
2024-02-23 00:45:00,-0.9960287780916992,0.0,0.0
2024-02-23 01:00:00,-0.9947170684960698,0.0,0.0
2024-02-23 01:15:00,-0.9892135175341761,0.0,0.0
2024-02-23 01:30:00,-0.9795415709696199,0.0,0.0
2024-02-23 01:45:00,-0.9657425276238089,0.0,0.0
2024-02-23 02:00:00,-0.947875362842233,0.0,0.0
2024-02-23 02:15:00,-0.9260164795496901,0.0,0.0
2024-02-23 02:30:00,-0.9002593766621272,0.0,0.0
2024-02-23 02:45:00,-0.870714250648809,0.0,0.0
2024-02-23 03:00:00,-0.8375075287186565,0.0,0.0
2024-02-23 03:15:00,-0.8007813198151699,0.0,0.0
2024-02-23 03:30:00,-0.7606928095489782,0.0,0.0
2024-02-23 03:45:00,-0.7174135935075203,0.0,0.0
2024-02-23 04:00:00,-0.6711289318092472,0.0,0.0
2024-02-23 04:15:00,-0.622036960819346,0.0,0.0
2024-02-23 04:30:00,-0.5703478519801392,0.0,0.0
2024-02-23 04:45:00,-0.516282898793213,0.0,0.0
2024-02-23 05:00:00,-0.4600735753995108,0.0,0.0
2024-02-23 05:15:00,-0.40196055338921577,0.0,0.0
2024-02-23 05:30:00,-0.34219265620177963,0.0,0.0
2024-02-23 05:45:00,-0.28102580080939576,0.0,0.0
2024-02-23 06:00:00,-0.21872191029217225,0.0,0.0
2024-02-23 06:15:00,-0.15554777576641107,0.0,0.0
2024-02-23 06:30:00,-0.09177392192877579,0.0,0.0
2024-02-23 06:45:00,-0.027673457090401296,0.0,0.0
2024-02-23 07:00:00,0.03647911348371357,0.0,0.0
2024-02-23 07:15:00,0.10040905478295009,0.0,0.0
2024-02-23 07:30:00,0.16384257011661393,19.079119673615033,13.767945599386062
2024-02-23 07:45:00,0.22650799096364857,62.12556279816526,44.077813763449754
2024-02-23 08:00:00,0.2881369318748556,119.45795910496419,83.54756225260876
2024-02-23 08:15:00,0.3484654319575302,181.917504889263,125.02475175244832
2024-02-23 08:30:00,0.40723510199179436,246.70385875447977,167.05648626824157
2024-02-23 08:45:00,0.46419422277029054,308.0625864891315,204.86956648969092
2024-02-23 09:00:00,0.5190988159824452,57.0,37.33038414000001
2024-02-23 09:15:00,0.5717137046735201,434.3110857573769,279.17120935085063
2024-02-23 09:30:00,0.6218135126285675,494.120699443369,312.6223174305089
2024-02-23 09:45:00,0.6691836236276254,549.9844570997222,341.2961465102084
2024-02-23 10:00:00,0.7136211143787778,604.116842235084,368.7826490901017
2024-02-23 10:15:00,0.7549356165652965,654.49441652823,392.9207717124618
2024-02-23 10:30:00,0.7929501276166002,425.1317838183991,251.78728126591034
2024-02-23 10:45:00,0.8275017801837085,473.07803583529625,275.40249210024626
2024-02-23 11:00:00,0.8584425337950399,533.8977547000094,306.491918450265
2024-02-23 11:15:00,0.885639805864396,576.0564437047076,328.3649095196536
2024-02-23 11:30:00,0.9089770481772284,669.0321568594499,378.65841872001727
2024-02-23 11:45:00,0.9283542415616743,651.4011799105618,367.3629359330537
2024-02-23 12:00:00,0.9436883228290815,723.5780841386276,405.14246537913783
2024-02-23 12:15:00,0.9549135461582986,854.0787906800754,476.4854157660941
2024-02-23 12:30:00,0.9619817616683972,596.263890158913,331.4467738153466
2024-02-23 12:45:00,0.9648626219551063,772.6716115267495,429.50699696235455
2024-02-23 13:00:00,0.9635437143904402,875.2775426481926,484.77357859818056
2024-02-23 13:15:00,0.9580306129295446,752.4898779508541,416.7674745652255
2024-02-23 13:30:00,0.9483468562499193,558.607363162476,309.3853975188885
2024-02-23 13:45:00,0.9345338458938659,558.5745599188862,309.3672294007662
2024-02-23 14:00:00,0.916650669273036,546.8283101517333,303.9668881883581
2024-02-23 14:15:00,0.8947738502650949,808.448327645375,449.39429406509464
2024-02-23 14:30:00,0.8689970170622179,776.0228373701079,432.9384693113022
2024-02-23 14:45:00,0.8394305031972566,762.1277519267178,426.72701553284503
2024-02-23 15:00:00,0.8062008801221044,721.0072539307236,405.1604297398203
2024-02-23 15:15:00,0.7694504075698757,676.08209508059,382.64853852445526
2024-02-23 15:30:00,0.7293364278790584,626.2648359432199,358.250706760616
2024-02-23 15:45:00,0.6860306985169802,588.7678266455729,340.37111400554033
2024-02-23 16:00:00,0.6397186460659019,529.7292420326814,309.45277623637253
2024-02-23 16:15:00,0.5905985771045187,266.9786940774715,159.1993218592554
2024-02-23 16:30:00,0.5388808363532609,267.04215752432606,162.4758870970978
2024-02-23 16:45:00,0.48478689288069665,169.99186986025197,105.48947224312049
2024-02-23 17:00:00,0.42854839792986327,175.13790555492062,110.80697077896853
2024-02-23 17:15:00,0.37040620098275934,129.7098665690346,83.11413088635234
2024-02-23 17:30:00,0.3106093033627811,87.82616292034763,56.98644098950483
2024-02-23 17:45:00,0.24941379910798472,49.209552138450945,32.32774163541601
2024-02-23 18:00:00,0.18708178685401972,16.0,10.64041272
2024-02-23 18:15:00,0.12388023096769268,0.0,0.0
2024-02-23 18:30:00,0.06007982630048157,0.0,0.0
2024-02-23 18:45:00,-0.004046152442323828,0.0,0.0
2024-02-23 19:00:00,-0.06822303815462905,0.0,0.0
2024-02-23 19:15:00,-0.1321759391651977,0.0,0.0
2024-02-23 19:30:00,-0.19563090807248867,0.0,0.0
2024-02-23 19:45:00,-0.25831613218272287,0.0,0.0
2024-02-23 20:00:00,-0.3199630890484901,0.0,0.0
2024-02-23 20:15:00,-0.38030768855264363,0.0,0.0
2024-02-23 20:30:00,-0.43909142060900563,0.0,0.0
2024-02-23 20:45:00,-0.4960624540014499,0.0,0.0
2024-02-23 21:00:00,-0.5509767077037994,0.0,0.0
2024-02-23 21:15:00,-0.6035989119110856,0.0,0.0
2024-02-23 21:30:00,-0.6537036076881825,0.0,0.0
2024-02-23 21:45:00,-0.701076106678575,0.0,0.0
2024-02-23 22:00:00,-0.7455134242936542,0.0,0.0
2024-02-23 22:15:00,-0.7868251420697856,0.0,0.0
2024-02-23 22:30:00,-0.8248342186152068,0.0,0.0
2024-02-23 22:45:00,-0.8593777592498026,0.0,0.0
2024-02-23 23:00:00,-0.8903077078365469,0.0,0.0
2024-02-23 23:15:00,-0.917491477789842,0.0,0.0
2024-02-23 23:30:00,-0.9408125286129367,0.0,0.0
2024-02-23 23:45:00,-0.9601708605167936,0.0,0.0
2024-02-24 00:00:00,-0.9754834412935143,0.0,0.0
2024-02-24 00:15:00,-0.986684567551677,0.0,0.0
2024-02-24 00:30:00,-0.9937261430962516,0.0,0.0
2024-02-24 00:45:00,-0.9965778852489493,0.0,0.0
2024-02-24 01:00:00,-0.9952274568543713,0.0,0.0
2024-02-24 01:15:00,-0.9896805177559278,0.0,0.0
2024-02-24 01:30:00,-0.9799607025700668,0.0,0.0
2024-02-24 01:45:00,-0.9661095183969765,0.0,0.0
2024-02-24 02:00:00,-0.9481861673827011,0.0,0.0
2024-02-24 02:15:00,-0.9262672967957589,0.0,0.0
2024-02-24 02:30:00,-0.9004466663636863,0.0,0.0
2024-02-24 02:45:00,-0.8708347487023167,0.0,0.0
2024-02-24 03:00:00,-0.8375582613084709,0.0,0.0
2024-02-24 03:15:00,-0.8007596162726692,0.0,0.0
2024-02-24 03:30:00,-0.7605963139373604,0.0,0.0
2024-02-24 03:45:00,-0.7172402747768047,0.0,0.0
2024-02-24 04:00:00,-0.6708770925920211,0.0,0.0
2024-02-24 04:15:00,-0.6217052447585345,0.0,0.0
2024-02-24 04:30:00,-0.5699352495619743,0.0,0.0
2024-02-24 04:45:00,-0.515788751683309,0.0,0.0
2024-02-24 05:00:00,-0.4594975792539967,0.0,0.0
2024-02-24 05:15:00,-0.4013027591393439,0.0,0.0
2024-02-24 05:30:00,-0.3414534697806203,0.0,0.0
2024-02-24 05:45:00,-0.2802059813212677,0.0,0.0
2024-02-24 06:00:00,-0.21782256669925537,0.0,0.0
2024-02-24 06:15:00,-0.15457036202990865,0.0,0.0
2024-02-24 06:30:00,-0.09072023059285564,0.0,0.0
2024-02-24 06:45:00,-0.02654561151169889,0.0,0.0
2024-02-24 07:00:00,0.03767866841805138,0.0,0.0
2024-02-24 07:15:00,0.10167756332198653,0.0,0.0
2024-02-24 07:30:00,0.16517697765901973,2.0,1.4715464399999998
2024-02-24 07:45:00,0.22790495734313426,4.0,2.91883662
2024-02-24 08:00:00,0.28959284592347323,7.0,5.06551563
2024-02-24 08:15:00,0.3499764272017636,9.0,6.458229224999999
2024-02-24 08:30:00,0.40879707349812777,12.0,8.53820352
2024-02-24 08:45:00,0.46580284498868907,16.0,11.254904640000001
2024-02-24 09:00:00,0.5207495615720688,19.0,13.249982025
2024-02-24 09:15:00,0.5734018641823524,71.0,48.939025905
2024-02-24 09:30:00,0.6235342149456382,98.0,66.55917744000001
2024-02-24 09:45:00,0.6709318572037839,345.7969421590027,231.36184312389543
2024-02-24 10:00:00,0.7153917489583252,228.9235049374995,151.31456452260113
2024-02-24 10:15:00,0.7567234255254229,317.9412795735592,206.94044684551656
2024-02-24 10:30:00,0.7947498106487341,411.73995455569616,263.8304192215745
2024-02-24 10:45:00,0.829307986320035,497.8181754172117,313.95538448678286
2024-02-24 11:00:00,0.8602498846734571,555.4974550226482,344.7172703665727
2024-02-24 11:15:00,0.8874429190614384,600.1632406011113,368.7954620303988
2024-02-24 11:30:00,0.91077056059424,640.1329167521619,388.18076158246987
2024-02-24 11:45:00,0.9301328327106788,936.6523389265352,560.4188390110505
2024-02-24 12:00:00,0.9454467379366019,677.2508603060761,399.7376085183246
2024-02-24 12:15:00,0.9566466189660507,783.5139564244762,459.29035748263516
2024-02-24 12:30:00,0.9636844368606904,629.3090326964802,366.35240441842376
2024-02-24 12:45:00,0.966529977099274,981.8394086794241,565.6241094103913
2024-02-24 13:00:00,0.9651709812919638,980.5741835828183,560.9310536662615
2024-02-24 13:15:00,0.9596131983167251,603.0665534192701,343.76126925048004
2024-02-24 13:30:00,0.949880361705913,612.5058534694818,347.90378721258503
2024-02-24 13:45:00,0.9360140869203573,734.4402690222497,414.193498287062
2024-02-24 14:00:00,0.9180736934385081,717.0731106615273,402.94969029314234
2024-02-24 14:15:00,0.8961359543415317,558.5437199738776,314.9952243634955
2024-02-24 14:30:00,0.8702947630677926,686.2689211821502,387.02687913414445
2024-02-24 14:45:00,0.840660733290769,672.4569227064752,380.59676563925717
2024-02-24 15:00:00,0.8073607302965382,495.64986290675375,280.52761201804674
2024-02-24 15:15:00,0.7705373200283216,491.21492801132865,280.99628947932604
2024-02-24 15:30:00,0.7303481621080437,433.3522048999233,249.64821414861308
2024-02-24 15:45:00,0.6869653409899101,393.1333892316199,228.06803475121066
2024-02-24 16:00:00,0.640574618491009,443.89592852286967,259.3113925792107
2024-02-24 16:15:00,0.5913746432392473,299.99352546374996,178.8860567358146
2024-02-24 16:30:00,0.5395761073391493,347.8382270934351,211.63446639746158
2024-02-24 16:45:00,0.4854008310538694,276.76252660417066,171.74664230793985
2024-02-24 17:00:00,0.42908081911134677,167.5253556311559,105.99063136755812
2024-02-24 17:15:00,0.37085727522446477,124.74116310934312,80.18248325468983
2024-02-24 17:30:00,0.3109795541642623,85.20775095806886,55.459706526986814
2024-02-24 17:45:00,0.24970410109757196,47.98224606585432,31.7154530298375
2024-02-24 18:00:00,0.1872933619560516,37.354749471693054,25.068393593293568
2024-02-24 18:15:00,0.12401464304784167,0.0,0.0
2024-02-24 18:30:00,0.06013897432391481,0.0,0.0
2024-02-24 18:45:00,-0.004060042697852498,0.0,0.0
2024-02-24 19:00:00,-0.06830742380241608,0.0,0.0
2024-02-24 19:15:00,-0.1323279713069567,0.0,0.0
2024-02-24 19:30:00,-0.19584744418628042,0.0,0.0
2024-02-24 19:45:00,-0.25859374982377026,0.0,0.0
2024-02-24 20:00:00,-0.32029810076061804,0.0,0.0
2024-02-24 20:15:00,-0.38069615788703665,0.0,0.0
2024-02-24 20:30:00,-0.4395291792589761,0.0,0.0
2024-02-24 20:45:00,-0.4965451199213047,0.0,0.0
2024-02-24 21:00:00,-0.551499704222795,0.0,0.0
2024-02-24 21:15:00,-0.6041574875640024,0.0,0.0
2024-02-24 21:30:00,-0.6542928569141508,0.0,0.0
2024-02-24 21:45:00,-0.7016909911276547,0.0,0.0
2024-02-24 22:00:00,-0.7461487947231843,0.0,0.0
2024-02-24 22:15:00,-0.787475760729456,0.0,0.0
2024-02-24 22:30:00,-0.8254947819849542,0.0,0.0
2024-02-24 22:45:00,-0.8600429211158092,0.0,0.0
2024-02-24 23:00:00,-0.8909721024791704,0.0,0.0
2024-02-24 23:15:00,-0.918149743301576,0.0,0.0
2024-02-24 23:30:00,-0.9414593301834138,0.0,0.0
2024-02-24 23:45:00,-0.9608009136001203,0.0,0.0
2024-02-25 00:00:00,-0.9760915345458758,0.0,0.0
2024-02-25 00:15:00,-0.9872655854494026,0.0,0.0
2024-02-25 00:30:00,-0.9942750881543205,0.0,0.0
2024-02-25 00:45:00,-0.997089899699841,0.0,0.0
2024-02-25 01:00:00,-0.995697843726661,0.0,0.0
2024-02-25 01:15:00,-0.9901047612503526,0.0,0.0
2024-02-25 01:30:00,-0.980334487654413,0.0,0.0
2024-02-25 01:45:00,-0.9664287495196546,0.0,0.0
2024-02-25 02:00:00,-0.9484469862207965,0.0,0.0
2024-02-25 02:15:00,-0.9264660990008671,0.0,0.0
2024-02-25 02:30:00,-0.9005801171655199,0.0,0.0
2024-02-25 02:45:00,-0.8708997973640874,0.0,0.0
2024-02-25 03:00:00,-0.8375521543435996,0.0,0.0
2024-02-25 03:15:00,-0.8006799093553268,0.0,0.0
2024-02-25 03:30:00,-0.7604408825010004,0.0,0.0
2024-02-25 03:45:00,-0.7170073231823374,0.0,0.0
2024-02-25 04:00:00,-0.6705651619031281,0.0,0.0
2024-02-25 04:15:00,-0.6213132189947721,0.0,0.0
2024-02-25 04:30:00,-0.5694623605551138,0.0,0.0
2024-02-25 04:45:00,-0.5152345823450398,0.0,0.0
2024-02-25 05:00:00,-0.45886206533780993,0.0,0.0
2024-02-25 05:15:00,-0.40058618949947794,0.0,0.0
2024-02-25 05:30:00,-0.3406564850577075,0.0,0.0
2024-02-25 05:45:00,-0.2793295711172614,0.0,0.0
2024-02-25 06:00:00,-0.21686806524772345,0.0,0.0
2024-02-25 06:15:00,-0.1535394423419449,0.0,0.0
2024-02-25 06:30:00,-0.08961489715737447,0.0,0.0
2024-02-25 06:45:00,-0.025368191581358196,0.0,0.0
2024-02-25 07:00:00,0.03892553504704518,0.0,0.0
2024-02-25 07:15:00,0.10299093573311266,0.0,0.0
2024-02-25 07:30:00,0.16655362663689635,48.47863543437341,37.433147273067085
2024-02-25 07:45:00,0.2293413794976969,106.66409316771004,81.49906726101625
2024-02-25 08:00:00,0.2910852788736802,171.89922828189287,129.95354235432086
2024-02-25 08:15:00,0.35152086595373955,237.984955408603,176.54611319116412
2024-02-25 08:30:00,0.4103892879016911,304.6205799232451,221.66867963907038
2024-02-25 08:45:00,0.4674383981075451,367.9116579453024,262.51906447914746
2024-02-25 09:00:00,0.5224238289668687,432.876070908543,301.8736925574116
2024-02-25 09:15:00,0.5751100540302134,495.456990252509,339.50662347630066
2024-02-25 09:30:00,0.625271388903637,556.2105977892222,373.2672922008855
2024-02-25 09:45:00,0.6726929518176012,613.4997473577162,403.03275409158334
2024-02-25 10:00:00,0.7171715977048962,667.9493965088345,430.70194990925677
2024-02-25 10:15:00,0.7585167812461211,718.42964659048,454.53902514286057
2024-02-25 10:30:00,0.7965513683588266,764.4410740518732,475.9236904699582
2024-02-25 10:45:00,0.8311124062316042,806.8989058277273,494.20182875019
2024-02-25 11:00:00,0.8620518154145733,631.9566849385053,380.667823855394
2024-02-25 11:15:00,0.8892370209097971,876.5317115888096,522.6756185741864
2024-02-25 11:30:00,0.9125515286702879,904.646169688578,533.9544290326098
2024-02-25 11:45:00,0.9318954199980505,699.9045725989668,410.27912613027746
2024-02-25 12:00:00,0.9471857780764952,674.5998294713409,391.3548468923991
2024-02-25 12:15:00,0.9583570486816868,645.1762476674014,372.9812469536697
2024-02-25 12:30:00,0.9653613179266685,614.8071839101873,354.18191894134134
2024-02-25 12:45:00,0.9681685177858148,612.0181386361062,351.33808259287133
2024-02-25 13:00:00,0.9667665571497343,602.9000300880112,344.8850222601502
2024-02-25 13:15:00,0.9611613722403368,833.5022515461585,478.48432000344013
2024-02-25 13:30:00,0.9513769031872739,616.0094541792913,353.6293564317331
2024-02-25 13:45:00,0.9374549903945479,602.17107149401,345.68522776641595
2024-02-25 14:00:00,0.9194551956473248,587.6011464112735,338.5088968616855
2024-02-25 14:15:00,0.8974545506584624,756.7563672010467,437.4865542543701
2024-02-25 14:30:00,0.8715472226864249,733.6244892082603,427.0796724624662
2024-02-25 14:45:00,0.8418441132197915,826.2412607656144,482.66667515625977
2024-02-25 15:00:00,0.8084723881048022,784.8387567560163,461.65338384230427
2024-02-25 15:15:00,0.7715749252974946,739.6407354570354,439.55249065300814
2024-02-25 15:30:00,0.7313097064979706,690.419321403781,414.4880165825935
2024-02-25 15:45:00,0.6878491469504535,635.0363004993719,385.0901403587724
2024-02-25 16:00:00,0.6413793464749853,578.5379597940882,354.33747110903255
2024-02-25 16:15:00,0.5920992975159982,320.8796759076034,199.77241508661783
2024-02-25 16:30:00,0.5402200402530501,268.721391230601,170.01575559230156
2024-02-25 16:45:00,0.48596374581335977,217.22955277451283,139.63317756223108
2024-02-25 17:00:00,0.4295627710071109,172.48299143041507,112.61374235713302
2024-02-25 17:15:00,0.371258671389462,130.14390476509283,86.54905373081014
2024-02-25 17:30:00,0.31130115174889383,190.66975744646462,129.1127746336715
2024-02-25 17:45:00,0.24994700391389274,119.98155736203468,82.70113442060365
2024-02-25 18:00:00,0.18745901570867657,19.0,13.326793514999999
2024-02-25 18:15:00,0.12410482894346346,0.0,0.0
2024-02-25 18:30:00,0.06015580132416118,0.0,0.0
2024-02-25 18:45:00,-0.00411414705656446,0.0,0.0
2024-02-25 19:00:00,-0.06842972399816646,0.0,0.0
2024-02-25 19:15:00,-0.13251543576925442,0.0,0.0
2024-02-25 19:30:00,-0.19609675847338998,0.0,0.0
2024-02-25 19:45:00,-0.2589013310447664,0.0,0.0
2024-02-25 20:00:00,-0.3206601131875258,0.0,0.0
2024-02-25 20:15:00,-0.38110852962176406,0.0,0.0
2024-02-25 20:30:00,-0.4399876199722996,0.0,0.0
2024-02-25 20:45:00,-0.49704513949012824,0.0,0.0
2024-02-25 21:00:00,-0.552036632255333,0.0,0.0
2024-02-25 21:15:00,-0.6047264937156329,0.0,0.0
2024-02-25 21:30:00,-0.6548889718660021,0.0,0.0
2024-02-25 21:45:00,-0.7023091282040191,0.0,0.0
2024-02-25 22:00:00,-0.7467837719741205,0.0,0.0
2024-02-25 22:15:00,-0.7881223234771035,0.0,0.0
2024-02-25 22:30:00,-0.8261476256356779,0.0,0.0
2024-02-25 22:45:00,-0.8606967141986219,0.0,0.0
2024-02-25 23:00:00,-0.8916215098159457,0.0,0.0
2024-02-25 23:15:00,-0.918789449177997,0.0,0.0
2024-02-25 23:30:00,-0.9420840614243267,0.0,0.0
2024-02-25 23:45:00,-0.9614054624733065,0.0,0.0
2024-02-26 00:00:00,-0.9766707813784918,0.0,0.0
2024-02-26 00:15:00,-0.9878145208443583,0.0,0.0
2024-02-26 00:30:00,-0.9947888347359919,0.0,0.0
2024-02-26 00:45:00,-0.9975637332874763,0.0,0.0
2024-02-26 01:00:00,-0.9961272138294441,0.0,0.0
2024-02-26 01:15:00,-0.9904853108135394,0.0,0.0
2024-02-26 01:30:00,-0.9806620719662908,0.0,0.0
2024-02-26 01:45:00,-0.9666994541808125,0.0,0.0
2024-02-26 02:00:00,-0.9486571441236609,0.0,0.0
2024-02-26 02:15:00,-0.9266123062303377,0.0,0.0
2024-02-26 02:30:00,-0.9006592477514512,0.0,0.0
2024-02-26 02:45:00,-0.8709090168214322,0.0,0.0
2024-02-26 03:00:00,-0.8374889319744109,0.0,0.0
2024-02-26 03:15:00,-0.8005420291848914,0.0,0.0
2024-02-26 03:30:00,-0.7602264528609821,0.0,0.0
2024-02-26 03:45:00,-0.7167147849084059,0.0,0.0
2024-02-26 04:00:00,-0.6701932950708691,0.0,0.0
2024-02-26 04:15:00,-0.6208611481663844,0.0,0.0
2024-02-26 04:30:00,-0.5689295585534546,0.0,0.0
2024-02-26 04:45:00,-0.5146208725181726,0.0,0.0
2024-02-26 05:00:00,-0.4581676222526213,0.0,0.0
2024-02-26 05:15:00,-0.3998115381862106,0.0,0.0
2024-02-26 05:30:00,-0.33980249866209494,0.0,0.0
2024-02-26 05:45:00,-0.2783974670767947,0.0,0.0
2024-02-26 06:00:00,-0.21585939997013012,0.0,0.0
2024-02-26 06:15:00,-0.15245610441203564,0.0,0.0
2024-02-26 06:30:00,-0.08845909910647129,0.0,0.0
2024-02-26 06:45:00,-0.024142460209710295,0.0,0.0
2024-02-26 07:00:00,0.04021836962430159,0.0,0.0
2024-02-26 07:15:00,0.10434775247417998,0.0,0.0
2024-02-26 07:30:00,0.16797102712288506,3.0,2.1466790099999997
2024-02-26 07:45:00,0.23081570271019175,17.0,12.061425284999999
2024-02-26 08:00:00,0.29261261716501163,25.0,17.636322375
2024-02-26 08:15:00,0.3530970820168329,10.0,6.993888299999999
2024-02-26 08:30:00,0.41201003275802395,13.0,9.039499560000001
2024-02-26 08:45:00,0.4690991300254347,17.0,11.717794934999999
2024-02-26 09:00:00,0.5241198332276944,21.0,14.34757779
2024-02-26 09:15:00,0.5768364634094046,31.0,20.991771675000003
2024-02-26 09:30:00,0.6270232048146234,40.0,26.762740199999996
2024-02-26 09:45:00,0.6744650660452262,108.0,71.60447952
2024-02-26 10:00:00,0.7189588146212211,80.0,52.555229999999995
2024-02-26 10:15:00,0.7603138403496842,155.76031384034968,101.38069831684872
2024-02-26 10:30:00,0.7983529671540104,220.75717714600427,142.34693099537773
2024-02-26 10:45:00,0.8329132232668499,300.46849174501375,191.92370224947257
2024-02-26 11:00:00,0.8638465333862837,335.3377276049244,212.16285341583264
2024-02-26 11:15:00,0.8910203497460271,370.6852995213011,233.02812750391658
2024-02-26 11:30:00,0.9143182285291681,273.17250154146257,170.62318797268298
2024-02-26 11:45:00,0.9336403240050001,259.40736777612,160.9767946265674
2024-02-26 12:00:00,0.9489038147577944,251.0291724803981,154.7628172464301
2024-02-26 12:15:00,0.9600432639830645,199.76025958389837,122.75106545140811
2024-02-26 12:30:00,0.9670108967215938,165.0,101.05764322499999
2024-02-26 12:45:00,0.9697768047714368,167.0,101.94501806999999
2024-02-26 13:00:00,0.9683290770491039,171.9683290770491,104.28271254646157
2024-02-26 13:15:00,0.9626738492184985,193.8133692460925,117.52968689773058
2024-02-26 13:30:00,0.9528352794087027,216.57551751467832,131.33280156176477
2024-02-26 13:45:00,0.9388554436182908,283.92108508302186,172.17159148139748
2024-02-26 14:00:00,0.9207941558073718,218.1287357138811,131.8337675631007
2024-02-26 14:15:00,0.8987287153445964,164.0,99.450666
2024-02-26 14:30:00,0.8727535714574094,203.7275357145741,123.9535075592542
2024-02-26 14:45:00,0.842979920679895,92.0,56.16132732
2024-02-26 15:00:00,0.809535235746399,43.0,26.336234295
2024-02-26 15:15:00,0.7725627119249103,67.0,41.306389425
2024-02-26 15:30:00,0.7322206573626671,87.0,53.988370695
2024-02-26 15:45:00,0.6886818214081742,72.0,45.1166436
2024-02-26 16:00:00,0.642132644216771,29.0,18.28922004
2024-02-26 16:15:00,0.5927724632806743,516.3576648503478,328.77877650457606
2024-02-26 16:30:00,0.5408126671253028,38.0,24.42605382
2024-02-26 16:45:00,0.48647577690591426,34.0,22.06106847
2024-02-26 17:00:00,0.4299944997008302,27.0,17.68281354
2024-02-26 17:15:00,0.3716107400159333,259.44651106906605,171.48975527891793
2024-02-26 17:30:00,0.3115745487533419,14.0,9.36695907
2024-02-26 17:45:00,0.25014305956067473,127.55407651393504,86.1159114908296
2024-02-26 18:00:00,0.1875793962249567,67.39421388643953,46.044939349123304
2024-02-26 18:15:00,0.12415152927821535,0.0,0.0
2024-02-26 18:30:00,0.06013113642954442,0.0,0.0
2024-02-26 18:45:00,-0.004207552288912508,0.0,0.0
2024-02-26 19:00:00,-0.06858894620760599,0.0,0.0
2024-02-26 19:15:00,-0.1327372658031344,0.0,0.0
2024-02-26 19:30:00,-0.19637771538217316,0.0,0.0
2024-02-26 19:45:00,-0.25923767724383334,0.0,0.0
2024-02-26 20:00:00,-0.3210478706813706,0.0,0.0
2024-02-26 20:15:00,-0.3815434973409927,0.0,0.0
2024-02-26 20:30:00,-0.4404653920157623,0.0,0.0
2024-02-26 20:45:00,-0.4975611243140443,0.0,0.0
2024-02-26 21:00:00,-0.552586072585237,0.0,0.0
2024-02-26 21:15:00,-0.6053044872520669,0.0,0.0
2024-02-26 21:30:00,-0.6554904926248454,0.0,0.0
2024-02-26 21:45:00,-0.7029290483039536,0.0,0.0
2024-02-26 22:00:00,-0.7474168839658637,0.0,0.0
2024-02-26 22:15:00,-0.7887633629278387,0.0,0.0
2024-02-26 22:30:00,-0.8267912940335511,0.0,0.0
2024-02-26 22:45:00,-0.8613377019483214,0.0,0.0
2024-02-26 23:00:00,-0.8922545193104208,0.0,0.0
2024-02-26 23:15:00,-0.9194092178084374,0.0,0.0
2024-02-26 23:30:00,-0.9426853844384238,0.0,0.0
2024-02-26 23:45:00,-0.9619832155640529,0.0,0.0
2024-02-27 00:00:00,-0.9772199429432891,0.0,0.0
2024-02-27 00:15:00,-0.9883301937870673,0.0,0.0
2024-02-27 00:30:00,-0.9952662677103608,0.0,0.0
2024-02-27 00:45:00,-0.9979983413413575,0.0,0.0
2024-02-27 01:00:00,-0.9965145982900941,0.0,0.0
2024-02-27 01:15:00,-0.9908212783745103,0.0,0.0
2024-02-27 01:30:00,-0.9809426528908545,0.0,0.0
2024-02-27 01:45:00,-0.9669209195107589,0.0,0.0
2024-02-27 02:00:00,-0.9488160218576386,0.0,0.0
2024-02-27 02:15:00,-0.9267053963835759,0.0,0.0
2024-02-27 02:30:00,-0.9006836362247277,0.0,0.0
2024-02-27 02:45:00,-0.8708620880284822,0.0,0.0
2024-02-27 03:00:00,-0.8373683801795901,0.0,0.0
2024-02-27 03:15:00,-0.8003458684858289,0.0,0.0
2024-02-27 03:30:00,-0.7599530257707849,0.0,0.0
2024-02-27 03:45:00,-0.7163627695560179,0.0,0.0
2024-02-27 04:00:00,-0.6697617108722843,0.0,0.0
2024-02-27 04:15:00,-0.6203493600696965,0.0,0.0
2024-02-27 04:30:00,-0.5683372797999365,0.0,0.0
2024-02-27 04:45:00,-0.5139481657689786,0.0,0.0
2024-02-27 05:00:00,-0.45741489935207363,0.0,0.0
2024-02-27 05:15:00,-0.3989795583212443,0.0,0.0
2024-02-27 05:30:00,-0.3388923650338291,0.0,0.0
2024-02-27 05:45:00,-0.2774106220632455,0.0,0.0
2024-02-27 06:00:00,-0.21479761885282272,0.0,0.0
2024-02-27 06:15:00,-0.15132148762377906,0.0,0.0
2024-02-27 06:30:00,-0.0872540630494214,0.0,0.0
2024-02-27 06:45:00,-0.02286972677448859,0.0,0.0
2024-02-27 07:00:00,0.041555784940555514,0.0,0.0
2024-02-27 07:15:00,0.10574655367843992,0.0,0.0
2024-02-27 07:30:00,0.16942765208897373,3.0,2.0496539699999996
2024-02-27 07:45:00,0.23232633862756066,116.193071630825,79.15032940523194
2024-02-27 08:00:00,0.2941732171722668,7.0,4.7542269600000004
2024-02-27 08:15:00,0.35470338278052316,10.0,6.771539249999999
2024-02-27 08:30:00,0.4136575730239739,13.0,8.77672341
2024-02-27 08:45:00,0.47078327000694886,16.0,10.76977944
2024-02-27 09:00:00,0.5258357747644047,20.0,13.4217972
2024-02-27 09:15:00,0.5785792708460453,24.0,16.009131599999996
2024-02-27 09:30:00,0.6287878264162643,28.0,18.62072226
2024-02-27 09:45:00,0.676246355998467,32.0,21.21614208
2024-02-27 10:00:00,0.7207515553380356,36.0,23.72262228
2024-02-27 10:15:00,0.7621127651927051,40.0,26.277614999999997
2024-02-27 10:30:00,0.80015278328493,43.0,28.16151786
2024-02-27 10:45:00,0.8347086346408442,46.0,30.033292590000002
2024-02-27 11:00:00,0.8656322637598286,49.0,31.892939189999996
2024-02-27 11:15:00,0.8927911655998032,53.0,34.49644443
2024-02-27 11:30:00,0.9160689617797351,55.0,35.79819705
2024-02-27 11:45:00,0.9353658944587209,56.0,36.44907335999999
2024-02-27 12:00:00,0.9505992521706812,938.9345329362476,609.2323241162949
2024-02-27 12:15:00,0.9617037296322093,58.0,37.750825979999995
2024-02-27 12:30:00,0.9686317044120457,59.0,38.401702289999996
2024-02-27 12:45:00,0.9713534411827067,37.0,24.08242347
2024-02-27 13:00:00,0.9698572213160398,59.0,38.401702289999996
2024-02-27 13:15:00,0.9641493916830761,60.0,39.0525786
2024-02-27 13:30:00,0.9542543394600036,59.0,38.520962235000006
2024-02-27 13:45:00,0.9402143865152545,55.0,35.90937157500001
2024-02-27 14:00:00,0.9220896084517315,54.0,35.256473910000004
2024-02-27 14:15:00,0.8999575809092051,88.0,57.63287376
2024-02-27 14:30:00,0.8739130428069919,68.0,44.6719455
2024-02-27 14:45:00,0.8440674925375927,47.0,30.876197625000003
2024-02-27 15:00:00,0.8105487155662012,45.0,29.653277849999995
2024-02-27 15:15:00,0.7735002293721159,64.0,42.30291744
2024-02-27 15:30:00,0.7330806723993168,45.0,29.835199799999998
2024-02-27 15:45:00,0.6894631309703254,36.0,23.94092862
2024-02-27 16:00:00,0.6428343873998462,205.49856640619032,137.07723305033497
2024-02-27 16:15:00,0.5933941250596462,315.2380551427149,211.55306229239687
2024-02-27 16:30:00,0.541354080538527,219.15800696670283,147.96070847950799
2024-02-27 16:45:00,0.48693712379005594,182.14507157818792,123.70842998973583
2024-02-27 17:00:00,0.4303763098303496,143.06289932065985,97.74314651743359
2024-02-27 17:15:00,0.37191388879300963,105.61268054740582,72.36996404199861
2024-02-27 17:30:00,0.31180025335749617,190.2343188246657,131.12510221099078
2024-02-27 17:45:00,0.25029287364504504,42.50644322019099,29.47076975662476
2024-02-27 18:00:00,0.1876552031348046,4.0,2.7813844800000003
2024-02-27 18:15:00,0.1241555338378915,0.0,0.0
2024-02-27 18:30:00,0.06006585535213505,0.0,0.0
2024-02-27 18:45:00,-0.004339301379795976,0.0,0.0
2024-02-27 19:00:00,-0.06878405701659676,0.0,0.0
2024-02-27 19:15:00,-0.13299235693760394,0.0,0.0
2024-02-27 19:30:00,-0.1966891449845864,0.0,0.0
2024-02-27 19:45:00,-0.2596015589053765,0.0,0.0
2024-02-27 20:00:00,-0.3214600903012492,0.0,0.0
2024-02-27 20:15:00,-0.3819997310244091,0.0,0.0
2024-02-27 20:30:00,-0.4409611248866301,0.0,0.0
2024-02-27 20:45:00,-0.4980916701161004,0.0,0.0
2024-02-27 21:00:00,-0.5531465940925677,0.0,0.0
2024-02-27 21:15:00,-0.6058900172599443,0.0,0.0
2024-02-27 21:30:00,-0.656095955548922,0.0,0.0
2024-02-27 21:45:00,-0.703549282233807,0.0,0.0
2024-02-27 22:00:00,-0.7480466631064508,0.0,0.0
2024-02-27 22:15:00,-0.7893974202739723,0.0,0.0
2024-02-27 22:30:00,-0.8274243442812894,0.0,0.0
2024-02-27 22:45:00,-0.8619644644483845,0.0,0.0
2024-02-27 23:00:00,-0.892869740999583,0.0,0.0
2024-02-27 23:15:00,-0.9200076960209708,0.0,0.0
2024-02-27 23:30:00,-0.9432619895121268,0.0,0.0
2024-02-27 23:45:00,-0.9625329131056971,0.0,0.0
2024-02-28 00:00:00,-0.9777378156969898,0.0,0.0
2024-02-28 00:15:00,-0.9888114629742382,0.0,0.0
2024-02-28 00:30:00,-0.9957063137842364,0.0,0.0
2024-02-28 00:45:00,-0.9983927240373801,0.0,0.0
2024-02-28 01:00:00,-0.996859075896362,0.0,0.0
2024-02-28 01:15:00,-0.9911118261381782,0.0,0.0
2024-02-28 01:30:00,-0.9811754804890012,0.0,0.0
2024-02-28 01:45:00,-0.9670924874914373,0.0,0.0
2024-02-28 02:00:00,-0.948923056987555,0.0,0.0
2024-02-28 02:15:00,-0.9267449058626336,0.0,0.0
2024-02-28 02:30:00,-0.900652920637678,0.0,0.0
2024-02-28 02:45:00,-0.8707587530636627,0.0,0.0
2024-02-28 03:00:00,-0.8371903469952593,0.0,0.0
2024-02-28 03:15:00,-0.80009138272137,0.0,0.0
2024-02-28 03:30:00,-0.7596206651387352,0.0,0.0
2024-02-28 03:45:00,-0.715951449994759,0.0,0.0
2024-02-28 04:00:00,-0.669270691220847,0.0,0.0
2024-02-28 04:15:00,-0.6197782452591001,0.0,0.0
2024-02-28 04:30:00,-0.5676860225400168,0.0,0.0
2024-02-28 04:45:00,-0.5132170667498045,0.0,0.0
2024-02-28 05:00:00,-0.4566046058689008,0.0,0.0
2024-02-28 05:15:00,-0.39809106146240997,0.0,0.0
2024-02-28 05:30:00,-0.3379269953510721,0.0,0.0
2024-02-28 05:45:00,-0.2763700437525125,0.0,0.0
2024-02-28 06:00:00,-0.21368382249440482,0.0,0.0
2024-02-28 06:15:00,-0.1501367815128222,0.0,0.0
2024-02-28 06:30:00,-0.08600106315151042,0.0,0.0
2024-02-28 06:45:00,-0.021551345347261747,0.0,0.0
2024-02-28 07:00:00,0.042936352058988804,0.0,0.0
2024-02-28 07:15:00,0.10718584093049721,0.0,0.0
2024-02-28 07:30:00,0.17092193927940375,37.502833203072896,26.001643017354713
2024-02-28 07:45:00,0.2338716671463691,5.0,3.4666238249999997
2024-02-28 08:00:00,0.2957654071656267,7.0,4.83912387
2024-02-28 08:15:00,0.35633805133262564,10.0,6.913034099999999
2024-02-28 08:30:00,0.415330153217683,14.0,9.64994877
2024-02-28 08:45:00,0.47248903078134175,17.0,11.6834319
2024-02-28 09:00:00,0.5275698414550255,21.0,14.390026245000001
2024-02-28 09:15:00,0.580336646388494,24.0,16.397231759999997
2024-02-28 09:30:00,0.6305634130773763,29.0,19.754702415
2024-02-28 09:45:00,0.6780349774858472,17.0,11.54597976
2024-02-28 10:00:00,0.722547979331815,19.0,12.865924575
2024-02-28 10:15:00,0.7639117260596752,22.0,14.852916539999999
2024-02-28 10:30:00,0.8019490049494757,43.0,28.943782244999998
2024-02-28 10:45:00,0.8364968535093569,32.0,21.47487552
2024-02-28 11:00:00,0.8674072515793978,64.0,42.82038432
2024-02-28 11:15:00,0.8945477521722218,30.0,20.07205515
2024-02-28 11:30:00,0.917802057418309,45.0,30.017121749999994
2024-02-28 11:45:00,0.9370705120802999,64.0,42.56165088
2024-02-28 12:00:00,0.9522705289591815,86.0,57.01838184
2024-02-28 12:15:00,0.96333694814448,40.0,26.5201776
2024-02-28 12:30:00,0.9702223130597565,43.0,28.50919092
2024-02-28 12:45:00,0.972897073996438,78.0,51.55668063
2024-02-28 13:00:00,0.971349716892003,145.0,95.842547325
2024-02-28 13:15:00,0.9655868112408791,202.79352086744527,134.04308704097585
2024-02-28 13:30:00,0.9556329839415607,144.0,95.18156424
2024-02-28 13:45:00,0.9415308126307019,217.41530812630702,143.26836757139432
2024-02-28 14:00:00,0.923340643613266,274.62355995201125,180.96641616473605
2024-02-28 14:15:00,0.9011403369958987,51.0,33.60704823
2024-02-28 14:30:00,0.8750249286983713,49.0,32.388171165
2024-02-28 14:45:00,0.8451062253262575,249.04339921044024,164.61347430900335
2024-02-28 15:00:00,0.8115123304637759,282.7483014801454,186.89184459085658
2024-02-28 15:15:00,0.7743870882172059,301.987482998155,200.21904205220127
2024-02-28 15:30:00,0.733889470740799,134.0,88.84259496000001
2024-02-28 15:45:00,0.690192903732697,309.7131794420239,205.34121309657857
2024-02-28 16:00:00,0.6434845130262172,211.11346237275654,139.96916289691052
2024-02-28 16:15:00,0.5939643281902143,140.12757193828259,93.47169749785137
2024-02-28 16:30:00,0.5418444332033862,104.0,69.58312452
2024-02-28 16:45:00,0.48734804502478324,52.0,35.001783180000004
2024-02-28 17:00:00,0.43070856386453693,41.0,27.680435369999998
2024-02-28 17:15:00,0.37216858171075545,31.0,21.117095685000002
2024-02-28 17:30:00,0.3119788282441385,39.0,26.803167300000002
2024-02-28 17:45:00,0.2503971042863481,14.0,9.70654671
2024-02-28 18:00:00,0.18768718633863302,8.0,5.59511064
2024-02-28 18:15:00,0.12411768025847648,23.791179624555266,16.639285281937546
2024-02-28 18:30:00,0.05996087898832518,0.0,0.0
2024-02-28 18:45:00,-0.004508394965946433,0.0,0.0
2024-02-28 19:00:00,-0.06901398379282575,0.0,0.0
2024-02-28 19:15:00,-0.13327956867941032,0.0,0.0
2024-02-28 19:30:00,-0.19702984472829432,0.0,0.0
2024-02-28 19:45:00,-0.2599917174177786,0.0,0.0
2024-02-28 20:00:00,-0.3218954636474779,0.0,0.0
2024-02-28 20:15:00,-0.38247587897116875,0.0,0.0
2024-02-28 20:30:00,-0.44147343025100844,0.0,0.0
2024-02-28 20:45:00,-0.4986353588066865,0.0,0.0
2024-02-28 21:00:00,-0.5537167558614843,0.0,0.0
2024-02-28 21:15:00,-0.6064816270520679,0.0,0.0
2024-02-28 21:30:00,-0.6567038953199341,0.0,0.0
2024-02-28 21:45:00,-0.7041683631995309,0.0,0.0
2024-02-28 22:00:00,-0.7486716482896913,0.0,0.0
2024-02-28 22:15:00,-0.7900230472691367,0.0,0.0
2024-02-28 22:30:00,-0.8280453480828672,0.0,0.0
2024-02-28 22:45:00,-0.8625756003534177,0.0,0.0
2024-02-28 23:00:00,-0.8934658073668141,0.0,0.0
2024-02-28 23:15:00,-0.9205835568826104,0.0,0.0
2024-02-28 23:30:00,-0.9438125968556876,0.0,0.0
2024-02-28 23:45:00,-0.9630533288134495,0.0,0.0
2024-02-29 00:00:00,-0.978223232985188,0.0,0.0
2024-02-29 00:15:00,-0.9892572272649922,0.0,0.0
2024-02-29 00:30:00,-0.996107942907297,0.0,0.0
2024-02-29 00:45:00,-0.9987459276982418,0.0,0.0
2024-02-29 01:00:00,-0.9971597742912355,0.0,0.0
2024-02-29 01:15:00,-0.9913561676620173,0.0,0.0
2024-02-29 01:30:00,-0.9813598584624379,0.0,0.0
2024-02-29 01:45:00,-0.9672135557946765,0.0,0.0
2024-02-29 02:00:00,-0.9489777445860073,0.0,0.0
2024-02-29 02:15:00,-0.9267304301319976,0.0,0.0
2024-02-29 02:30:00,-0.9005667994242388,0.0,0.0
2024-02-29 02:45:00,-0.8705988154421614,0.0,0.0
2024-02-29 03:00:00,-0.8369547427020982,0.0,0.0
2024-02-29 03:15:00,-0.7997785901436365,0.0,0.0
2024-02-29 03:30:00,-0.7592294979124192,0.0,0.0
2024-02-29 03:45:00,-0.7154810621274155,0.0,0.0
2024-02-29 04:00:00,-0.6687205807666353,0.0,0.0
2024-02-29 04:15:00,-0.6191482564415893,0.0,0.0
2024-02-29 04:30:00,-0.5669763464365469,0.0,0.0
2024-02-29 04:45:00,-0.5124282404288076,0.0,0.0
2024-02-29 05:00:00,-0.45573751002854,0.0,0.0
2024-02-29 05:15:00,-0.39714691659241025,0.0,0.0
2024-02-29 05:30:00,-0.336907356377637,0.0,0.0
2024-02-29 05:45:00,-0.2752767933016287,0.0,0.0
2024-02-29 06:00:00,-0.21251916267567805,0.0,0.0
2024-02-29 06:15:00,-0.1489032243294897,0.0,0.0
2024-02-29 06:30:00,-0.0847014195829857,0.0,0.0
2024-02-29 06:45:00,-0.020188713084842907,0.0,0.0
2024-02-29 07:00:00,0.04435860203155326,0.0,0.0
2024-02-29 07:15:00,0.10866407906188563,0.0,0.0
2024-02-29 07:30:00,0.1724522931907802,69.079476041083,47.19634077104188
2024-02-29 07:45:00,0.23545003847612112,129.65356612149475,88.05749707356472
2024-02-29 08:00:00,0.297387489407092,193.9388819810949,130.9344558148233
2024-02-29 08:15:00,0.3579993485278248,260.08361041963923,175.06519501115002
2024-02-29 08:30:00,0.4170259995060313,325.8201336744746,217.99598973648088
2024-02-29 08:45:00,0.4742146106848749,18.0,12.006848699999999
2024-02-29 09:00:00,0.5293202108082862,22.0,14.586097680000002
2024-02-29 09:15:00,0.5821067538154232,25.0,16.524577124999997
2024-02-29 09:30:00,0.6323481219574152,30.0,19.70821125
2024-02-29 09:45:00,0.6798290882477216,33.0,21.612327660000002
2024-02-29 10:00:00,0.7243462520676909,37.0,24.08242347
2024-02-29 10:15:00,0.765708903268064,41.0,26.603053154999998
2024-02-29 10:30:00,0.8037398343816913,45.0,29.107512
2024-02-29 10:45:00,0.8382761110006149,48.0,30.95098776
2024-02-29 11:00:00,0.8691697637185577,51.0,32.78233539
2024-02-29 11:15:00,0.8962884187883235,54.0,34.71070806
2024-02-29 11:30:00,0.919515873715616,56.0,35.99628984
2024-02-29 11:45:00,0.9387525903830312,56.0,35.99628984
2024-02-29 12:00:00,0.953916119927866,62.0,39.85303518
2024-02-29 12:15:00,0.964941461409178,112.0,71.99257968
2024-02-29 12:30:00,0.9717813371390143,143.0,92.20815103500001
2024-02-29 12:45:00,0.9744063954594294,136.0,87.69446532
2024-02-29 13:00:00,0.9728053386413865,160.0,103.493376
2024-02-29 13:15:00,0.966984969862969,92.0,59.5086912
2024-02-29 13:30:00,0.956970166045279,72.0,46.5720192
2024-02-29 13:45:00,0.9428037700900496,56.0,36.33587748
2024-02-29 14:00:00,0.9245464076569441,56.0,36.33587748
2024-02-29 14:15:00,0.9022762311043209,52.0,33.740457660000004
2024-02-29 14:30:00,0.876088580183722,55.0,35.79819705
2024-02-29 14:45:00,0.8460955756399914,59.0,38.401702289999996
2024-02-29 15:00:00,0.812425644118973,56.0,36.562269240000006
2024-02-29 15:15:00,0.7752229603005378,113.0,74.00584926
2024-02-29 15:30:00,0.7346468329998281,141.0,92.34358182
2024-02-29 15:45:00,0.690871029202831,642.7320832091469,422.23665576794815
2024-02-29 16:00:00,0.6440830191520592,586.7749964557119,386.66226678519973
2024-02-29 16:15:00,0.5944831784709528,89.0,58.827494565
2024-02-29 16:30:00,0.5422839373470922,466.1706690729721,309.07322339315124
2024-02-29 16:45:00,0.4877088575603922,70.0,46.6933005
2024-02-29 17:00:00,0.4309916812899063,55.0,36.798767775
2024-02-29 17:15:00,0.3723753381282553,42.0,28.185774120000005
2024-02-29 17:30:00,0.31211088958015043,210.3488783795026,142.013378856971
2024-02-29 17:45:00,0.2504564610170601,141.6999299254723,96.23908958311304
2024-02-29 18:00:00,0.18767614478497624,81.5549571729126,55.55496239375717
2024-02-29 18:15:00,0.12403885262192829,30.233711335423457,20.595102425251813
2024-02-29 18:30:00,0.0598171719091774,0.0,0.0
2024-02-29 18:45:00,-0.004713792979985143,0.0,0.0
2024-02-29 19:00:00,-0.06927761629251306,0.0,0.0
2024-02-29 19:15:00,-0.1335977262679489,0.0,0.0
2024-02-29 19:30:00,-0.19739858118978393,0.0,0.0
2024-02-29 19:45:00,-0.2604068669088618,0.0,0.0
2024-02-29 20:00:00,-0.322352658763507,0.0,0.0
2024-02-29 20:15:00,-0.38297056977251515,0.0,0.0
2024-02-29 20:30:00,-0.4420009039897139,0.0,0.0
2024-02-29 20:45:00,-0.4991907604475929,0.0,0.0
2024-02-29 21:00:00,-0.5542951091633133,0.0,0.0
2024-02-29 21:15:00,-0.6070778561833683,0.0,0.0
2024-02-29 21:30:00,-0.6573128469372034,0.0,0.0
2024-02-29 21:45:00,-0.7047848288235956,0.0,0.0
2024-02-29 22:00:00,-0.7492903869313787,0.0,0.0
2024-02-29 22:15:00,-0.7906388082071956,0.0,0.0
2024-02-29 22:30:00,-0.828652893672726,0.0,0.0
2024-02-29 22:45:00,-0.8631697287622695,0.0,0.0
2024-02-29 23:00:00,-0.8940413751883449,0.0,0.0
2024-02-29 23:15:00,-0.9211355014620457,0.0,0.0
2024-02-29 23:30:00,-0.9443359582991366,0.0,0.0
2024-02-29 23:45:00,-0.9635432715011214,0.0,0.0
2024-03-01 00:00:00,-0.9786750665938331,0.0,0.0
2024-03-01 00:15:00,-0.9896664271150124,0.0,0.0
2024-03-01 00:30:00,-0.996470169618598,0.0,0.0
2024-03-01 00:45:00,-0.9990570460329022,0.0,0.0
2024-03-01 01:00:00,-0.9974158711012875,0.0,0.0
2024-03-01 01:15:00,-0.991553568874933,0.0,0.0
2024-03-01 01:30:00,-0.981495145033675,0.0,0.0
2024-03-01 01:45:00,-0.9672835785438363,0.0,0.0
2024-03-01 02:00:00,-0.9489796378559884,0.0,0.0
2024-03-01 02:15:00,-0.9266616242277191,0.0,0.0
2024-03-01 02:30:00,-0.9004250317689302,0.0,0.0
2024-03-01 02:45:00,-0.8703821403764727,0.0,0.0
2024-03-01 03:00:00,-0.8366615399195254,0.0,0.0
2024-03-01 03:15:00,-0.7994075717187403,0.0,0.0
2024-03-01 03:30:00,-0.7587797138620517,0.0,0.0
2024-03-01 03:45:00,-0.7149519045524722,0.0,0.0
2024-03-01 04:00:00,-0.6681117864308418,0.0,0.0
2024-03-01 04:15:00,-0.6184599079540695,0.0,0.0
2024-03-01 04:30:00,-0.5662088718164976,0.0,0.0
2024-03-01 04:45:00,-0.5115824112541275,0.0,0.0
2024-03-01 05:00:00,-0.45481443806105004,0.0,0.0
2024-03-01 05:15:00,-0.39614804894769223,0.0,0.0
2024-03-01 05:30:00,-0.33583446921186527,0.0,0.0
2024-03-01 05:45:00,-0.27413198404521427,0.0,0.0
2024-03-01 06:00:00,-0.2113048409692124,0.0,0.0
2024-03-01 06:15:00,-0.14762210149686178,0.0,0.0
2024-03-01 06:30:00,-0.08335649683801949,0.0,0.0
2024-03-01 06:45:00,-0.018783268501852177,0.0,0.0
2024-03-01 07:00:00,0.04582102779457123,0.0,0.0
2024-03-01 07:15:00,0.11017969814222589,25.65389985291604,18.045762280542508
2024-03-01 07:30:00,0.174017086995258,74.37914318557266,51.86959527598626
2024-03-01 07:45:00,0.2370597751562731,137.9139585954792,95.61916293343035
2024-03-01 08:00:00,0.2990377422107821,8.0,5.4980856000000005
2024-03-01 08:15:00,0.3596855150896027,11.0,7.4931629850000006
2024-03-01 08:30:00,0.41874332184584684,15.0,10.12698855
2024-03-01 08:45:00,0.4759581958569965,18.0,12.006848699999999
2024-03-01 09:00:00,0.5310850521792303,23.0,15.202610954999999
2024-03-01 09:15:00,0.5838877528152258,27.0,17.68281354
2024-03-01 09:30:00,0.6341401102204439,31.0,20.114503605
2024-03-01 09:45:00,0.6816268500890219,35.0,22.497681150000002
2024-03-01 10:00:00,0.7261445471269046,39.0,24.832346175000005
2024-03-01 10:15:00,0.7675024892795406,43.0,27.11849868
2024-03-01 10:30:00,0.8055234899517683,46.0,28.8245223
2024-03-01 10:45:00,0.8400446582789473,48.0,29.883712319999997
2024-03-01 11:00:00,0.8709180908923932,105.0,64.94613615
2024-03-01 11:15:00,0.8980115022962389,117.0,71.89555464
2024-03-01 11:30:00,0.9212088000365051,178.84241760007302,109.53571655348267
2024-03-01 11:45:00,0.9404105774019464,188.7616423096078,114.84784113671189
2024-03-01 12:00:00,0.9555345377026927,247.2885526032431,149.4575277219512
2024-03-01 12:15:00,0.9665158522577033,178.9330317045154,108.14446631202314
2024-03-01 12:30:00,0.9733074350079991,373.05144275558393,225.46675032229282
2024-03-01 12:45:00,0.9758801444459116,297.25228447782325,179.05401266421978
2024-03-01 13:00:00,0.9742229105978049,318.94313933451,192.11979820403354
2024-03-01 13:15:00,0.9683427810147434,304.8603401165308,183.6368298932825
2024-03-01 13:30:00,0.9582648925586561,301.49753613211163,182.22063209234904
2024-03-01 13:45:00,0.9440323624834068,281.3769385120188,170.06004178224256
2024-03-01 14:00:00,0.9257061040405332,248.58841597677014,150.74563127301727
2024-03-01 14:15:00,0.9033645691692164,246.06729138338432,149.7141942820525
2024-03-01 14:30:00,0.8771034078794502,152.0,92.78827992
2024-03-01 14:45:00,0.8470350604992315,198.6233155444931,121.65093429370899
2024-03-01 15:00:00,0.8132882812335775,129.0,79.26945768
2024-03-01 15:15:00,0.7760075788139316,145.0,89.68752135
2024-03-01 15:30:00,0.7353526011838518,124.0,77.19959016
2024-03-01 15:45:00,0.6914974580555846,35.0,21.860954324999998
2024-03-01 16:00:00,0.6446299645200491,98.0,61.606857690000005
2024-03-01 16:15:00,0.5949508416350215,27.0,17.13704769
2024-03-01 16:30:00,0.5426728641523666,23.0,14.737699305
2024-03-01 16:45:00,0.4880199360251376,43.0,27.8138448
2024-03-01 17:00:00,0.4312261377272414,34.0,22.198520610000003
2024-03-01 17:15:00,0.37253473182712404,26.0,17.08044975
2024-03-01 17:30:00,0.31219710596719263,19.0,12.558678615
2024-03-01 17:45:00,0.25047170348391873,20.0,13.300515899999999
2024-03-01 18:00:00,0.18762292511264864,13.0,8.697890565
2024-03-01 18:15:00,0.12391998002542269,3.0,2.007205515
2024-03-01 18:30:00,0.0596357408639926,0.0,0.0
2024-03-01 18:45:00,-0.004954416219887563,0.0,0.0
2024-03-01 19:00:00,-0.06957380834570051,0.0,0.0
2024-03-01 19:15:00,-0.13394562236185786,0.0,0.0
2024-03-01 19:30:00,-0.1977940919459908,0.0,0.0
2024-03-01 19:45:00,-0.26084569613145037,0.0,0.0
2024-03-01 20:00:00,-0.3228303221169066,0.0,0.0
2024-03-01 20:15:00,-0.38348241425079493,0.0,0.0
2024-03-01 20:30:00,-0.44254212815544514,0.0,0.0
2024-03-01 20:45:00,-0.4997564352691731,0.0,0.0
2024-03-01 21:00:00,-0.5548801994679297,0.0,0.0
2024-03-01 21:15:00,-0.6076772425177415,0.0,0.0
2024-03-01 21:30:00,-0.6579213478038022,0.0,0.0
2024-03-01 21:45:00,-0.7053972231970611,0.0,0.0
2024-03-01 22:00:00,-0.7499014369513761,0.0,0.0
2024-03-01 22:15:00,-0.7912432819023303,0.0,0.0
2024-03-01 22:30:00,-0.8292455877192224,0.0,0.0
2024-03-01 22:45:00,-0.8637454910751965,0.0,0.0
2024-03-01 23:00:00,-0.8945951273026536,0.0,0.0
2024-03-01 23:15:00,-0.9216622605891744,0.0,0.0
2024-03-01 23:30:00,-0.9448308589585086,0.0,0.0
2024-03-01 23:45:00,-0.9640015866727791,0.0,0.0
2024-03-02 00:00:00,-0.9790922282210452,0.0,0.0
2024-03-02 00:15:00,-0.9900380459652498,0.0,0.0
2024-03-02 00:30:00,-0.9967920543272926,0.0,0.0
2024-03-02 00:45:00,-0.999325221313479,0.0,0.0
2024-03-02 01:00:00,-0.9976265949987269,0.0,0.0
2024-03-02 01:15:00,-0.9917033490100515,0.0,0.0
2024-03-02 01:30:00,-0.981580753773341,0.0,0.0
2024-03-02 01:45:00,-0.9673020670015475,0.0,0.0
2024-03-02 02:00:00,-0.9489283486954179,0.0,0.0
2024-03-02 02:15:00,-0.9265382032050868,0.0,0.0
2024-03-02 02:30:00,-0.9002274379247939,0.0,0.0
2024-03-02 02:45:00,-0.8701086549000627,0.0,0.0
2024-03-02 03:00:00,-0.8363107736147297,0.0,0.0
2024-03-02 03:15:00,-0.7989784710132917,0.0,0.0
2024-03-02 03:30:00,-0.7582715653711524,0.0,0.0
2024-03-02 03:45:00,-0.7143643381753114,0.0,0.0
2024-03-02 04:00:00,-0.6674447769400316,0.0,0.0
2024-03-02 04:15:00,-0.6177137750763579,0.0,0.0
2024-03-02 04:30:00,-0.5653842788508461,0.0,0.0
2024-03-02 04:45:00,-0.5106803621793534,0.0,0.0
2024-03-02 05:00:00,-0.4538362731445952,0.0,0.0
2024-03-02 05:15:00,-0.39509543891346455,0.0,0.0
2024-03-02 05:30:00,-0.3347094079926486,0.0,0.0
2024-03-02 05:45:00,-0.2729367800905905,0.0,0.0
2024-03-02 06:00:00,-0.21004210720814528,0.0,0.0
2024-03-02 06:15:00,-0.14629474396597483,0.0,0.0
2024-03-02 06:30:00,-0.08196770205446713,0.0,0.0
2024-03-02 06:45:00,-0.017336489640626146,0.0,0.0
2024-03-02 07:00:00,0.04732208597650377,0.0,0.0
2024-03-02 07:15:00,0.11173109533614403,2.0,1.45133289
2024-03-02 07:30:00,0.17561466450959012,4.0,2.91883662
2024-03-02 07:45:00,0.238699173982215,6.0,4.414639319999999
2024-03-02 08:00:00,0.30071442197106785,7.0,5.17871151
2024-03-02 08:15:00,0.3613947737496019,8.0,5.93469828
2024-03-02 08:30:00,0.4204803161505907,10.0,7.438586399999998
2024-03-02 08:45:00,0.4777179624002531,12.0,8.9748162
2024-03-02 09:00:00,0.5328625289211387,14.0,10.49891787
2024-03-02 09:15:00,0.5856778011224444,16.0,11.99876328
2024-03-02 09:30:00,0.6359375371651823,19.0,14.248531394999999
2024-03-02 09:45:00,0.6834264310144006,22.0,16.49829951
2024-03-02 10:00:00,0.7279410483402273,24.0,17.998144919999998
2024-03-02 10:15:00,0.769290690805897,27.0,20.247913035
2024-03-02 10:30:00,0.8072982081858041,30.0,22.437040500000002
2024-03-02 10:45:00,0.8418007685067277,33.0,24.68074455
2024-03-02 11:00:00,0.8726505495615056,35.0,26.105799825000002
2024-03-02 11:15:00,0.8997153689082182,37.0,27.597559815
2024-03-02 11:30:00,0.92287925862106,40.0,29.754345599999994
2024-03-02 11:45:00,0.9420429574233473,42.0,31.24206288
2024-03-02 12:00:00,0.9571243343368893,44.0,32.64084054
2024-03-02 12:15:00,0.9680587459754809,44.0,32.64084054
2024-03-02 12:30:00,0.9747993103099659,53.0,39.317376104999994
2024-03-02 12:45:00,0.9773171077519716,163.97731710775196,121.64448772479876
2024-03-02 13:00:00,0.9756013071432401,135.0,100.148033475
2024-03-02 13:15:00,0.9696592107199378,46.0,34.12451511
2024-03-02 13:30:00,0.9595162247949474,45.0,33.382677824999995
2024-03-02 13:45:00,0.9452157496608242,184.7808629986433,137.0773337268705
2024-03-02 14:00:00,0.9268189939621879,217.2681899396219,161.6168202837488
2024-03-02 14:15:00,0.9044047161224529,68.0,50.58238751999999
2024-03-02 14:30:00,0.8780688823674702,34.0,25.291193759999995
2024-03-02 14:45:00,0.8479242576319612,82.0,61.162159589999995
2024-03-02 15:00:00,0.8140999276598969,27.0,20.138759865
2024-03-02 15:15:00,0.7767407382688705,33.0,24.68074455
2024-03-02 15:30:00,0.7360066785275959,25.0,18.748067624999997
2024-03-02 15:45:00,0.6920722018570469,89.0,66.92302134
2024-03-02 16:00:00,0.6451254681371885,264.5114363259717,199.43247486175736
2024-03-02 16:15:00,0.595367542799888,106.0,80.13459762
2024-03-02 16:30:00,0.5430115430586264,15.0,11.370121875
2024-03-02 16:45:00,0.48828171192902625,150.25002956345767,113.89074319059111
2024-03-02 17:00:00,0.43141246405693623,119.70779827473294,90.98145567469018
2024-03-02 17:15:00,0.3726473898803091,91.2973638660502,69.57323236742239
2024-03-02 17:30:00,0.3122381971667498,65.93252574616824,50.2439362985265
2024-03-02 17:45:00,0.2504436402135849,42.7531054814951,32.66645893454697
2024-03-02 18:00:00,0.18752842026450556,12.0,9.16886628
2024-03-02 18:15:00,0.12376203518339424,4.0,3.06437418
2024-03-02 18:30:00,0.05941763324237043,0.0,0.0
2024-03-02 18:45:00,-0.005229147991694737,0.0,0.0
2024-03-02 19:00:00,-0.0699013796178576,0.0,0.0
2024-03-02 19:15:00,-0.13432201890402914,0.0,0.0
2024-03-02 19:30:00,-0.19821508741398627,0.0,0.0
2024-03-02 19:45:00,-0.2613068703895235,0.0,0.0
2024-03-02 20:00:00,-0.3233270804931341,0.0,0.0
2024-03-02 20:15:00,-0.38401000746187736,0.0,0.0
2024-03-02 20:30:00,-0.4430956729675762,0.0,0.0
2024-03-02 20:45:00,-0.5003309357068015,0.0,0.0
2024-03-02 21:00:00,-0.5554705685168385,0.0,0.0
2024-03-02 21:15:00,-0.6082783242399356,0.0,0.0
2024-03-02 21:30:00,-0.6585279396955618,0.0,0.0
2024-03-02 21:45:00,-0.7060040988465295,0.0,0.0
2024-03-02 22:00:00,-0.7505033686894655,0.0,0.0
2024-03-02 22:15:00,-0.7918350635618725,0.0,0.0
2024-03-02 22:30:00,-0.8298220572120167,0.0,0.0
2024-03-02 22:45:00,-0.8643015528363593,0.0,0.0
2024-03-02 23:00:00,-0.8951257744069863,0.0,0.0
2024-03-02 23:15:00,-0.9221625965169005,0.0,0.0
2024-03-02 23:30:00,-0.9452961188490181,0.0,0.0
2024-03-02 23:45:00,-0.9644271580186724,0.0,0.0
2024-03-03 00:00:00,-0.9794736709171814,0.0,0.0
2024-03-03 00:15:00,-0.9903711115764162,0.0,0.0
2024-03-03 00:30:00,-0.9970727045434493,0.0,0.0
2024-03-03 00:45:00,-0.9995496454899813,0.0,0.0
2024-03-03 01:00:00,-0.9977912266975771,0.0,0.0
2024-03-03 01:15:00,-0.9918048814890463,0.0,0.0
2024-03-03 01:30:00,-0.9816161543501167,0.0,0.0
2024-03-03 01:45:00,-0.9672685902102427,0.0,0.0
2024-03-03 02:00:00,-0.948823548208062,0.0,0.0
2024-03-03 02:15:00,-0.9263599424596973,0.0,0.0
2024-03-03 02:30:00,-0.8999738993894553,0.0,0.0
2024-03-03 02:45:00,-0.8697783479601614,0.0,0.0
2024-03-03 03:00:00,-0.8359025410544718,0.0,0.0
2024-03-03 03:15:00,-0.7984914940172434,0.0,0.0
2024-03-03 03:30:00,-0.7577053670807515,0.0,0.0
2024-03-03 03:45:00,-0.713718785749033,0.0,0.0
2024-03-03 04:00:00,-0.6667200821305354,0.0,0.0
2024-03-03 04:15:00,-0.6169104932767494,0.0,0.0
2024-03-03 04:30:00,-0.5645033067227321,0.0,0.0
2024-03-03 04:45:00,-0.5097229337002943,0.0,0.0
2024-03-03 05:00:00,-0.45280395426288983,0.0,0.0
2024-03-03 05:15:00,-0.393990120768967,0.0,0.0
2024-03-03 05:30:00,-0.3335332986123597,0.0,0.0
2024-03-03 05:45:00,-0.271692394861957,0.0,0.0
2024-03-03 06:00:00,-0.20873225791452538,0.0,0.0
2024-03-03 06:15:00,-0.14492252657716137,0.0,0.0
2024-03-03 06:30:00,-0.08053648327978996,0.0,0.0
2024-03-03 06:45:00,-0.01584989226301156,0.0,0.0
2024-03-03 07:00:00,0.048860198779654196,0.0,0.0
2024-03-03 07:15:00,0.11331663687220973,26.331663687220974,20.598322700310746
2024-03-03 07:30:00,0.17724334224276278,73.55153895639003,57.2394018454696
2024-03-03 07:45:00,0.24036650822669808,132.98330471663894,103.22168367571265
2024-03-03 08:00:00,0.3024157653465427,196.48614078515246,151.71826886678684
2024-03-03 08:15:00,0.3631253313682964,261.61831354856065,200.95292474952132
2024-03-03 08:30:00,0.4222351664471873,15.0,11.46108285
2024-03-03 08:45:00,0.4794920785197016,19.0,14.44056012
2024-03-03 09:00:00,0.5346508005668458,23.0,17.341204545
2024-03-03 09:15:00,0.587475056734506,109.0,81.52124715000001
2024-03-03 09:30:00,0.6377385664040698,127.0,94.47004727999999
2024-03-03 09:45:00,0.6852260073936047,288.0793809611686,212.54340444250852
2024-03-03 10:00:00,0.729733951919716,303.56807423036594,222.13002177630352
2024-03-03 10:15:00,0.7710717308629964,337.3236119356415,243.42072474868823
2024-03-03 10:30:00,0.8090622457795229,472.86430025917974,337.4067960305892
2024-03-03 10:45:00,0.8435427388042458,495.6273942532313,348.6399412057376
2024-03-03 11:00:00,0.8743654838096897,871.0596460744335,603.9272244155397
2024-03-03 11:15:00,0.9013984160455033,362.2244590280498,249.6748194901175
2024-03-03 11:30:00,0.924525706329726,532.3766836457287,363.7293277233006
2024-03-03 11:45:00,0.943648252597637,327.18241262988187,221.5528549032941
2024-03-03 12:00:00,0.9586841028700888,146.0,97.97911956
2024-03-03 12:15:00,0.9695688117422373,83.0,55.70045838000001
2024-03-03 12:30:00,0.9762557133146079,61.0,40.93648146
2024-03-03 12:45:00,0.9787161213239525,83.0,55.532685915
2024-03-03 13:00:00,0.9769394541183363,123.0,82.295426115
2024-03-03 13:15:00,0.970933278537734,151.0,101.02934425500001
2024-03-03 13:30:00,0.9607232794580409,145.0,97.01493322500001
2024-03-03 13:45:00,0.9463531484681571,126.0,84.55732236
2024-03-03 14:00:00,0.9278843969802073,177.8557687939604,119.35720298013128
2024-03-03 14:15:00,0.9053960963601877,281.78346727624637,189.10202760473075
2024-03-03 14:30:00,0.8789845345541683,342.95571636799593,230.1541036835981
2024-03-03 14:45:00,0.8487628056277321,452.122868460612,304.32897331880775
2024-03-03 15:00:00,0.8148603304358665,422.3801107132754,284.30878951404736
2024-03-03 15:15:00,0.7774222944131963,752.4702846674148,508.0171971361433
2024-03-03 15:30:00,0.7366090292863803,699.4346297469914,475.0387105001092
2024-03-03 15:45:00,0.69259533271264,649.2393168169165,443.5719810646268
2024-03-03 16:00:00,0.6455697088211304,592.9114641451156,406.28626333379
2024-03-03 16:15:00,0.595733565878076,532.2679149507774,367.95862463906235
2024-03-03 16:30:00,0.5433003610156861,324.9974375469764,226.64264240360515
2024-03-03 16:45:00,0.48849467273652425,105.48849467273652,74.20393425992485
2024-03-03 17:00:00,0.43155124533001976,84.0,59.427837000000004
2024-03-03 17:15:00,0.3727139915957659,64.0,45.666452160000006
2024-03-03 17:30:00,0.3122349329473125,46.0,33.00872715
2024-03-03 17:45:00,0.25037312729328765,30.0,21.648712050000004
2024-03-03 18:00:00,0.18739356809654653,17.0,12.3706926
2024-03-03 18:15:00,0.12356603279431237,10.0,7.256664449999999
2024-03-03 18:30:00,0.05916393539677209,0.0,0.0
2024-03-03 18:45:00,-0.005536835815942644,0.0,0.0
2024-03-03 19:00:00,-0.07025911733759252,0.0,0.0
2024-03-03 19:15:00,-0.1347256489201904,0.0,0.0
2024-03-03 19:30:00,-0.19866025269795054,0.0,0.0
2024-03-03 19:45:00,-0.26178903342559484,0.0,0.0
2024-03-03 20:00:00,-0.3238415429626919,0.0,0.0
2024-03-03 20:15:00,-0.3845519306649571,0.0,0.0
2024-03-03 20:30:00,-0.44366009886115354,0.0,0.0
2024-03-03 20:45:00,-0.5009128084225012,0.0,0.0
2024-03-03 21:00:00,-0.5560647563231047,0.0,0.0
2024-03-03 21:15:00,-0.6088796418382516,0.0,0.0
2024-03-03 21:30:00,-0.6591311707731184,0.0,0.0
2024-03-03 21:45:00,-0.7066040186899417,0.0,0.0
2024-03-03 22:00:00,-0.7510947669146139,0.0,0.0
2024-03-03 22:15:00,-0.7924127667346781,0.0,0.0
2024-03-03 22:30:00,-0.8303809513268121,0.0,0.0
2024-03-03 22:45:00,-0.8648366055119692,0.0,0.0
2024-03-03 23:00:00,-0.8956320567658432,0.0,0.0
2024-03-03 23:15:00,-0.9226353045838485,0.0,0.0
2024-03-03 23:30:00,-0.945730594429183,0.0,0.0
2024-03-03 23:45:00,-0.9648189089147973,0.0,0.0
2024-03-04 00:00:00,-0.9798183904564435,0.0,0.0
2024-03-04 00:15:00,-0.9906646973036901,0.0,0.0
2024-03-04 00:30:00,-0.9973112760406633,0.0,0.0
2024-03-04 00:45:00,-0.9997295612390006,0.0,0.0
2024-03-04 01:00:00,-0.9979090998891252,0.0,0.0
2024-03-04 01:15:00,-0.9918575947283313,0.0,0.0
2024-03-04 01:30:00,-0.981600873206504,0.0,0.0
2024-03-04 01:45:00,-0.9671827755179883,0.0,0.0
2024-03-04 02:00:00,-0.948664967090292,0.0,0.0
2024-03-04 02:15:00,-0.9261266780324919,0.0,0.0
2024-03-04 02:30:00,-0.899664359086497,0.0,0.0
2024-03-04 02:45:00,-0.8693912704379194,0.0,0.0
2024-03-04 03:00:00,-0.8354370016766554,0.0,0.0
2024-03-04 03:15:00,-0.7979469088604021,0.0,0.0
2024-03-04 03:30:00,-0.7570814954673871,0.0,0.0
2024-03-04 03:45:00,-0.7130157313054982,0.0,0.0
2024-03-04 04:00:00,-0.6659382923082866,0.0,0.0
2024-03-04 04:15:00,-0.6160507574372099,0.0,0.0
2024-03-04 04:30:00,-0.5635667526726829,0.0,0.0
2024-03-04 04:45:00,-0.5087110228122774,0.0,0.0
2024-03-04 05:00:00,-0.45171847510727026,0.0,0.0
2024-03-04 05:15:00,-0.3928331813574032,0.0,0.0
2024-03-04 05:30:00,-0.33230731724201146,0.0,0.0
2024-03-04 05:45:00,-0.2704000895682389,0.0,0.0
2024-03-04 06:00:00,-0.20737663472508588,0.0,0.0
2024-03-04 06:15:00,-0.14350686640907098,0.0,0.0
2024-03-04 06:30:00,-0.07906432768578533,0.0,0.0
2024-03-04 06:45:00,-0.014325028067218498,0.0,0.0
2024-03-04 07:00:00,0.05043375596195432,0.0,0.0
2024-03-04 07:15:00,0.11493466004992162,3.0,1.9708211249999998
2024-03-04 07:30:00,0.1789014114274871,5.0,3.2644883250000003
2024-03-04 07:45:00,0.24206002962548823,6.0,3.8931297299999996
2024-03-04 08:00:00,0.3041399913241435,7.0,4.513685715
2024-03-04 08:15:00,0.3648753810738111,9.0,5.785118010000001
2024-03-04 08:30:00,0.4240060470069957,11.0,7.048464885
2024-03-04 08:45:00,0.4812787067386735,13.0,8.30372634
2024-03-04 09:00:00,0.5364480250004533,15.0,9.550902375000001
2024-03-04 09:15:00,0.5892776800682087,18.0,11.38831407
2024-03-04 09:30:00,0.6395413680178141,17.0,10.686903885
2024-03-04 09:45:00,0.6870237660622881,19.0,11.90578095
2024-03-04 10:00:00,0.73152146847161,39.0,24.280516260000002
2024-03-04 10:15:00,0.7728438507876225,24.0,14.844831119999998
2024-03-04 10:30:00,0.8108138815992183,46.0,28.26662832
2024-03-04 10:45:00,0.8452688921721501,33.0,20.144823929999998
2024-03-04 11:00:00,0.8760612672281052,58.0,35.171577
2024-03-04 11:15:00,0.9030590740924883,111.0,67.3111215
2024-03-04 11:30:00,0.9261466363196771,143.0,86.427075735
2024-03-04 11:45:00,0.9452250245558853,122.0,73.73498769
2024-03-04 12:00:00,0.9602124788043307,263.2440370972823,159.10078553142634
2024-03-04 12:15:00,0.9710447640306178,278.3340295727042,168.22095282173314
2024-03-04 12:30:00,0.9776754421970449,137.0,83.07769049999999
2024-03-04 12:45:00,0.980076071421742,86.0,52.150959
2024-03-04 13:00:00,0.978236329863578,191.9129453194543,116.76518166744786
2024-03-04 13:15:00,0.9721640584895432,184.91649217546862,112.50834468844465
2024-03-04 13:30:00,0.9618852294348379,131.0,79.96884650999999
2024-03-04 13:45:00,0.9474438334143341,183.842331500243,112.59801664487115
2024-03-04 14:00:00,0.9289016915395079,55.0,33.7970556
2024-03-04 14:15:00,0.9063381941173831,54.0,33.29171685
2024-03-04 14:30:00,0.8798499558738901,250.2365489850995,154.77997123897538
2024-03-04 14:45:00,0.8495504040748285,233.99100808149657,145.20452050115608
2024-03-04 15:00:00,0.8155692977668616,46.0,28.63855764
2024-03-04 15:15:00,0.7780521640887171,122.0,76.20104079
2024-03-04 15:30:00,0.7371596784632388,98.0,61.4087649
2024-03-04 15:45:00,0.6930669828253966,50.0,31.43207025
2024-03-04 16:00:00,0.6459629245872021,39.0,24.595847640000002
2024-03-04 16:15:00,0.5960492528368464,33.0,20.878575795
2024-03-04 16:30:00,0.5435397616201236,74.0,46.96820478
2024-03-04 16:45:00,0.48865936095251683,61.0,38.840336325
2024-03-04 17:00:00,0.431643119781571,11.0,7.02622998
2024-03-04 17:15:00,0.37273526732580753,12.0,7.689234419999999
2024-03-04 17:30:00,0.3121881317985974,9.0,5.785118010000001
2024-03-04 17:45:00,0.25026106694076544,6.0,3.86887347
2024-03-04 18:00:00,0.1872193498298333,5.0,3.2240612250000003
2024-03-04 18:15:00,0.12333302801626984,2.0,1.2936672
2024-03-04 18:30:00,0.05887577101463765,0.0,0.0
2024-03-04 18:45:00,-0.005876293180642103,0.0,0.0
2024-03-04 19:00:00,-0.07064577808781677,0.0,0.0
2024-03-04 19:15:00,-0.13515521834765704,0.0,0.0
2024-03-04 19:30:00,-0.19912824954650615,0.0,0.0
2024-03-04 19:45:00,-0.26229080939142013,0.0,0.0
2024-03-04 20:00:00,-0.32437230289146995,0.0,0.0
2024-03-04 20:15:00,-0.38510675336985045,0.0,0.0
2024-03-04 20:30:00,-0.44423395848362013,0.0,0.0
2024-03-04 20:45:00,-0.5015005963086454,0.0,0.0
2024-03-04 21:00:00,-0.556661303173041,0.0,0.0
2024-03-04 21:15:00,-0.6094797401754781,0.0,0.0
2024-03-04 21:30:00,-0.6597295975689366,0.0,0.0
2024-03-04 21:45:00,-0.7071955580449247,0.0,0.0
2024-03-04 22:00:00,-0.7516742327148556,0.0,0.0
2024-03-04 22:15:00,-0.7929750251690844,0.0,0.0
2024-03-04 22:30:00,-0.8309209432004843,0.0,0.0
2024-03-04 22:45:00,-0.8653493682308384,0.0,0.0
2024-03-04 23:00:00,-0.8961127458711733,0.0,0.0
2024-03-04 23:15:00,-0.9230792148114548,0.0,0.0
2024-03-04 23:30:00,-0.9461331801373918,0.0,0.0
2024-03-04 23:45:00,-0.965175803836358,0.0,0.0
2024-03-05 00:00:00,-0.9801254266587212,0.0,0.0
2024-03-05 00:15:00,-0.9909179233005213,0.0,0.0
2024-03-05 00:30:00,-0.9975069739521234,0.0,0.0
2024-03-05 00:45:00,-0.9998642629472724,0.0,0.0
2024-03-05 01:00:00,-0.9979796020964431,0.0,0.0
2024-03-05 01:15:00,-0.9918609728723424,0.0,0.0
2024-03-05 01:30:00,-0.9815344941694535,0.0,0.0
2024-03-05 01:45:00,-0.9670443090671763,0.0,0.0
2024-03-05 02:00:00,-0.9484523959840232,0.0,0.0
2024-03-05 02:15:00,-0.9258383068153897,0.0,0.0
2024-03-05 02:30:00,-0.8992988214211083,0.0,0.0
2024-03-05 02:45:00,-0.8689475350535447,0.0,0.0
2024-03-05 03:00:00,-0.8349143768663929,0.0,0.0
2024-03-05 03:15:00,-0.79734504545803,0.0,0.0
2024-03-05 03:30:00,-0.7564003883845458,0.0,0.0
2024-03-05 03:45:00,-0.7122557195638106,0.0,0.0
2024-03-05 04:00:00,-0.6651000575428508,0.0,0.0
2024-03-05 04:15:00,-0.6151353209463944,0.0,0.0
2024-03-05 04:30:00,-0.5625754710059201,0.0,0.0
2024-03-05 04:45:00,-0.5076455818463154,0.0,0.0
2024-03-05 05:00:00,-0.4505808827361919,0.0,0.0
2024-03-05 05:15:00,-0.3916257587824963,0.0,0.0
2024-03-05 05:30:00,-0.3310326888950424,0.0,0.0
2024-03-05 05:45:00,-0.2690611717014121,0.0,0.0
2024-03-05 06:00:00,-0.20597662273276324,0.0,0.0
2024-03-05 06:15:00,-0.14204922098275688,0.0,0.0
2024-03-05 06:30:00,-0.07755275974221684,0.0,0.0
2024-03-05 06:45:00,-0.012763482673695509,0.0,0.0
2024-03-05 07:00:00,0.05204111674338279,0.0,0.0
2024-03-05 07:15:00,0.11658347523875606,2.0,1.28558178
2024-03-05 07:30:00,0.1805871400605148,4.0,2.56307814
2024-03-05 07:45:00,0.24377797048539043,6.0,3.8324890799999998
2024-03-05 08:00:00,0.3058853033715109,9.0,5.730541425
2024-03-05 08:15:00,0.36664310442898695,12.0,7.592209379999999
2024-03-05 08:30:00,0.4257911245512016,9.0,5.67596484
2024-03-05 08:45:00,0.48307600605039924,11.0,6.915055455000001
2024-03-05 09:00:00,0.5382523606162823,13.0,8.119783035
2024-03-05 09:15:00,0.5910838360586457,15.0,9.308339775000002
2024-03-05 09:30:00,0.6413441206334547,17.0,10.480725674999999
2024-03-05 09:45:00,0.6888179063960995,19.0,11.636940735
2024-03-05 10:00:00,0.733301825116464,40.0,24.337114199999995
2024-03-05 10:15:00,0.7746053122718859,44.0,26.59294638
2024-03-05 10:30:00,0.8125514186028916,27.0,16.209245744999997
2024-03-05 10:45:00,0.8469775793703278,50.0,29.81498625
2024-03-05 11:00:00,0.8777363046845224,53.0,31.282489979999998
2024-03-05 11:15:00,0.9046958081140639,66.0,38.82214413
2024-03-05 11:30:00,0.9277405796670211,140.0,82.067013
2024-03-05 11:45:00,0.9467718759364558,346.8595406802509,202.62549112014952
2024-03-05 12:00:00,0.9617081415601885,415.0176467222596,241.6026226435986
2024-03-05 12:15:00,0.9724853639271172,428.94587539591,248.84389241877818
2024-03-05 12:30:00,0.9790573442545052,198.89528672127253,115.38490091736715
2024-03-05 12:45:00,0.9813958957143301,354.97677426428817,205.9322802548382
2024-03-05 13:00:00,0.9794909661957121,330.13862058021994,190.8556225012381
2024-03-05 13:15:00,0.9733506799045504,328.85407923589565,190.7777503148218
2024-03-05 13:30:00,0.9630013045089386,328.33505870290224,190.47665151172424
2024-03-05 13:45:00,0.9484871372404151,375.9304838419928,218.08813242876582
2024-03-05 14:00:00,0.9298703154042864,368.38962523234295,213.71346253160698
2024-03-05 14:15:00,0.9072305537877756,478.07503297270625,278.3114951830688
2024-03-05 14:30:00,0.8806647984912499,487.4788868394087,284.77131885380186
2024-03-05 14:45:00,0.850286813596141,451.5122385503626,264.67329107694076
2024-03-05 15:00:00,0.8162266989392304,427.48874027193455,251.4549922543815
2024-03-05 15:15:00,0.7786303249609645,317.9775537959403,188.32443684818554
2024-03-05 15:30:00,0.7376587113906314,333.38646541998537,198.7982576486593
2024-03-05 15:45:00,0.6934873439908986,148.0,88.85068037999999
2024-03-05 16:00:00,0.6463054120172076,272.89753603434025,164.93521688625745
2024-03-05 16:15:00,0.5963150029504203,275.51090555172857,168.18541464043733
2024-03-05 16:30:00,0.5437302442973408,305.71232939663577,189.09366254978622
2024-03-05 16:45:00,0.48877637313091116,235.81755317828777,147.29133597325162
2024-03-05 17:00:00,0.4316887776660866,190.92788819921384,120.79704197413855
2024-03-05 17:15:00,0.3727119972236276,149.97002350858207,96.39936488440239
2024-03-05 17:30:00,0.3120986595419352,36.0,23.50431594
2024-03-05 17:45:00,0.25010840608408463,24.0,15.960619079999999
2024-03-05 18:00:00,0.18700678855932068,14.0,9.45185598
2024-03-05 18:15:00,0.12306411487666062,6.0,4.06292355
2024-03-05 18:30:00,0.058554299457211516,0.0,0.0
2024-03-05 18:45:00,-0.006246301215280449,0.0,0.0
2024-03-05 19:00:00,-0.07106008968621584,0.0,0.0
2024-03-05 19:15:00,-0.1356094079626221,0.0,0.0
2024-03-05 19:30:00,-0.1996177182476817,0.0,0.0
2024-03-05 19:45:00,-0.26281080482239144,0.0,0.0
2024-03-05 20:00:00,-0.3249179399091491,0.0,0.0
2024-03-05 20:15:00,-0.3856730352720348,0.0,0.0
2024-03-05 20:30:00,-0.44481579872005284,0.0,0.0
2024-03-05 20:45:00,-0.5020928405393497,0.0,0.0
2024-03-05 21:00:00,-0.5572587516806586,0.0,0.0
2024-03-05 21:15:00,-0.6100771704558648,0.0,0.0
2024-03-05 21:30:00,-0.6603217869843294,0.0,0.0
2024-03-05 21:45:00,-0.7077773065332952,0.0,0.0
2024-03-05 22:00:00,-0.752240385365258,0.0,0.0
2024-03-05 22:15:00,-0.7935204946263599,0.0,0.0
2024-03-05 22:30:00,-0.8314407317510395,0.0,0.0
2024-03-05 22:45:00,-0.8658385895175167,0.0,0.0
2024-03-05 23:00:00,-0.8965666461130261,0.0,0.0
2024-03-05 23:15:00,-0.9234931934529427,0.0,0.0
2024-03-05 23:30:00,-0.9465028098366182,0.0,0.0
2024-03-05 23:45:00,-0.9654968496989653,0.0,0.0
2024-03-06 00:00:00,-0.9803938646413469,0.0,0.0
2024-03-06 00:15:00,-0.9911299576774686,0.0,0.0
2024-03-06 00:30:00,-0.9976590538125125,0.0,0.0
2024-03-06 00:45:00,-0.999953097628507,0.0,0.0
2024-03-06 01:00:00,-0.9980021754719217,0.0,0.0
2024-03-06 01:15:00,-0.9918145564577383,0.0,0.0
2024-03-06 01:30:00,-0.9814166589888211,0.0,0.0
2024-03-06 01:45:00,-0.9668529361952651,0.0,0.0
2024-03-06 02:00:00,-0.9481856857600939,0.0,0.0
2024-03-06 02:15:00,-0.9254947866655018,0.0,0.0
2024-03-06 02:30:00,-0.8988773522634903,0.0,0.0
2024-03-06 02:45:00,-0.868447316239011,0.0,0.0
2024-03-06 03:00:00,-0.8343349496770935,0.0,0.0
2024-03-06 03:15:00,-0.7966862951086109,0.0,0.0
2024-03-06 03:30:00,-0.7556625445077333,0.0,0.0
2024-03-06 03:45:00,-0.7114393552319085,0.0,0.0
2024-03-06 04:00:00,-0.6642060867838148,0.0,0.0
2024-03-06 04:15:00,-0.6141649947759402,0.0,0.0
2024-03-06 04:30:00,-0.5615303719982925,0.0,0.0
2024-03-06 04:45:00,-0.5065276172856361,0.0,0.0
2024-03-06 05:00:00,-0.44939227632892653,0.0,0.0
2024-03-06 05:15:00,-0.390369040988509,0.0,0.0
2024-03-06 05:30:00,-0.3297106859581299,0.0,0.0
2024-03-06 05:45:00,-0.2676769933668329,0.0,0.0
2024-03-06 06:00:00,-0.20453364877492733,0.0,0.0
2024-03-06 06:15:00,-0.14055108648764256,0.0,0.0
2024-03-06 06:30:00,-0.07600333936686084,0.0,0.0
2024-03-06 06:45:00,-0.011166873800410607,0.0,0.0
2024-03-06 07:00:00,0.053680611791611446,0.0,0.0
2024-03-06 07:15:00,0.11826136790151259,3.0,2.0617821000000003
2024-03-06 07:30:00,0.18229877500494324,5.0,3.405983175
2024-03-06 07:45:00,0.24551854584191102,6.0,4.03866729
2024-03-06 08:00:00,0.3076498915650958,7.0,4.669330049999999
2024-03-06 08:15:00,0.3684266736100772,8.0,5.255523
2024-03-06 08:30:00,0.427588560410896,17.0,10.9961712
2024-03-06 08:45:00,0.484882134039473,11.0,7.003995075000001
2024-03-06 09:00:00,0.5400619684617709,13.0,8.14606065
2024-03-06 09:15:00,0.5928916963635185,15.0,9.308339775000002
2024-03-06 09:30:00,0.6431450135805004,18.0,11.02447017
2024-03-06 09:45:00,0.6906066424267251,20.0,12.128129999999999
2024-03-06 10:00:00,0.7350732674703394,23.0,13.76138484
2024-03-06 10:15:00,0.7763543992932863,25.0,14.856959249999997
2024-03-06 10:30:00,0.814273185743325,48.0,28.33131168
2024-03-06 10:45:00,0.8486671807326831,51.0,29.895840449999998
2024-03-06 11:00:00,0.8793890340880058,46.0,26.68592871
2024-03-06 11:15:00,0.9063071195309864,67.0,38.73320451
2024-03-06 11:30:00,0.9293061069702,44.0,25.347791700000002
2024-03-06 11:45:00,0.9482874518676816,110.0,62.92478115000001
2024-03-06 12:00:00,0.9631698158363504,186.88950944750906,106.53115251213404
2024-03-06 12:15:00,0.9738894203955539,91.0,51.68806870499999
2024-03-06 12:30:00,0.9804003170479644,73.0,41.464055114999994
2024-03-06 12:45:00,0.9826745843066589,254.74011876459988,144.17765957431698
2024-03-06 13:00:00,0.980702449306349,258.6912391889016,145.89100551160033
2024-03-06 13:15:00,0.9744923281903506,257.5918772510456,145.79169613142042
2024-03-06 13:30:00,0.9640707919993918,271.2454866319872,153.51935777668012
2024-03-06 13:45:00,0.9494824514413747,289.53499109179984,163.87084053714221
2024-03-06 14:00:00,0.9307897660401956,322.6779087699294,182.62904919885935
2024-03-06 14:15:00,0.9080727801708206,348.3812401722991,197.88080744570217
2024-03-06 14:30:00,0.8814287754182621,424.38431774066714,241.0506128868588
2024-03-06 14:45:00,0.8509718558055666,444.44923044014115,253.34588812336546
2024-03-06 15:00:00,0.8168324641267839,221.7029843542821,126.82374337086432
2024-03-06 15:15:00,0.7791568152266735,238.71217490248023,137.5187837655008
2024-03-06 15:30:00,0.7381062732953023,260.50069521760406,150.59741347553188
2024-03-06 15:45:00,0.6938566670102337,351.17918340720024,204.43904590350562
2024-03-06 16:00:00,0.6465975255908186,311.08651749020964,182.35672339281257
2024-03-06 16:15:00,0.5965312719901122,291.657692205884,172.73631418764566
2024-03-06 16:30:00,0.5438723632748637,329.1276256811733,197.58928022720409
2024-03-06 16:45:00,0.4888463587455934,311.60355148931546,188.95841904620556
2024-03-06 17:00:00,0.4316889600649648,285.0959014717678,174.61284785359794
2024-03-06 17:15:00,0.3726450099230705,224.00148420738188,139.91103471399384
2024-03-06 17:30:00,0.3119674279758382,167.37237178737422,106.57047888089438
2024-03-06 17:45:00,0.24991613489888487,115.22609844618219,74.53211207189842
2024-03-06 18:00:00,0.1867569477100729,68.84544512369516,45.36651362133022
2024-03-06 18:15:00,0.12276042456163924,28.416719484232452,18.840411188280626
2024-03-06 18:30:00,0.05820071398914151,0.0,0.0
2024-03-06 18:45:00,-0.006645610621080308,0.0,0.0
2024-03-06 19:00:00,-0.07150075298641201,0.0,0.0
2024-03-06 19:15:00,-0.13608687526703092,0.0,0.0
2024-03-06 19:30:00,-0.20012727957113252,0.0,0.0
2024-03-06 19:45:00,-0.26334761057034833,0.0,0.0
2024-03-06 20:00:00,-0.3254770219141505,0.0,0.0
2024-03-06 20:15:00,-0.3862493283586076,0.0,0.0
2024-03-06 20:30:00,-0.4454041627112929,0.0,0.0
2024-03-06 20:45:00,-0.5026880825787637,0.0,0.0
2024-03-06 21:00:00,-0.5578556487835342,0.0,0.0
2024-03-06 21:15:00,-0.6106704921823898,0.0,0.0
2024-03-06 21:30:00,-0.6609063181847428,0.0,0.0
2024-03-06 21:45:00,-0.7083478699810919,0.0,0.0
2024-03-06 22:00:00,-0.7527918642331342,0.0,0.0
2024-03-06 22:15:00,-0.7940478547262562,0.0,0.0
2024-03-06 22:30:00,-0.831939043410812,0.0,0.0
2024-03-06 22:45:00,-0.8663030489465952,0.0,0.0
2024-03-06 23:00:00,-0.8969925963265912,0.0,0.0
2024-03-06 23:15:00,-0.9238761444809691,0.0,0.0
2024-03-06 23:30:00,-0.9468384582241861,0.0,0.0
2024-03-06 23:45:00,-0.9657810971957631,0.0,0.0
2024-03-07 00:00:00,-0.9806228360279443,0.0,0.0
2024-03-07 00:15:00,-0.9913000175863593,0.0,0.0
2024-03-07 00:30:00,-0.9977668225257832,0.0,0.0
2024-03-07 00:45:00,-0.9999954657724084,0.0,0.0
2024-03-07 01:00:00,-0.9979763175219718,0.0,0.0
2024-03-07 01:15:00,-0.9917179430174723,0.0,0.0
2024-03-07 01:30:00,-0.9812470677936262,0.0,0.0
2024-03-07 01:45:00,-0.9666084617638181,0.0,0.0
2024-03-07 02:00:00,-0.9478647476747204,0.0,0.0
2024-03-07 02:15:00,-0.9250961364720145,0.0,0.0
2024-03-07 02:30:00,-0.8984000788734549,0.0,0.0
2024-03-07 02:45:00,-0.8678908499079928,0.0,0.0
2024-03-07 03:00:00,-0.8336990645019804,0.0,0.0
2024-03-07 03:15:00,-0.7959711100016147,0.0,0.0
2024-03-07 03:30:00,-0.754868522689151,0.0,0.0
2024-03-07 03:45:00,-0.7105673022484217,0.0,0.0
2024-03-07 04:00:00,-0.6632571470115727,0.0,0.0
2024-03-07 04:15:00,-0.6131406464454737,0.0,0.0
2024-03-07 04:30:00,-0.5604324208286515,0.0,0.0
2024-03-07 04:45:00,-0.5053581885904483,0.0,0.0
2024-03-07 05:00:00,-0.44815380583690256,0.0,0.0
2024-03-07 05:15:00,-0.38906426427265545,0.0,0.0
2024-03-07 05:30:00,-0.3283426265554472,0.0,0.0
2024-03-07 05:45:00,-0.26624894964984075,0.0,0.0
2024-03-07 06:00:00,-0.20304917967144848,0.0,0.0
2024-03-07 06:15:00,-0.1390139959972439,0.0,0.0
2024-03-07 06:30:00,-0.07441766004099198,0.0,0.0
2024-03-07 06:45:00,-0.009536849271339777,0.0,0.0
2024-03-07 07:00:00,0.05535054527644549,0.0,0.0
2024-03-07 07:15:00,0.11996660068863396,13.0,9.30227571
2024-03-07 07:30:00,0.1840345441016563,30.0,21.2242275
2024-03-07 07:45:00,0.24727995554460663,6.0,4.196332979999999
2024-03-07 08:00:00,0.30943193475875463,7.0,4.83912387
2024-03-07 08:15:00,0.37022425348679944,8.0,5.43340224
2024-03-07 08:30:00,0.42939651262526446,10.0,6.670471499999999
2024-03-07 08:45:00,0.48669524911369333,12.0,7.883284499999999
2024-03-07 09:00:00,0.5418750144150954,14.0,9.02737143
2024-03-07 09:15:00,0.5946994414346211,229.06464358489671,144.9255613043008
2024-03-07 09:30:00,0.6449422489479516,368.4826746843855,227.91929484731673
2024-03-07 09:45:00,0.6923882048279799,333.32226507386434,202.12878813551433
2024-03-07 10:00:00,0.7368340616319731,411.05052414757694,244.27843547806768
2024-03-07 10:15:00,0.7780894200699116,454.86784240020444,265.720873009136
2024-03-07 10:30:00,0.815977539842436,606.5165902399575,348.17983720311497
2024-03-07 10:45:00,0.8503361079840819,655.684859391245,368.45337956943166
2024-03-07 11:00:00,0.8810179281111457,693.9422548795753,382.9380955251044
2024-03-07 11:15:00,0.9078915477427169,692.6430625649264,376.6208522696193
2024-03-07 11:30:00,0.9308418298529137,758.1593070610128,406.11491312294305
2024-03-07 11:45:00,0.9497704413781938,781.2092805648327,412.1454354675093
2024-03-07 12:00:00,0.9645962729187643,734.837888007326,381.73963745205344
2024-03-07 12:15:00,0.9752557914796192,815.4606370492008,418.67720074465717
2024-03-07 12:30:00,0.9817033094867396,817.619458500752,414.82749431498473
2024-03-07 12:45:00,0.9839111806979352,822.9123102976054,414.18608033242236
2024-03-07 13:00:00,0.9818699205960629,837.1610581492291,416.2811239110278
2024-03-07 13:15:00,0.9755882455363784,834.8882420540098,413.4633530166853
2024-03-07 13:30:00,0.9650930373407948,829.6472419809917,409.1908305987349
2024-03-07 13:45:00,0.9504292266967741,665.5272706257676,326.89985089612685
2024-03-07 14:00:00,0.931659600928456,665.2719264038783,325.4296778206589
2024-03-07 14:15:00,0.9088645386186096,630.4521899108672,308.39698009362195
2024-03-07 14:30:00,0.8821416604958705,789.8419620509111,387.96189280594484
2024-03-07 14:45:00,0.8516054131965981,748.8203462203201,367.8125154770045
2024-03-07 15:00:00,0.8173865841348524,692.9098101323739,340.34986035021024
2024-03-07 15:15:00,0.7796317332526967,656.82736901135,322.62655261656874
2024-03-07 15:30:00,0.7385025688104794,587.1790798184447,287.2291632705118
2024-03-07 15:45:00,0.694175261078706,580.7576311886219,284.08799666508895
2024-03-07 16:00:00,0.6468396768732713,490.932814202131,239.15622917502319
2024-03-07 16:15:00,0.5966985712744914,457.6158413359694,227.55100096506243
2024-03-07 16:30:00,0.5439667266058382,410.0283021506562,207.2031896734349
2024-03-07 16:45:00,0.4888700191068314,363.89992133035105,186.83501507210076
2024-03-07 17:00:00,0.4316444576883851,295.45511799796026,154.08267745051785
2024-03-07 17:15:00,0.3725351812642476,240.1894221881031,127.68862753508971
2024-03-07 17:30:00,0.31179539341672735,186.31920074285966,100.93342246871228
2024-03-07 17:45:00,0.24968528520858177,74.72010209481527,41.23278758777323
2024-03-07 18:00:00,0.18647092932364187,40.76413367821117,22.906862349851508
2024-03-07 18:15:00,0.12242312375276992,36.11862231540995,20.588413302523062
2024-03-07 18:30:00,0.05781624000260134,0.0,0.0
2024-03-07 18:45:00,-0.007072943393224708,0.0,0.0
2024-03-07 19:00:00,-0.07196644374714882,0.0,0.0
2024-03-07 19:15:00,-0.13658625636703875,0.0,0.0
2024-03-07 19:30:00,-0.20065553674709088,0.0,0.0
2024-03-07 19:45:00,-0.2638998038515544,0.0,0.0
2024-03-07 20:00:00,-0.3260481070980039,0.0,0.0
2024-03-07 20:15:00,-0.38683417886176663,0.0,0.0
2024-03-07 20:30:00,-0.4459975918679636,0.0,0.0
2024-03-07 20:45:00,-0.5032848661615719,0.0,0.0
2024-03-07 21:00:00,-0.5584505476827719,0.0,0.0
2024-03-07 21:15:00,-0.6112582751584442,0.0,0.0
2024-03-07 21:30:00,-0.6614817845857791,0.0,0.0
2024-03-07 21:45:00,-0.7089058723264249,0.0,0.0
2024-03-07 22:00:00,-0.7533273305839946,0.0,0.0
2024-03-07 22:15:00,-0.7945558106984243,0.0,0.0
2024-03-07 22:30:00,-0.832414633778571,0.0,0.0
2024-03-07 22:45:00,-0.8667415587629836,0.0,0.0
2024-03-07 23:00:00,-0.8973894713707591,0.0,0.0
2024-03-07 23:15:00,-0.9242270110646107,0.0,0.0
2024-03-07 23:30:00,-0.9471391421811753,0.0,0.0
2024-03-07 23:45:00,-0.9660276420265137,0.0,0.0
2024-03-08 00:00:00,-0.9808115200827037,0.0,0.0
2024-03-08 00:15:00,-0.9914273702432221,0.0,0.0
2024-03-08 00:30:00,-0.9978296392676234,0.0,0.0
2024-03-08 00:45:00,-0.9999908221252058,0.0,0.0
2024-03-08 01:00:00,-0.9979015817569901,0.0,0.0
2024-03-08 01:15:00,-0.9915707875922017,0.0,0.0
2024-03-08 01:30:00,-0.9810254794810606,0.0,0.0
2024-03-08 01:45:00,-0.9663107504029693,0.0,0.0
2024-03-08 02:00:00,-0.9474895535277822,0.0,0.0
2024-03-08 02:15:00,-0.9246424361383044,0.0,0.0
2024-03-08 02:30:00,-0.8978671897514015,0.0,0.0
2024-03-08 02:45:00,-0.8672784331777021,0.0,0.0
2024-03-08 03:00:00,-0.8330071266054949,0.0,0.0
2024-03-08 03:15:00,-0.7952000026277486,0.0,0.0
2024-03-08 03:30:00,-0.7540189412757883,0.0,0.0
2024-03-08 03:45:00,-0.7096402829668507,0.0,0.0
2024-03-08 04:00:00,-0.6622540622846943,0.0,0.0
2024-03-08 04:15:00,-0.6120631989927121,0.0,0.0
2024-03-08 04:30:00,-0.5592826362949332,0.0,0.0
2024-03-08 04:45:00,-0.5041384067715986,0.0,0.0
2024-03-08 05:00:00,-0.4468666705157199,0.0,0.0
2024-03-08 05:15:00,-0.38771271177279876,0.0,0.0
2024-03-08 05:30:00,-0.3269298729811171,0.0,0.0
2024-03-08 05:45:00,-0.26477847694574225,0.0,0.0
2024-03-08 06:00:00,-0.20152472050792264,0.0,0.0
2024-03-08 06:15:00,-0.13743951757083192,0.0,0.0
2024-03-08 06:30:00,-0.0727973468649392,0.0,0.0
2024-03-08 06:45:00,-0.007875084998154869,0.0,0.0
2024-03-08 07:00:00,0.057049196867136824,0.0,0.0
2024-03-08 07:15:00,0.12169741549975537,55.387527234426855,36.72217647704593
2024-03-08 07:30:00,0.18579265822237578,110.93456227606772,72.20467854571216
2024-03-08 07:45:00,0.24906038639876152,172.9869709737238,110.14544479446633
2024-03-08 08:00:00,0.31122960270724,237.82973129473223,148.5481397988904
2024-03-08 08:15:00,0.3720340038802163,304.95939466958885,186.77865275534108
2024-03-08 08:30:00,0.4312131382010749,371.2352959923933,222.8683015540191
2024-03-08 08:45:00,0.4885135126051082,438.0635128067742,258.5607066034248
2024-03-08 09:00:00,0.5436896712798793,501.93232340798215,290.1708557125497
2024-03-08 09:15:00,0.5965052626136221,564.467915332829,318.33622199632777
2024-03-08 09:30:00,0.64673404362604,624.4847456056465,343.3470587234068
2024-03-08 09:45:00,0.6941608429479078,681.2498634800547,364.91767171560235
2024-03-08 10:00:00,0.7385824961633838,734.9856640508821,383.3020723150532
2024-03-08 10:15:00,0.7798087089453405,784.9653512670959,401.4334903154566
2024-03-08 10:30:00,0.817662867426066,828.0675008994068,416.7807774368496
2024-03-08 10:45:00,0.8519828059699974,870.0479751640376,429.1169012603996
2024-03-08 11:00:00,0.8826214958162596,907.664206067284,438.4960679199772
2024-03-08 11:15:00,0.9094476716735054,941.1563927464831,450.871449721636
2024-03-08 11:30:00,0.9323464024279824,969.4584679162951,458.5510148110966
2024-03-08 11:45:00,0.9512195787690232,994.0732347758003,466.17497760741514
2024-03-08 12:00:00,0.9659863319474751,1012.142796661261,470.55697763140125
2024-03-08 12:15:00,0.9765833854344874,1025.332717100584,474.6165638918409
2024-03-08 12:30:00,0.9829653228426034,1033.4763631573253,474.20813338932163
2024-03-08 12:45:00,0.985104782669266,1035.551639189188,473.06715130111706
2024-03-08 13:00:00,0.9829925774346838,1033.5028001116434,470.04211181692597
2024-03-08 13:15:00,0.9766377315473067,1024.3853241377928,463.82479289945076
2024-03-08 13:30:00,0.9660674445716327,1012.2211514561973,458.3170559747901
2024-03-08 13:45:00,0.9513269732287006,993.17654824601,447.68641111459834
2024-03-08 14:00:00,0.9324794377613101,967.5853836242899,436.15088234484034
2024-03-08 14:15:00,0.9096055551241691,939.3060662577122,421.5049650103994
2024-03-08 14:30:00,0.882803288370566,905.8350910683321,406.485172492427
2024-03-08 14:45:00,0.8521874289643163,867.3864963657785,389.2317189622414
2024-03-08 15:00:00,0.8178891101234977,826.2758704237414,370.78370337740466
2024-03-08 15:15:00,0.7800552370732827,779.2901552625407,348.1240734457475
2024-03-08 15:30:00,0.7388478613565186,729.5299880527276,325.895238669071
2024-03-08 15:45:00,0.6944434930199573,676.7213868715226,302.3046091300907
2024-03-08 16:00:00,0.6470323336640068,620.8007746173819,277.32378370065464
2024-03-08 16:15:00,0.5968174667358699,560.3425847244514,255.97919048812673
2024-03-08 16:30:00,0.5440139950840766,498.56330802793383,231.78789016472493
2024-03-08 16:45:00,0.48884810615146945,434.3461303735403,206.32241475488377
2024-03-08 17:00:00,0.4315561095129524,368.62529660153297,178.82942073887799
2024-03-08 17:15:00,0.3723834328218799,302.8274183486315,148.1334553242957
2024-03-08 17:30:00,0.3115835552196998,236.7397220123124,116.76254507232024
2024-03-08 17:45:00,0.2494169289664307,171.92989400257045,85.49271231932518
2024-03-08 18:00:00,0.18614987247472692,109.83669325125348,55.06069937354808
2024-03-08 18:15:00,0.12205341288584587,55.34834434306884,28.081541797475563
2024-03-08 18:30:00,0.05740213327565487,0.0,0.0
2024-03-08 18:45:00,-0.00752699471315009,0.0,0.0
2024-03-08 19:00:00,-0.0724558146165412,0.0,0.0
2024-03-08 19:15:00,-0.13710616801124875,0.0,0.0
2024-03-08 19:30:00,-0.2012010774430628,0.0,0.0
2024-03-08 19:45:00,-0.26446595021807795,0.0,0.0
2024-03-08 20:00:00,-0.32662974590349225,0.0,0.0
2024-03-08 20:15:00,-0.3874261292695012,0.0,0.0
2024-03-08 20:30:00,-0.44659462787685844,0.0,0.0
2024-03-08 20:45:00,-0.5038817393235739,0.0,0.0
2024-03-08 21:00:00,-0.5590420098858373,0.0,0.0
2024-03-08 21:15:00,-0.6118391014159559,0.0,0.0
2024-03-08 21:30:00,-0.6620467957202995,0.0,0.0
2024-03-08 21:45:00,-0.7094499574707103,0.0,0.0
2024-03-08 22:00:00,-0.7538454693759913,0.0,0.0
2024-03-08 22:15:00,-0.7950430950899512,0.0,0.0
2024-03-08 22:30:00,-0.8328662893526776,0.0,0.0
2024-03-08 22:45:00,-0.8671529654692691,0.0,0.0
2024-03-08 23:00:00,-0.8977561835978954,0.0,0.0
2024-03-08 23:15:00,-0.9245447769447059,0.0,0.0
2024-03-08 23:30:00,-0.9474039220805772,0.0,0.0
2024-03-08 23:45:00,-0.9662356260852908,0.0,0.0
2024-03-09 00:00:00,-0.9809591447831418,0.0,0.0
2024-03-09 00:15:00,-0.991511333886824,0.0,0.0
2024-03-09 00:30:00,-0.9978469163258166,0.0,0.0
2024-03-09 00:45:00,-0.9999386764011992,0.0,0.0
2024-03-09 01:00:00,-0.9977775782746121,0.0,0.0
2024-03-09 01:15:00,-0.9913728031863438,0.0,0.0
2024-03-09 01:30:00,-0.9807517120441467,0.0,0.0
2024-03-09 01:45:00,-0.9659597267161906,0.0,0.0
2024-03-09 02:00:00,-0.9470601356765669,0.0,0.0
2024-03-09 02:15:00,-0.924133826485334,0.0,0.0
2024-03-09 02:30:00,-0.8972789344038742,0.0,0.0
2024-03-09 02:45:00,-0.8666104239719662,0.0,0.0
2024-03-09 03:00:00,-0.8322596016355244,0.0,0.0
2024-03-09 03:15:00,-0.7943735451898304,0.0,0.0
2024-03-09 03:30:00,-0.7531144773503544,0.0,0.0
2024-03-09 03:45:00,-0.7086590772587267,0.0,0.0
2024-03-09 04:00:00,-0.6611977127074742,0.0,0.0
2024-03-09 04:15:00,-0.6109336297798013,0.0,0.0
2024-03-09 04:30:00,-0.5580820896397063,0.0,0.0
2024-03-09 04:45:00,-0.5028694331274254,0.0,0.0
2024-03-09 05:00:00,-0.4455321175282785,0.0,0.0
2024-03-09 05:15:00,-0.3863157119404522,0.0,0.0
2024-03-09 05:30:00,-0.3254738300465333,0.0,0.0
2024-03-09 05:45:00,-0.26326705115884225,0.0,0.0
2024-03-09 06:00:00,-0.19996181274127348,0.0,0.0
2024-03-09 06:15:00,-0.13582925237313265,0.0,0.0
2024-03-09 06:30:00,-0.07114405458612058,0.0,0.0
2024-03-09 06:45:00,-0.0061832830183893225,0.0,0.0
2024-03-09 07:00:00,0.058774823791047724,0.0,0.0
2024-03-09 07:15:00,0.12345203554436718,60.9860758007299,39.32456845080882
2024-03-09 07:30:00,0.18757131345882272,116.40823207181138,73.88494164900813
2024-03-09 07:45:00,0.2508580143318304,178.7382101548115,111.63965280933101
2024-03-09 08:00:00,0.3130410582501165,243.59844151307504,149.19687510663252
2024-03-09 08:15:00,0.3738540816680187,309.81941941261715,186.62399969298363
2024-03-09 08:30:00,0.433036595199507,378.9426293756278,223.66545295165906
2024-03-09 08:45:00,0.4903350908867673,445.30673234586675,257.4351751288401
2024-03-09 09:00:00,0.5455041208536494,509.13190794596807,289.1873081079003
2024-03-09 09:15:00,0.5983073642201282,571.9544890439895,316.77772013921464
2024-03-09 09:30:00,0.64851863138364,632.1023210920686,342.4244541832836
2024-03-09 09:45:00,0.6959228268017866,689.2427756412026,363.62633032737426
2024-03-09 10:00:00,0.740316883998922,742.9093150910159,382.92928194447904
2024-03-09 10:15:00,0.7815106282444919,792.6788417543995,402.17362038379054
2024-03-09 10:30:00,0.8193275864523153,838.5292760922717,418.65644018424695
2024-03-09 10:45:00,0.8536057543290576,881.0718608582757,434.55399875846393
2024-03-09 11:00:00,0.8841982842922869,919.0619563520108,445.86011538766047
2024-03-09 11:15:00,0.9109741113088439,952.0900174130344,458.0338362812059
2024-03-09 11:30:00,0.9338185227131062,979.803967031713,467.4054688759357
2024-03-09 11:45:00,0.952633644909878,1003.7704374320409,476.80945225052915
2024-03-09 12:00:00,0.9673388610842233,1021.9920838625388,481.33345242149915
2024-03-09 12:15:00,0.9778711617874516,1031.3579962281276,483.65982905204396
2024-03-09 12:30:00,0.9841854116866455,1039.5017034529126,485.37765409588735
2024-03-09 12:45:00,0.9862545431006425,1041.5294522386298,484.2191761638575
2024-03-09 13:00:00,0.9840696738466042,1039.388280369672,481.1227477198601
2024-03-09 13:15:00,0.9776401437901546,1031.1320606267714,477.3010237274841
2024-03-09 13:30:00,0.9669934767526657,1017.7856333106017,471.12309204990623
2024-03-09 13:45:00,0.9521752610871661,657.300527085082,304.2580348860691
2024-03-09 14:00:00,0.9332489546114454,646.3663328899668,299.196702509505
2024-03-09 14:15:00,0.9102956163413123,615.0917429770161,285.96331712882045
2024-03-09 14:30:00,0.8834135543786947,910.3594631053813,426.9170393905277
2024-03-09 14:45:00,0.8527179067258835,871.143960695427,410.28764975646055
2024-03-09 15:00:00,0.8183401531433301,826.5096211981503,390.9366291535349
2024-03-09 15:15:00,0.7804275438785444,780.1890649294754,372.1812198923627
2024-03-09 15:30:00,0.7391424724769338,731.2716553393327,353.2801484339464
2024-03-09 15:45:00,0.6946617865098621,674.0504160500899,329.72383325385294
2024-03-09 16:00:00,0.6471760191305174,617.7467922800703,304.67927842346467
2024-03-09 16:15:00,0.5968885779203812,558.2237425180756,280.9637199113485
2024-03-09 16:30:00,0.5440148810649763,496.21190485198105,255.7702058076794
2024-03-09 16:45:00,0.4887814211782061,429.51875441072383,225.73456927369108
2024-03-09 17:00:00,0.43142480146471796,364.46873304727336,195.23098441052437
2024-03-09 17:15:00,0.37219073046547835,298.5068357595431,162.3114486641207
2024-03-09 17:30:00,0.31133295418691853,232.11110546633805,128.08585160004534
2024-03-09 17:45:00,0.24911217660022766,165.29987353631543,92.55393406654369
2024-03-09 18:00:00,0.1857949515602917,105.13218567255639,59.92767030598235
2024-03-09 18:15:00,0.12165252437112772,51.1430462390087,29.256045381217753
2024-03-09 18:30:00,0.05695967806687717,0.0,0.0
2024-03-09 18:45:00,-0.008006434856136065,0.0,0.0
2024-03-09 19:00:00,-0.07296749697562527,0.0,0.0
2024-03-09 19:15:00,-0.13764520947733128,0.0,0.0
2024-03-09 19:30:00,-0.2017624757202765,0.0,0.0
2024-03-09 19:45:00,-0.2650446055184297,0.0,0.0
2024-03-09 20:00:00,-0.32722048311792307,0.0,0.0
2024-03-09 20:15:00,-0.388023720389896,0.0,0.0
2024-03-09 20:30:00,-0.44719381473494246,0.0,0.0
2024-03-09 20:45:00,-0.5044772563912417,0.0,0.0
2024-03-09 21:00:00,-0.5596286071265892,0.0,0.0
2024-03-09 21:15:00,-0.6124115671182491,0.0,0.0
2024-03-09 21:30:00,-0.6625999791083753,0.0,0.0
2024-03-09 21:45:00,-0.7099787910702677,0.0,0.0
2024-03-09 22:00:00,-0.7543449910351034,0.0,0.0
2024-03-09 22:15:00,-0.7955084695053418,0.0,0.0
2024-03-09 22:30:00,-0.8332928291014479,0.0,0.0
2024-03-09 22:45:00,-0.8675361513559993,0.0,0.0
2024-03-09 23:00:00,-0.8980916842769568,0.0,0.0
2024-03-09 23:15:00,-0.9248284677668273,0.0,0.0
2024-03-09 23:30:00,-0.9476319030012348,0.0,0.0
2024-03-09 23:45:00,-0.966404238595512,0.0,0.0
2024-03-10 00:00:00,-0.9810649878383721,0.0,0.0
2024-03-10 00:15:00,-0.991551278675394,0.0,0.0
2024-03-10 00:30:00,-0.9978181198673857,0.0,0.0
2024-03-10 00:45:00,-0.999838593924225,0.0,0.0
2024-03-10 01:00:00,-0.997603974274458,0.0,0.0
2024-03-10 01:15:00,-0.9911237611505941,0.0,0.0
2024-03-10 01:30:00,-0.9804256428059733,0.0,0.0
2024-03-10 01:45:00,-0.9655553753621416,0.0,0.0
2024-03-10 02:00:00,-0.9465765870228294,0.0,0.0
2024-03-10 02:15:00,-0.9235705090798878,0.0,0.0
2024-03-10 02:30:00,-0.8966356230310119,0.0,0.0
2024-03-10 02:45:00,-0.8658872406366183,0.0,0.0
2024-03-10 03:00:00,-0.831457015074575,0.0,0.0
2024-03-10 03:15:00,-0.7934923688495241,0.0,0.0
2024-03-10 03:30:00,-0.7521558658874495,0.0,0.0
2024-03-10 03:45:00,-0.7076245215378505,0.0,0.0
2024-03-10 04:00:00,-0.6600890333635356,0.0,0.0
2024-03-10 04:15:00,-0.6097529693212976,0.0,0.0
2024-03-10 04:30:00,-0.5568319032007248,0.0,0.0
2024-03-10 04:45:00,-0.5015524777851991,0.0,0.0
2024-03-10 05:00:00,-0.44415144037009635,0.0,0.0
2024-03-10 05:15:00,-0.38487463685561174,0.0,0.0
2024-03-10 05:30:00,-0.32397594333885715,0.0,0.0
2024-03-10 05:45:00,-0.26171618594118673,0.0,0.0
2024-03-10 06:00:00,-0.1983620323504389,0.0,0.0
2024-03-10 06:15:00,-0.13418483275155613,0.0,0.0
2024-03-10 06:30:00,-0.06945946569708122,0.0,0.0
2024-03-10 06:45:00,-0.0044631694496308424,0.0,0.0
2024-03-10 07:00:00,0.06052566292835487,1.0,0.67108986
2024-03-10 07:15:00,0.12522866750515244,4.0,2.64393234
2024-03-10 07:30:00,0.1893686932317456,6.0,3.9052578599999994
2024-03-10 07:45:00,0.25267100653893904,7.0,4.47123726
2024-03-10 08:00:00,0.3148644594293196,9.0,5.6577726450000005
2024-03-10 08:15:00,0.3756826429000942,11.0,6.870585644999999
2024-03-10 08:30:00,0.43486504486030286,13.0,8.04095019
2024-03-10 08:45:00,0.4921581575265519,31.0,18.986587515
2024-03-10 09:00:00,0.5473165561165654,201.42727415767493,122.55396435425108
2024-03-10 09:15:00,0.6001039656055858,288.81954553385015,174.55824290631014
2024-03-10 09:30:00,0.6502942648260048,257.7779551584705,154.75504528915698
2024-03-10 09:45:00,0.6976724489974844,289.25560714473585,172.48303899511404
2024-03-10 10:00:00,0.7420355642989074,75.0,44.419276125
2024-03-10 10:15:00,0.7831935700623844,218.09748426112293,128.28806012690487
2024-03-10 10:30:00,0.820970148099492,303.079179034069,177.66287804155905
2024-03-10 10:45:00,0.8552034691818858,368.0859573257342,214.2813283978059
2024-03-10 11:00:00,0.8857468801910507,503.69350436566117,292.20715106939366
2024-03-10 11:15:00,0.9124695291205197,925.0846800870345,534.7984194459557
2024-03-10 11:30:00,0.9352569339733275,562.3898860407451,323.9850383078987
2024-03-10 11:45:00,0.9540114684564942,567.0429817986885,325.51942727852736
2024-03-10 12:00:00,0.9686527786336637,531.6051668412674,304.1012616517817
2024-03-10 12:15:00,0.9791181323443883,405.30856871989545,232.6733905466444
2024-03-10 12:30:00,0.9853626847703743,253.79507758678523,145.6948255317439
2024-03-10 12:45:00,0.9873596707164943,246.84831604859792,141.70693411974145
2024-03-10 13:00:00,0.9851005211252606,206.91060312675157,118.78009814005007
2024-03-10 13:15:00,0.9785948982792154,242.74313877935057,139.84096632689025
2024-03-10 13:30:00,0.9678706563186201,326.7469555964262,188.8948754348696
2024-03-10 13:45:00,0.952973720363568,227.52973720363568,131.9965727482882
2024-03-10 14:00:00,0.9339678899930721,168.93396788999308,98.34494995131178
2024-03-10 14:15:00,0.9109345695091591,68.0,39.72366845999999
2024-03-10 14:30:00,0.8839724143103376,88.0,51.5849796
2024-03-10 14:45:00,0.8531969101876906,851.7304160791092,501.00001474133404
2024-03-10 15:00:00,0.8187398837134034,809.6784965049291,477.90112177239445
2024-03-10 15:15:00,0.7807489294262147,764.7168111067903,454.4546600161412
2024-03-10 15:30:00,0.7393867811513327,715.3514053524488,428.00982542999486
2024-03-10 15:45:00,0.69483062126756,663.1318749710882,399.44662947739084
2024-03-10 16:00:00,0.6472713107943054,268.7889294305508,162.45203608827822
2024-03-10 16:15:00,0.5969125768265162,547.530061461213,334.2392934702489
2024-03-10 16:30:00,0.5439701473092218,486.40098357541,299.8726633472972
2024-03-10 16:45:00,0.48867081354967623,425.59374365385975,264.96502084466186
2024-03-10 17:00:00,0.43125146502170353,360.87602551519245,226.86161171068642
2024-03-10 17:15:00,0.3719580829152337,295.40079581198665,188.08961081983958
2024-03-10 17:30:00,0.3110446710653665,230.8942665864355,148.88345039522798
2024-03-10 17:45:00,0.24877217534136442,166.62994854738903,108.79230432566045
2024-03-10 18:00:00,0.18540737450681227,106.79213505371129,70.58779488153873
2024-03-10 18:15:00,0.1212217207929554,53.15398224378954,35.34876929909203
2024-03-10 18:30:00,0.05649018530919811,0.0,0.0
2024-03-10 18:45:00,-0.00850991106687293,0.0,0.0
2024-03-10 19:00:00,-0.07350010292530952,0.0,0.0
2024-03-10 19:15:00,-0.13820196457499317,0.0,0.0
2024-03-10 19:30:00,-0.20233829405810158,0.0,0.0
2024-03-10 19:45:00,-0.2656343179901565,0.0,0.0
2024-03-10 20:00:00,-0.32781885982426745,0.0,0.0
2024-03-10 20:15:00,-0.38862549333187335,0.0,0.0
2024-03-10 20:30:00,-0.4477937007036489,0.0,0.0
2024-03-10 20:45:00,-0.5050699798891156,0.0,0.0
2024-03-10 21:00:00,-0.5602089232971497,0.0,0.0
2024-03-10 21:15:00,-0.6129742844915114,0.0,0.0
2024-03-10 21:30:00,-0.6631399821322195,0.0,0.0
2024-03-10 21:45:00,-0.7104910623724133,0.0,0.0
2024-03-10 22:00:00,-0.7548246331604918,0.0,0.0
2024-03-10 22:15:00,-0.7959507262133996,0.0,0.0
2024-03-10 22:30:00,-0.8336931060290433,0.0,0.0
2024-03-10 22:45:00,-0.8678900359581705,0.0,0.0
2024-03-10 23:00:00,-0.8983949650122832,0.0,0.0
2024-03-10 23:15:00,-0.9250771523944998,0.0,0.0
2024-03-10 23:30:00,-0.9478222359179941,0.0,0.0
2024-03-10 23:45:00,-0.9665327171701972,0.0,0.0
2024-03-11 00:00:00,-0.9811283776332085,0.0,0.0
2024-03-11 00:15:00,-0.9915466275036349,0.0,0.0
2024-03-11 00:30:00,-0.9977427706372867,0.0,0.0
2024-03-11 00:45:00,-0.9996901961989944,0.0,0.0
2024-03-11 01:00:00,-0.9973804944931021,0.0,0.0
2024-03-11 01:15:00,-0.9908234914792635,0.0,0.0
2024-03-11 01:30:00,-0.9800472085870833,0.0,0.0
2024-03-11 01:45:00,-0.9650977411013917,0.0,0.0
2024-03-11 02:00:00,-0.9460390609072089,0.0,0.0
2024-03-11 02:15:00,-0.9229527460164907,0.0,0.0
2024-03-11 02:30:00,-0.8959376261660108,0.0,0.0
2024-03-11 02:45:00,-0.8651093613666871,0.0,0.0
2024-03-11 03:00:00,-0.8305999515591722,0.0,0.0
2024-03-11 03:15:00,-0.7925571629873587,0.0,0.0
2024-03-11 03:30:00,-0.7511438988412961,0.0,0.0
2024-03-11 03:45:00,-0.7065375077591523,0.0,0.0
2024-03-11 04:00:00,-0.658929013169345,0.0,0.0
2024-03-11 04:15:00,-0.6085223000626628,0.0,0.0
2024-03-11 04:30:00,-0.5555332490510866,0.0,0.0
2024-03-11 04:45:00,-0.5001887982122644,0.0,0.0
2024-03-11 05:00:00,-0.4427259773010264,0.0,0.0
2024-03-11 05:15:00,-0.38339090064026293,0.0,0.0
2024-03-11 05:30:00,-0.3224376974899563,0.0,0.0
2024-03-11 05:45:00,-0.26012743089128953,0.0,0.0
2024-03-11 06:00:00,-0.19672698801505,0.0,0.0
2024-03-11 06:15:00,-0.13250792029622996,0.0,0.0
2024-03-11 06:30:00,-0.06774528831195605,0.0,0.0
2024-03-11 06:45:00,-0.002716492428540409,0.0,0.0
2024-03-11 07:00:00,0.06229993290998205,20.161291211207647,13.896816237514646
2024-03-11 07:15:00,0.12702550362824278,61.98062558484459,42.47156327844915
2024-03-11 07:30:00,0.19118297039364843,116.01749429887518,79.03072671752545
2024-03-11 07:45:00,0.25449752356159416,182.51861319449273,123.59319531020755
2024-03-11 08:00:00,0.3166979616662704,246.78650769641544,166.11476604114105
2024-03-11 08:15:00,0.3775178450072787,15.0,10.066347900000002
2024-03-11 08:30:00,0.43669665375300515,19.0,12.67389585
2024-03-11 08:45:00,0.49398089536812506,23.0,15.295593284999999
2024-03-11 09:00:00,0.549125183188562,190.04576135769085,125.61703363338029
2024-03-11 09:15:00,0.6018933031124236,214.72495800541995,141.06149443393983
2024-03-11 09:30:00,0.6520592173598512,632.7271045815515,413.1060491635058
2024-03-11 09:45:00,0.6994080266460794,358.97982940915415,232.92584105718439
2024-03-11 10:00:00,0.7437369043352322,743.363213901709,477.8271018571399
2024-03-11 10:15:00,0.784855958062082,793.3583456687429,506.7561993837204
2024-03-11 10:30:00,0.8225890384181691,839.7174495752246,534.6706255651304
2024-03-11 10:45:00,0.8567745046891346,880.94093638903,557.3573367065646
2024-03-11 11:00:00,0.8872659112089555,918.466286092463,577.3859365342979
2024-03-11 11:15:00,0.9139326314696984,611.8436125920308,383.39347511459897
2024-03-11 11:30:00,0.9366604260024919,666.4607184950441,416.2704950407669
2024-03-11 11:45:00,0.9553519270507402,647.6141572276217,403.1898993531145
2024-03-11 12:00:00,0.9699270541023841,637.8654172325034,397.12055473860215
2024-03-11 12:15:00,0.9803233621143767,574.2185769937935,356.33477465168187
2024-03-11 12:30:00,0.9864963058239804,1038.9554314259651,644.7300111196397
2024-03-11 12:45:00,0.9884194307590926,1038.871072959488,644.6776619683819
2024-03-11 13:00:00,0.9860844883777928,529.3977993266473,328.52097281797995
2024-03-11 13:15:00,0.9795014698858588,578.8753674714646,360.394686471907
2024-03-11 13:30:00,0.96869856534936,592.3295026017727,369.9682343350663
2024-03-11 13:45:00,0.9537220413194377,469.2434180326379,293.0888265405251
2024-03-11 14:00:00,0.9346360428615683,778.3436186598955,487.7257172418446
2024-03-11 14:15:00,0.9115223223237725,737.7096924933495,463.7548575711373
2024-03-11 14:30:00,0.8844798841594927,499.0838130091618,315.762400544527
2024-03-11 14:45:00,0.8536245627573464,697.6863552212827,442.8253460033112
2024-03-11 15:00:00,0.819088531279187,506.5556217591063,322.5375527285767
2024-03-11 15:15:00,0.7810197273697541,282.29914418744573,180.88869135188756
2024-03-11 15:30:00,0.7395812229491803,201.09371834423771,129.66769198094562
2024-03-11 15:45:00,0.6949505320674909,446.9114989932416,289.9807405682423
2024-03-11 16:00:00,0.6473188394961094,470.19065162452745,306.0359563258679
2024-03-11 16:15:00,0.5968901868027034,556.8686120574006,365.82947483071825
2024-03-11 16:30:00,0.5438806057203759,333.0603016936576,220.82045881063453
2024-03-11 16:45:00,0.48851717935220973,343.0978301870358,229.5559523119839
2024-03-11 17:00:00,0.4310370757260017,365.8983979169132,246.2903151884069
2024-03-11 17:15:00,0.37168654011658997,300.05648955718254,203.79095031081656
2024-03-11 17:30:00,0.3107198248434414,234.43189490606485,160.64195811254072
2024-03-11 17:45:00,0.24839810753511335,170.91221024086428,117.80671949941498
2024-03-11 18:00:00,0.18498838105542553,110.5101316622233,76.84279127201614
2024-03-11 18:15:00,0.12076229309985276,55.813442067958775,39.03529794618247
2024-03-11 18:30:00,0.05599499071964693,0.0,0.0
2024-03-11 18:45:00,-0.009036049456789073,0.0,0.0
2024-03-11 19:00:00,-0.07405222723281592,0.0,0.0
2024-03-11 19:15:00,-0.1387750036182731,0.0,0.0
2024-03-11 19:30:00,-0.20292708537171622,0.0,0.0
2024-03-11 19:45:00,-0.26623363022238544,0.0,0.0
2024-03-11 20:00:00,-0.32842341541137776,0.0,0.0
2024-03-11 20:15:00,-0.38922999145856185,0.0,0.0
2024-03-11 20:30:00,-0.4483928402833544,0.0,0.0
2024-03-11 20:45:00,-0.5056584825678043,0.0,0.0
2024-03-11 21:00:00,-0.5607815563820847,0.0,0.0
2024-03-11 21:15:00,-0.6135258836554569,0.0,0.0
2024-03-11 21:30:00,-0.6636654738422252,0.0,0.0
2024-03-11 21:45:00,-0.7109854859193214,0.0,0.0
2024-03-11 22:00:00,-0.7552831622142453,0.0,0.0
2024-03-11 22:15:00,-0.7963686897678515,0.0,0.0
2024-03-11 22:30:00,-0.8340660087020737,0.0,0.0
2024-03-11 22:45:00,-0.8682135775184859,0.0,0.0
2024-03-11 23:00:00,-0.8986650590537069,0.0,0.0
2024-03-11 23:15:00,-0.9252899441069158,0.0,0.0
2024-03-11 23:30:00,-0.947974118822023,0.0,0.0
2024-03-11 23:45:00,-0.9666203488092527,0.0,0.0
2024-03-12 00:00:00,-0.9811486941027744,0.0,0.0
2024-03-12 00:15:00,-0.9914968567691408,0.0,0.0
2024-03-12 00:30:00,-0.9976204445919727,0.0,0.0
2024-03-12 00:45:00,-0.9994931614115607,0.0,0.0
2024-03-12 01:00:00,-0.9971069215736406,0.0,0.0
2024-03-12 01:15:00,-0.990471883048972,0.0,0.0
2024-03-12 01:30:00,-0.9796164058167218,0.0,0.0
2024-03-12 01:45:00,-0.9645869287605046,0.0,0.0
2024-03-12 02:00:00,-0.9454477709325653,0.0,0.0
2024-03-12 02:15:00,-0.9222808595820907,0.0,0.0
2024-03-12 02:30:00,-0.8951853742233189,0.0,0.0
2024-03-12 02:45:00,-0.8642773236672086,0.0,0.0
2024-03-12 03:00:00,-0.8296890541856803,0.0,0.0
2024-03-12 03:15:00,-0.7915686743597258,0.0,0.0
2024-03-12 03:30:00,-0.7500794242152835,0.0,0.0
2024-03-12 03:45:00,-0.7053989823284083,0.0,0.0
2024-03-12 04:00:00,-0.6577186936611082,0.0,0.0
2024-03-12 04:15:00,-0.6072427549855987,0.0,0.0
2024-03-12 04:30:00,-0.5541873475721999,0.0,0.0
2024-03-12 04:45:00,-0.49877969773800857,0.0,0.0
2024-03-12 05:00:00,-0.4412571097807152,0.0,0.0
2024-03-12 05:15:00,-0.3818659577006124,0.0,0.0
2024-03-12 05:30:00,-0.3208606144460443,0.0,0.0
2024-03-12 05:45:00,-0.25850236966060824,0.0,0.0
2024-03-12 06:00:00,-0.1950583190990202,0.0,0.0
2024-03-12 06:15:00,-0.13080020380791724,0.0,0.0
2024-03-12 06:30:00,-0.06600325421448629,0.0,0.0
2024-03-12 06:45:00,-0.0009450200315102852,0.0,0.0
2024-03-12 07:00:00,0.06409583615693625,23.87075876816818,18.1424803737763
2024-03-12 07:15:00,0.12884072383646483,67.22903162766875,50.4165772527519
2024-03-12 07:30:00,0.19301230940621775,122.27650230457934,90.70926848892537
2024-03-12 07:45:00,0.2563357215467531,185.00998973690122,135.75142501308213
2024-03-12 08:00:00,0.3185397198989065,250.04294409651328,181.4477743398505
2024-03-12 08:15:00,0.37935784889261837,316.2394843403362,226.9274533184099
2024-03-12 08:30:00,0.43852959589318286,382.442193789703,271.34105566035254
2024-03-12 08:45:00,0.4958014985727463,448.24616139387837,314.40442298882004
2024-03-12 09:00:00,0.5509282234296279,512.5990763077098,355.39763412025997
2024-03-12 09:15:00,0.6036736321639384,574.4638092247246,393.64520435935526
2024-03-12 09:30:00,0.6538117851570221,634.316699879568,430.81222224938153
2024-03-12 09:45:00,0.7011279032342268,689.7857874267143,464.3025494645274
2024-03-12 10:00:00,0.7454193012631587,742.4231781242113,493.7305642584803
2024-03-12 10:15:00,0.7864962491691626,792.992609248923,522.5517816678844
2024-03-12 10:30:00,0.8241827799493426,834.6546953138005,544.9441016516669
2024-03-12 10:45:00,0.858317454588583,874.2187884031421,565.4740860904426
2024-03-12 11:00:00,0.8887540475499649,911.0974939837175,583.8035175596119
2024-03-12 11:15:00,0.91536216993891,943.1175423830641,598.6018630034877
2024-03-12 11:30:00,0.9380278363442743,970.8701104909293,612.2916234837145
2024-03-12 11:45:00,0.9566539483995548,991.211365443981,619.1093253254786
2024-03-12 12:00:00,0.9711607091818812,1008.775709467696,623.9627102085888
2024-03-12 12:15:00,0.981485970168767,1021.4672137498223,627.6833493941788
2024-03-12 12:30:00,0.9875854942879226,1028.2310485849507,627.6828313061548
2024-03-12 12:45:00,0.9894331455897067,1026.0777237087345,622.2202011621807
2024-03-12 13:00:00,0.987021002987428,1018.8776167902578,613.7349827959473
2024-03-12 13:15:00,0.9803593926684637,1011.6753133596767,607.3516210517363
2024-03-12 13:30:00,0.9694768457578402,997.6134665547914,596.8931667316067
2024-03-12 13:45:00,0.9544199744537134,973.2942766251477,580.3751094956496
2024-03-12 14:00:00,0.9352532725551672,950.0804780252022,562.6918279249794
2024-03-12 14:15:00,0.9120588427221537,921.5891349781048,545.8176301385645
2024-03-12 14:30:00,0.8849360397887422,888.0177556109243,525.9347452051255
2024-03-12 14:45:00,0.8540010470367689,861.9949538504965,508.7801605026173
2024-03-12 15:00:00,0.8193863835759416,820.4477452183474,484.25751639446315
2024-03-12 15:15:00,0.7812403284869858,774.7414116964434,458.8460358882217
2024-03-12 15:30:00,0.739726289193474,724.7810504659028,430.72170127776445
2024-03-12 15:45:00,0.6950221078154124,670.5488800743622,399.8481127874001
2024-03-12 16:00:00,0.6473192883491046,616.4535636365496,368.83716196486904
2024-03-12 16:15:00,0.5968221813523764,556.8132556208344,337.6551774946355
2024-03-12 16:30:00,0.5437471159971065,495.3852331737257,303.40887365456854
2024-03-12 16:45:00,0.4883214599474398,431.2177378804747,267.5947480798898
2024-03-12 17:00:00,0.4307826516866573,365.7172480009,229.90500461601923
2024-03-12 17:15:00,0.3713771917041172,300.2230780998297,192.37380215029654
2024-03-12 17:30:00,0.31035957109623213,234.83646179993175,153.79886542227874
2024-03-12 17:45:00,0.2479911889009826,172.68332130642176,115.53697162492224
2024-03-12 18:00:00,0.18453924096592494,111.9054913382455,76.22964413763448
2024-03-12 18:15:00,0.12027555872450017,58.44349429352355,40.04778174920532
2024-03-12 18:30:00,0.05547545288657188,18.600137045460347,12.78314320595901
2024-03-12 18:45:00,-0.00958345701319295,0.0,0.0
2024-03-12 19:00:00,-0.07462244931276517,0.0,0.0
2024-03-12 19:15:00,-0.13936288544185943,0.0,0.0
2024-03-12 19:30:00,-0.2035273949622468,0.0,0.0
2024-03-12 19:45:00,-0.26684108111681076,0.0,0.0
2024-03-12 20:00:00,-0.3290326895983773,0.0,0.0
2024-03-12 20:15:00,-0.38983576244958595,0.0,0.0
2024-03-12 20:30:00,-0.4489897962172468,0.0,0.0
2024-03-12 20:45:00,-0.5062413492924837,0.0,0.0
2024-03-12 21:00:00,-0.5613451203252735,0.0,0.0
2024-03-12 21:15:00,-0.6140650144700613,0.0,0.0
2024-03-12 21:30:00,-0.6641751466964154,0.0,0.0
2024-03-12 21:45:00,-0.7114608032901435,0.0,0.0
2024-03-12 22:00:00,-0.755719375159243,0.0,0.0
2024-03-12 22:15:00,-0.7967612185641617,0.0,0.0
2024-03-12 22:30:00,-0.834410462730304,0.0,0.0
2024-03-12 22:45:00,-0.8685057743360372,0.0,0.0
2024-03-12 23:00:00,-0.8989010425662798,0.0,0.0
2024-03-12 23:15:00,-0.9254660017677585,0.0,0.0
2024-03-12 23:30:00,-0.9480867977583758,0.0,0.0
2024-03-12 23:45:00,-0.9666664708397588,0.0,0.0
2024-03-13 00:00:00,-0.9811253695586946,0.0,0.0
2024-03-13 00:15:00,-0.9914014970591346,0.0,0.0
2024-03-13 00:30:00,-0.9974507734588477,0.0,0.0
2024-03-13 00:45:00,-0.9992472248587569,0.0,0.0
2024-03-13 01:00:00,-0.9967830963639761,0.0,0.0
2024-03-13 01:15:00,-0.9900688837801768,0.0,0.0
2024-03-13 01:30:00,-0.9791332905457184,0.0,0.0
2024-03-13 01:45:00,-0.9640231031101011,0.0,0.0
2024-03-13 02:00:00,-0.9448029907078459,0.0,0.0
2024-03-13 02:15:00,-0.9215552318738613,0.0,0.0
2024-03-13 02:30:00,-0.8943793569664065,0.0,0.0
2024-03-13 02:45:00,-0.8633917236942192,0.0,0.0
2024-03-13 03:00:00,-0.8287250237486846,0.0,0.0
2024-03-13 03:15:00,-0.7905277061723646,0.0,0.0
2024-03-13 03:30:00,-0.748963345005952,0.0,0.0
2024-03-13 03:45:00,-0.7042099449354448,0.0,0.0
2024-03-13 04:00:00,-0.6564591677342684,0.0,0.0
2024-03-13 04:15:00,-0.6059155162959057,0.0,0.0
2024-03-13 04:30:00,-0.5527954659989156,0.0,0.0
2024-03-13 04:45:00,-0.497326523952227,0.0,0.0
2024-03-13 05:00:00,-0.4397462607490102,0.0,0.0
2024-03-13 05:15:00,-0.38030130101531423,0.0,0.0
2024-03-13 05:30:00,-0.3192462515498265,0.0,0.0
2024-03-13 05:45:00,-0.25684261807639874,0.0,0.0
2024-03-13 06:00:00,-0.19335769374069914,0.0,0.0
2024-03-13 06:15:00,-0.1290633973714341,0.0,0.0
2024-03-13 06:30:00,-0.06423511681513688,0.0,0.0
2024-03-13 06:45:00,0.0008494617899303288,0.0,0.0
2024-03-13 07:00:00,0.06591156107331544,23.1071220120178,16.6279399947984
2024-03-13 07:15:00,0.13067249788304866,63.02022943265704,44.71257580856181
2024-03-13 07:30:00,0.19485486848920996,115.40883410532426,80.71564945658683
2024-03-13 07:45:00,0.25818375429150314,173.96093707708752,120.25978900818603
2024-03-13 08:00:00,0.32038789068825657,236.09683089473543,160.8283667396578
2024-03-13 08:15:00,0.381200821041259,299.96330822453933,201.30233452154295
2024-03-13 08:30:00,0.4403620547809157,364.1618525936517,239.96872438511767
2024-03-13 08:45:00,0.49761817473708053,427.8160495391159,276.7257954611647
2024-03-13 09:00:00,0.5527239154213931,489.5684213272523,311.72134653196366
2024-03-13 09:15:00,0.6054432291378955,550.1912864361796,344.76089141620315
2024-03-13 09:30:00,0.6555502890427596,606.5402786328228,375.16616682425
2024-03-13 09:45:00,0.7028304504652367,661.6983257777722,402.5956930100611
2024-03-13 10:00:00,0.7470811838620284,714.0773826054835,428.69095465180254
2024-03-13 10:15:00,0.7881129352390381,761.9554302769873,451.2734486988891
2024-03-13 10:30:00,0.8257499333258964,808.3191927269451,473.8310121262265
2024-03-13 10:45:00,0.8598309536977098,848.1930987633098,492.06131665025373
2024-03-13 11:00:00,0.8902100032944273,884.6043828925073,506.0321563440166
2024-03-13 11:15:00,0.9167569426131383,913.4963803274012,518.8666337157309
2024-03-13 11:30:00,0.939358051453431,941.0286657935536,528.7985336511458
2024-03-13 11:45:00,0.9579165113263067,824.4353149187309,459.94749909256416
2024-03-13 12:00:00,0.9723528186519577,776.7111087145325,428.6124251014962
2024-03-13 12:15:00,0.982605130432645,779.5545858249262,428.60578427379903
2024-03-13 12:30:00,0.9886295259771813,1009.4936820029155,550.9471774279509
2024-03-13 12:45:00,0.9904001952166659,630.1296583697831,342.62953287480025
2024-03-13 13:00:00,0.9879095510125789,697.2121822009813,376.2866592576148
2024-03-13 13:15:00,0.9811682601301341,867.9872677499227,468.4542777619062
2024-03-13 13:30:00,0.9702051994311449,753.5067037041954,405.1458084555544
2024-03-13 13:45:00,0.9550673304866961,813.1981588419723,435.59697355699393
2024-03-13 14:00:00,0.9358194986093231,798.3468545974507,427.64173766282994
2024-03-13 14:15:00,0.9125441585936032,721.5494638608561,385.0460107619296
2024-03-13 14:30:00,0.88534101647412,569.6211713705632,303.97134315391656
2024-03-13 14:45:00,0.8543266042851574,519.4830822212698,277.2157675751309
2024-03-13 15:00:00,0.8196337859682157,790.2298167150786,421.69643766785236
2024-03-13 15:15:00,0.7814111799398432,573.2959551911849,307.0911810589515
2024-03-13 15:30:00,0.7398225260464073,608.9253518259791,326.1763907031535
2024-03-13 15:45:00,0.6950459904813273,347.8884622485642,187.05281797384677
2024-03-13 16:00:00,0.6472733915137809,337.8110525669767,182.31722806312615
2024-03-13 16:15:00,0.5967093828377414,404.95541906576847,221.82939715964102
2024-03-13 16:30:00,0.5435705842997824,467.10939719004466,258.7091328626407
2024-03-13 16:45:00,0.48808464054457207,403.480963086497,225.9151786126986
2024-03-13 17:00:00,0.43048925207711974,341.20822880858543,193.80653157548923
2024-03-13 17:15:00,0.371031165358093,278.45601357697774,160.97751822263305
2024-03-13 17:30:00,0.30996510034252744,215.63202667640164,126.83784270720105
2024-03-13 17:45:00,0.24755266675399207,155.43785737123255,93.00174669524182
2024-03-13 18:00:00,0.1840612521292023,98.66051946328277,59.82838029591118
2024-03-13 18:15:00,0.11976285968773026,50.150200534423355,30.715521656181576
2024-03-13 18:30:00,0.05493295133837468,14.845306593686228,9.15232858645259
2024-03-13 18:45:00,-0.010150723528199422,0.0,0.0
2024-03-13 19:00:00,-0.07520933518112582,0.0,0.0
2024-03-13 19:15:00,-0.13996415935703474,0.0,0.0
2024-03-13 19:30:00,-0.20413776256541386,0.0,0.0
2024-03-13 19:45:00,-0.26745520800368056,0.0,0.0
2024-03-13 20:00:00,-0.3296452244418631,0.0,0.0
2024-03-13 20:15:00,-0.3904413602281648,0.0,0.0
2024-03-13 20:30:00,-0.44958314140416566,0.0,0.0
2024-03-13 20:45:00,-0.506817178932092,0.0,0.0
2024-03-13 21:00:00,-0.5618982468979856,0.0,0.0
2024-03-13 21:15:00,-0.6145903483719873,0.0,0.0
2024-03-13 21:30:00,-0.6646677183655181,0.0,0.0
2024-03-13 21:45:00,-0.711915784765985,0.0,0.0
2024-03-13 22:00:00,-0.756132101065998,0.0,0.0
2024-03-13 22:15:00,-0.7971272063562078,0.0,0.0
2024-03-13 22:30:00,-0.834725432167045,0.0,0.0
2024-03-13 22:45:00,-0.8687656660919518,0.0,0.0
2024-03-13 23:00:00,-0.8991020358510666,0.0,0.0
2024-03-13 23:15:00,-0.9256045309437488,0.0,0.0
2024-03-13 23:30:00,-0.9481595678345428,0.0,0.0
2024-03-13 23:45:00,-0.9666704717941134,0.0,0.0
2024-03-14 00:00:00,-0.9810578894350184,0.0,0.0
2024-03-14 00:15:00,-0.9912601337664055,0.0,0.0
2024-03-14 00:30:00,-0.9972334452250725,0.0,0.0
2024-03-14 00:45:00,-0.9989521793063749,0.0,0.0
2024-03-14 01:00:00,-0.9964089181372056,0.0,0.0
2024-03-14 01:15:00,-0.9896145007235371,0.0,0.0
2024-03-14 01:30:00,-0.9785979784012895,0.0,0.0
2024-03-14 01:45:00,-0.9634064886899327,0.0,0.0
2024-03-14 02:00:00,-0.9441050535466083,0.0,0.0
2024-03-14 02:15:00,-0.9207763043692774,0.0,0.0
2024-03-14 02:30:00,-0.8935201229517098,0.0,0.0
2024-03-14 02:45:00,-0.862453215524533,0.0,0.0
2024-03-14 03:00:00,-0.827708617861263,0.0,0.0
2024-03-14 03:15:00,-0.7894351171257783,0.0,0.0
2024-03-14 03:30:00,-0.747796618090572,0.0,0.0
2024-03-14 03:45:00,-0.7029714473650337,0.0,0.0
2024-03-14 04:00:00,-0.6551515783496615,0.0,0.0
2024-03-14 04:15:00,-0.6045418139962583,0.0,0.0
2024-03-14 04:30:00,-0.5513589168617826,0.0,0.0
2024-03-14 04:45:00,-0.4958306670772514,0.0,0.0
2024-03-14 05:00:00,-0.4381948929300744,0.0,0.0
2024-03-14 05:15:00,-0.37869846029962995,0.0,0.0
2024-03-14 05:30:00,-0.31759619974048997,0.0,0.0
2024-03-14 05:45:00,-0.25514982225015287,0.0,0.0
2024-03-14 06:00:00,-0.191626806897851,0.0,0.0
2024-03-14 06:15:00,-0.12729923825187736,0.0,0.0
2024-03-14 06:30:00,-0.062442649028406766,0.0,0.0
2024-03-14 06:45:00,0.0026651513126577688,0.0,0.0
2024-03-14 07:00:00,0.06774528412196457,7.0,4.966469235
2024-03-14 07:15:00,0.13251898747707064,18.0,12.661767720000002
2024-03-14 07:30:00,0.19670880171527322,32.0,22.315759200000002
2024-03-14 07:45:00,0.26003977540411777,48.0,33.27958872
2024-03-14 08:00:00,0.3222406343657944,67.0,46.046466900000006
2024-03-14 08:15:00,0.38304493562501035,123.91833665250054,84.16227099309633
2024-03-14 08:30:00,0.4421922255260988,51.0,34.122493755
2024-03-14 08:45:00,0.4994291468768477,13.0,8.56650249
2024-03-14 09:00:00,0.5545105169644733,19.0,12.366649889999998
2024-03-14 09:15:00,0.6072003933067146,97.0,61.762502025
2024-03-14 09:30:00,0.6572730763163588,397.7264728870203,248.41943593218573
2024-03-14 09:45:00,0.7045140699893795,186.74965476988316,114.37866657046528
2024-03-14 10:00:00,0.7487210142609291,318.8721014260929,191.43245382370756
2024-03-14 10:15:00,0.7897045446855557,290.2234545023911,170.71358758482313
2024-03-14 10:30:00,0.8272890988028064,376.62011365873116,216.96564070572367
2024-03-14 10:45:00,0.8613136793220564,537.394103796617,303.06772817166717
2024-03-14 11:00:00,0.8916325377037548,894.4445910940456,493.58128267563694
2024-03-14 11:15:00,0.9181157952616317,926.3860999402069,503.7173420870073
2024-03-14 11:30:00,0.9406500077772462,953.2882570384078,510.6375059735557
2024-03-14 11:45:00,0.9591386467356238,988.7537733445439,521.6404420984227
2024-03-14 12:00:00,0.9735025112462308,1005.1188580602106,522.1474215389143
2024-03-14 12:15:00,0.9836800724059882,1018.6266282064408,522.9875311267905
2024-03-14 12:30:00,0.9896277336655905,1025.218952846652,522.2275270206987
2024-03-14 12:45:00,0.9913200177505901,1025.8408166855547,518.3971160028574
2024-03-14 13:00:00,0.9887496775071478,1022.4359471792118,512.543091474588
2024-03-14 13:15:00,0.9819277254066696,1015.0482064314562,506.7878735258802
2024-03-14 13:30:00,0.9708833882563486,1000.7759680196859,497.63918268176235
2024-03-14 13:45:00,0.9556639802670628,980.8561736878343,487.73399861733395
2024-03-14 14:00:00,0.9363347005667715,957.2369286231301,474.0543347049668
2024-03-14 14:15:00,0.912978357428252,928.2881754042788,459.71798647460747
2024-03-14 14:30:00,0.8856950084445658,896.0967626761103,445.5870992429156
2024-03-14 14:45:00,0.8546015338177226,861.1235911726744,428.19657325217094
2024-03-14 15:00:00,0.8198311407030991,818.5687020699768,407.03601293807384
2024-03-14 15:15:00,0.7815327843420652,773.0934485740436,385.98598801236926
2024-03-14 15:30:00,0.7398705334954389,722.9474936075363,362.4107156733832
2024-03-14 15:45:00,0.6950228739892318,669.0744200168577,336.75679414402066
2024-03-14 16:00:00,0.6471819330155093,612.5138224698572,309.52696940463954
2024-03-14 16:15:00,0.5965526611543541,553.2248922292551,285.1572950181768
2024-03-14 16:30:00,0.5433519618324208,491.7278263056234,257.43473358857887
2024-03-14 16:45:00,0.4878077486713773,428.41677276017606,228.61934982549843
2024-03-14 17:00:00,0.43015797546828466,364.2613727051407,197.32881460253913
2024-03-14 17:15:00,0.37064962513097355,299.88745333618056,165.48686788407096
2024-03-14 17:30:00,0.3095376361977746,235.41304408246697,132.28722677452558
2024-03-14 17:45:00,0.24708381818376457,172.95442363739522,98.93744778461347
2024-03-14 18:00:00,0.18355573875540143,114.03030209735502,66.38276773324773
2024-03-14 18:15:00,0.1192255607696967,60.436826081684764,35.42764136945973
2024-03-14 18:30:00,0.054368884619611285,20.48154600065936,12.088938821519537
2024-03-14 18:45:00,-0.010736423529887561,0.0,0.0
2024-03-14 19:00:00,-0.07581143949333212,0.0,0.0
2024-03-14 19:15:00,-0.1405773671935942,0.0,0.0
2024-03-14 19:30:00,-0.20475672435991812,0.0,0.0
2024-03-14 19:45:00,-0.26807454854577334,0.0,0.0
2024-03-14 20:00:00,-0.33025956626038516,0.0,0.0
2024-03-14 20:15:00,-0.3910453469025816,0.0,0.0
2024-03-14 20:30:00,-0.4501714608073274,0.0,0.0
2024-03-14 20:45:00,-0.5073845862892075,0.0,0.0
2024-03-14 21:00:00,-0.5624395875285544,0.0,0.0
2024-03-14 21:15:00,-0.615100580111469,0.0,0.0
2024-03-14 21:30:00,-0.6651419333890048,0.0,0.0
2024-03-14 21:45:00,-0.7123492309606223,0.0,0.0
2024-03-14 22:00:00,-0.7565202026287003,0.0,0.0
2024-03-14 22:15:00,-0.7974655836864126,0.0,0.0
2024-03-14 22:30:00,-0.835009920882785,0.0,0.0
2024-03-14 22:45:00,-0.8689923351208229,0.0,0.0
2024-03-14 23:00:00,-0.8992672045117307,0.0,0.0
2024-03-14 23:15:00,-0.9257047849519557,0.0,0.0
2024-03-14 23:30:00,-0.9481917741385668,0.0,0.0
2024-03-14 23:45:00,-0.9666317921937289,0.0,0.0
2024-03-15 00:00:00,-0.9809457929548072,0.0,0.0
2024-03-15 00:15:00,-0.9910724076464212,0.0,0.0
2024-03-15 00:30:00,-0.9969682045616741,0.0,0.0
2024-03-15 00:45:00,-0.9986078752756999,0.0,0.0
2024-03-15 01:00:00,-0.995984344744612,0.0,0.0
2024-03-15 01:15:00,-0.9891088000733794,0.0,0.0
2024-03-15 01:30:00,-0.9780106444704237,0.0,0.0
2024-03-15 01:45:00,-0.9627373695478931,0.0,0.0
2024-03-15 02:00:00,-0.9433543520602877,0.0,0.0
2024-03-15 02:15:00,-0.9199445773658049,0.0,0.0
2024-03-15 02:30:00,-0.8926082788408076,0.0,0.0
2024-03-15 02:45:00,-0.8614625103856246,0.0,0.0
2024-03-15 03:00:00,-0.8266406500522312,0.0,0.0
2024-03-15 03:15:00,-0.7882918203821286,0.0,0.0
2024-03-15 03:30:00,-0.7465802531574028,0.0,0.0
2024-03-15 03:45:00,-0.7016845922319735,0.0,0.0
2024-03-15 04:00:00,-0.6537971171219411,0.0,0.0
2024-03-15 04:15:00,-0.6031229243812946,0.0,0.0
2024-03-15 04:30:00,-0.5498790564444596,0.0,0.0
2024-03-15 04:45:00,-0.4942935583427524,0.0,0.0
2024-03-15 05:00:00,-0.43660450712530524,0.0,0.0
2024-03-15 05:15:00,-0.37705900026371175,0.0,0.0
2024-03-15 05:30:00,-0.3159120816701055,0.0,0.0
2024-03-15 05:45:00,-0.25342565657059574,0.0,0.0
2024-03-15 06:00:00,-0.1898673782874593,0.0,0.0
2024-03-15 06:15:00,-0.12550948488315056,0.0,0.0
2024-03-15 06:30:00,-0.06062764121177965,0.0,0.0
2024-03-15 06:45:00,0.004500233172995626,0.0,0.0
2024-03-15 07:00:00,0.0695951719443432,33.911626782475395,23.991602724211692
2024-03-15 07:15:00,0.13437834839075863,80.21382596274042,55.93851327172573
2024-03-15 07:30:00,0.1985722611671042,137.27185319522314,94.06407477043086
2024-03-15 07:45:00,0.2619019404657574,199.0935565175914,134.41454448216172
2024-03-15 08:00:00,0.3240961171285198,265.49620624185127,176.5618256254711
2024-03-15 08:15:00,0.38488837659094743,331.5045195220731,216.43852673290846
2024-03-15 08:30:00,0.4440183168623481,397.22999408283397,253.72993576182097
2024-03-15 08:45:00,0.5012326554227122,462.48489168274705,289.80230595048755
2024-03-15 09:00:00,0.5562863069800288,525.6050621794639,322.9800638203781
2024-03-15 09:15:00,0.6089434487547994,588.0377052365988,356.5898867005575
2024-03-15 09:30:00,0.6589785226253702,647.6062072971989,387.47644536476395
2024-03-15 09:45:00,0.7061771952240216,703.2038809446032,415.05600678389925
2024-03-15 10:00:00,0.7503372896035316,756.5559216704032,440.4292113738464
2024-03-15 10:15:00,0.7912696440549591,802.8029939543426,462.4837060657054
2024-03-15 10:30:00,0.8287989176898214,847.2965966984644,482.9777938458777
2024-03-15 10:45:00,0.8627643526282173,888.6846697073831,501.1808689496465
2024-03-15 11:00:00,0.893020456496874,925.1182904765521,516.1179250447598
2024-03-15 11:15:00,0.9194376225009078,957.4657413758624,530.293616842513
2024-03-15 11:30:00,0.9419026927993317,984.5170716233617,541.2959134446573
2024-03-15 11:45:00,0.9603194385255305,1008.8272998615603,550.5834888121493
2024-03-15 12:00:00,0.9746089704164734,1026.497656451897,556.0775336557629
2024-03-15 12:15:00,0.984710081804905,1039.199359187148,558.7571583034702
2024-03-15 12:30:00,0.9905795076017414,1045.8715428660876,560.2305832204713
2024-03-15 12:45:00,0.9921921097865494,1047.4497701635933,558.9587071646239
2024-03-15 13:00:00,0.9895409867632101,1042.896593213261,552.3128317117429
2024-03-15 13:15:00,0.9826375013764155,1034.2625513268645,547.7402862125763
2024-03-15 13:30:00,0.9715112341109191,1021.5938072147042,538.9659787976269
2024-03-15 13:45:00,0.9562098546181976,1000.2242013057605,527.6919377023358
2024-03-15 14:00:00,0.9367989176720786,976.0221728708026,512.9506978032479
2024-03-15 14:15:00,0.9133615858847588,947.2999754893275,497.85568090835966
2024-03-15 14:30:00,0.8859982683212341,913.4083808803539,481.8901980086805
2024-03-15 14:45:00,0.8548261922724885,873.8594016597793,461.0251984897629
2024-03-15 15:00:00,0.8199789060956348,832.4607201714102,439.1843447847632
2024-03-15 15:15:00,0.7816056988495117,786.0083403622596,417.8548967630672
2024-03-15 15:30:00,0.7398709643046193,732.3060614809789,390.78613699088936
2024-03-15 15:45:00,0.6949535030667733,674.5751521282247,361.3423020069891
2024-03-15 16:00:00,0.6470457454936267,618.5772889781656,333.8472670219768
2024-03-15 16:15:00,0.5963529324146626,558.8349340531206,306.1226265813183
2024-03-15 16:30:00,0.5430922433553405,496.32741103394227,275.89482083089143
2024-03-15 16:45:00,0.48749185263539196,429.74397095019003,242.35756970760596
2024-03-15 17:00:00,0.4297899582348589,364.8529707644012,208.7117576116118
2024-03-15 17:15:00,0.37023376972075567,299.6519503184912,173.83675182634167
2024-03-15 17:30:00,0.30907843369059124,235.04719744375825,138.25812388657803
2024-03-15 17:45:00,0.24658594827962066,170.29297413981033,101.20143109425864
2024-03-15 18:00:00,0.18302404948583167,111.20961979433267,66.98864806377324
2024-03-15 18:15:00,0.11866504747951911,59.15822786694968,35.87393390699942
2024-03-15 18:30:00,0.05378466833533344,19.970098185222014,12.15036400297402
2024-03-15 18:45:00,-0.011339118327396522,0.0,0.0
2024-03-15 19:00:00,-0.07642730751078715,0.0,0.0
2024-03-15 19:15:00,-0.14120104530890185,0.0,0.0
2024-03-15 19:30:00,-0.20538281490302845,0.0,0.0
2024-03-15 19:45:00,-0.2686976427403537,0.0,0.0
2024-03-15 20:00:00,-0.3308742676431669,0.0,0.0
2024-03-15 20:15:00,-0.39164629474477486,0.0,0.0
2024-03-15 20:30:00,-0.45075335339391653,0.0,0.0
2024-03-15 20:45:00,-0.5079422039107265,0.0,0.0
2024-03-15 21:00:00,-0.5629678151201045,0.0,0.0
2024-03-15 21:15:00,-0.6155944294779231,0.0,0.0
2024-03-15 21:30:00,-0.6655965648631856,0.0,0.0
2024-03-15 21:45:00,-0.7127599744037381,0.0,0.0
2024-03-15 22:00:00,-0.7568825777109311,0.0,0.0
2024-03-15 22:15:00,-0.797775319340454,0.0,0.0
2024-03-15 22:30:00,-0.8352629738776296,0.0,0.0
2024-03-15 22:45:00,-0.8691849076043322,0.0,0.0
2024-03-15 23:00:00,-0.8993957605271738,0.0,0.0
2024-03-15 23:15:00,-0.925766065812635,0.0,0.0
2024-03-15 23:30:00,-0.9481828125885934,0.0,0.0
2024-03-15 23:45:00,-0.9665499253141934,0.0,0.0
2024-03-16 00:00:00,-0.9807886737602511,0.0,0.0
2024-03-16 00:15:00,-0.9908380152993079,0.0,0.0
2024-03-16 00:30:00,-0.9966548531687063,0.0,0.0
2024-03-16 00:45:00,-0.9982142212587917,0.0,0.0
2024-03-16 01:00:00,-0.9955093926967331,0.0,0.0
2024-03-16 01:15:00,-0.988551907118812,0.0,0.0
2024-03-16 01:30:00,-0.977371523103839,0.0,0.0
2024-03-16 01:45:00,-0.9620160889148612,0.0,0.0
2024-03-16 02:00:00,-0.9425513376967836,0.0,0.0
2024-03-16 02:15:00,-0.919060609415034,0.0,0.0
2024-03-16 02:30:00,-0.8916444886891097,0.0,0.0
2024-03-16 02:45:00,-0.8604203758040336,0.0,0.0
2024-03-16 03:00:00,-0.8255219888229304,0.0,0.0
2024-03-16 03:15:00,-0.7870987824693474,0.0,0.0
2024-03-16 03:30:00,-0.7453153113932063,0.0,0.0
2024-03-16 03:45:00,-0.7003505316587062,0.0,0.0
2024-03-16 04:00:00,-0.6523970229136293,0.0,0.0
2024-03-16 04:15:00,-0.6016601685334163,0.0,0.0
2024-03-16 04:30:00,-0.5483572831573016,0.0,0.0
2024-03-16 04:45:00,-0.49271666824748706,0.0,0.0
2024-03-16 05:00:00,-0.43497664040116657,0.0,0.0
2024-03-16 05:15:00,-0.3753845186942381,0.0,0.0
2024-03-16 05:30:00,-0.3141955497608123,0.0,0.0
2024-03-16 05:45:00,-0.251671821767349,0.0,0.0
2024-03-16 06:00:00,-0.18808115040931403,0.0,0.0
2024-03-16 06:15:00,-0.12369591484562803,0.0,0.0
2024-03-16 06:30:00,-0.05879189912738211,0.0,0.0
2024-03-16 06:45:00,0.006352880419608924,0.0,0.0
2024-03-16 07:00:00,0.07145938351325039,33.720201634544075,24.946742332047748
2024-03-16 07:15:00,0.13624873265195053,78.46081783431512,57.09497991605353
2024-03-16 07:30:00,0.200443399081786,133.60263338037618,95.87071460378954
2024-03-16 07:45:00,0.2637684090839439,197.1827722688407,139.50173392381885
2024-03-16 08:00:00,0.3259525131256831,261.3722257298033,182.27248909232296
2024-03-16 08:15:00,0.3867293397033669,327.1361390173996,222.84403708554484
2024-03-16 08:30:00,0.4458385531364374,392.5704666833264,261.06948669960013
2024-03-16 08:45:00,0.5030269602058277,459.8458941595165,299.3027987591966
2024-03-16 09:00:00,0.5580495874917871,523.2299179308886,332.0968909783861
2024-03-16 09:15:00,0.61067074619527,585.4673900882693,364.49873037789706
2024-03-16 09:30:00,0.660665033700563,645.2079387802808,395.17087080724394
2024-03-16 09:45:00,0.7078182930007791,700.6331880826809,420.6198341753696
2024-03-16 10:00:00,0.7519285436020744,754.9683323494482,444.0831729099397
2024-03-16 10:15:00,0.7928068394946712,803.6973829031828,467.8726243444597
2024-03-16 10:30:00,0.8302780738078331,849.5347156079752,489.4052048443112
2024-03-16 10:45:00,0.8641817399398503,885.3188372647826,504.65131164041793
2024-03-16 11:00:00,0.8943726130456608,921.1890396802819,519.5119698935192
2024-03-16 11:15:00,0.9207213688768165,954.0330371620698,534.1777276036678
2024-03-16 11:30:00,0.9431151459824524,980.5851220775228,543.098315205741
2024-03-16 11:45:00,0.9614580244109081,1005.4622071415408,552.8117282429123
2024-03-16 12:00:00,0.9756714350393976,1022.8635347224671,558.2439864618118
2024-03-16 12:15:00,0.9856945011422682,1035.352554089724,562.9672516704771
2024-03-16 12:30:00,0.99148429595434,1041.8675026363946,564.403734992146
2024-03-16 12:45:00,0.9930160267125325,1040.3861772967684,559.3952871749827
2024-03-16 13:00:00,0.9902831424877148,1035.807852793378,554.839876305037
2024-03-16 13:15:00,0.9832973606963544,1023.2995190545731,546.0712222253788
2024-03-16 13:30:00,0.9720886187668846,1009.8191244033377,538.8775751589934
2024-03-16 13:45:00,0.9567049441021126,986.8654831826584,524.6338409135335
2024-03-16 14:00:00,0.937212248491462,964.109693109128,510.58768256322554
2024-03-16 14:15:00,0.9136940492926684,934.9437491520843,495.1415441816356
2024-03-16 14:30:00,0.8862511064808591,901.7160046846201,477.5442965181114
2024-03-16 14:45:00,0.8550009929008526,862.080889639164,456.5537373692619
2024-03-16 15:00:00,0.8200775956485749,819.7686721489888,434.1453981244304
2024-03-16 15:15:00,0.7816305341875336,773.5818258115293,411.2487582679883
2024-03-16 15:30:00,0.7398245229343459,721.070318062997,384.79032049081246
2024-03-16 15:45:00,0.6948386720218027,667.5799684822489,357.5952684057306
2024-03-16 16:00:00,0.6468657088411827,611.4892841232462,327.5497843058702
2024-03-16 16:15:00,0.5961111574707565,552.7161478743099,300.53636270426193
2024-03-16 16:30:00,0.5427924656864049,491.23623625009975,271.07885049481246
2024-03-16 16:45:00,0.4871380598908771,429.5078881994673,240.48805310634728
2024-03-16 17:00:00,0.42938637289598075,365.14107465429055,207.40040608514838
2024-03-16 17:15:00,0.36978483076905144,301.09970966142157,173.4593800324589
2024-03-16 17:30:00,0.30858877743125035,236.30173379416271,138.0407607318014
2024-03-16 17:45:00,0.24606038820959125,175.65806613929294,104.03472191233021
2024-03-16 18:00:00,0.1824675554610526,116.28572440286314,69.81125494375378
2024-03-16 18:15:00,0.11808272418664087,64.140719912285,38.89534946948905
2024-03-16 18:30:00,0.05318173314616421,22.200439834286406,13.597115928553903
2024-03-16 18:45:00,-0.011957357963029946,0.0,0.0
2024-03-16 19:00:00,-0.0770554770636579,0.0,0.0
2024-03-16 19:15:00,-0.1418337265095901,0.0,0.0
2024-03-16 19:30:00,-0.20601456920901562,0.0,0.0
2024-03-16 19:45:00,-0.26932303493124,0.0,0.0
2024-03-16 20:00:00,-0.33148788940226287,0.0,0.0
2024-03-16 20:15:00,-0.3922427881020555,0.0,0.0
2024-03-16 20:30:00,-0.4513274339916975,0.0,0.0
2024-03-16 20:45:00,-0.5084886839069138,0.0,0.0
2024-03-16 21:00:00,-0.5634816257569406,0.0,0.0
2024-03-16 21:15:00,-0.6160706430336228,0.0,0.0
2024-03-16 21:30:00,-0.6660304160552177,0.0,0.0
2024-03-16 21:45:00,-0.7131468810787935,0.0,0.0
2024-03-16 22:00:00,-0.7572181607570818,0.0,0.0
2024-03-16 22:15:00,-0.7980554216708495,0.0,0.0
2024-03-16 22:30:00,-0.8354836785263084,0.0,0.0
2024-03-16 22:45:00,-0.8693425547279785,0.0,0.0
2024-03-16 23:00:00,-0.8994869633074016,0.0,0.0
2024-03-16 23:15:00,-0.9257877251959545,0.0,0.0
2024-03-16 23:30:00,-0.9481321307533668,0.0,0.0
2024-03-16 23:45:00,-0.9664244178372972,0.0,0.0
2024-03-17 00:00:00,-0.9805861804464486,0.0,0.0
2024-03-17 00:15:00,-0.9905567095730622,0.0,0.0
2024-03-17 00:30:00,-0.9962932500548206,0.0,0.0
2024-03-17 00:45:00,-0.9977711838621715,0.0,0.0
2024-03-17 01:00:00,-0.9949841371706362,0.0,0.0
2024-03-17 01:15:00,-0.9879440061073005,0.0,0.0
2024-03-17 01:30:00,-0.9766809076514688,0.0,0.0
2024-03-17 01:45:00,-0.9612430488031777,0.0,0.0
2024-03-17 02:00:00,-0.9416965202262348,0.0,0.0
2024-03-17 02:15:00,-0.9181250166521426,0.0,0.0
2024-03-17 02:30:00,-0.890629473161525,0.0,0.0
2024-03-17 02:45:00,-0.8593276346668899,0.0,0.0
2024-03-17 03:00:00,-0.8243535565642187,0.0,0.0
2024-03-17 03:15:00,-0.7858570220983276,0.0,0.0
2024-03-17 03:30:00,-0.7440029042718066,0.0,0.0
2024-03-17 03:45:00,-0.6989704658674756,0.0,0.0
2024-03-17 04:00:00,-0.6509525803671675,0.0,0.0
2024-03-17 04:15:00,-0.6001549107420577,0.0,0.0
2024-03-17 04:30:00,-0.546795035866854,0.0,0.0
2024-03-17 04:45:00,-0.49110150482482706,0.0,0.0
2024-03-17 05:00:00,-0.43331286424073123,0.0,0.0
2024-03-17 05:15:00,-0.37367664456431826,0.0,0.0
2024-03-17 05:30:00,-0.31244828425497834,0.0,0.0
2024-03-17 05:45:00,-0.2498900429095,0.0,0.0
2024-03-17 06:00:00,-0.1862698865084365,0.0,0.0
2024-03-17 06:15:00,-0.12186032272928043,0.0,0.0
2024-03-17 06:30:00,-0.05693724175713333,0.0,0.0
2024-03-17 06:45:00,0.008221256708382464,0.0,0.0
2024-03-17 07:00:00,0.07333607224905744,37.40735413451342,26.389126268482713
2024-03-17 07:15:00,0.13812829060949328,83.87003333770238,58.31870226564201
2024-03-17 07:30:00,0.20232036991431834,138.94626273767327,94.93058634564503
2024-03-17 07:45:00,0.26563734701515807,201.13221065685232,135.38434669086982
2024-03-17 08:00:00,0.3278080065261326,264.41958822893395,175.31136101875495
2024-03-17 08:15:00,0.3885660345751899,328.60765816805775,212.55447452041423
2024-03-17 08:30:00,0.4476511763598793,393.7095216826705,249.0937602928737
2024-03-17 08:45:00,0.504810342398126,459.76168775533455,284.3785254239214
2024-03-17 09:00:00,0.5597986854391859,521.9967338911797,315.48707170234707
2024-03-17 09:15:00,0.6123806647685821,582.3378550817661,344.89367977222935
2024-03-17 09:30:00,0.6623310470677217,640.9553762899698,371.83672778185564
2024-03-17 09:45:00,0.7094358651896256,696.7563820409224,395.7581510503123
2024-03-17 10:00:00,0.7534933481528858,749.3625732042212,415.03541285962586
2024-03-17 10:15:00,0.7943147782757902,798.0605595613143,433.94103593808427
2024-03-17 10:30:00,0.8317252948110483,843.0286447521091,449.8718838802054
2024-03-17 10:45:00,0.865564654008143,882.9161756495159,460.44925276734693
2024-03-17 11:00:00,0.8956879094878476,919.8854437331861,470.43200540267543
2024-03-17 11:15:00,0.9219660298616807,951.8041360102566,479.05957828690794
2024-03-17 11:30:00,0.9442864596550484,979.4064179143658,485.03337467140676
2024-03-17 11:45:00,0.9625535966920548,1001.4633632607599,489.8837403478367
2024-03-17 12:00:00,0.976689200059125,1018.8081184562869,490.1307464591655
2024-03-17 12:15:00,0.986632730230832,1030.2476246402139,491.46910020389026
2024-03-17 12:30:00,0.9923416051817726,1037.6785745537745,490.8189253657119
2024-03-17 12:45:00,0.9937913829452325,1033.1142310320804,484.48342302054135
2024-03-17 13:00:00,0.990975867904023,1030.4451227730137,481.1488376639972
2024-03-17 13:15:00,0.9839071357690534,1021.7761504375245,477.10100836112537
2024-03-17 13:30:00,0.9726154837075978,1007.1764011362646,470.28390354764144
2024-03-17 13:45:00,0.9571492987173298,986.9345943007033,460.83233585528325
2024-03-17 14:00:00,0.9375748504952918,962.9446109606214,449.6306208443989
2024-03-17 14:15:00,0.9139760110884558,934.5138342457332,436.3553528384321
2024-03-17 14:30:00,0.8864538903482471,900.9917635589943,422.5240158450794
2024-03-17 14:45:00,0.855126404723249,860.3240170603706,403.4526988131751
2024-03-17 15:00:00,0.8201277771131119,818.7338494077827,385.60376011953275
2024-03-17 15:15:00,0.7816079535465306,773.0333911674004,364.07995412394104
2024-03-17 15:30:00,0.739731964335991,722.8681491506322,341.914516544572
2024-03-17 15:45:00,0.6946792234694298,664.8358684908516,315.8092871340314
2024-03-17 16:00:00,0.6466427488535751,608.600411311078,289.09640883534047
2024-03-17 16:15:00,0.5958283404643006,551.2793590095832,268.5538405841267
2024-03-17 16:30:00,0.5424537061704755,490.14690004509566,244.7179391237416
2024-03-17 16:45:00,0.48674751548546646,426.2991813353614,218.0106013670993
2024-03-17 17:00:00,0.42894842638072894,362.6902079082259,189.87954728843997
2024-03-17 17:15:00,0.36930407106706786,297.93973398039293,159.59412230968334
2024-03-17 17:30:00,0.3080699797527009,235.06935803384624,129.24314524071343
2024-03-17 17:45:00,0.2455084933466149,173.17339955354652,97.3124869411674
2024-03-17 18:00:00,0.18188764843475452,115.21168882694444,66.37186113160466
2024-03-17 18:15:00,0.11748001215964543,63.2411638546076,36.81585871583914
2024-03-17 18:30:00,0.05256152285576188,23.093143454046803,13.583717327087442
2024-03-17 18:45:00,-0.012589683182861064,0.0,0.0
2024-03-17 19:00:00,-0.07769448062129983,0.0,0.0
2024-03-17 19:15:00,-0.14247394214710715,0.0,0.0
2024-03-17 19:30:00,-0.20665052468974413,0.0,0.0
2024-03-17 19:45:00,-0.26994927575013167,0.0,0.0
2024-03-17 20:00:00,-0.33209900246414675,0.0,0.0
2024-03-17 20:15:00,-0.3928334252314236,0.0,0.0
2024-03-17 20:30:00,-0.45189233509128657,0.0,0.0
2024-03-17 20:45:00,-0.5090226997938058,0.0,0.0
2024-03-17 21:00:00,-0.5639797405057945,0.0,0.0
2024-03-17 21:15:00,-0.616527995760706,0.0,0.0
2024-03-17 21:30:00,-0.6664423219940011,0.0,0.0
2024-03-17 21:45:00,-0.7135088519429957,0.0,0.0
2024-03-17 22:00:00,-0.7575259242089456,0.0,0.0
2024-03-17 22:15:00,-0.7983049399007545,0.0,0.0
2024-03-17 22:30:00,-0.8356711657813645,0.0,0.0
2024-03-17 22:45:00,-0.8694644937595056,0.0,0.0
2024-03-17 23:00:00,-0.8995401206612286,0.0,0.0
2024-03-17 23:15:00,-0.9257691652709513,0.0,0.0
2024-03-17 23:30:00,-0.9480392285694201,0.0,0.0
2024-03-17 23:45:00,-0.9662548704604377,0.0,0.0
2024-03-18 00:00:00,-0.9803380170233311,0.0,0.0
2024-03-18 00:15:00,-0.990228299915,0.0,0.0
2024-03-18 00:30:00,-0.9958833117460817,0.0,0.0
2024-03-18 00:45:00,-0.9972787878791756,0.0,0.0
2024-03-18 01:00:00,-0.9944087119452641,0.0,0.0
2024-03-18 01:15:00,-0.9872853400532295,0.0,0.0
2024-03-18 01:30:00,-0.9759391501410393,0.0,0.0
2024-03-18 01:45:00,-0.960418709547397,0.0,0.0
2024-03-18 02:00:00,-0.9407904671182088,0.0,0.0
2024-03-18 02:15:00,-0.9171384720615612,0.0,0.0
2024-03-18 02:30:00,-0.8895640086606772,0.0,0.0
2024-03-18 02:45:00,-0.858185164272362,0.0,0.0
2024-03-18 03:00:00,-0.8231363284824367,0.0,0.0
2024-03-18 03:15:00,-0.7845676090209144,0.0,0.0
2024-03-18 03:30:00,-0.742644192230736,0.0,0.0
2024-03-18 03:45:00,-0.6975456418142655,0.0,0.0
2024-03-18 04:00:00,-0.6494651183507144,0.0,0.0
2024-03-18 04:15:00,-0.5986085568961143,0.0,0.0
2024-03-18 04:30:00,-0.545193792184941,0.0,0.0
2024-03-18 04:45:00,-0.4894496118719892,0.0,0.0
2024-03-18 05:00:00,-0.43161478276090703,0.0,0.0
2024-03-18 05:15:00,-0.37193703618276724,0.0,0.0
2024-03-18 05:30:00,-0.31067199128321077,0.0,0.0
2024-03-18 05:45:00,-0.24808206737120092,0.0,0.0
2024-03-18 06:00:00,-0.18443536848051884,0.0,0.0
2024-03-18 06:15:00,-0.12000451803746182,0.0,0.0
2024-03-18 06:30:00,-0.05506549925758667,0.0,0.0
2024-03-18 06:45:00,0.010103518381562369,0.0,0.0
2024-03-18 07:00:00,0.07522338810237622,4.0,2.72478654
2024-03-18 07:15:00,0.14001517305374983,5.0,3.3554493
2024-03-18 07:30:00,0.20420133250044703,6.0,3.9658985099999997
2024-03-18 07:45:00,0.2675069282616269,11.0,7.137404505
2024-03-18 08:00:00,0.3296607935760073,9.0,5.74873362
2024-03-18 08:15:00,0.39039668670484307,11.0,6.915055455000001
2024-03-18 08:30:00,0.44945444811185575,23.0,14.179805324999998
2024-03-18 08:45:00,0.5065811063662609,28.0,16.979382
2024-03-18 09:00:00,0.5615319545339681,32.0,19.081591200000002
2024-03-18 09:15:00,0.6140716138195672,36.0,21.102946199999998
2024-03-18 09:30:00,0.6639750337922955,78.0,44.93472165
2024-03-18 09:45:00,0.7110284503475043,87.0,49.41606568499999
2024-03-18 10:00:00,0.7550303148164206,95.0,52.99992809999999
2024-03-18 10:15:00,0.7957921501398317,142.0,78.35984793
2024-03-18 10:30:00,0.833139353484405,153.0,83.50217505
2024-03-18 10:45:00,0.8669119551584122,276.40662278927715,149.17714770519456
2024-03-18 11:00:00,0.8969652978090876,471.69017003192675,251.71166688224966
2024-03-18 11:15:00,0.9231706528138348,948.9328538527972,502.55010422550066
2024-03-18 11:30:00,0.945415779851154,976.1820910414243,515.007953716267
2024-03-18 11:45:00,0.9636054029525991,1003.5343165961114,527.4097682160145
2024-03-18 12:00:00,0.9776616170444802,1017.8455513411227,530.8162161632328
2024-03-18 12:15:00,0.9875242266122671,1029.1604910550413,536.7170657343131
2024-03-18 12:30:00,0.993151000327311,1036.4866013112728,538.4425951163417
2024-03-18 12:45:00,0.9945178520926896,1035.8138880796844,538.0931285070027
2024-03-18 13:00:00,0.9916189457745841,1032.0799037569818,536.1533675816843
2024-03-18 13:15:00,0.9844667186322398,1023.3365823888344,531.6113149961076
2024-03-18 13:30:00,0.9730918298874408,1006.7601364344195,525.0350659802581
2024-03-18 13:45:00,0.9575430275126576,984.5999295317463,513.4783055641299
2024-03-18 14:00:00,0.9378869395454639,960.6696452004632,502.9402871846131
2024-03-18 14:15:00,0.9142077921728484,932.328545422502,489.9874114024504
2024-03-18 14:30:00,0.8866070436691076,899.8124097388879,474.71732182030274
2024-03-18 14:45:00,0.8552029516545936,859.2618446825159,455.06078522725545
2024-03-18 15:00:00,0.8201300714972066,817.8151132750279,434.7638977613335
2024-03-18 15:15:00,0.7815386715042715,772.283260223229,413.68053680915915
2024-03-18 15:30:00,0.7395940927301916,721.5717315625044,389.43355152982446
2024-03-18 15:45:00,0.6944760469972959,667.970927383734,363.2055145849501
2024-03-18 16:00:00,0.6463778358129071,611.737069694958,335.10173960309123
2024-03-18 16:15:00,0.5955055273439367,552.4268942384297,308.1956386857166
2024-03-18 16:30:00,0.5420770810297103,492.3151982308175,278.6402605055591
2024-03-18 16:45:00,0.4863214003003674,428.5009436195686,246.85346959368792
2024-03-18 17:00:00,0.428477358268,364.50633192145597,213.67104200271746
2024-03-18 17:15:00,0.36879278271366045,300.2401376330247,180.24689531134516
2024-03-18 17:30:00,0.30752337886964876,237.13127015422313,145.2359230105247
2024-03-18 17:45:00,0.24493164143226998,174.40500041332223,109.285670079246
2024-03-18 18:00:00,0.18128573883809795,116.68386752851544,74.76746753824843
2024-03-18 18:15:00,0.11685834757421082,65.10922940043113,42.11483724630671
2024-03-18 18:30:00,0.05192549237085145,24.61963173356134,16.074100072002103
2024-03-18 18:45:00,-0.013234627479583408,0.0,0.0
2024-03-18 19:00:00,-0.07834284725661057,0.0,0.0
2024-03-18 19:15:00,-0.14312022404574357,0.0,0.0
2024-03-18 19:30:00,-0.20728922308794562,0.0,0.0
2024-03-18 19:45:00,-0.2705749240249792,0.0,0.0
2024-03-18 20:00:00,-0.3327061898403435,0.0,0.0
2024-03-18 20:15:00,-0.3934168202526136,0.0,0.0
2024-03-18 20:30:00,-0.4524467087390753,0.0,0.0
2024-03-18 20:45:00,-0.5095429481931228,0.0,0.0
2024-03-18 21:00:00,-0.5644609070628491,0.0,0.0
2024-03-18 21:15:00,-0.6169652926355622,0.0,0.0
2024-03-18 21:30:00,-0.6668311509647248,0.0,0.0
2024-03-18 21:45:00,-0.7138448243098661,0.0,0.0
2024-03-18 22:00:00,-0.7578048798584378,0.0,0.0
2024-03-18 22:15:00,-0.7985229653878174,0.0,0.0
2024-03-18 22:30:00,-0.8358246113242138,0.0,0.0
2024-03-18 22:45:00,-0.8695499890934342,0.0,0.0
2024-03-18 23:00:00,-0.8995545896933153,0.0,0.0
2024-03-18 23:15:00,-0.9257098394693608,0.0,0.0
2024-03-18 23:30:00,-0.9479036589951211,0.0,0.0
2024-03-18 23:45:00,-0.9660409384277792,0.0,0.0
2024-03-19 00:00:00,-0.9800439433410912,0.0,0.0
2024-03-19 00:15:00,-0.9898526526373156,0.0,0.0
2024-03-19 00:30:00,-0.9954250124212245,0.0,0.0
2024-03-19 00:45:00,-0.9967371162911169,0.0,0.0
2024-03-19 01:00:00,-0.9937833092720856,0.0,0.0
2024-03-19 01:15:00,-0.9865762104684547,0.0,0.0
2024-03-19 01:30:00,-0.9751466608563519,0.0,0.0
2024-03-19 01:45:00,-0.9595435892576903,0.0,0.0
2024-03-19 02:00:00,-0.9398338028929853,0.0,0.0
2024-03-19 02:15:00,-0.916101704683645,0.0,0.0
2024-03-19 02:30:00,-0.8884489264252247,0.0,0.0
2024-03-19 02:45:00,-0.8569938952759995,0.0,0.0
2024-03-19 03:00:00,-0.8218713314477333,0.0,0.0
2024-03-19 03:15:00,-0.7832316626682614,0.0,0.0
2024-03-19 03:30:00,-0.7412403832868084,0.0,0.0
2024-03-19 03:45:00,-0.696077351666287,0.0,0.0
2024-03-19 04:00:00,-0.6479360084144418,0.0,0.0
2024-03-19 04:15:00,-0.5970225527894171,0.0,0.0
2024-03-19 04:30:00,-0.5435550667636119,0.0,0.0
2024-03-19 04:45:00,-0.4877625671215635,0.0,0.0
2024-03-19 05:00:00,-0.42988403077102616,0.0,0.0
2024-03-19 05:15:00,-0.3701673791785294,0.0,0.0
2024-03-19 05:30:00,-0.3088684008236596,0.0,0.0
2024-03-19 05:45:00,-0.2462496628176866,0.0,0.0
2024-03-19 06:00:00,-0.18257939482425642,0.0,0.0
2024-03-19 06:15:00,-0.11813032318614126,0.0,0.0
2024-03-19 06:30:00,-0.053178510827527684,0.0,0.0
2024-03-19 06:45:00,0.01199781655707102,11.815851525880829,8.407178757506088
2024-03-19 07:00:00,0.07711947974332095,41.65780762455732,29.47182620582797
2024-03-19 07:15:00,0.1419075333664649,87.10000654479686,61.26889173781654
2024-03-19 07:30:00,0.2060844521231553,141.5319190032967,98.69975698723354
2024-03-19 07:45:00,0.2693753370963803,202.88706006591278,140.66662324173987
2024-03-19 08:00:00,0.33150908460850853,266.54657794962424,183.18698774426335
2024-03-19 08:15:00,0.3922195393880782,19.0,12.90433032
2024-03-19 08:30:00,0.4512466514773359,23.0,15.435066780000001
2024-03-19 08:45:00,0.508337581604031,28.0,18.56412432
2024-03-19 09:00:00,0.5632477770547846,33.0,21.612327660000002
2024-03-19 09:15:00,0.61574203462103,37.0,23.9328432
2024-03-19 09:30:00,0.6655955000540204,42.0,26.742526650000006
2024-03-19 09:45:00,0.7125946252160191,46.0,28.917504630000003
2024-03-19 10:00:00,0.7565380962352176,50.0,30.9267315
2024-03-19 10:15:00,0.79723768865931,53.0,32.568071759999995
2024-03-19 10:30:00,0.8345190689938282,57.0,34.680387735
2024-03-19 10:45:00,0.868222552435698,60.0,36.141827400000004
2024-03-19 11:00:00,0.8982037808513845,61.0,36.374283225
2024-03-19 11:15:00,0.924334337851952,71.0,42.193764269999996
2024-03-19 11:30:00,0.9465023070527461,144.0,84.99393504
2024-03-19 11:45:00,0.9646127466769429,217.71690197341553,128.06419618104576
2024-03-19 12:00:00,0.9785880946835359,202.8715285681012,118.92185980234451
2024-03-19 12:15:00,0.9883685059212879,205.93021103552772,120.2985798393108
2024-03-19 12:30:00,0.9939121052470545,219.95129684197644,128.48929989849583
2024-03-19 12:45:00,0.9951951670435641,239.95195167043565,140.1731143306813
2024-03-19 13:00:00,0.9922122183587997,207.9454855285116,121.47584595424001
2024-03-19 13:15:00,0.9849760607798075,182.93990424311923,106.8682956508502
2024-03-19 13:30:00,0.9735177174316483,198.84110630458989,116.55925468595113
2024-03-19 13:45:00,0.9578862981610747,221.6630903852886,130.38540065513473
2024-03-19 14:00:00,0.9381487893006407,202.62889273580384,119.18921331351041
2024-03-19 14:15:00,0.914389770208216,170.82877954041643,101.17454304670011
2024-03-19 14:30:00,0.8867110456445062,139.0,82.60469343
2024-03-19 14:45:00,0.8552312115432077,873.2470209851215,522.4821007026005
2024-03-19 15:00:00,0.8200851519668032,830.9971476819237,498.8828511174206
2024-03-19 15:15:00,0.7814234528398587,784.5925668388337,474.1960922748107
2024-03-19 15:30:00,0.7394117603722407,370.56646989918625,226.21200880244703
2024-03-19 15:45:00,0.6942300777929098,89.0,54.68978088
2024-03-19 16:00:00,0.646071982989261,94.0,58.14225522
2024-03-19 16:15:00,0.5951438042435215,199.61546456125382,124.67955866677787
2024-03-19 16:30:00,0.5416637437742197,108.0,68.32988442
2024-03-19 16:45:00,0.48586092935889336,49.0,31.298660820000002
2024-03-19 17:00:00,0.42797443907018995,143.83087531908836,92.74390961481647
2024-03-19 17:15:00,0.3682522853573278,165.44735651574314,108.02019274955124
2024-03-19 17:30:00,0.30695033703239233,126.06184179201665,83.32474508846909
2024-03-19 17:45:00,0.24433123057877146,89.98981075208943,60.2093481451334
2024-03-19 18:00:00,0.18066325379160775,57.93647895853843,39.23191412745421
2024-03-19 18:15:00,0.11621917956639534,31.74328769349593,21.62342076064634
2024-03-19 18:30:00,0.05127510571881758,12.0,8.198615879999998
2024-03-19 18:45:00,-0.013890719065629574,0.0,0.0
2024-03-19 19:00:00,-0.0789991045938752,0.0,0.0
2024-03-19 19:15:00,-0.1437711064813149,0.0,0.0
2024-03-19 19:30:00,-0.20792921249834256,0.0,0.0
2024-03-19 19:45:00,-0.271198548762977,0.0,0.0
2024-03-19 20:00:00,-0.33330804846115203,0.0,0.0
2024-03-19 20:15:00,-0.39399160492267293,0.0,0.0
2024-03-19 20:30:00,-0.4529892282777353,0.0,0.0
2024-03-19 20:45:00,-0.5100481505795972,0.0,0.0
2024-03-19 21:00:00,-0.5649239013750984,0.0,0.0
2024-03-19 21:15:00,-0.6173813702641295,0.0,0.0
2024-03-19 21:30:00,-0.6671958060497167,0.0,0.0
2024-03-19 21:45:00,-0.714153773309645,0.0,0.0
2024-03-19 22:00:00,-0.7580540801480133,0.0,0.0
2024-03-19 22:15:00,-0.7987086327979027,0.0,0.0
2024-03-19 22:30:00,-0.8359432366106213,0.0,0.0
2024-03-19 22:45:00,-0.869598353181637,0.0,0.0
2024-03-19 23:00:00,-0.8995297776602158,0.0,0.0
2024-03-19 23:15:00,-0.9256092532358524,0.0,0.0
2024-03-19 23:30:00,-0.9477250286228085,0.0,0.0
2024-03-19 23:45:00,-0.965782332004027,0.0,0.0
2024-03-20 00:00:00,-0.9797037754112305,0.0,0.0
2024-03-20 00:15:00,-0.9894296911128515,0.0,0.0
2024-03-20 00:30:00,-0.9949183839745908,0.0,0.0
2024-03-20 00:45:00,-0.996146310198375,0.0,0.0
2024-03-20 01:00:00,-0.9931081796652135,0.0,0.0
2024-03-20 01:15:00,-0.9858169770183873,0.0,0.0
2024-03-20 01:30:00,-0.9743039078786087,0.0,0.0
2024-03-20 01:45:00,-0.9586182632261446,0.0,0.0
2024-03-20 02:00:00,-0.9388272083818772,0.0,0.0
2024-03-20 02:15:00,-0.9150154987702266,0.0,0.0
2024-03-20 02:30:00,-0.8872851115418618,0.0,0.0
2024-03-20 02:45:00,-0.8557548105866779,0.0,0.0
2024-03-20 03:00:00,-0.8205596427548458,0.0,0.0
2024-03-20 03:15:00,-0.7818503508847983,0.0,0.0
2024-03-20 03:30:00,-0.7397927315887979,0.0,0.0
2024-03-20 03:45:00,-0.6945669312656269,0.0,0.0
2024-03-20 04:00:00,-0.646366663162008,0.0,0.0
2024-03-20 04:15:00,-0.5953983824878207,0.0,0.0
2024-03-20 04:30:00,-0.5418804094784384,0.0,0.0
2024-03-20 04:45:00,-0.4860419803907514,0.0,0.0
2024-03-20 05:00:00,-0.4281222718724228,0.0,0.0
2024-03-20 05:15:00,-0.36836938456616286,0.0,0.0
2024-03-20 05:30:00,-0.30703926471505333,0.0,0.0
2024-03-20 05:45:00,-0.24439461514583216,0.0,0.0
2024-03-20 06:00:00,-0.18070377858808517,0.0,0.0
2024-03-20 06:15:00,-0.11623957130086424,0.0,0.0
2024-03-20 06:30:00,-0.05127812258659975,0.0,0.0
2024-03-20 06:45:00,0.013902299303488505,13.751689712239552,9.56218408484969
2024-03-20 07:00:00,0.07902249664358443,34.272924563665974,23.90082286382922
2024-03-20 07:15:00,0.14380352958812354,6.0,4.1842048499999995
2024-03-20 07:30:00,0.20796790250702313,8.0,5.5627689600000005
2024-03-20 07:45:00,0.271240770117115,11.0,7.626572415
2024-03-20 08:00:00,0.33335110603597995,15.0,10.399871475000001
2024-03-20 08:15:00,0.3940328557341153,19.0,12.981141809999999
2024-03-20 08:30:00,0.4530260929454699,23.0,15.52804911
2024-03-20 08:45:00,0.5100781245026428,28.0,18.677320199999997
2024-03-20 09:00:00,0.5649445656004232,294.4239685544842,193.41899231117105
2024-03-20 09:15:00,0.6173904020123192,336.82588844271027,218.5511466883298
2024-03-20 09:30:00,0.6671909887376232,383.4633652069306,245.71164221318008
2024-03-20 09:45:00,0.714133006222723,393.3961973192173,248.10033157484222
2024-03-20 10:00:00,0.7580153875577471,428.27941603781983,266.6370596135792
2024-03-20 10:15:00,0.798650172526804,478.25309433938867,295.81610075356883
2024-03-20 10:30:00,0.8358633080476502,526.2362226418662,322.30419660492964
2024-03-20 10:45:00,0.8694954046582659,905.9765976626187,551.221397996065
2024-03-20 11:00:00,0.8994024132090401,630.7729170194352,381.22978091486436
2024-03-20 11:15:00,0.9254562386565177,691.3807636340895,416.46273711572434
2024-03-20 11:30:00,0.9475452968676292,695.8116605750072,419.1317489901549
2024-03-20 11:45:00,0.9655749878063589,1026.1602130136507,616.0475209807337
2024-03-20 12:00:00,0.9794680992040701,638.840429761221,382.2316958823979
2024-03-20 12:15:00,0.989165142166428,1055.295160460431,631.4053401254583
2024-03-20 12:30:00,0.9946246027620202,676.1938665280388,404.58104451043204
2024-03-20 12:45:00,0.9958231199846229,639.8095891956175,382.8115644018781
2024-03-20 13:00:00,0.9927555872949158,1058.8425202473768,635.6680968868469
2024-03-20 13:15:00,0.9854351729101318,590.5918304609709,355.7511333395079
2024-03-20 13:30:00,0.9738932652340053,584.8388105952253,353.4678893432228
2024-03-20 13:45:00,0.9581793364229836,663.0282024394281,402.0646116425851
2024-03-20 14:00:00,0.9383607306014983,630.4124840209004,383.5605154180582
2024-03-20 14:15:00,0.9145223788524817,589.3567136557444,360.96363939927704
2024-03-20 14:30:00,0.8867664300663536,645.3286670579348,396.5492516514711
2024-03-20 14:45:00,0.8552118151957863,885.7408008056054,547.8613585021989
2024-03-20 15:00:00,0.8199937427900345,843.9741244798423,525.4391654474891
2024-03-20 15:15:00,0.7812631112999687,797.012167286371,501.0348486449994
2024-03-20 15:30:00,0.7391858661624549,747.3550675386462,472.8396794964535
2024-03-20 15:45:00,0.6939422952261256,690.3025850464779,440.929519847733
2024-03-20 16:00:00,0.6457262451338467,633.7190120018481,407.34880773458866
2024-03-20 16:15:00,0.5947442959275566,573.7221401302783,372.26245341673535
2024-03-20 16:30:00,0.5412148834949535,369.6399701358401,242.83142059602756
2024-03-20 16:45:00,0.4853673501255523,319.117674750472,211.57643524203883
2024-03-20 17:00:00,0.4274409683818108,285.22705737256047,190.83644086180826
2024-03-20 17:15:00,0.3676839242909815,240.63335174795813,162.94581862203546
2024-03-20 17:30:00,0.30635223858316474,187.4947939458531,128.47880979436636
2024-03-20 17:45:00,0.24370867735894425,137.2304854322211,95.1452940631306
2024-03-20 18:00:00,0.18002163514715927,93.06577658429153,65.27728357115659
2024-03-20 18:15:00,0.11556396824928619,53.76610174510938,38.03813250754495
2024-03-20 18:30:00,0.050611834120055876,21.302005900204747,15.156738480015745
2024-03-20 18:45:00,-0.014556482837513311,0.0,0.0
2024-03-20 19:00:00,-0.0796617808515319,0.0,0.0
2024-03-20 19:15:00,-0.14442512815605965,0.0,0.0
2024-03-20 19:30:00,-0.20856904927390232,0.0,0.0
2024-03-20 19:45:00,-0.2718187310296954,0.0,0.0
2024-03-20 20:00:00,-0.33390319105318345,0.0,0.0
2024-03-20 20:15:00,-0.3945564304616236,0.0,0.0
2024-03-20 20:30:00,-0.45351859007307394,0.0,0.0
2024-03-20 20:45:00,-0.5105370549536429,0.0,0.0
2024-03-20 21:00:00,-0.565367529316144,0.0,0.0
2024-03-20 21:15:00,-0.6177750983639898,0.0,0.0
2024-03-20 21:30:00,-0.667535226529169,0.0,0.0
2024-03-20 21:45:00,-0.7144347131864901,0.0,0.0
2024-03-20 22:00:00,-0.7582726193646234,0.0,0.0
2024-03-20 22:15:00,-0.7988611212300194,0.0,0.0
2024-03-20 22:30:00,-0.8360263099272645,0.0,0.0
2024-03-20 22:45:00,-0.8696089474759643,0.0,0.0
2024-03-20 23:00:00,-0.899465142755536,0.0,0.0
2024-03-20 23:15:00,-0.9254669646713987,0.0,0.0
2024-03-20 23:30:00,-0.9475029981938694,0.0,0.0
2024-03-20 23:45:00,-0.9654788168560973,0.0,0.0
2024-03-21 00:00:00,-0.9793173856636717,0.0,0.0
2024-03-21 00:15:00,-0.9889593959134957,0.0,0.0
2024-03-21 00:30:00,-0.9943635160170379,0.0,0.0
2024-03-21 00:45:00,-0.9955065686799198,0.0,0.0
2024-03-21 01:00:00,-0.9923836316285746,0.0,0.0
2024-03-21 01:15:00,-0.9850080571138109,0.0,0.0
2024-03-21 01:30:00,-0.9734114165447794,0.0,0.0
2024-03-21 01:45:00,-0.9576433632545245,0.0,0.0
2024-03-21 02:00:00,-0.937771419931783,0.0,0.0
2024-03-21 02:15:00,-0.9138806928396102,0.0,0.0
2024-03-21 02:30:00,-0.8860735018959558,0.0,0.0
2024-03-21 02:45:00,-0.8544689442074278,0.0,0.0
2024-03-21 03:00:00,-0.8192023888686725,0.0,0.0
2024-03-21 03:15:00,-0.7804248885646974,0.0,0.0
2024-03-21 03:30:00,-0.7383025359832185,0.0,0.0
2024-03-21 03:45:00,-0.6930157586294953,0.0,0.0
2024-03-21 04:00:00,-0.6447585345845845,0.0,0.0
2024-03-21 04:15:00,-0.5937375665006122,0.0,0.0
2024-03-21 04:30:00,-0.540171403613023,0.0,0.0
2024-03-21 04:45:00,-0.4842894916933269,0.0,0.0
2024-03-21 05:00:00,-0.42633119655109397,0.0,0.0
2024-03-21 05:15:00,-0.3665447867690176,0.0,0.0
2024-03-21 05:30:00,-0.3051863546175981,0.0,0.0
2024-03-21 05:45:00,-0.24251872640450717,0.0,0.0
2024-03-21 06:00:00,-0.1788103452300458,0.0,0.0
2024-03-21 06:15:00,-0.11433410416090839,0.0,0.0
2024-03-21 06:30:00,-0.04936618547656534,0.0,0.0
2024-03-21 06:45:00,0.015815113722426773,2.0,1.45941831
2024-03-21 07:00:00,0.08093059109761269,4.0,2.92692204
2024-03-21 07:15:00,0.14570132646319328,6.0,4.37825493
2024-03-21 07:30:00,0.20984986801279015,9.0,6.567382395000001
2024-03-21 07:45:00,0.27310143825505234,12.0,8.75650986
2024-03-21 08:00:00,0.33518510235445753,16.0,11.6430048
2024-03-21 08:15:00,0.3958349205623566,20.0,14.472901799999999
2024-03-21 08:30:00,0.45479110426455527,24.0,17.27045712
2024-03-21 08:45:00,0.5118011201424582,29.0,20.75123043
2024-03-21 09:00:00,0.5666207647744237,34.0,24.26030271
2024-03-21 09:15:00,0.6190152260521646,39.0,27.74916144
2024-03-21 09:30:00,0.6687600809824374,42.0,29.79881541
2024-03-21 09:45:00,0.7156422509273768,156.0,110.68131438
2024-03-21 10:00:00,0.7594609277477138,214.632452988468,151.84693370367665
2024-03-21 10:15:00,0.8000284267616665,89.0,63.145108845
2024-03-21 10:30:00,0.8371709859950291,145.0,102.876862725
2024-03-21 10:45:00,0.870729521381159,71.0,50.51770416
2024-03-21 11:00:00,0.9005603021449489,65.0,46.2486024
2024-03-21 11:15:00,0.9265355632320542,306.8695313337296,218.96316831270912
2024-03-21 11:30:00,0.9485440606506935,317.4563218195208,227.80063280398159
2024-03-21 11:45:00,0.9664915432220931,72.0,51.81137136
2024-03-21 12:00:00,0.9803011547247799,288.6257219397708,208.2791714832489
2024-03-21 12:15:00,0.9899137679498283,136.0,98.69063651999998
2024-03-21 12:30:00,0.9952882347343479,76.0,55.3042728
2024-03-21 12:45:00,0.9964015623462443,73.0,53.41632723
2024-03-21 13:00:00,0.9932490134085623,72.0,52.830134279999996
2024-03-21 13:15:00,0.9858441246037056,181.94337649841484,133.869063983911
2024-03-21 13:30:00,0.9742186505102266,181.8968746020409,134.20252729084106
2024-03-21 13:45:00,0.958422425570572,338.46162974611116,249.71515427233945
2024-03-21 14:00:00,0.9385231507390477,212.56966205517332,157.26242222313377
2024-03-21 14:15:00,0.9146061069344693,84.0,62.14453812000001
2024-03-21 14:30:00,0.886773784354845,316.4709513741938,234.13025120888398
2024-03-21 14:45:00,0.8551454452540258,444.11298035013607,328.56185758280765
2024-03-21 15:00:00,0.8198566180854374,172.63971323617088,127.72161000275108
2024-03-21 15:15:00,0.7810585083204673,433.8980527140163,321.8817533921527
2024-03-21 15:30:00,0.7389173543078311,526.778792935136,391.84895649357185
2024-03-21 15:45:00,0.693613721353658,493.3347413461339,367.96851440858063
2024-03-21 16:00:00,0.6453417169401515,27.0,20.19333645
2024-03-21 16:15:00,0.5943081641686105,343.1144308480074,258.00285817643993
2024-03-21 16:30:00,0.54073172317612,19.0,14.325342885000001
2024-03-21 16:45:00,0.4848419406984484,16.0,12.12813
2024-03-21 17:00:00,0.42687827305368753,290.81458805499835,221.61549965749253
2024-03-21 17:15:00,0.36708906855813117,246.8229917826009,189.08950076223857
2024-03-21 17:30:00,0.30573048803613634,196.8781525349966,152.0209637226384
2024-03-21 17:45:00,0.24306541488332142,146.44807267706227,113.67304087531899
2024-03-21 18:00:00,0.17936233757872777,74.31710388523462,58.13562356576417
2024-03-21 18:15:00,0.11489418269725947,41.61706370229446,32.7237924621811
2024-03-21 18:30:00,0.04993715390947889,27.591704316051214,21.807098125808736
2024-03-21 18:45:00,-0.015230442392313862,0.0,0.0
2024-03-21 19:00:00,-0.08032940679494761,0.0,0.0
2024-03-21 19:15:00,-0.14508083417277648,0.0,0.0
2024-03-21 19:30:00,-0.20920729994084103,0.0,0.0
2024-03-21 19:45:00,-0.2724340658111043,0.0,0.0
2024-03-21 20:00:00,-0.3344902479679145,0.0,0.0
2024-03-21 20:15:00,-0.39510996934537823,0.0,0.0
2024-03-21 20:30:00,-0.4540335152880185,0.0,0.0
2024-03-21 20:45:00,-0.511008437498266,0.0,0.0
2024-03-21 21:00:00,-0.5657906282099741,0.0,0.0
2024-03-21 21:15:00,-0.6181453812215018,0.0,0.0
2024-03-21 21:30:00,-0.6678483892415696,0.0,0.0
2024-03-21 21:45:00,-0.7146866985970808,0.0,0.0
2024-03-21 22:00:00,-0.7584596348800345,0.0,0.0
2024-03-21 22:15:00,-0.798979655303145,0.0,0.0
2024-03-21 22:30:00,-0.8360731473268075,0.0,0.0
2024-03-21 22:45:00,-0.8695811832287452,0.0,0.0
2024-03-21 23:00:00,-0.8993601948043103,0.0,0.0
2024-03-21 23:15:00,-0.9252825851121289,0.0,0.0
2024-03-21 23:30:00,-0.9472372830544071,0.0,0.0
2024-03-21 23:45:00,-0.9651302143957206,0.0,0.0
2024-03-22 00:00:00,-0.9788847031587717,0.0,0.0
2024-03-22 00:15:00,-0.9884418048661625,0.0,0.0
2024-03-22 00:30:00,-0.9937605557965525,0.0,0.0
2024-03-22 00:45:00,-0.9948181485838627,0.0,0.0
2024-03-22 01:00:00,-0.9916100313164453,0.0,0.0
2024-03-22 01:15:00,-0.9841499254462025,0.0,0.0
2024-03-22 01:30:00,-0.9724697688344035,0.0,0.0
2024-03-22 01:45:00,-0.9566195769106652,0.0,0.0
2024-03-22 02:00:00,-0.9366672285365674,0.0,0.0
2024-03-22 02:15:00,-0.9126981787044486,0.0,0.0
2024-03-22 02:30:00,-0.8848150870731222,0.0,0.0
2024-03-22 02:45:00,-0.853137380038665,0.0,0.0
2024-03-22 03:00:00,-0.8178007441208632,0.0,0.0
2024-03-22 03:15:00,-0.7789565361617532,0.0,0.0
2024-03-22 03:30:00,-0.736771138446127,0.0,0.0
2024-03-22 03:45:00,-0.6914252522412592,0.0,0.0
2024-03-22 04:00:00,-0.6431131123499925,0.0,0.0
2024-03-22 04:15:00,-0.592041660073216,0.0,0.0
2024-03-22 04:30:00,-0.5384296640549294,0.0,0.0
2024-03-22 04:45:00,-0.48250676938163783,0.0,0.0
2024-03-22 05:00:00,-0.424512520169266,0.0,0.0
2024-03-22 05:15:00,-0.36469534158390127,0.0,0.0
2024-03-22 05:30:00,-0.30331145998795495,0.0,0.0
2024-03-22 05:45:00,-0.24062381274824157,0.0,0.0
2024-03-22 06:00:00,-0.17690093054470107,0.0,0.0
2024-03-22 06:15:00,-0.11241577011525702,0.0,0.0
2024-03-22 06:30:00,-0.04744455318227451,0.0,0.0
2024-03-22 06:45:00,0.017734408013759227,3.0,2.38924161
2024-03-22 07:00:00,0.08284192043871798,13.0,10.327102695
2024-03-22 07:15:00,0.14759909756658512,24.0,19.01690784
2024-03-22 07:30:00,0.2117285455459323,7.0,5.532448635
2024-03-22 07:45:00,0.2749555687766252,51.0,40.307840055
2024-03-22 08:00:00,0.3370093379998016,10.0,7.8832845
2024-03-22 08:15:00,0.3976240422293503,12.0,9.435685139999999
2024-03-22 08:30:00,0.4565400442242522,24.0,18.822857759999998
2024-03-22 08:45:00,0.5135049840403711,150.67556479252482,117.86812802695208
2024-03-22 09:00:00,0.5682748528635073,150.27309941145404,117.24953841228412
2024-03-22 09:15:00,0.6206150535915528,253.78735912654957,196.9898293659827
2024-03-22 09:30:00,0.6703013976665215,187.37331537433172,145.0604793651187
2024-03-22 09:45:00,0.717121059375192,312.6922585218929,241.44770700576697
2024-03-22 10:00:00,0.7608735008519146,96.0,73.73903039999999
2024-03-22 10:15:00,0.8013713238756546,55.0,42.135144975
2024-03-22 10:30:00,0.8384410678830005,74.0,56.39176179
2024-03-22 10:45:00,0.8719239638564462,44.0,33.44129712
2024-03-22 11:00:00,0.9016766083632037,47.0,35.531378190000005
2024-03-22 11:15:00,0.9275715745564405,231.2757157455644,173.90640067712562
2024-03-22 11:30:00,0.9494979660451094,603.111940662405,451.0682346225326
2024-03-22 11:45:00,0.9673618871532067,782.3427809498849,583.5338295431861
2024-03-22 12:00:00,0.9810868435278199,729.8862558734347,541.4568384159641
2024-03-22 12:15:00,0.9906140746078442,496.8079874751962,367.54646328539064
2024-03-22 12:30:00,0.9959028020800593,438.67222416640476,323.64998719315736
2024-03-22 12:45:00,0.9969304046750707,692.9287112315997,509.83838909332417
2024-03-22 13:00:00,0.9936925164557135,586.6438910379784,430.4510491399734
2024-03-22 13:15:00,0.9862030439268548,308.6826700103177,225.87252755481146
2024-03-22 13:30:00,0.9744941082803689,300.4388703821681,219.84028784856775
2024-03-22 13:45:00,0.9586159057478831,124.0,90.73458324
2024-03-22 14:00:00,0.9386364926946796,410.02955590826906,299.2023207668483
2024-03-22 14:15:00,0.9146414975383097,427.1227157439842,311.67535598684793
2024-03-22 14:30:00,0.8867337485427265,228.75407123397,167.3863332086092
2024-03-22 14:45:00,0.8550328351367029,468.18107450029004,342.58237641644524
2024-03-22 15:00:00,0.8196746006351638,573.3943958451732,419.5701737029305
2024-03-22 15:15:00,0.7808105517019843,487.09262833846947,357.4051244711038
2024-03-22 15:30:00,0.7386072128688324,355.0189376729482,261.21342693260436
2024-03-22 15:45:00,0.6932454194217379,337.0543587190433,248.67687734301416
2024-03-22 16:00:00,0.6449195314104439,499.4811446186919,369.52410752354206
2024-03-22 16:15:00,0.5938366060078217,293.42002035524365,217.66991126497868
2024-03-22 16:30:00,0.5402155179154644,364.86771579159404,272.14753003029557
2024-03-22 16:45:00,0.4842860079808696,277.24150816281565,207.34929823100583
2024-03-22 17:00:00,0.42628770535125043,271.0053140960164,203.78083616293378
2024-03-22 17:15:00,0.366469109121924,270.4586026896924,204.46312546609386
2024-03-22 17:30:00,0.30508650819924643,215.06868664061946,163.45854207175296
2024-03-22 17:45:00,0.24240289079821956,128.32793137194955,98.05180356153521
2024-03-22 18:00:00,0.1786868265265856,120.40584079421913,92.24213741274895
2024-03-22 18:15:00,0.11421129898843739,69.17708008843871,53.13594595442309
2024-03-22 18:30:00,0.04925254458636244,30.07741731216344,23.16370952886172
2024-03-22 18:45:00,-0.01591112201962309,0.0,0.0
2024-03-22 19:00:00,-0.08100051765290335,0.0,0.0
2024-03-22 19:15:00,-0.14573677789653602,0.0,0.0
2024-03-22 19:30:00,-0.20984254309699768,0.0,0.0
2024-03-22 19:45:00,-0.2730431639032951,0.0,0.0
2024-03-22 20:00:00,-0.33506786901888996,0.0,0.0
2024-03-22 20:15:00,-0.39565091704231126,0.0,0.0
2024-03-22 20:30:00,-0.4545327515001032,0.0,0.0
2024-03-22 20:45:00,-0.5114611041359374,0.0,0.0
2024-03-22 21:00:00,-0.5661920683252099,0.0,0.0
2024-03-22 21:15:00,-0.6184911591775034,0.0,0.0
2024-03-22 21:30:00,-0.6681343099707382,0.0,0.0
2024-03-22 21:45:00,-0.7149088258321166,0.0,0.0
2024-03-22 22:00:00,-0.7586143082421448,0.0,0.0
2024-03-22 22:15:00,-0.7990635061723729,0.0,0.0
2024-03-22 22:30:00,-0.8360831135149632,0.0,0.0
2024-03-22 22:45:00,-0.8695145222841953,0.0,0.0
2024-03-22 23:00:00,-0.8992144959275044,0.0,0.0
2024-03-22 23:15:00,-0.9250557796637731,0.0,0.0
2024-03-22 23:30:00,-0.9469276535570601,0.0,0.0
2024-03-22 23:45:00,-0.9647364020270823,0.0,0.0
2024-03-23 00:00:00,-0.9784057136948463,0.0,0.0
2024-03-23 00:15:00,-0.9878770130396202,0.0,0.0
2024-03-23 00:30:00,-0.9931097080548045,0.0,0.0
2024-03-23 00:45:00,-0.9940813642491833,0.0,0.0
2024-03-23 01:00:00,-0.9907878021146688,0.0,0.0
2024-03-23 01:15:00,-0.9832431134266075,0.0,0.0
2024-03-23 01:30:00,-0.9714796026999406,0.0,0.0
2024-03-23 01:45:00,-0.9555476467370052,0.0,0.0
2024-03-23 02:00:00,-0.9355154789312676,0.0,0.0
2024-03-23 02:15:00,-0.91146890044069,0.0,0.0
2024-03-23 02:30:00,-0.8835109072110163,0.0,0.0
2024-03-23 02:45:00,-0.8517612505832961,0.0,0.0
2024-03-23 03:00:00,-0.8163559292860054,0.0,0.0
2024-03-23 03:15:00,-0.7774465982689265,0.0,0.0
2024-03-23 03:30:00,-0.7351999225344672,0.0,0.0
2024-03-23 03:45:00,-0.6897968694471036,0.0,0.0
2024-03-23 04:00:00,-0.6414319221390172,0.0,0.0
2024-03-23 04:15:00,-0.590312251349631,0.0,0.0
2024-03-23 04:30:00,-0.5366568353669229,0.0,0.0
2024-03-23 04:45:00,-0.4806955081263645,0.0,0.0
2024-03-23 05:00:00,-0.42266798101042974,0.0,0.0
2024-03-23 05:15:00,-0.3628228241654887,0.0,0.0
2024-03-23 05:30:00,-0.3014163859690575,0.0,0.0
2024-03-23 05:45:00,-0.23871170235818612,0.0,0.0
2024-03-23 06:00:00,-0.174977378618688,0.0,0.0
2024-03-23 06:15:00,-0.11048642192418096,0.0,0.0
2024-03-23 06:30:00,-0.04551507996082424,0.0,0.0
2024-03-23 06:45:00,0.01965833363535442,20.128250063424428,16.1117902071535
2024-03-23 07:00:00,0.0847546490124722,57.850692240539885,46.073093689467335
2024-03-23 07:15:00,0.14949502730642766,107.9071081343917,85.2843618721304
2024-03-23 07:30:00,0.21360214659353266,10.0,7.863070949999998
2024-03-23 07:45:00,0.27680140721133123,229.19771609457663,178.82992047471225
2024-03-23 08:00:00,0.33882209934510826,17.0,13.195405439999998
2024-03-23 08:15:00,0.3993985545286949,14.0,10.72530963
2024-03-23 08:30:00,0.45827130045825837,17.0,12.886138124999999
2024-03-23 08:45:00,0.5151881638555974,19.0,14.21012565
2024-03-23 09:00:00,0.5699053434587628,35.0,25.89355755
2024-03-23 09:15:00,0.622188469735481,74.0,53.998477470000005
2024-03-23 09:30:00,0.6718136007743295,56.0,40.41092916
2024-03-23 09:45:00,0.7185681754253028,93.0,66.359063295
2024-03-23 10:00:00,0.7622519372288391,201.86026743505954,141.9948787866558
2024-03-23 10:15:00,0.8026777849735449,286.30443361396823,200.2381228490859
2024-03-23 10:30:00,0.8396725694229727,305.4265753463419,211.7598085767573
2024-03-23 10:45:00,0.8730778458682804,262.5884790714973,180.99752647372617
2024-03-23 11:00:00,0.9027505467369423,280.8605120282127,191.88895449828632
2024-03-23 11:15:00,0.9285635911915067,277.6427082326386,189.12927858036022
2024-03-23 11:30:00,0.9504064374452168,253.35528368678783,172.07264573745357
2024-03-23 11:45:00,0.9681855515140332,242.65004106665435,164.31142770969618
2024-03-23 12:00:00,0.9818248062668593,228.83642325640173,154.49492254270226
2024-03-23 12:15:00,0.9912658122820469,183.95632906141023,123.82306816146564
2024-03-23 12:30:00,0.996468164703608,185.98234082351803,125.18679940026232
2024-03-23 12:45:00,0.9974096164373738,152.99740961643738,102.98427227877285
2024-03-23 13:00:00,0.994086174791228,151.99408617479122,102.30892401792842
2024-03-23 13:15:00,0.9865121169786767,140.0,94.2355701
2024-03-23 13:30:00,0.9747199307707475,235.7471993077075,159.16061253891476
2024-03-23 13:45:00,0.9587601732363027,260.42264242530825,176.346214477169
2024-03-23 14:00:00,0.9387012542811437,290.6514275941852,196.8157550022558
2024-03-23 14:15:00,0.9146291470564254,461.560305705561,313.48034986446004
2024-03-23 14:30:00,0.8866470142088796,555.3946938363974,379.4556463795688
2024-03-23 14:45:00,0.8548747678050539,460.8933348302743,315.82224687396285
2024-03-23 15:00:00,0.8194485606022603,391.6949301510667,269.19653188207326
2024-03-23 15:15:00,0.7805201942109876,341.4662972847779,236.05681571304072
2024-03-23 15:30:00,0.7382564722913612,330.8256472291361,230.03833019726858
2024-03-23 15:45:00,0.6928384922924045,308.28384922924045,215.61028062033486
2024-03-23 16:00:00,0.6444608582359072,252.24549492709806,177.4374369546308
2024-03-23 16:15:00,0.5933308521056905,160.55998511263414,113.59205504757202
2024-03-23 16:30:00,0.5396675532023221,182.34869680887894,129.74419041341525
2024-03-23 16:45:00,0.4837008859249075,270.92522148122686,193.86316207778358
2024-03-23 17:00:00,0.4256706410812423,275.03185553411583,198.46951483450908
2024-03-23 17:15:00,0.3658254568788577,235.03775363963337,171.03410586296678
2024-03-23 17:30:00,0.30442173814887147,178.71937794578776,131.49693218756923
2024-03-23 17:45:00,0.24172256534958114,133.68231829788272,99.44074748111014
2024-03-23 18:00:00,0.17799657624854193,91.47320226591026,68.78273109302975
2024-03-23 18:15:00,0.1135167982305329,55.09247328680432,41.53781948506184
2024-03-23 18:30:00,0.04855948688107671,25.1761158717726,19.083700386745086
2024-03-23 18:45:00,-0.016597048592323353,0.0,0.0
2024-03-23 19:00:00,-0.08167365513803111,0.0,0.0
2024-03-23 19:15:00,-0.14639152295798805,0.0,0.0
2024-03-23 19:30:00,-0.21047337131087632,0.0,0.0
2024-03-23 19:45:00,-0.2736446536936378,0.0,0.0
2024-03-23 20:00:00,-0.33563472518054704,0.0,0.0
2024-03-23 20:15:00,-0.39617799367663376,0.0,0.0
2024-03-23 20:30:00,-0.4550150743526844,0.0,0.0
2024-03-23 20:45:00,-0.5118938921500684,0.0,0.0
2024-03-23 21:00:00,-0.5665707543901722,0.0,0.0
2024-03-23 21:15:00,-0.6188114099625366,0.0,0.0
2024-03-23 21:30:00,-0.6683920446953574,0.0,0.0
2024-03-23 21:45:00,-0.715100234018663,0.0,0.0
2024-03-23 22:00:00,-0.7587358662234898,0.0,0.0
2024-03-23 22:15:00,-0.7991119924423914,0.0,0.0
2024-03-23 22:30:00,-0.8360556227032119,0.0,0.0
2024-03-23 22:45:00,-0.8694084777848152,0.0,0.0
2024-03-23 23:00:00,-0.8990276611223542,0.0,0.0
2024-03-23 23:15:00,-0.9247862676505483,0.0,0.0
2024-03-23 23:30:00,-0.9465739353748834,0.0,0.0
2024-03-23 23:45:00,-0.9642973133330992,0.0,0.0
2024-03-24 00:00:00,-0.9778804598715805,0.0,0.0
2024-03-24 00:15:00,-0.9872651726703174,0.0,0.0
2024-03-24 00:30:00,-0.9924112348123528,0.0,0.0
2024-03-24 00:45:00,-0.9932965871570419,0.0,0.0
2024-03-24 01:00:00,-0.9899174241630773,0.0,0.0
2024-03-24 01:15:00,-0.9822882085859209,0.0,0.0
2024-03-24 01:30:00,-0.9704416113301618,0.0,0.0
2024-03-24 01:45:00,-0.9544283693834257,0.0,0.0
2024-03-24 02:00:00,-0.9343170685829205,0.0,0.0
2024-03-24 02:15:00,-0.910193853262194,0.0,0.0
2024-03-24 02:30:00,-0.8821620517673858,0.0,0.0
2024-03-24 02:45:00,-0.8503417356306102,0.0,0.0
2024-03-24 03:00:00,-0.8148692101966983,0.0,0.0
2024-03-24 03:15:00,-0.7758964220912608,0.0,0.0
2024-03-24 03:30:00,-0.7335903117876794,0.0,0.0
2024-03-24 03:45:00,-0.6881321047698754,0.0,0.0
2024-03-24 04:00:00,-0.6397165237507314,0.0,0.0
2024-03-24 04:15:00,-0.5885509595302014,0.0,0.0
2024-03-24 04:30:00,-0.5348545899077022,0.0,0.0
2024-03-24 04:45:00,-0.47885742703552636,0.0,0.0
2024-03-24 05:00:00,-0.4207993382903594,0.0,0.0
2024-03-24 05:15:00,-0.3609290270279469,0.0,0.0
2024-03-24 05:30:00,-0.29950295141970273,0.0,0.0
2024-03-24 05:45:00,-0.23678423330646567,0.0,0.0
2024-03-24 06:00:00,-0.17304153963381255,0.0,0.0
2024-03-24 06:15:00,-0.10854791469626207,0.0,0.0
2024-03-24 06:30:00,-0.04357961860747564,0.0,0.0
2024-03-24 06:45:00,0.021585047314041067,10.0,8.125847099999998
2024-03-24 07:00:00,0.0866669502428,24.0,19.35649548
2024-03-24 07:15:00,0.15138731291385843,42.0,33.44938254
2024-03-24 07:30:00,0.21546889922228635,163.2758610839232,128.0549295343419
2024-03-24 07:45:00,0.2786372192924745,224.69006654911695,173.95032316677649
2024-03-24 08:00:00,0.34062169651481466,286.8321847893221,218.58070592357723
2024-03-24 08:15:00,0.4011568184937656,350.82134113057356,263.08888911236744
2024-03-24 08:30:00,0.4599832911800167,180.73884709142115,133.34814087580506
2024-03-24 08:45:00,0.5168491410010161,193.90985361405487,140.7138741225816
2024-03-24 09:00:00,0.5715107869571141,536.9231619265627,383.1152482455517
2024-03-24 09:15:00,0.6237340993949576,309.9363808098487,218.6455171081302
2024-03-24 09:30:00,0.6732953948224303,337.3210138285421,235.23670367805053
2024-03-24 09:45:00,0.7199823880215162,422.79577312516386,290.5709189950413
2024-03-24 10:00:00,0.7635951146888039,569.1993722980947,386.5861430563827
2024-03-24 10:15:00,0.8039467807782187,486.1827484137765,329.22055635567625
2024-03-24 10:30:00,0.8408645579122203,366.95089374880206,247.74049996042567
2024-03-24 10:45:00,0.8741903345122402,455.25435984232377,305.5165846109747
2024-03-24 11:00:00,0.9037813869804658,149.0,99.691207245
2024-03-24 11:15:00,0.9295109878241681,65.0,43.489452825
2024-03-24 11:30:00,0.9512689564091232,66.0,44.0251119
2024-03-24 11:45:00,0.9689621261795107,68.0,45.359206199999996
2024-03-24 12:00:00,0.9825147421025543,74.0,49.36148909999999
2024-03-24 12:15:00,0.9918687899173851,89.0,59.36719635
2024-03-24 12:30:00,0.9969842413617449,204.97888968953222,136.73058417756684
2024-03-24 12:45:00,0.9978392257512045,176.99135690300483,118.41934256101489
2024-03-24 13:00:00,0.994430124968427,86.0,57.53989143
2024-03-24 13:15:00,0.9867715873537943,69.0,46.165726845
2024-03-24 13:30:00,0.9748964667596136,68.0,45.63411048
2024-03-24 13:45:00,0.9588556796867126,192.79427839843356,129.38228529920582
2024-03-24 14:00:00,0.9387179872718545,600.9636004615755,403.3005784988547
2024-03-24 14:15:00,0.9145697041762146,509.36625586424725,341.83052933666187
2024-03-24 14:30:00,0.8865143233605698,315.80102996434107,211.93086898662546
2024-03-24 14:45:00,0.8546720745470796,439.7821228838736,296.02227906964345
2024-03-24 15:00:00,0.8191794141667283,463.29342107584586,311.8479975618692
2024-03-24 15:15:00,0.7801884321408012,356.57922007836174,240.0174720706985
2024-03-24 15:30:00,0.7378662038885051,256.8253171360977,172.87200126023905
2024-03-24 15:45:00,0.6923940808332096,443.79652954329424,298.72442121367015
2024-03-24 16:00:00,0.6439669021279417,321.2390022213192,216.22957509057986
2024-03-24 16:15:00,0.5927921649659887,41.0,27.680435369999998
2024-03-24 16:30:00,0.539089143074676,84.0,56.8809297
2024-03-24 16:45:00,0.4830879335976689,318.0565027007118,216.6590193795933
2024-03-24 17:00:00,0.42502847767121976,366.5447350261553,250.42995710965238
2024-03-24 17:15:00,0.3651595407637561,289.5898725181113,200.77983030999948
2024-03-24 17:30:00,0.30373763133740017,224.1444843415579,157.67029980288797
2024-03-24 17:45:00,0.24102590940431878,109.22567913541326,77.93670704501343
2024-03-24 18:00:00,0.17729306786139948,74.85682360047674,54.16977285148111
2024-03-24 18:15:00,0.11281216455258275,46.1377853287592,33.57390350275706
2024-03-24 18:30:00,0.04785946071978233,22.24434597871434,16.276866627621093
2024-03-24 18:45:00,-0.017286753612881456,0.0,0.0
2024-03-24 19:00:00,-0.08234736931435807,0.0,0.0
2024-03-24 19:15:00,-0.1470436450788174,0.0,0.0
2024-03-24 19:30:00,-0.2110983929253538,0.0,0.0
2024-03-24 19:45:00,-0.2742371830037263,0.0,0.0
2024-03-24 20:00:00,-0.3361895103837803,0.0,0.0
2024-03-24 20:15:00,-0.39668994577452543,0.0,0.0
2024-03-24 20:30:00,-0.4554792891653805,0.0,0.0
2024-03-24 20:45:00,-0.5123056716439879,0.0,0.0
2024-03-24 21:00:00,-0.5669256270004528,0.0,0.0
2024-03-24 21:15:00,-0.6191051500265716,0.0,0.0
2024-03-24 21:30:00,-0.668620690800781,0.0,0.0
2024-03-24 21:45:00,-0.7152601061752079,0.0,0.0
2024-03-24 22:00:00,-0.758823581857337,0.0,0.0
2024-03-24 22:15:00,-0.7991244810885711,0.0,0.0
2024-03-24 22:30:00,-0.835990139354823,0.0,0.0
2024-03-24 22:45:00,-0.8692626148126389,0.0,0.0
2024-03-24 23:00:00,-0.8987993587608019,0.0,0.0
2024-03-24 23:15:00,-0.924473822983231,0.0,0.0
2024-03-24 23:30:00,-0.9461760097513183,0.0,0.0
2024-03-24 23:45:00,-0.9638129382066816,0.0,0.0
2024-03-25 00:00:00,-0.97730904106995,0.0,0.0
2024-03-25 00:15:00,-0.9866064930099971,0.0,0.0
2024-03-25 00:30:00,-0.9916654550876317,0.0,0.0
2024-03-25 00:45:00,-0.9924642455158147,0.0,0.0
2024-03-25 01:00:00,-0.9889994338162036,0.0,0.0
2024-03-25 01:15:00,-0.9812858539025331,0.0,0.0
2024-03-25 01:30:00,-0.9693565423434366,0.0,0.0
2024-03-25 01:45:00,-0.9532625946819484,0.0,0.0
2024-03-25 02:00:00,-0.9330729466604438,0.0,0.0
2024-03-25 02:15:00,-0.9088740823694563,0.0,0.0
2024-03-25 02:30:00,-0.8807696582531044,0.0,0.0
2024-03-25 02:45:00,-0.8488800608959094,0.0,0.0
2024-03-25 03:00:00,-0.8133418962523582,0.0,0.0
2024-03-25 03:15:00,-0.7743073958372039,0.0,0.0
2024-03-25 03:30:00,-0.7319437680437184,0.0,0.0
2024-03-25 03:45:00,-0.6864324881380299,0.0,0.0
2024-03-25 04:00:00,-0.6379685094003251,0.0,0.0
2024-03-25 04:15:00,-0.5867594329877877,0.0,0.0
2024-03-25 04:30:00,-0.5330246259392399,0.0,0.0
2024-03-25 04:45:00,-0.47699426765089475,0.0,0.0
2024-03-25 05:00:00,-0.41890837010536885,0.0,0.0
2024-03-25 05:15:00,-0.3590157579330655,0.0,0.0
2024-03-25 05:30:00,-0.2975729867362915,0.0,0.0
2024-03-25 05:45:00,-0.23484325152980864,0.0,0.0
2024-03-25 06:00:00,-0.17109526786405033,0.0,0.0
2024-03-25 06:15:00,-0.10660210381711593,0.0,0.0
2024-03-25 06:30:00,-0.04164001839610018,0.0,0.0
2024-03-25 06:45:00,0.023512713121006,3.0,2.26796031
2024-03-25 07:00:00,0.08857700870715042,5.0,3.77993385
2024-03-25 07:15:00,0.15327416648030293,6.0,4.511664359999999
2024-03-25 07:30:00,0.2173270500055154,7.0,5.23530945
2024-03-25 07:45:00,0.28046129286516674,8.0,5.96703996
2024-03-25 08:00:00,0.34240646519623186,10.0,7.418372849999999
2024-03-25 08:15:00,0.4028972240735196,22.0,16.18701084
2024-03-25 08:30:00,0.4616744667968208,28.0,20.48845428
2024-03-25 08:45:00,0.5184864322624548,27.0,19.592994015
2024-03-25 09:00:00,0.5730897721483502,40.0,28.784095199999996
2024-03-25 09:15:00,0.6252506086256331,110.0,78.2668656
2024-03-25 09:30:00,0.6747455281472433,291.3533698925157,204.94714966768194
2024-03-25 09:45:00,0.7213625323728822,395.0588811508476,274.70266017978304
2024-03-25 10:00:00,0.764901959553151,289.71529405855125,199.10993579538578
2024-03-25 10:15:00,0.8051773325913008,486.2684464848687,330.2615082965258
2024-03-25 10:30:00,0.8420161530655066,586.4938797158444,393.5900956293629
2024-03-25 10:45:00,0.875260650934806,612.5948769402694,406.1531233326522
2024-03-25 11:00:00,0.9047684542397569,637.2404857975113,418.6290037049992
2024-03-25 11:15:00,0.9304131957161847,485.11867379169826,315.75225230963423
2024-03-25 11:30:00,0.952085061984911,285.0896161777133,184.40554275484854
2024-03-25 11:45:00,0.9696912591683379,284.45444266503006,182.84472436510865
2024-03-25 12:00:00,0.9831564087578457,304.64628458391473,193.9764615311625
2024-03-25 12:15:00,0.9924228751926096,112.0,71.53979616
2024-03-25 12:30:00,0.9974510094604285,76.0,48.54486168
2024-03-25 12:45:00,0.9982193190484301,117.0,74.970035595
2024-03-25 13:00:00,0.9947245612714114,190.96834736762847,122.36669914247376
2024-03-25 13:15:00,0.9869817555486942,209.90887228884085,135.35181118598578
2024-03-25 13:30:00,0.975024120860819,112.0,72.67175496
2024-03-25 13:45:00,0.9589029312766553,87.0,56.626238969999996
2024-03-25 14:00:00,0.9386872964080972,108.0,70.73125416
2024-03-25 14:15:00,0.9144638688025915,50.0,32.84701875
2024-03-25 14:30:00,0.8863364672135097,46.0,30.405221909999998
2024-03-25 14:45:00,0.8544256336908325,43.0,28.50919092
2024-03-25 15:00:00,0.8188681221452345,42.0,27.93108339
2024-03-25 15:15:00,0.7798163038766048,37.0,24.83032482
2024-03-25 15:30:00,0.7374375182850299,87.0,58.73653358999999
2024-03-25 15:45:00,0.6919133623208309,35.0,23.771134800000002
2024-03-25 16:00:00,0.6434389010764165,25.0,17.130983625
2024-03-25 16:15:00,0.592221837170267,21.0,14.474923155
2024-03-25 16:30:00,0.5384816283051592,18.0,12.47984577
2024-03-25 16:45:00,0.48244853335907883,16.0,11.19022128
2024-03-25 17:00:00,0.42436263229106375,14.0,9.84804156
2024-03-25 17:15:00,0.3644728058086799,11.0,7.78221675
2024-03-25 17:30:00,0.3030356536032986,9.0,6.40365264
2024-03-25 17:45:00,0.240314402468484,8.0,5.708306520000001
2024-03-25 18:00:00,0.1765777873196714,6.0,4.305486149999999
2024-03-25 18:15:00,0.11209888312434513,5.0,3.5879051249999994
2024-03-25 18:30:00,0.047153943264933246,4.0,2.87840952
2024-03-25 18:45:00,-0.017978775106726724,0.0,0.0
2024-03-25 19:00:00,-0.08302022051739447,0.0,0.0
2024-03-25 19:15:00,-0.14769173395200008,0.0,0.0
2024-03-25 19:30:00,-0.21171623391093658,0.0,0.0
2024-03-25 19:45:00,-0.2748194208092728,0.0,0.0
2024-03-25 20:00:00,-0.3367309432067288,0.0,0.0
2024-03-25 20:15:00,-0.39718554781706217,0.0,0.0
2024-03-25 20:30:00,-0.4559242324747015,0.0,0.0
2024-03-25 20:45:00,-0.5126953469899067,0.0,0.0
2024-03-25 21:00:00,-0.5672556639462296,0.0,0.0
2024-03-25 21:15:00,-0.6193714358263009,0.0,0.0
2024-03-25 21:30:00,-0.6688193882611055,0.0,0.0
2024-03-25 21:45:00,-0.7153876703434567,0.0,0.0
2024-03-25 22:00:00,-0.7588767753794978,0.0,0.0
2024-03-25 22:15:00,-0.7991003882800412,0.0,0.0
2024-03-25 22:30:00,-0.8358861788855957,0.0,0.0
2024-03-25 22:45:00,-0.8690765509465784,0.0,0.0
2024-03-25 23:00:00,-0.8985293110512254,0.0,0.0
2024-03-25 23:15:00,-0.924118274503815,0.0,0.0
2024-03-25 23:30:00,-0.9457338136878004,0.0,0.0
2024-03-25 23:45:00,-0.9632833228917015,0.0,0.0
2024-03-26 00:00:00,-0.9766916133758093,0.0,0.0
2024-03-26 00:15:00,-0.9859012401055867,0.0,0.0
2024-03-26 00:30:00,-0.9908727445441208,0.0,0.0
2024-03-26 00:45:00,-0.9915848237790499,0.0,0.0
2024-03-26 01:00:00,-0.9880344230168889,0.0,0.0
2024-03-26 01:15:00,-0.9802367470516384,0.0,0.0
2024-03-26 01:30:00,-0.9682251969263305,0.0,0.0
2024-03-26 01:45:00,-0.9520512246612536,0.0,0.0
2024-03-26 02:00:00,-0.9317841129371737,0.0,0.0
2024-03-26 02:15:00,-0.9075106817463069,0.0,0.0
2024-03-26 02:30:00,-0.8793349109330937,0.0,0.0
2024-03-26 02:45:00,-0.8473774965736947,0.0,0.0
2024-03-26 03:00:00,-0.8117753389029061,0.0,0.0
2024-03-26 03:15:00,-0.7726809471535727,0.0,0.0
2024-03-26 03:30:00,-0.7302617897556025,0.0,0.0
2024-03-26 03:45:00,-0.6846995831321796,0.0,0.0
2024-03-26 04:00:00,-0.6361895018373787,0.0,0.0
2024-03-26 04:15:00,-0.5849393474219722,0.0,0.0
2024-03-26 04:30:00,-0.5311686656086442,0.0,0.0
2024-03-26 04:45:00,-0.47510779195866304,0.0,0.0
2024-03-26 05:00:00,-0.4169968714200861,0.0,0.0
2024-03-26 05:15:00,-0.3570848378509578,0.0,0.0
2024-03-26 05:30:00,-0.2956283318295514,0.0,0.0
2024-03-26 05:45:00,-0.23289060871982858,0.0,0.0
2024-03-26 06:00:00,-0.1691404195569835,0.0,0.0
2024-03-26 06:15:00,-0.10465084283795825,0.0,0.0
2024-03-26 06:30:00,-0.03969812293310645,0.0,0.0
2024-03-26 06:45:00,0.02543950454233268,25.688728158638238,18.018335570165153
2024-03-26 07:00:00,0.09048302208680477,61.42572920639214,42.96046888155543
2024-03-26 07:15:00,0.1551538169164004,7.0,4.867422840000001
2024-03-26 07:30:00,0.2191748659178734,10.0,6.933247649999999
2024-03-26 07:45:00,0.2822719396813374,14.0,9.64994877
2024-03-26 08:00:00,0.3441747684788048,18.0,12.33430821
2024-03-26 08:15:00,0.4046181919633427,22.0,14.941856160000002
2024-03-26 08:30:00,0.4633433116370888,26.0,17.55344682
2024-03-26 08:45:00,0.5200985913791631,31.0,20.741123655
2024-03-26 09:00:00,0.574640927605099,36.0,23.86815984
2024-03-26 09:15:00,0.6267367060057907,40.0,26.277614999999997
2024-03-26 09:30:00,0.6761627941223936,45.0,29.289433949999996
2024-03-26 09:45:00,0.7227074910871862,49.0,31.595800005000005
2024-03-26 10:00:00,0.7661714477190833,52.0,33.21490536
2024-03-26 10:15:00,0.8063685132218568,166.80636851322186,105.87291452617768
2024-03-26 10:30:00,0.8431265278256748,292.9800488904216,184.77160625816822
2024-03-26 10:45:00,0.8762880709859788,425.0205520214156,266.32639955868706
2024-03-26 11:00:00,0.9057111296036491,299.5484893696949,186.4921017128029
2024-03-26 11:15:00,0.9312697030937517,349.1133275299376,215.93868287179876
2024-03-26 11:30:00,0.9528543509525718,320.679921826672,197.05522086872156
2024-03-26 11:45:00,0.9703726567775293,126.0,77.17129119
2024-03-26 12:00:00,0.983749622518715,70.0,42.589949849999996
2024-03-26 12:15:00,0.9929279943799154,71.0,43.0548615
2024-03-26 12:30:00,0.9978685047803485,72.0,43.661268
2024-03-26 12:45:00,0.9985500406691137,71.0,42.911345295000004
2024-03-26 13:00:00,0.9949697351826524,72.0,43.515730440000006
2024-03-26 13:15:00,0.9871429783048304,71.0,43.0548615
2024-03-26 13:30:00,0.9751033527299318,70.0,42.448455
2024-03-26 13:45:00,0.9589024877919633,109.0,66.318636195
2024-03-26 14:00:00,0.9386098383939199,355.29883288933246,216.891891851215
2024-03-26 14:15:00,0.9143123909098998,567.4924101183849,347.5723970584189
2024-03-26 14:30:00,0.8861142849920605,536.1229712581262,330.5269288130782
2024-03-26 14:45:00,0.8541363692679282,418.4963643121514,258.8544938561618
2024-03-26 15:00:00,0.8185156886019774,805.8309137546908,500.06319642849223
2024-03-26 15:15:00,0.7794048883274252,759.258915971692,474.23212808303344
2024-03-26 15:30:00,0.7369715637888538,710.4754832533821,446.63430601046014
2024-03-26 15:45:00,0.6913975486898052,658.0320144387422,416.3264026968428
2024-03-26 16:00:00,0.6428781246381334,232.35800311016348,147.94857358367454
2024-03-26 16:15:00,0.5916211895801602,211.6648475832064,135.62838596173702
2024-03-26 16:30:00,0.5378463745528883,259.7606460628515,167.4968453504377
2024-03-26 16:45:00,0.48178408896516756,259.69287459372003,168.50300845832885
2024-03-26 17:00:00,0.42367453988287085,180.82540674898985,118.06048583909073
2024-03-26 17:15:00,0.36376671117320736,222.13288099777276,146.37706755217647
2024-03-26 17:30:00,0.3023172812050819,239.64634038015257,159.37099803015158
2024-03-26 17:45:00,0.23958953068524888,130.22025595651547,87.38949333902214
2024-03-26 18:00:00,0.17585222346403187,89.93947912855815,61.084670920192636
2024-03-26 18:15:00,0.11137843825789272,53.92471072655762,36.842332473930135
2024-03-26 18:30:00,0.04644440703565214,25.229331537711303,17.339128053139547
2024-03-26 18:45:00,-0.018671659510949304,9.823685450810194,6.791147250912474
2024-03-26 19:00:00,-0.08369078125777109,0.0,0.0
2024-03-26 19:15:00,-0.1483343951083913,0.0,0.0
2024-03-26 19:30:00,-0.21232553965145848,0.0,0.0
2024-03-26 19:45:00,-0.27539005902130276,0.0,0.0
2024-03-26 20:00:00,-0.33725776849157296,0.0,0.0
2024-03-26 20:15:00,-0.3976636038690421,0.0,0.0
2024-03-26 20:30:00,-0.4563487734954614,0.0,0.0
2024-03-26 20:45:00,-0.5130618583079125,0.0,0.0
2024-03-26 21:00:00,-0.5675598815870446,0.0,0.0
2024-03-26 21:15:00,-0.619609365022078,0.0,0.0
2024-03-26 21:30:00,-0.6689873207515548,0.0,0.0
2024-03-26 21:45:00,-0.7154822005231822,0.0,0.0
2024-03-26 22:00:00,-0.7588948150557522,0.0,0.0
2024-03-26 22:15:00,-0.7990391800992984,0.0,0.0
2024-03-26 22:30:00,-0.8357433083213888,0.0,0.0
2024-03-26 22:45:00,-0.8688499568010496,0.0,0.0
2024-03-26 23:00:00,-0.8982172944252378,0.0,0.0
2024-03-26 23:15:00,-0.9237195062080779,0.0,0.0
2024-03-26 23:30:00,-0.9452473400596761,0.0,0.0
2024-03-26 23:45:00,-0.9627085699566359,0.0,0.0
2024-03-27 00:00:00,-0.9760283894154571,0.0,0.0
2024-03-27 00:15:00,-0.9851497365179513,0.0,0.0
2024-03-27 00:30:00,-0.9900335350735463,0.0,0.0
2024-03-27 00:45:00,-0.9906588620959799,0.0,0.0
2024-03-27 01:00:00,-0.9870230386314769,0.0,0.0
2024-03-27 01:15:00,-0.9791416396090281,0.0,0.0
2024-03-27 01:30:00,-0.9670484289133097,0.0,0.0
2024-03-27 01:45:00,-0.9507952125110984,0.0,0.0
2024-03-27 02:00:00,-0.9304516166179988,0.0,0.0
2024-03-27 02:15:00,-0.9061047928748259,0.0,0.0
2024-03-27 02:30:00,-0.8778590394110185,0.0,0.0
2024-03-27 02:45:00,-0.8458353558819908,0.0,0.0
2024-03-27 03:00:00,-0.8101709300690044,0.0,0.0
2024-03-27 03:15:00,-0.7710185414675019,0.0,0.0
2024-03-27 03:30:00,-0.7285459102828209,0.0,0.0
2024-03-27 03:45:00,-0.682934985211269,0.0,0.0
2024-03-27 04:00:00,-0.6343811524871373,0.0,0.0
2024-03-27 04:15:00,-0.5830924038800691,0.0,0.0
2024-03-27 04:30:00,-0.5292884530156684,0.0,0.0
2024-03-27 04:45:00,-0.47319978033589366,0.0,0.0
2024-03-27 05:00:00,-0.41506665203333115,0.0,0.0
2024-03-27 05:15:00,-0.35513809895035303,0.0,0.0
2024-03-27 05:30:00,-0.2936708340672619,0.0,0.0
2024-03-27 05:45:00,-0.2309281602394473,0.0,0.0
2024-03-27 06:00:00,-0.16717885081783204,0.0,0.0
2024-03-27 06:15:00,-0.10269598138569377,0.0,0.0
2024-03-27 06:30:00,-0.03775576818224407,0.0,0.0
2024-03-27 06:45:00,0.027363606446516787,28.786174398736165,20.5982254533221
2024-03-27 07:00:00,0.09238320315447696,67.47515001131916,48.009713611597775
2024-03-27 07:15:00,0.15702451185753363,118.62796178647642,83.44664984652226
2024-03-27 07:30:00,0.22101063624345982,174.09202011379824,120.70230893377445
2024-03-27 07:45:00,0.2840674972938588,234.09879328430645,160.41370377542856
2024-03-27 08:00:00,0.34592499858135095,77.0,51.98520789
2024-03-27 08:15:00,0.4063181752025101,358.58067702181984,238.46539980807395
2024-03-27 08:30:00,0.464988345478733,421.3911425638371,276.8288552175656
2024-03-27 08:45:00,0.5216842104525397,484.69557888886396,313.5173861967679
2024-03-27 09:00:00,0.5761629231109471,543.5727823354218,346.10737185284927
2024-03-27 09:15:00,0.6281911439487426,602.1677963411488,379.7648044236268
2024-03-27 09:30:00,0.6775460323940691,658.624311664535,411.37588556094175
2024-03-27 09:45:00,0.7240161952750567,712.6181060845744,439.3385224064984
2024-03-27 10:00:00,0.7674026055834127,760.0816955189865,463.99127056502584
2024-03-27 10:15:00,0.807519447786969,807.1148668737634,489.4397015188848
2024-03-27 10:30:00,0.8441949090152685,849.3080028407875,509.8756344904252
2024-03-27 10:45:00,0.8772719257667887,888.9492682250781,530.0802041815653
2024-03-27 11:00:00,0.9066088505715372,923.0801425258142,546.7006898181132
2024-03-27 11:15:00,0.9320800554838848,953.1061313780774,560.6306606597944
2024-03-27 11:30:00,0.9535764780423569,978.7797010574343,571.7752991203445
2024-03-27 11:45:00,0.9710060836400214,1002.7167247052602,583.731781939181
2024-03-27 12:00:00,0.9842942581485601,1017.1894854340921,588.044900966274
2024-03-27 12:15:00,0.993384132124151,1027.7480048573227,592.0714169821365
2024-03-27 12:30:00,0.9982368211299003,1034.3320327888857,593.7736322231858
2024-03-27 12:45:00,0.9988315923885036,1034.8946863995243,592.0047423180723
2024-03-27 13:00:00,0.9951659547776962,1030.431827264923,587.3689243887069
2024-03-27 13:15:00,0.987255667872279,1020.9693504714314,579.9113618996325
2024-03-27 13:30:00,0.9751346762192521,1006.6017303223163,569.7158433667863
2024-03-27 13:45:00,0.9588549616772438,987.4059540532547,558.8514294314887
2024-03-27 14:00:00,0.9384863208223075,963.5462236480353,543.3996445556787
2024-03-27 14:15:00,0.9141160693867668,934.2997123909196,526.9058392440453
2024-03-27 14:30:00,0.8858486626192035,900.8666182722864,508.0509768465999
2024-03-27 14:45:00,0.8538052496188618,864.2318034012586,489.1373975499623
2024-03-27 15:00:00,0.8181231593001348,821.401459166622,464.89630501824917
2024-03-27 15:15:00,0.7789553033773011,775.3860412193072,440.4198568290276
2024-03-27 15:30:00,0.7364695247856616,726.8296513361679,414.3089714652067
2024-03-27 15:45:00,0.6908478849118541,673.2742683336656,385.14214535292984
2024-03-27 16:00:00,0.6422858721650759,618.3007054681494,354.9446831904462
2024-03-27 16:15:00,0.5909915695229025,560.9320111344862,325.41286218025704
2024-03-27 16:30:00,0.5371847704788324,500.9709250059389,292.6529843093447
2024-03-27 16:45:00,0.4810960236196361,438.33051432883764,258.71830042302093
2024-03-27 17:00:00,0.42296565126708696,375.6864445427127,223.2623278939387
2024-03-27 17:15:00,0.3630427281906295,312.9451233743938,189.77195695753431
2024-03-27 17:30:00,0.301583998834855,249.23593523799516,154.1610569851373
2024-03-27 17:45:00,0.23885278492931594,188.1619958932257,118.66676365713039
2024-03-27 18:00:00,0.17511786605089077,130.53593674831052,83.90731095943022
2024-03-27 18:15:00,0.11065231134344745,78.58462307559138,50.9900220694048
2024-03-27 18:30:00,0.04573231789490591,36.49103377899724,23.972433414912114
2024-03-27 18:45:00,-0.019363963648391352,9.521412653005907,6.312738864015096
2024-03-27 19:00:00,-0.08435763806125544,0.0,0.0
2024-03-27 19:15:00,-0.14897025170861178,0.0,0.0
2024-03-27 19:30:00,-0.21292497667281787,0.0,0.0
2024-03-27 19:45:00,-0.27594781408856106,0.0,0.0
2024-03-27 20:00:00,-0.3377687590268076,0.0,0.0
2024-03-27 20:15:00,-0.3981229490944501,0.0,0.0
2024-03-27 20:30:00,-0.456751815647526,0.0,0.0
2024-03-27 20:45:00,-0.5134041827799385,0.0,0.0
2024-03-27 21:00:00,-0.567837336098947,0.0,0.0
2024-03-27 21:15:00,-0.6198180776386983,0.0,0.0
2024-03-27 21:30:00,-0.669123716688935,0.0,0.0
2024-03-27 21:45:00,-0.7155430176491924,0.0,0.0
2024-03-27 22:00:00,-0.7588771180793068,0.0,0.0
2024-03-27 22:15:00,-0.798940373293766,0.0,0.0
2024-03-27 22:30:00,-0.8355611468526266,0.0,0.0
2024-03-27 22:45:00,-0.8685825564433709,0.0,0.0
2024-03-27 23:00:00,-0.8978631398093381,0.0,0.0
2024-03-27 23:15:00,-0.923277457430286,0.0,0.0
2024-03-27 23:30:00,-0.9447166376473255,0.0,0.0
2024-03-27 23:45:00,-0.9620888382246429,0.0,0.0
2024-03-28 00:00:00,-0.975319638146496,0.0,0.0
2024-03-28 00:15:00,-0.9843523609678582,0.0,0.0
2024-03-28 00:30:00,-0.9891483143110887,0.0,0.0
2024-03-28 00:45:00,-0.9896869556982026,0.0,0.0
2024-03-28 01:00:00,-0.9859659817027758,0.0,0.0
2024-03-28 01:15:00,-0.9780013361872731,0.0,0.0
2024-03-28 01:30:00,-0.9658271437902975,0.0,0.0
2024-03-28 01:45:00,-0.9494955614641573,0.0,0.0
2024-03-28 02:00:00,-0.9290765551328106,0.0,0.0
2024-03-28 02:15:00,-0.9046576034202879,0.0,0.0
2024-03-28 02:30:00,-0.876343317247019,0.0,0.0
2024-03-28 02:45:00,-0.8442549935521451,0.0,0.0
2024-03-28 03:00:00,-0.8085301005808558,0.0,0.0
2024-03-28 03:15:00,-0.7693216802698675,0.0,0.0
2024-03-28 03:30:00,-0.7267976961021752,0.0,0.0
2024-03-28 03:45:00,-0.6811403198223767,0.0,0.0
2024-03-28 04:00:00,-0.6325451395464803,0.0,0.0
2024-03-28 04:15:00,-0.5812203268177105,0.0,0.0
2024-03-28 04:30:00,-0.527385752229568,0.0,0.0
2024-03-28 04:45:00,-0.471272029633486,0.0,0.0
2024-03-28 05:00:00,-0.41311953451284245,0.0,0.0
2024-03-28 05:15:00,-0.3531773824334562,0.0,0.0
2024-03-28 05:30:00,-0.2917023461454816,0.0,0.0
2024-03-28 05:45:00,-0.2289577630133363,0.0,0.0
2024-03-28 06:00:00,-0.16521241558570499,0.0,0.0
2024-03-28 06:15:00,-0.10073936317776679,0.0,0.0
2024-03-28 06:30:00,-0.03581478041816606,7.27526283651073,5.205884674456882
2024-03-28 06:45:00,0.029283217126107784,30.555070018535808,21.555162601503792
2024-03-28 07:00:00,0.0942757817663987,28.0,19.526289300000002
2024-03-28 07:15:00,0.15888451958374428,45.0,30.9267315
2024-03-28 07:30:00,0.22283267443002341,66.0,44.69215905
2024-03-28 07:45:00,0.2858463308096239,234.51057143277646,156.42960831910494
2024-03-28 08:00:00,0.34765557852533324,114.56248925640533,75.26072465303639
2024-03-28 08:15:00,0.40799566082051686,53.0,34.175048985000004
2024-03-28 08:30:00,0.46660812508798477,221.25923188617406,139.9872013114838
2024-03-28 08:45:00,0.5232419214713887,192.45291878032694,119.42781057985079
2024-03-28 09:00:00,0.5776544709872414,165.62123576789793,100.43379390768581
2024-03-28 09:15:00,0.629612719919109,210.74031799797774,126.51635565958027
2024-03-28 09:30:00,0.6788941299716668,282.16480083807335,167.1140826824268
2024-03-28 09:45:00,0.7252876255224678,324.55059867149964,189.5932408841348
2024-03-28 10:00:00,0.7685945109448796,301.96691456913373,173.95896479068404
2024-03-28 10:15:00,0.8086293144986496,467.5776387867218,266.529592250025
2024-03-28 10:30:00,0.8452205780421758,361.1654404629523,204.41219929395743
2024-03-28 10:45:00,0.878211602195967,392.1351397778733,219.56247815399973
2024-03-28 11:00:00,0.9074611114276352,455.7102555941715,253.31685601655303
2024-03-28 11:15:00,0.932843855949758,523.2476747912076,288.7437199039797
2024-03-28 11:30:00,0.9542511560264776,681.3016719496643,373.20833863913344
2024-03-28 11:45:00,0.9715913626953855,708.2331264615511,385.0978636901072
2024-03-28 12:00:00,0.9847902487370557,715.2202945200811,386.00566962071343
2024-03-28 12:15:00,0.9937913311720754,710.7524618842913,382.15768932950436
2024-03-28 12:30:00,0.9985561099371292,719.4672045668007,385.38913729108816
2024-03-28 12:45:00,0.9990642328743649,701.6790318759072,374.4423987420664
2024-03-28 13:00:00,0.9953135840586694,691.4394234915369,367.58051293426644
2024-03-28 13:15:00,0.9873202912294139,729.9154367829949,386.5595730422446
2024-03-28 13:30:00,0.975118658476015,996.9847590903139,525.9828933325714
2024-03-28 13:45:00,0.9587610170007494,978.8539407256933,516.4175512198074
2024-03-28 14:00:00,0.9383175010246019,952.3754659405845,500.52311658864585
2024-03-28 14:15:00,0.9138757507657538,926.1963119506647,488.6367735433324
2024-03-28 14:30:00,0.8855405313786798,893.0708024918413,471.1606274444038
2024-03-28 14:45:00,0.8534332859541238,767.3773331695655,404.84806442442044
2024-03-28 15:00:00,0.817691620224906,621.2266034045813,328.99850924231527
2024-03-28 15:15:00,0.7784687043139316,722.4271206605526,384.0540798629794
2024-03-28 15:30:00,0.7359326200525695,590.1222672294389,316.10434780102406
2024-03-28 15:45:00,0.6902656471853481,668.1771283434726,359.26576568388356
2024-03-28 16:00:00,0.6416634709758682,507.48156292063095,274.9145057574718
2024-03-28 16:15:00,0.5903343489111484,485.7299711162012,266.0766632624746
2024-03-28 16:30:00,0.5364982258773192,422.7309922983173,233.27560754784605
2024-03-28 16:45:00,0.4803857780854926,380.98645173618416,212.55004788517766
2024-03-28 17:00:00,0.42223743117803525,372.50003705349985,210.07439265911935
2024-03-28 17:15:00,0.3623023384205406,309.4378228638552,178.2628517739659
2024-03-28 17:30:00,0.30083729768457307,203.65250232520526,119.37966111289393
2024-03-28 17:45:00,0.2381056587556143,151.2418258345099,90.18545915361615
2024-03-28 18:00:00,0.17437620378133234,104.26660391171171,63.438706166137365
2024-03-28 18:15:00,0.10992197898338125,63.6225232922774,38.83831908197734
2024-03-28 18:30:00,0.045019133167881954,36.68581648303611,22.543137807428508
2024-03-28 18:45:00,-0.020054256537136078,8.991861519429587,5.561777737931617
2024-03-28 19:00:00,-0.08501939330637255,0.0,0.0
2024-03-28 19:15:00,-0.149597946313882,0.0,0.0
2024-03-28 19:30:00,-0.2135132344030152,0.0,0.0
2024-03-28 19:45:00,-0.2764914287583665,0.0,0.0
2024-03-28 20:00:00,-0.33826271707389755,0.0,0.0
2024-03-28 20:15:00,-0.39856245129467816,0.0,0.0
2024-03-28 20:30:00,-0.45713229790078574,0.0,0.0
2024-03-28 20:45:00,-0.5137213359387146,0.0,0.0
2024-03-28 21:00:00,-0.56808712465103,0.0,0.0
2024-03-28 21:15:00,-0.6199967571873801,0.0,0.0
2024-03-28 21:30:00,-0.6692278502140931,0.0,0.0
2024-03-28 21:45:00,-0.7155694904528116,0.0,0.0
2024-03-28 22:00:00,-0.7588231512615679,0.0,0.0
2024-03-28 22:15:00,-0.7988035358734371,0.0,0.0
2024-03-28 22:30:00,-0.8353393663161053,0.0,0.0
2024-03-28 22:45:00,-0.8682741277763483,0.0,0.0
2024-03-28 23:00:00,-0.8974667329181525,0.0,0.0
2024-03-28 23:15:00,-0.9227921229628209,0.0,0.0
2024-03-28 23:30:00,-0.9441418111407442,0.0,0.0
2024-03-28 23:45:00,-0.96142434260662,0.0,0.0
2024-03-29 00:00:00,-0.9745656845625119,0.0,0.0
2024-03-29 00:15:00,-0.9835095479109419,0.0,0.0
2024-03-29 00:30:00,-0.9882176250848241,0.0,0.0
2024-03-29 00:45:00,-0.9886697542216152,0.0,0.0
2024-03-29 01:00:00,-0.9848640066490338,0.0,0.0
2024-03-29 01:15:00,-0.9768166935078713,0.0,0.0
2024-03-29 01:30:00,-0.964562297656779,0.0,0.0
2024-03-29 01:45:00,-0.9481533236499453,0.0,0.0
2024-03-29 02:00:00,-0.9276600728839909,0.0,0.0
2024-03-29 02:15:00,-0.9031703458772158,0.0,0.0
2024-03-29 02:30:00,-0.8747890604779267,0.0,0.0
2024-03-29 02:45:00,-0.8426378042404441,0.0,0.0
2024-03-29 03:00:00,-0.806854318472291,0.0,0.0
2024-03-29 03:15:00,-0.7675918994205309,0.0,0.0
2024-03-29 03:30:00,-0.7250187450196053,0.0,0.0
2024-03-29 03:45:00,-0.6793172406173692,0.0,0.0
2024-03-29 04:00:00,-0.63068316610483,0.0,0.0
2024-03-29 04:15:00,-0.5793248621971634,0.0,0.0
2024-03-29 04:30:00,-0.5254623452895371,0.0,0.0
2024-03-29 04:45:00,-0.4693263510122012,0.0,0.0
2024-03-29 05:00:00,-0.4111573521356259,0.0,0.0
2024-03-29 05:15:00,-0.35120453654330674,0.0,0.0
2024-03-29 05:30:00,-0.2897247240372956,0.0,0.0
2024-03-29 05:45:00,-0.22698127353696532,0.0,0.0
2024-03-29 06:00:00,-0.1632429635776802,0.0,0.0
2024-03-29 06:15:00,-0.0987828239225274,0.0,0.0
2024-03-29 06:30:00,-0.033876974185089496,9.764119703784093,6.611811981587237
2024-03-29 06:45:00,0.03119655025753119,6.0,4.03866729
2024-03-29 07:00:00,0.09615900677573842,9.0,6.021616545
2024-03-29 07:15:00,0.16073213092167277,11.0,7.293048840000001
2024-03-29 07:30:00,0.224639319850433,14.0,9.22546422
2024-03-29 07:45:00,0.28760683458877834,17.0,11.099260305000001
2024-03-29 08:00:00,0.34936496385960747,21.0,13.583505600000002
2024-03-29 08:15:00,0.4096491713964769,97.0,61.958573460000004
2024-03-29 08:30:00,0.46820124572696614,181.34646477780223,114.36846199301155
2024-03-29 08:45:00,0.524770397684398,194.5155863050603,121.10099631034487
2024-03-29 09:00:00,0.579114327422714,344.77858185567845,211.863652739373
2024-03-29 09:15:00,0.6310002775959009,283.0520255388229,172.21673675199122
2024-03-29 09:30:00,0.6802060222946431,416.8535657966072,250.25488472876785
2024-03-29 09:45:00,0.7265208128649956,456.3401819121438,270.2706739638433
2024-03-29 10:00:00,0.7697462938365454,504.0028733263098,295.44293112362584
2024-03-29 10:15:00,0.8096973453667662,791.3360727627169,462.2760558068323
2024-03-29 10:30:00,0.8462028714399047,833.272440723919,485.08975135281514
2024-03-29 10:45:00,0.879106543417088,870.6360946216103,505.08114681358927
2024-03-29 11:00:00,0.9082674635488646,744.5471049518756,430.4282878123795
2024-03-29 11:15:00,0.9335607652694062,717.5043912586575,411.8940292171108
2024-03-29 11:30:00,0.9548781557758479,763.0329812899065,436.48803052635833
2024-03-29 11:45:00,0.9721283751165858,682.4679042898724,389.0217948105911
2024-03-29 12:00:00,0.9852375854884852,492.33184716019883,279.6448608975375
2024-03-29 12:15:00,0.9941496920181583,336.84204168449025,189.28390195702448
2024-03-29 12:30:00,0.998826579769203,636.7031246816084,355.21284030705874
2024-03-29 12:45:00,0.9992482770823675,573.8639381519085,317.83527095263594
2024-03-29 13:00:00,0.9954130422283695,427.70184774484403,234.28959974948364
2024-03-29 13:15:00,0.9873373692262422,453.93633901500436,249.57808488551132
2024-03-29 13:30:00,0.9750559189618188,638.0904895524238,350.82761321051316
2024-03-29 13:45:00,0.9586213683780607,592.3174002004662,326.8584606056442
2024-03-29 14:00:00,0.938104184890042,176.81431255467012,97.57142706782705
2024-03-29 14:15:00,0.9135923279450313,586.6699285451584,328.48548957578845
2024-03-29 14:30:00,0.8851908665320857,528.0864180374626,298.8860340289923
2024-03-29 14:45:00,0.8530215309080544,196.26510765454026,112.66889369798427
2024-03-29 15:00:00,0.8172221960280053,557.4038800614378,324.4928025546972
2024-03-29 15:15:00,0.7779462821470577,529.2796822121467,312.3997425550766
2024-03-29 15:30:00,0.7353621010281703,201.61825890925354,120.22491234256668
2024-03-29 15:45:00,0.6896521411787071,389.3097325180988,235.2930191378624
2024-03-29 16:00:00,0.6410122745572892,27.0,16.536705255
2024-03-29 16:15:00,0.589650922394237,72.0,44.53449336
2024-03-29 16:30:00,0.5357881697480926,134.0,83.42536356000001
2024-03-29 16:45:00,0.4796548087591138,24.0,15.038881199999999
2024-03-29 17:00:00,0.42149135627195544,167.71097273258928,106.10806835910738
2024-03-29 17:15:00,0.3615470316577437,233.79538436513,148.39120931730048
2024-03-29 17:30:00,0.3000786734376824,99.20110142812756,63.364522991211885
2024-03-29 17:45:00,0.2373496464804818,75.23734964648048,48.20980154760771
2024-03-29 18:00:00,0.17362872235472926,55.0,35.35349895
2024-03-29 18:15:00,0.10918891108347079,37.0,23.858053065000004
2024-03-29 18:30:00,0.04430629977239428,11.0,7.115169600000001
2024-03-29 18:45:00,-0.020741121306702515,4.0,2.5873344
2024-03-29 19:00:00,-0.0856746670414125,0.0,0.0
2024-03-29 19:15:00,-0.1502161426536167,0.0,0.0
2024-03-29 19:30:00,-0.21408902682574468,0.0,0.0
2024-03-29 19:45:00,-0.2770196736241347,0.0,0.0
2024-03-29 20:00:00,-0.33873847592562467,0.0,0.0
2024-03-29 20:15:00,-0.3989810122678472,0.0,0.0
2024-03-29 20:30:00,-0.457489196160341,0.0,0.0
2024-03-29 20:45:00,-0.5140123729966546,0.0,0.0
2024-03-29 21:00:00,-0.5683083866035618,0.0,0.0
2024-03-29 21:15:00,-0.6201446316959776,0.0,0.0
2024-03-29 21:30:00,-0.6692990421567683,0.0,0.0
2024-03-29 21:45:00,-0.7155610362464002,0.0,0.0
2024-03-29 22:00:00,-0.7587324317430586,0.0,0.0
2024-03-29 22:15:00,-0.7986282876606672,0.0,0.0
2024-03-29 22:30:00,-0.8350776916685552,0.0,0.0
2024-03-29 22:45:00,-0.8679245028466486,0.0,0.0
2024-03-29 23:00:00,-0.897028014400458,0.0,0.0
2024-03-29 23:15:00,-0.9222635530869786,0.0,0.0
2024-03-29 23:30:00,-0.9435230210242089,0.0,0.0
2024-03-29 23:45:00,-0.960715353875579,0.0,0.0
2024-03-30 00:00:00,-0.973766909339814,0.0,0.0
2024-03-30 00:15:00,-0.9826217870591794,0.0,0.0
2024-03-30 00:30:00,-0.9872420648015425,0.0,0.0
2024-03-30 00:45:00,-0.9876079609651305,0.0,0.0
2024-03-30 01:00:00,-0.9837179203972428,0.0,0.0
2024-03-30 01:15:00,-0.9755886194140818,0.0,0.0
2024-03-30 01:30:00,-0.9632548961345361,0.0,0.0
2024-03-30 01:45:00,-0.94676959888663,0.0,0.0
2024-03-30 02:00:00,-0.9262033598952237,0.0,0.0
2024-03-30 02:15:00,-0.9016442961232674,0.0,0.0
2024-03-30 02:30:00,-0.8731976260890228,0.0,0.0
2024-03-30 02:45:00,-0.8409852209471733,0.0,0.0
2024-03-30 03:00:00,-0.8051450873452561,0.0,0.0
2024-03-30 03:15:00,-0.7658307673881116,0.0,0.0
2024-03-30 03:30:00,-0.7232106843669321,0.0,0.0
2024-03-30 03:45:00,-0.6774674274972246,0.0,0.0
2024-03-30 04:00:00,-0.6287969581714232,0.0,0.0
2024-03-30 04:15:00,-0.577407775434145,0.0,0.0
2024-03-30 04:30:00,-0.5235200301373999,0.0,0.0
2024-03-30 04:45:00,-0.46736456799277926,0.0,0.0
2024-03-30 05:00:00,-0.40918194687062576,0.0,0.0
2024-03-30 05:15:00,-0.34922141448431054,0.0,0.0
2024-03-30 05:30:00,-0.2877398249263199,0.0,0.0
2024-03-30 05:45:00,-0.22500054570580222,0.0,0.0
2024-03-30 06:00:00,-0.16127233819039233,0.0,0.0
2024-03-30 06:15:00,-0.09682818930337933,0.0,0.0
2024-03-30 06:30:00,-0.03194415035831541,7.7931034915945885,5.387399018222245
2024-03-30 06:45:00,0.03310183680440329,34.824300635039876,23.933373231447952
2024-03-30 07:00:00,0.09803114787112298,78.50614113348983,53.47811916696836
2024-03-30 07:15:00,0.1625656609963578,130.4111135479968,88.3083974026467
2024-03-30 07:30:00,0.22642893961635369,12.0,8.07733458
2024-03-30 07:45:00,0.28934743398395674,16.0,10.70509608
2024-03-30 08:00:00,0.3510516442091304,20.0,13.2600888
2024-03-30 08:15:00,0.411277266627813,24.0,15.815081519999998
2024-03-30 08:30:00,0.4697663425950137,29.0,18.934032285
2024-03-30 08:45:00,0.5262683548857485,62.0,40.103683200000006
2024-03-30 09:00:00,0.5805412936082528,70.0,44.85386745
2024-03-30 09:15:00,0.6323527080362901,235.92646102948788,150.22070646479207
2024-03-30 09:30:00,0.6814806942731286,319.19251151013225,202.59323303851892
2024-03-30 09:45:00,0.7277148396618017,332.94976524888574,209.97901789321438
2024-03-30 10:00:00,0.7708571372728605,187.08342854909145,117.23022735160312
2024-03-30 10:15:00,0.8107228268254217,248.78228805603217,155.38909245891176
2024-03-30 10:30:00,0.8471411813623989,244.85997653907359,152.44427286615883
2024-03-30 10:45:00,0.8799562491640902,321.67842496990727,198.96924556774437
2024-03-30 11:00:00,0.9090275156637815,442.44788914469706,272.7749971534341
2024-03-30 11:15:00,0.9342305020622823,569.2676324619513,350.96105244061386
2024-03-30 11:30:00,0.9554573062379512,294.15368881852106,180.75506501717553
2024-03-30 11:45:00,0.9726170601482639,469.2890889546781,288.374353306811
2024-03-30 12:00:00,0.9856363174312797,161.97127263486257,99.20263686444333
2024-03-30 12:15:00,0.9944593724822752,432.62877795631243,264.97239207016224
2024-03-30 12:30:00,0.9990484957836349,484.9048495783635,297.97011203471976
2024-03-30 12:45:00,0.9993840955845342,541.9094620509265,332.998985801841
2024-03-30 13:00:00,0.995464802889354,408.75509935602514,251.17670581307468
2024-03-30 13:15:00,0.9873074756738796,333.6573018431948,205.02971603164428
2024-03-30 13:30:00,0.9749471284345467,298.5239954402564,184.0440060949575
2024-03-30 13:45:00,0.9584367798323887,358.37903441346316,220.94543219758185
2024-03-30 14:00:00,0.9378472256331873,355.45173625096066,219.8592081648455
2024-03-30 14:15:00,0.913266738849336,306.74493521008276,190.3524054130541
2024-03-30 14:30:00,0.8848006858869442,295.1200171471736,184.33157757850225
2024-03-30 14:45:00,0.8525710769751571,88.0,55.32044364000001
2024-03-30 15:00:00,0.8167160484003442,192.08358024200172,121.13996086610229
2024-03-30 15:15:00,0.7773892619513267,194.66433557170797,123.55451860127863
2024-03-30 15:30:00,0.7347592501061568,125.0,79.59085312500001
2024-03-30 15:45:00,0.6890087003002368,663.0541603470948,424.86490600542334
2024-03-30 16:00:00,0.6403336607329058,82.0,52.70885298
2024-03-30 16:15:00,0.5889427054862039,549.9642529847251,355.73535762942055
2024-03-30 16:30:00,0.535056048392025,366.99657863092966,238.12754851272584
2024-03-30 16:45:00,0.4789045856849593,254.68173000897764,166.28110684102194
2024-03-30 17:00:00,0.42072891322963707,247.12733070001673,161.84838923727088
2024-03-30 17:15:00,0.3607783039620518,29.0,19.051270875
2024-03-30 17:30:00,0.2993096243143184,180.2011718025237,119.10992645864714
2024-03-30 17:45:00,0.2365862412304255,136.20021534268466,90.30134750115606
2024-03-30 18:00:00,0.17287690255799673,95.22962670648334,63.330158208032316
2024-03-30 18:15:00,0.10845456885494402,59.40054877740205,39.743036366675966
2024-03-30 18:30:00,0.04359525229997786,30.138858165598407,20.225882106911293
2024-03-30 18:45:00,-0.021423156985671477,9.335882133444183,6.284086965939407
2024-03-30 19:00:00,-0.08632209876286982,0.0,0.0
2024-03-30 19:15:00,-0.15082352735047108,0.0,0.0
2024-03-30 19:30:00,-0.2146510941443015,0.0,0.0
2024-03-30 19:45:00,-0.2775313486927434,0.0,0.0
2024-03-30 20:00:00,-0.33919490139100916,0.0,0.0
2024-03-30 20:15:00,-0.3993775693303726,0.0,0.0
2024-03-30 20:30:00,-0.4578215245670635,0.0,0.0
2024-03-30 20:45:00,-0.5142763899896394,0.0,0.0
2024-03-30 21:00:00,-0.5685003045889747,0.0,0.0
2024-03-30 21:15:00,-0.6202609746792034,0.0,0.0
2024-03-30 21:30:00,-0.6693366608478891,0.0,0.0
2024-03-30 21:45:00,-0.7155171217238094,0.0,0.0
2024-03-30 22:00:00,-0.7586045276340908,0.0,0.0
2024-03-30 22:15:00,-0.7984143008330202,0.0,0.0
2024-03-30 22:30:00,-0.8347759013461618,0.0,0.0
2024-03-30 22:45:00,-0.8675335680818012,0.0,0.0
2024-03-30 23:00:00,-0.8965469799325592,0.0,0.0
2024-03-30 23:15:00,-0.9216918535538501,0.0,0.0
2024-03-30 23:30:00,-0.94286048342568,0.0,0.0
2024-03-30 23:45:00,-0.9599621983872668,0.0,0.0
2024-03-31 00:00:00,-0.972923748415331,0.0,0.0
2024-03-31 00:15:00,-0.9816896228263816,0.0,0.0
2024-03-31 00:30:00,-0.9862222847693825,0.0,0.0
2024-03-31 00:45:00,-0.9865023320878679,0.0,0.0
2024-03-31 02:00:00,-0.9247076504786462,0.0,0.0
2024-03-31 02:15:00,-0.9000807719684281,0.0,0.0
2024-03-31 02:30:00,-0.8715704104704447,0.0,0.0
2024-03-31 02:45:00,-0.8392987133898059,0.0,0.0
2024-03-31 03:00:00,-0.8034039446288983,0.0,0.0
2024-03-31 03:15:00,-0.764039883440758,0.0,0.0
2024-03-31 03:30:00,-0.7213751691033548,0.0,0.0
2024-03-31 03:45:00,-0.6755925847440796,0.0,0.0
2024-03-31 04:00:00,-0.6268882627290596,0.0,0.0
2024-03-31 04:15:00,-0.575470849424585,0.0,0.0
2024-03-31 04:30:00,-0.5215606186942395,0.0,0.0
2024-03-31 04:45:00,-0.46538851438097484,0.0,0.0
2024-03-31 05:00:00,-0.4071951672499408,0.0,0.0
2024-03-31 05:15:00,-0.3472298723137644,0.0,0.0
2024-03-31 05:30:00,-0.28574950514264164,0.0,0.0
2024-03-31 05:45:00,-0.2230174288412089,0.0,0.0
2024-03-31 06:00:00,-0.1593023745126157,0.0,0.0
2024-03-31 06:15:00,-0.09487727302879417,0.0,0.0
2024-03-31 06:30:00,-0.0300180941532768,13.148281055438705,9.27549293483289
2024-03-31 06:45:00,0.03499732699088884,38.43435580480421,26.958248615403544
2024-03-31 07:00:00,0.09989049751671103,78.46003159359952,54.715474120848725
2024-03-31 07:15:00,0.1643834511153594,129.27392131752674,89.36750263087792
2024-03-31 07:30:00,0.2281999302853478,184.91256214494385,127.08313689852761
2024-03-31 07:45:00,0.2910665869912158,16.0,10.89914616
2024-03-31 08:00:00,0.35271414488248853,21.0,14.220232425
2024-03-31 08:15:00,0.4128785447401294,25.0,16.726712624999998
2024-03-31 08:30:00,0.4713020921373058,141.82781255282384,94.03246943800994
2024-03-31 08:45:00,0.5277345527346414,165.86054918555033,108.96049137966138
2024-03-31 09:00:00,0.581934217005678,45.0,29.198472974999998
2024-03-31 09:15:00,0.6336689506971591,43.0,27.726926535
2024-03-31 09:30:00,0.6827171811729323,47.0,30.02116446
2024-03-31 09:45:00,0.7288688404028371,61.0,38.593731014999996
2024-03-31 10:00:00,0.7719262779378893,192.85963138968944,120.84971186438878
2024-03-31 10:15:00,0.8117051002943741,330.6437805161906,206.51967382027905
2024-03-31 10:30:00,0.8480349560435299,426.76419472522355,265.6937171592717
2024-03-31 10:45:00,0.8807602761113911,402.98386319335685,249.25947471627362
2024-03-31 11:00:00,0.909740934007476,336.6604145582766,207.5556147421808
2024-03-31 11:15:00,0.9348528428089348,367.003230769211,225.52051992157553
2024-03-31 11:30:00,0.9559884943425334,503.1024582418995,308.1354468523051
2024-03-31 11:45:00,0.9730574148793,442.8715357754647,270.3505791456191
2024-03-31 12:00:00,0.9859865510606771,332.6356503275776,202.38479522533805
2024-03-31 12:15:00,0.9947205872356213,448.6040440426716,272.9431962612082
2024-03-31 12:30:00,0.9992221791228106,547.8825490475444,333.3470041089297
2024-03-31 12:45:00,0.9994721138332883,578.9039247176585,352.2212731670464
2024-03-31 13:00:00,0.9954693931934562,481.56053113976526,293.9682458014501
2024-03-31 13:15:00,0.9872312363696251,382.4509431638939,234.239945244373
2024-03-31 13:30:00,0.9747930078616217,250.72272308647783,154.0670874970381
2024-03-31 13:45:00,0.9582080636078952,202.74924838164736,124.99760312355787
2024-03-31 14:00:00,0.9375475224838109,278.93830788222476,173.09683640208726
2024-03-31 14:15:00,0.912899965041414,456.9834959797626,283.5838434764652
2024-03-31 14:30:00,0.8843710483082394,550.7865357872104,341.7938812401701
2024-03-31 14:45:00,0.8520830549711786,442.8832954760803,274.8338796642051
2024-03-31 15:00:00,0.8161743744426567,825.0496238839805,513.657200205689
2024-03-31 15:15:00,0.776798901178012,778.0382451236924,484.38898106737633
2024-03-31 15:30:00,0.7341253788626835,551.8881697304822,344.70863059959765
2024-03-31 15:45:00,0.6883366837720554,516.1931911162852,322.4135935391173
2024-03-31 16:00:00,0.6396290297632823,471.63491824466064,295.53589605221515
2024-03-31 16:15:00,0.5882111326448425,475.86814599516737,300.1123183493952
2024-03-31 16:30:00,0.534303323460826,441.67970042724204,280.3365218491318
2024-03-31 16:45:00,0.4781365906290976,407.87052071533554,260.5265527825729
2024-03-31 17:00:00,0.41995159674728877,358.5461661263549,230.47020923044752
2024-03-31 17:15:00,0.3599976557398173,317.75838011621374,207.4637044120584
2024-03-31 17:30:00,0.2985316491393571,238.29843257156526,157.9929188399884
2024-03-31 17:45:00,0.23581693298330567,177.09643901728555,119.56357401158826
2024-03-31 18:00:00,0.1721222182873097,120.807698335532,82.78218807839752
2024-03-31 18:15:00,0.10772040301155486,73.90141057574377,51.387059106370394
2024-03-31 18:30:00,0.04288741120319646,37.17790599748405,26.227261415962985
2024-03-31 18:45:00,-0.02209898027303732,9.663053978771366,6.894959253766566
2024-03-31 19:00:00,-0.08696034910147725,0.0,0.0
2024-03-31 19:15:00,-0.15141881156389037,0.0,0.0
2024-03-31 19:30:00,-0.21519820436782214,0.0,0.0
2024-03-31 19:45:00,-0.2780252849545173,0.0,0.0
2024-03-31 20:00:00,-0.33963089325813667,0.0,0.0
2024-03-31 20:15:00,-0.399751096561381,0.0,0.0
2024-03-31 20:30:00,-0.4581283367558536,0.0,0.0
2024-03-31 20:45:00,-0.5145125249312165,0.0,0.0
2024-03-31 21:00:00,-0.5686621055152974,0.0,0.0
2024-03-31 21:15:00,-0.6203451060916402,0.0,0.0
2024-03-31 21:30:00,-0.6693401229848921,0.0,0.0
2024-03-31 21:45:00,-0.7154372636006041,0.0,0.0
2024-03-31 22:00:00,-0.7584390585518052,0.0,0.0
2024-03-31 22:15:00,-0.7981613003217656,0.0,0.0
2024-03-31 22:30:00,-0.8344338275406397,0.0,0.0
2024-03-31 22:45:00,-0.8671012644517129,0.0,0.0
2024-03-31 23:00:00,-0.8960236803004018,0.0,0.0
2024-03-31 23:15:00,-0.9210771854916029,0.0,0.0
2024-03-31 23:30:00,-0.9421544699003521,0.0,0.0
2024-03-31 23:45:00,-0.9591652577151631,0.0,0.0
2024-04-01 00:00:00,-0.9720366925036079,0.0,0.0
2024-04-01 00:15:00,-0.9807136537089043,0.0,0.0
2024-04-01 00:30:00,-0.9851589894541403,0.0,0.0
2024-04-01 00:45:00,-0.9853536757463176,0.0,0.0
2024-04-01 01:00:00,-0.9812968989657708,0.0,0.0
2024-04-01 01:15:00,-0.9730060577002775,0.0,0.0
2024-04-01 01:30:00,-0.9605166899671549,0.0,0.0
2024-04-01 01:45:00,-0.9438823185579813,0.0,0.0
2024-04-01 02:00:00,-0.9231742218081217,0.0,0.0
2024-04-01 02:15:00,-0.8984811316701093,0.0,0.0
2024-04-01 02:30:00,-0.8699088478343151,0.0,0.0
2024-04-01 02:45:00,-0.8375797862913804,0.0,0.0
2024-04-01 03:00:00,-0.8016324598361776,0.0,0.0
2024-04-01 03:15:00,-0.7622208758458546,0.0,0.0
2024-04-01 03:30:00,-0.7195138799820278,0.0,0.0
2024-04-01 03:45:00,-0.6736944390820019,0.0,0.0
2024-04-01 04:00:00,-0.624958845790174,0.0,0.0
2024-04-01 04:15:00,-0.5735158825850543,0.0,0.0
2024-04-01 04:30:00,-0.5195859347176598,0.0,0.0
2024-04-01 04:45:00,-0.4634000322045756,0.0,0.0
2024-04-01 05:00:00,-0.4051988663621351,0.0,0.0
2024-04-01 05:15:00,-0.34523176690264085,0.0,0.0
2024-04-01 05:30:00,-0.28375561809107674,0.0,0.0
2024-04-01 05:45:00,-0.22103376566359173,0.0,0.0
2024-04-01 06:00:00,-0.15733489733136866,0.0,0.0
2024-04-01 06:15:00,-0.0929318748151951,0.0,0.0
2024-04-01 06:30:00,-0.02810057320856544,11.166701408126745,8.464450396809013
2024-04-01 06:45:00,0.03688129215346546,40.207707702797066,30.071398871327325
2024-04-01 07:00:00,0.10173537270949004,83.57744697385154,61.831926659985655
2024-04-01 07:15:00,0.16618387048882705,136.57310619347777,99.38258318509821
2024-04-01 07:30:00,0.22995071953600232,194.49988963649741,139.56943016774468
2024-04-01 07:45:00,0.29276278579602755,256.7859315555027,181.15037881110123
2024-04-01 08:00:00,0.3543510283654763,319.9044955649703,222.44434976165937
2024-04-01 08:15:00,0.4144516439602438,383.226604341666,261.82731033283835
2024-04-01 08:30:00,0.4728072134484961,446.88173469155436,300.80110739953983
2024-04-01 08:45:00,0.5291677959765706,511.15093506860046,337.8621219622782
2024-04-01 09:00:00,0.5832919923935392,572.3814855269019,372.54954921206826
2024-04-01 09:15:00,0.6349479944028362,631.4047551304675,404.5849313417385
2024-04-01 09:30:00,0.683914569497468,687.6322231442541,433.66403571309115
2024-04-01 09:45:00,0.7299820024576342,742.633712224159,462.34692115084243
2024-04-01 10:00:00,0.7729530068270295,793.5708602672131,486.0387931553961
2024-04-01 10:15:00,0.8126435626786097,840.9458697284284,508.25519141296735
2024-04-01 10:30:00,0.848883700162387,883.252910752319,528.4688354744711
2024-04-01 10:45:00,0.881518238059741,922.6792896806345,544.5982195129804
2024-04-01 11:00:00,0.910407442423807,953.7974777450405,555.2534305806699
2024-04-01 11:15:00,0.9354276218338532,984.2042340949976,566.9864526385917
2024-04-01 11:30:00,0.9564716648353121,1009.1692699067349,575.2487965793965
2024-04-01 11:45:00,0.9734494939581693,1031.2991101515079,579.5248083584837
2024-04-01 12:00:00,0.9862884499186394,1046.686084870999,581.8241415482149
2024-04-01 12:15:00,0.9949336072423742,1057.0703998468302,583.3230688964923
2024-04-01 12:30:00,0.9993480062359212,1062.3656100675514,581.9502882270237
2024-04-01 12:45:00,0.9995128113680809,1062.5259654611427,577.7426445140565
2024-04-01 13:00:00,0.9954273929299833,1053.573716356224,568.6156153465378
2024-04-01 13:15:00,0.9871093280764722,1043.5347202499488,561.0881971039222
2024-04-01 13:30:00,0.974594327283937,1028.5089315017153,550.9301428774471
2024-04-01 13:45:00,0.9579360789280034,1008.6606996919552,538.2593960372195
2024-04-01 14:00:00,0.9372060193566818,983.0945424662744,522.629147117259
2024-04-01 14:15:00,0.9124930302745933,953.955885730589,507.1385603424511
2024-04-01 14:30:00,0.8839030522030892,918.63667517531,488.362290012384
2024-04-01 14:45:00,0.8515586324466351,880.5042040727105,468.09044433635256
2024-04-01 15:00:00,0.8155984050206349,835.1661310240047,443.98798274609504
2024-04-01 15:15:00,0.7761764879021785,788.3206039909825,422.271085537251
2024-04-01 15:30:00,0.7334618262451433,738.6487199681387,397.15696137141845
2024-04-01 15:45:00,0.6876374748630091,685.496252829174,371.34918254085403
2024-04-01 16:00:00,0.6388998024646343,629.2872289343733,342.17146650687016
2024-04-01 16:15:00,0.5874576553403797,571.5766340733016,314.2577261094889
2024-04-01 16:30:00,0.5335314700499889,510.62993132119084,283.8452003270801
2024-04-01 16:45:00,0.4773523151453247,447.92714748596916,250.8012788402008
2024-04-01 17:00:00,0.4191609075966015,385.4964161265934,218.18303030147965
2024-04-01 17:15:00,0.359206589732314,321.2208105045892,185.70016934540612
2024-04-01 17:30:00,0.2977462453402759,259.25392430342924,153.02091111882459
2024-04-01 17:45:00,0.2350432066127111,197.31226337262072,118.85376277860999
2024-04-01 18:00:00,0.17136613470552195,139.47913383920886,85.70880075279243
2024-04-01 18:15:00,0.10698785187034682,85.92621749028508,53.49571592136316
2024-04-01 18:30:00,0.04218418096252234,41.312857689395614,26.05448085388146
2024-04-01 18:45:00,-0.022767227398127747,11.218882246393173,7.143363272794795
2024-04-01 19:00:00,-0.08758810163561365,0.0,0.0
2024-04-01 19:15:00,-0.15200073266309908,0.0,0.0
2024-04-01 19:30:00,-0.21572915492249017,0.0,0.0
2024-04-01 19:45:00,-0.2785003458280444,0.0,0.0
2024-04-01 20:00:00,-0.3400453866169494,0.0,0.0
2024-04-01 20:15:00,-0.40010060614434273,0.0,0.0
2024-04-01 20:30:00,-0.4584087270116247,0.0,0.0
2024-04-01 20:45:00,-0.5147199589374037,0.0,0.0
2024-04-01 21:00:00,-0.5687930616193677,0.0,0.0
2024-04-01 21:15:00,-0.6203963931829476,0.0,0.0
2024-04-01 21:30:00,-0.6693088943463088,0.0,0.0
2024-04-01 21:45:00,-0.7153210292571139,0.0,0.0
2024-04-01 22:00:00,-0.7582356961078731,0.0,0.0
2024-04-01 22:15:00,-0.7978690641717618,0.0,0.0
2024-04-01 22:30:00,-0.8340513564755274,0.0,0.0
2024-04-01 22:45:00,-0.86662758758863,0.0,0.0
2024-04-01 23:00:00,-0.89545822133707,0.0,0.0
2024-04-01 23:15:00,-0.9204197652468712,0.0,0.0
2024-04-01 23:30:00,-0.9414053071315586,0.0,0.0
2024-04-01 23:45:00,-0.9583249682242883,0.0,0.0
2024-04-02 00:00:00,-0.9711062865366498,0.0,0.0
2024-04-02 00:15:00,-0.9796945316170548,0.0,0.0
2024-04-02 00:30:00,-0.9840529356807679,0.0,0.0
2024-04-02 00:45:00,-0.984162851170068,0.0,0.0
2024-04-02 01:00:00,-0.9800238315849695,0.0,0.0
2024-04-02 01:15:00,-0.9716536317426421,0.0,0.0
2024-04-02 01:30:00,-0.959088133467406,0.0,0.0
2024-04-02 01:45:00,-0.9423811894153936,0.0,0.0
2024-04-02 02:00:00,-0.9216043924505972,0.0,0.0
2024-04-02 02:15:00,-0.8968467723309401,0.0,0.0
2024-04-02 02:30:00,-0.8682144085511831,0.0,0.0
2024-04-02 02:45:00,-0.8358299776775897,0.0,0.0
2024-04-02 03:00:00,-0.7998322327709284,0.0,0.0
2024-04-02 03:15:00,-0.7603754000317877,0.0,0.0
2024-04-02 03:30:00,-0.717628521628004,0.0,0.0
2024-04-02 03:45:00,-0.671774737738041,0.0,0.0
2024-04-02 04:00:00,-0.6230104903584915,0.0,0.0
2024-04-02 04:15:00,-0.5715446867580013,0.0,0.0
2024-04-02 04:30:00,-0.5175978118285594,0.0,0.0
2024-04-02 04:45:00,-0.4614009696660425,0.0,0.0
2024-04-02 05:00:00,-0.40319489977431333,0.0,0.0
2024-04-02 05:15:00,-0.34322895393557307,0.0,0.0
2024-04-02 05:30:00,-0.28176001227216596,0.0,0.0
2024-04-02 05:45:00,-0.21905139022349435,0.0,0.0
2024-04-02 06:00:00,-0.1553717190994955,0.0,0.0
2024-04-02 06:15:00,-0.09099377843576069,0.0,0.0
2024-04-02 06:30:00,-0.02619333565253824,13.0,9.4599414
2024-04-02 06:45:00,0.038752026561874625,25.0,18.040593375
2024-04-02 07:00:00,0.10356411678819959,41.0,29.33794647
2024-04-02 07:15:00,0.16796531791823077,59.0,41.621720805
2024-04-02 07:30:00,0.23167976782199895,80.0,55.465981199999995
2024-04-02 07:45:00,0.29443455839148147,103.53321470069778,70.52647746484787
2024-04-02 08:00:00,0.35596089579980816,202.88755349275857,135.7456720985075
2024-04-02 08:15:00,0.41599524387126885,234.6950202374814,153.23183070017936
2024-04-02 08:30:00,0.47428046951284786,276.1873861099036,176.41419021665823
2024-04-02 08:45:00,0.530566935552141,331.4364742123909,206.34483849412894
2024-04-02 09:00:00,0.5846135629126481,402.045496211466,244.61567887235287
2024-04-02 09:15:00,0.6361888783185445,458.65649571901054,271.64252706490146
2024-04-02 09:30:00,0.6850719978220825,515.9674710177592,298.2846802304233
2024-04-02 09:45:00,0.7310535667987788,524.9177303511274,294.9705319158251
2024-04-02 10:00:00,0.7739366697994554,588.4975647399555,322.3714361382067
2024-04-02 10:15:00,0.8135376668134074,817.794372796679,441.3650827613231
2024-04-02 10:30:00,0.8496869751064162,720.1128111136369,384.27935866547176
2024-04-02 10:45:00,0.8822298061264044,704.1727415122134,370.07960389904923
2024-04-02 11:00:00,0.9110268224202949,791.8366299005828,411.34981327540197
2024-04-02 11:15:00,0.9359547312021016,849.0649456046417,437.64672664628097
2024-04-02 11:30:00,0.956906820056874,786.0744282702569,403.5896108928812
2024-04-02 11:45:00,0.9737934092263822,806.9008541637936,411.0203351692003
2024-04-02 12:00:00,0.9865422341079366,732.7783868338794,371.7825192857677
2024-04-02 12:15:00,0.9950987591483753,840.2700088456451,424.6209959325472
2024-04-02 12:30:00,0.999426408141457,853.672479048772,431.39378347190757
2024-04-02 12:45:00,0.999506720954763,926.6502651569269,466.39919753484367
2024-04-02 13:00:00,0.9953394335456165,1031.6330492322427,517.1535623132482
2024-04-02 13:15:00,0.9869424774303287,1020.7912163973573,513.781975875999
2024-04-02 13:30:00,0.9743519046180071,1007.0703270086007,506.8760135717669
2024-04-02 13:45:00,0.9576217306903798,986.5882095420533,496.5670075644203
2024-04-02 14:00:00,0.9368237034712747,961.5619257109291,483.9708435800083
2024-04-02 14:15:00,0.9120469990512274,819.5437713586298,414.1472249886558
2024-04-02 14:30:00,0.8833978339780857,899.5422224219923,458.21013058895915
2024-04-02 14:45:00,0.8509990120289097,859.0481118139899,439.3196226021091
2024-04-02 15:00:00,0.8149894030238112,748.9071476406441,384.5070306844651
2024-04-02 15:15:00,0.7755233390493472,716.3977376775039,370.71210215503635
2024-04-02 15:30:00,0.732769956760011,672.4396272240883,350.6837142933871
2024-04-02 15:45:00,0.68691247901115,620.315234468251,326.00809819982857
2024-04-02 16:00:00,0.6381474183662208,584.0116595603563,309.2896606849835
2024-04-02 16:15:00,0.5866837401700916,556.2138295377742,297.9409854324118
2024-04-02 16:30:00,0.5327419747283962,497.2679341112478,270.3867017130137
2024-04-02 16:45:00,0.47655325857381625,435.7039232575265,240.43445893636738
2024-04-02 17:00:00,0.41835835065257065,374.14652092441884,209.49037460248047
2024-04-02 17:15:00,0.35840660906315885,312.94215364451645,179.01651391537158
2024-04-02 17:30:00,0.2969549070511368,250.94200523388096,147.1004343269641
2024-04-02 17:45:00,0.23426654005152106,193.1543247906035,115.95873767557177
2024-04-02 18:00:00,0.17061010633920856,136.39969572174527,83.54079870452541
2024-04-02 18:15:00,0.10625833950345362,84.43489436300924,52.56725193570329
2024-04-02 18:30:00,0.041486948286822554,41.524745141504155,26.272046630453108
2024-04-02 18:45:00,-0.023426555769487902,12.689513738414226,8.156703829582506
2024-04-02 19:00:00,-0.08820406448331207,0.0,0.0
2024-04-02 19:15:00,-0.15256805581222943,0.0,0.0
2024-04-02 19:30:00,-0.21624277410156117,0.0,0.0
2024-04-02 19:45:00,-0.2789554286018717,0.0,0.0
2024-04-02 20:00:00,-0.3404373532898964,0.0,0.0
2024-04-02 20:15:00,-0.40042514963122233,0.0,0.0
2024-04-02 20:30:00,-0.45866183148025064,0.0,0.0
2024-04-02 20:45:00,-0.5148979172277469,0.0,0.0
2024-04-02 21:00:00,-0.5688924913144733,0.0,0.0
2024-04-02 21:15:00,-0.6204142512761384,0.0,0.0
2024-04-02 21:30:00,-0.6692424904447657,0.0,0.0
2024-04-02 21:45:00,-0.7151680372833695,0.0,0.0
2024-04-02 22:00:00,-0.7579941643731127,0.0,0.0
2024-04-02 22:15:00,-0.7975374238739357,0.0,0.0
2024-04-02 22:30:00,-0.8336284285548969,0.0,0.0
2024-04-02 22:45:00,-0.8661125878303857,0.0,0.0
2024-04-02 23:00:00,-0.8948507638366148,0.0,0.0
2024-04-02 23:15:00,-0.9197198641450073,0.0,0.0
2024-04-02 23:30:00,-0.940613376564623,0.0,0.0
2024-04-02 23:45:00,-0.9574418205972308,0.0,0.0
2024-04-03 00:00:00,-0.970133129063447,0.0,0.0
2024-04-03 00:15:00,-0.9786329611284061,0.0,0.0
2024-04-03 00:30:00,-0.9829049317699095,0.0,0.0
2024-04-03 00:45:00,-0.9829307676833261,0.0,0.0
2024-04-03 01:00:00,-0.9787103864735162,0.0,0.0
2024-04-03 01:15:00,-0.9702618953477329,0.0,0.0
2024-04-03 01:30:00,-0.9576215152907503,0.0,0.0
2024-04-03 01:45:00,-0.9408434234021953,0.0,0.0
2024-04-03 02:00:00,-0.9199995208707736,0.0,0.0
2024-04-03 02:15:00,-0.8951791283500077,0.0,0.0
2024-04-03 02:30:00,-0.8664885974963054,0.0,0.0
2024-04-03 02:45:00,-0.8340508571745906,0.0,0.0
2024-04-03 03:00:00,-0.7980048917303189,0.0,0.0
2024-04-03 03:15:00,-0.7585051366873855,0.0,0.0
2024-04-03 03:30:00,-0.7157208206288674,0.0,0.0
2024-04-03 03:45:00,-0.6698352464490205,0.0,0.0
2024-04-03 04:00:00,-0.6210449944665939,0.0,0.0
2024-04-03 04:15:00,-0.5695590852429189,0.0,0.0
2024-04-03 04:30:00,-0.5155980914724987,0.0,0.0
2024-04-03 04:45:00,-0.4593931791334741,0.0,0.0
2024-04-03 05:00:00,-0.40118512349816443,0.0,0.0
2024-04-03 05:15:00,-0.34122328577799543,0.0,0.0
2024-04-03 05:30:00,-0.27976452917839434,0.0,0.0
2024-04-03 05:45:00,-0.2170721259137253,0.0,0.0
2024-04-03 06:00:00,-0.1534146379894165,0.0,0.0
2024-04-03 06:15:00,-0.08906474983852239,0.0,0.0
2024-04-03 06:30:00,-0.02429810830843463,11.585299406573258,8.31339102310073
2024-04-03 06:45:00,0.04060784929250952,44.09590455214651,31.196717001101437
2024-04-03 07:00:00,0.10537510120417024,91.74342853700605,64.16432914468527
2024-04-03 07:15:00,0.16972622350767244,145.87244878669554,100.25240126385854
2024-04-03 07:30:00,0.23338556995291748,205.76864528817222,138.9211143188221
2024-04-03 07:45:00,0.2960804700579993,269.02698455251345,178.36608523812782
2024-04-03 08:00:00,0.357542388362994,332.7378085929574,215.89857582138197
2024-04-03 08:15:00,0.41750806669375917,397.76402595525116,253.26702534570467
2024-04-03 08:30:00,0.47572066836217175,461.65392008749996,287.4152695686483
2024-04-03 08:45:00,0.5319308697389076,525.5882714544161,320.8449450946139
2024-04-03 09:00:00,0.585897921073683,586.5196601502095,349.74151205466336
2024-04-03 09:15:00,0.6373906928099606,646.5637956073945,379.0111387102956
2024-04-03 09:30:00,0.6861886575263684,702.9211876092062,404.9431782962449
2024-04-03 09:45:00,0.7320828285354286,757.3011961950194,428.6168766417394
2024-04-03 10:00:00,0.7748766680359465,806.7086979578975,446.7966368840279
2024-04-03 10:15:00,0.8143869217781856,854.1107364546109,466.1444720752768
2024-04-03 10:30:00,0.8504443992429074,897.1275120716768,482.36790645552946
2024-04-03 10:45:00,0.8828947088391665,936.5249728651523,495.9789523697701
2024-04-03 11:00:00,0.9115989131035698,970.8089402759805,506.28617241166097
2024-04-03 11:15:00,0.936434120555711,995.9597016623738,513.3629713022057
2024-04-03 11:30:00,0.9572940196373128,1021.1481392445666,520.1539300446806
2024-04-03 11:45:00,0.9740893292908241,1040.6075427050077,523.7558776116357
2024-04-03 12:00:00,0.9867481797293927,1055.973460673993,525.086319711767
2024-04-03 12:15:00,0.9952164246033539,1065.2929618097003,525.4138021757985
2024-04-03 12:30:00,0.9994578696293324,1071.4660015848924,524.1267846313385
2024-04-03 12:45:00,0.9994544276700654,1070.4631568273444,521.4724391028656
2024-04-03 13:00:00,0.9952061971165986,1065.2876917656165,514.6445799231441
2024-04-03 13:15:00,0.9867314598017931,1055.9702935253608,508.00881817521145
2024-04-03 13:30:00,0.9740666044259382,1035.7149393152897,496.1707743648388
2024-04-03 13:45:00,0.9572659681507465,1014.5907231380734,486.0509833869962
2024-04-03 14:00:00,0.9364016038983156,989.6275477618746,472.0917076662642
2024-04-03 14:15:00,0.9115629750563763,960.1004560541212,458.0061103339577
2024-04-03 14:30:00,0.8828565664109685,925.3623077896531,441.4346317282684
2024-04-03 14:45:00,0.8504054297525365,885.9323202566419,422.62495915011806
2024-04-03 15:00:00,0.8143486616524808,843.601649983417,402.4315455157263
2024-04-03 15:15:00,0.7748407986414348,796.1780571460444,381.41796371847886
2024-04-03 15:30:00,0.7320511586581963,745.8986055376167,358.83875843956446
2024-04-03 15:45:00,0.6861631219334293,692.1159941304193,334.36389795040293
2024-04-03 16:00:00,0.6373733337204204,633.7016670053679,307.4246479463125
2024-04-03 16:15:00,0.5858908668933875,574.5225820607398,282.19932480831693
2024-04-03 16:30:00,0.5319363335630785,513.6349021916074,255.40666551900105
2024-04-03 16:45:00,0.47574092610303176,451.4471864390436,227.22122185857873
2024-04-03 17:00:00,0.41754543296481816,388.0152559806989,197.64777759372214
2024-04-03 17:15:00,0.35759921534825556,324.6234193577091,170.60658467730855
2024-04-03 17:30:00,0.2961591231949213,261.12674974366524,140.93057294790444
2024-04-03 17:45:00,0.23348840231103474,200.13304268599535,110.84393986060272
2024-04-03 18:00:00,0.16985557521147562,142.00666689702143,80.94693989870731
2024-04-03 18:15:00,0.10553327393710434,88.02790405099245,50.88959418199624
2024-04-03 18:30:00,0.04079708035075029,42.62528177433736,24.98663966788005
2024-04-03 18:45:00,-0.024075645698662308,11.149618095225058,6.625976867752852
2024-04-03 19:00:00,-0.0888069719218939,0.0,0.0
2024-04-03 19:15:00,-0.15311957551458275,0.0,0.0
2024-04-03 19:30:00,-0.21673792261191308,0.0,0.0
2024-04-03 19:45:00,-0.2793894658424758,0.0,0.0
2024-04-03 20:00:00,-0.340805803083375,0.0,0.0
2024-04-03 20:15:00,-0.4007238191007264,0.0,0.0
2024-04-03 20:30:00,-0.4588868291960627,0.0,0.0
2024-04-03 20:45:00,-0.5150456700992068,0.0,0.0
2024-04-03 21:00:00,-0.5689597600781073,0.0,0.0
2024-04-03 21:15:00,-0.6203981445344231,0.0,0.0
2024-04-03 21:30:00,-0.6691404772116253,0.0,0.0
2024-04-03 21:45:00,-0.7149779579842188,0.0,0.0
2024-04-03 22:00:00,-0.7577142402121075,0.0,0.0
2024-04-03 22:15:00,-0.7971662645808599,0.0,0.0
2024-04-03 22:30:00,-0.8331650384422069,0.0,0.0
2024-04-03 22:45:00,-0.8655563701529636,0.0,0.0
2024-04-03 23:00:00,-0.8942015234014625,0.0,0.0
2024-04-03 23:15:00,-0.9189778082154417,0.0,0.0
2024-04-03 23:30:00,-0.9397791140053107,0.0,0.0
2024-04-03 23:45:00,-0.9565163592796758,0.0,0.0
2024-04-04 00:00:00,-0.9691178715584796,0.0,0.0
2024-04-04 00:15:00,-0.9775296986887652,0.0,0.0
2024-04-04 00:30:00,-0.9817158366164701,0.0,0.0
2024-04-04 00:45:00,-0.9816583836664239,0.0,0.0
2024-04-04 01:00:00,-0.9773576181006669,0.0,0.0
2024-04-04 01:15:00,-0.9688319952622777,0.0,0.0
2024-04-04 01:30:00,-0.9561180702535079,0.0,0.0
2024-04-04 01:45:00,-0.939270338809733,0.0,0.0
2024-04-04 02:00:00,-0.9183610038940209,0.0,0.0
2024-04-04 02:15:00,-0.8934796697826949,0.0,0.0
2024-04-04 02:30:00,-0.8647329523581107,0.0,0.0
2024-04-04 02:45:00,-0.8322440241658087,0.0,0.0
2024-04-04 03:00:00,-0.7961520916553095,0.0,0.0
2024-04-04 03:15:00,-0.7566117898888536,0.0,0.0
2024-04-04 03:30:00,-0.713792523572483,0.0,0.0
2024-04-04 03:45:00,-0.6678777475436354,0.0,0.0
2024-04-04 04:00:00,-0.6190641691871078,0.0,0.0
2024-04-04 04:15:00,-0.5675609107636477,0.0,0.0
2024-04-04 04:30:00,-0.5135886208249787,0.0,0.0
2024-04-04 04:45:00,-0.45737851502696225,0.0,0.0
2024-04-04 05:00:00,-0.3991713919114711,0.0,0.0
2024-04-04 05:15:00,-0.3392166095110912,0.0,0.0
2024-04-04 05:30:00,-0.2777710013315804,0.0,0.0
2024-04-04 05:45:00,-0.21509778355177797,0.0,0.0
2024-04-04 06:00:00,-0.15146543600777787,0.0,0.0
2024-04-04 06:15:00,-0.08714653520050879,0.0,0.0
2024-04-04 06:30:00,-0.02241659476694475,11.76818665478936,8.135387563972378
2024-04-04 06:45:00,0.042447105948941286,46.70044318070852,32.00098109635842
2024-04-04 07:00:00,0.10716672719365035,92.83386486789183,63.05046616513261
2024-04-04 07:15:00,0.17146505028778578,147.22196027324702,98.79916470869891
2024-04-04 07:30:00,0.2350666566342342,206.31932666176576,136.37358503201668
2024-04-04 07:45:00,0.29769912480597793,268.4502724858862,175.27055607464885
2024-04-04 08:00:00,0.35909418866873105,331.5524891995669,213.11891961430499
2024-04-04 08:15:00,0.41898887858925277,395.2581807212774,250.87252936604335
2024-04-04 08:30:00,0.47712666428947714,459.1981180459502,286.8145452779564
2024-04-04 08:45:00,0.533258545164297,521.6699877541596,320.56199238143
2024-04-04 09:00:00,0.5871441096720996,582.2282313050546,353.06698394688857
2024-04-04 09:15:00,0.6385525801767099,641.3961386167417,383.7608303649986
2024-04-04 09:30:00,0.687263793439337,696.911941682282,411.3422798607232
2024-04-04 09:45:00,0.7330691375429425,750.2243991268782,436.7433140055679
2024-04-04 10:00:00,0.7757724585020684,800.6926139484216,459.6494613016301
2024-04-04 10:15:00,0.8151908932303868,847.4642487433332,481.360333121721
2024-04-04 10:30:00,0.851155648056335,889.8955543574056,500.0649622613156
2024-04-04 10:45:00,0.8835127321649663,928.5216846818728,516.1397862335349
2024-04-04 11:00:00,0.9121236110974111,962.375037486807,529.1220335405674
2024-04-04 11:15:00,0.9368657968670244,991.8860913672796,539.3326018480253
2024-04-04 11:30:00,0.9576333801367587,1021.6078123936132,551.3635599187782
2024-04-04 11:45:00,0.9743374790386716,1042.7737418950142,556.4634021007237
2024-04-04 12:00:00,0.9869066182753072,1058.089925619453,560.3591447393335
2024-04-04 12:15:00,0.9952870395222255,1067.3483080084366,563.1048480140768
2024-04-04 12:30:00,0.9994429284004211,1073.449613259616,561.9840904396913
2024-04-04 12:45:00,0.9993565679272796,1073.3636456800796,559.7694347795235
2024-04-04 13:00:00,0.9950284152693206,1068.0831027013583,552.6976307355915
2024-04-04 13:15:00,0.986477098114855,1057.652895839362,547.3003441329596
2024-04-04 13:30:00,0.9737393366131509,1047.0282039104063,541.8024179495218
2024-04-04 13:45:00,0.9568697835125415,1025.4736065433658,528.5757814983886
2024-04-04 14:00:00,0.9359407901012916,1001.0938558794684,516.0093481180669
2024-04-04 14:15:00,0.9110420996410589,971.0881313493145,500.5430316846163
2024-04-04 14:30:00,0.8822804570443431,936.6943237900572,482.814897490486
2024-04-04 14:45:00,0.8497791533960555,893.9897540330448,460.8030181121836
2024-04-04 15:00:00,0.8136775026604026,850.2978850087596,440.00099362608165
2024-04-04 15:15:00,0.7741302359324869,803.4893798890778,417.4032797998215
2024-04-04 15:30:00,0.7313068420569758,752.8022946924177,392.5936160561019
2024-04-04 15:45:00,0.6853908477258716,698.6494988873656,365.7646323762789
2024-04-04 16:00:00,0.6365790196361367,642.1919064957979,337.5054335002515
2024-04-04 16:15:00,0.585080526490272,582.1902190995172,309.5018480162389
2024-04-04 16:30:00,0.5311160502650688,521.9797587755736,279.60319475444686
2024-04-04 16:45:00,0.47491682686011694,458.7562158133167,248.5188577249076
2024-04-04 17:00:00,0.4167236617773049,395.128758436512,216.44647819905708
2024-04-04 17:15:00,0.3567859067096603,330.87086091276115,185.9284763987674
2024-04-04 17:30:00,0.29536037554075734,266.3641100138045,152.91026486953487
2024-04-04 17:45:00,0.23271025164721937,204.68315835198976,120.3975617352206
2024-04-04 18:00:00,0.16910396899956082,145.13879727573473,87.13297896948595
2024-04-04 18:15:00,0.10481404537227257,90.60811763895401,55.311653832286545
2024-04-04 18:30:00,0.04011592310818983,43.52776032057421,27.011412180577846
2024-04-04 18:45:00,-0.024713202108874094,10.376861834821742,6.5443003248873435
2024-04-04 19:00:00,-0.08939558606062276,0.0,0.0
2024-04-04 19:15:00,-0.15365411716303434,0.0,0.0
2024-04-04 19:30:00,-0.21721349496800998,0.0,0.0
2024-04-04 19:45:00,-0.27980142671759684,0.0,0.0
2024-04-04 20:00:00,-0.3411497850134655,0.0,0.0
2024-04-04 20:15:00,-0.4009957482875111,0.0,0.0
2024-04-04 20:30:00,-0.4590829431281309,0.0,0.0
2024-04-04 20:45:00,-0.5151625338584181,0.0,0.0
2024-04-04 21:00:00,-0.5689942812601596,0.0,0.0
2024-04-04 21:15:00,-0.6203475866310448,0.0,0.0
2024-04-04 21:30:00,-0.6690024714902592,0.0,0.0
2024-04-04 21:45:00,-0.7147505137744402,0.0,0.0
2024-04-04 22:00:00,-0.7573957535747571,0.0,0.0
2024-04-04 22:15:00,-0.7967555252474687,0.0,0.0
2024-04-04 22:30:00,-0.832661235140912,0.0,0.0
2024-04-04 22:45:00,-0.8649590941183033,0.0,0.0
2024-04-04 23:00:00,-0.8935107702057332,0.0,0.0
2024-04-04 23:15:00,-0.9181939778334867,0.0,0.0
2024-04-04 23:30:00,-0.9389030091180268,0.0,0.0
2024-04-04 23:45:00,-0.9555491818484175,0.0,0.0
2024-04-05 00:00:00,-0.9680612176903284,0.0,0.0
2024-04-05 00:15:00,-0.9763855517527662,0.0,0.0
2024-04-05 00:30:00,-0.9804865587128119,0.0,0.0
2024-04-05 00:45:00,-0.9803467054632624,0.0,0.0
2024-04-05 01:00:00,-0.9759666270535987,0.0,0.0
2024-04-05 01:15:00,-0.9673651223026827,0.0,0.0
2024-04-05 01:30:00,-0.9545790749964657,0.0,0.0
2024-04-05 01:45:00,-0.9376632933183621,0.0,0.0
2024-04-05 02:00:00,-0.916690275106926,0.0,0.0
2024-04-05 02:15:00,-0.8917499006675205,0.0,0.0
2024-04-05 02:30:00,-0.862949041853415,0.0,0.0
2024-04-05 02:45:00,-0.8304111060232876,0.0,0.0
2024-04-05 03:00:00,-0.7942755122656493,0.0,0.0
2024-04-05 03:15:00,-0.7546970851980452,0.0,0.0
2024-04-05 03:30:00,-0.7118453951285306,0.0,0.0
2024-04-05 03:45:00,-0.6659040378767789,0.0,0.0
2024-04-05 04:00:00,-0.6170698365648927,0.0,0.0
2024-04-05 04:15:00,-0.5655520034219117,0.0,0.0
2024-04-05 04:30:00,-0.511571250815595,0.0,0.0
2024-04-05 04:45:00,-0.45535883182008463,0.0,0.0
2024-04-05 05:00:00,-0.39715555579615563,0.0,0.0
2024-04-05 05:15:00,-0.3372107649217255,0.0,0.0
2024-04-05 05:30:00,-0.2757812503196799,0.0,0.0
2024-04-05 05:45:00,-0.21313015936019686,0.0,0.0
2024-04-05 06:00:00,-0.14952587698920708,0.0,0.0
2024-04-05 06:15:00,-0.08524085910795476,0.0,0.0
2024-04-05 06:30:00,-0.020550473632505374,15.924033012771172,11.458972055188706
2024-04-05 06:45:00,0.0442681704215716,50.08751378272664,35.84060483348832
2024-04-05 07:00:00,0.10893742741353107,95.48827686004375,67.74851276122425
2024-04-05 07:15:00,0.17318029575683205,150.23230946866477,105.07079914748736
2024-04-05 07:30:00,0.23672159597788675,208.02837823389174,143.39022804737417
2024-04-05 07:45:00,0.2992891667719173,270.60454924002636,183.7879204993687
2024-04-05 08:00:00,0.3606150220433667,332.05204120187454,222.1655627891366
2024-04-05 08:15:00,0.42043649081945067,396.1565344217965,260.25122228175536
2024-04-05 08:30:00,0.47849735890589,459.7548818425238,297.3849053397743
2024-04-05 08:45:00,0.5345489577801263,522.2101839152849,331.44966022073737
2024-04-05 09:00:00,0.58835122259738,582.8635928755652,364.05583947308935
2024-04-05 09:15:00,0.6396737354814905,641.7954973398597,394.37814740772524
2024-04-05 09:30:00,0.6882967044699588,698.8957702737933,422.4022214568133
2024-04-05 09:45:00,0.7340118989004174,752.2807685048778,447.0641888894261
2024-04-05 10:00:00,0.7766235542780846,802.1637992730036,466.9798482660908
2024-04-05 10:15:00,0.8159492036151542,849.2008609548631,487.49633938789844
2024-04-05 10:30:00,0.8518204542281873,887.8966633406706,502.5312207795547
2024-04-05 10:45:00,0.8840837194492894,926.1546125628828,516.6960828980647
2024-04-05 11:00:00,0.9126008703565014,960.3204233572503,527.9923891046401
2024-04-05 11:15:00,0.9372498241601441,989.3245827762971,537.9397956527833
2024-04-05 11:30:00,0.9579250746070109,1014.7763713243024,543.5741723954324
2024-04-05 11:45:00,0.9745381390774769,1034.5311516534553,547.8825356052231
2024-04-05 12:00:00,0.9870179359430096,1046.5372185052893,547.8946189817456
2024-04-05 12:15:00,0.9953110932782356,1056.4892717336627,548.8337470693558
2024-04-05 12:30:00,0.9993821741474114,1061.405033703957,544.9509984632762
2024-04-05 12:45:00,0.9992138284443779,1060.2452753066027,540.0692862937792
2024-04-05 13:00:00,0.9948068680310536,1050.040558969656,530.6261835190273
2024-04-05 13:15:00,0.9861802615879532,1040.8159695549075,521.7569239066356
2024-04-05 13:30:00,0.9733710550866113,1024.6758733873673,511.5947239125777
2024-04-05 13:45:00,0.9564342105057537,1003.8303289279372,499.15797381441206
2024-04-05 14:00:00,0.9354423704224272,978.3158281970815,482.51575618089606
2024-04-05 14:15:00,0.9104855502095026,945.6620472450469,466.4105646321988
2024-04-05 14:30:00,0.8816707465195562,910.6637697840699,449.1490425067384
2024-04-05 14:45:00,0.8491214807025064,873.4935192849008,429.05063971981366
2024-04-05 15:00:00,0.8129772745560588,831.9963425714575,408.66767199036235
2024-04-05 15:15:00,0.7733930436246592,785.506953174944,387.4203713897251
2024-04-05 15:30:00,0.7305384370557314,735.5265167943223,362.76948937456814
2024-04-05 15:45:00,0.6845971169995996,681.914894672652,337.7060600706545
2024-04-05 16:00:00,0.6357659601327014,623.7653001526635,308.90852153107136
2024-04-05 16:15:00,0.5842542192524057,565.3467477602444,283.4060858790893
2024-04-05 16:30:00,0.5302826341166502,505.93808573213676,255.67011982127082
2024-04-05 16:45:00,0.4740824718741069,443.78432806180336,226.9525546236897
2024-04-05 17:00:00,0.415894542604863,381.92090695364726,196.85942239319883
2024-04-05 17:15:00,0.35596817587894225,319.8053094016858,168.72085596945325
2024-04-05 17:30:00,0.29456013683593646,257.0607315432415,139.25574666230185
2024-04-05 17:45:00,0.23193353371560282,197.10299030252693,109.16574149985222
2024-04-05 18:00:00,0.1683566992630696,141.43796809100363,80.05097631736537
2024-04-05 18:15:00,0.1041020244085722,89.24025754525465,51.410078625260645
2024-04-05 18:30:00,0.039444799518945355,44.515686222971894,26.18476343324349
2024-04-05 18:45:00,-0.025337956110439153,13.045580314046799,7.805445702727219
2024-04-05 19:00:00,-0.0899686983338201,0.0,0.0
2024-04-05 19:15:00,-0.15417053847281234,0.0,0.0
2024-04-05 19:30:00,-0.2176684208435081,0.0,0.0
2024-04-05 19:45:00,-0.28019031825340635,0.0,0.0
2024-04-05 20:00:00,-0.3414683885035973,0.0,0.0
2024-04-05 20:15:00,-0.4012401136932265,0.0,0.0
2024-04-05 20:30:00,-0.4592494411412767,0.0,0.0
2024-04-05 20:45:00,-0.515247871673839,0.0,0.0
2024-04-05 21:00:00,-0.5689955167926649,0.0,0.0
2024-04-05 21:15:00,-0.620262141343414,0.0,0.0
2024-04-05 21:30:00,-0.6688281415270724,0.0,0.0
2024-04-05 21:45:00,-0.7144854795763567,0.0,0.0
2024-04-05 22:00:00,-0.7570385877435603,0.0,0.0
2024-04-05 22:15:00,-0.7963051987842811,0.0,0.0
2024-04-05 22:30:00,-0.8321171219353811,0.0,0.0
2024-04-05 22:45:00,-0.8643209736938497,0.0,0.0
2024-04-05 23:00:00,-0.8927788287014944,0.0,0.0
2024-04-05 23:15:00,-0.9173688072744344,0.0,0.0
2024-04-05 23:30:00,-0.9379856048730091,0.0,0.0
2024-04-05 23:45:00,-0.9545409383662036,0.0,0.0
2024-04-06 00:00:00,-0.9669639225261246,0.0,0.0
2024-04-06 00:15:00,-0.9752013778675344,0.0,0.0
2024-04-06 00:30:00,-0.9792180551146177,0.0,0.0
2024-04-06 00:45:00,-0.9789967862378494,0.0,0.0
2024-04-06 01:00:00,-0.9745385587877021,0.0,0.0
2024-04-06 01:15:00,-0.9658625099948481,0.0,0.0
2024-04-06 01:30:00,-0.9530058465180318,0.0,0.0
2024-04-06 01:45:00,-0.9360236824424535,0.0,0.0
2024-04-06 02:00:00,-0.9149888032385267,0.0,0.0
2024-04-06 02:15:00,-0.8899913573346285,0.0,0.0
2024-04-06 02:30:00,-0.8611384640085551,0.0,0.0
2024-04-06 02:45:00,-0.8285537562911942,0.0,0.0
2024-04-06 03:00:00,-0.7923768562160034,0.0,0.0
2024-04-06 03:15:00,-0.7527627677211794,0.0,0.0
2024-04-06 03:30:00,-0.7098812160487992,0.0,0.0
2024-04-06 03:45:00,-0.6639159268982178,0.0,0.0
2024-04-06 04:00:00,-0.6150638276351064,0.0,0.0
2024-04-06 04:15:00,-0.5635342086520124,0.0,0.0
2024-04-06 04:30:00,-0.5095478340598849,0.0,0.0
2024-04-06 04:45:00,-0.45333598202611763,0.0,0.0
2024-04-06 05:00:00,-0.3951394602398562,0.0,0.0
2024-04-06 05:15:00,-0.3352075824642311,0.0,0.0
2024-04-06 05:30:00,-0.2737970847603369,0.0,0.0
2024-04-06 05:45:00,-0.2111710330518561,0.0,0.0
2024-04-06 06:00:00,-0.14759770477839407,0.0,0.0
2024-04-06 06:15:00,-0.08334942275770967,1.3316600331981956,0.95288221390749
2024-04-06 06:30:00,-0.018701396787293136,17.1002340417292,12.097975253496832
2024-04-06 06:45:00,0.04606944656086763,51.197431391542715,35.910399823866776
2024-04-06 07:00:00,0.11068566763088195,97.90009114491744,67.87655768652846
2024-04-06 07:15:00,0.17487049346440128,151.55053374203072,103.23571361752529
2024-04-06 07:30:00,0.23834899493176087,210.3050077613952,140.28335605796653
2024-04-06 07:45:00,0.30084928161382063,271.18770287676386,177.60598460410137
2024-04-06 08:00:00,0.3621036577441381,333.7840847841974,213.87867279757072
2024-04-06 08:15:00,0.4218497608776754,396.82431587581004,248.6580726553159
2024-04-06 08:30:00,0.47983170213495274,459.86536170796217,280.72444676098974
2024-04-06 08:45:00,0.5358011537785066,522.1791564823819,311.3752874111763
2024-04-06 09:00:00,0.5895184056815342,580.3220896122596,337.8346437450784
2024-04-06 09:15:00,0.6407534071386902,638.251697174967,362.52744587541264
2024-04-06 09:30:00,0.6892867441637471,694.950908352425,386.3041856719969
2024-04-06 09:45:00,0.7349105733135101,746.7449631155915,406.0384628630809
2024-04-06 10:00:00,0.7774295248286933,796.9060085444536,423.6482755090613
2024-04-06 10:15:00,0.8166615322930104,842.6952866449835,439.4736734331577
2024-04-06 10:30:00,0.8524386076777495,885.2105893172737,452.6991872446627
2024-04-06 10:45:00,0.8846075713408978,922.3388640610577,462.36482009190644
2024-04-06 11:00:00,0.913030701938845,956.2488598225143,469.69917461330874
2024-04-06 11:15:00,0.9375863231195583,985.0190753479825,475.86650269895495
2024-04-06 11:30:00,0.9581693321124751,1006.4281881784015,480.10628147442327
2024-04-06 11:45:00,0.9746916451032853,1025.982371203018,481.1389062587936
2024-04-06 12:00:00,0.9870825728900292,1040.7026093913078,481.7311378684122
2024-04-06 12:15:00,0.9952891278468112,1050.5105388380111,482.0242237628701
2024-04-06 12:30:00,0.9992762475813203,1055.3095401925796,479.9599235135936
2024-04-06 12:45:00,0.9990269451582465,1052.076570955176,476.3629331066143
2024-04-06 13:00:00,0.9945423826442428,1047.8207211293864,470.1999191343849
2024-04-06 13:15:00,0.9858418644556485,1037.5922456394992,465.6099847579878
2024-04-06 13:30:00,0.9729627563859519,1018.5579537591807,455.00965398921636
2024-04-06 13:45:00,0.9559603229157184,995.9550209574496,444.91248416662546
2024-04-06 14:00:00,0.934907490510132,970.6592437028924,433.6123683376683
2024-04-06 14:15:00,0.9098945385899568,941.0128700413502,422.2708775227802
2024-04-06 14:30:00,0.8810287068496505,907.2602380605806,408.95858912660265
2024-04-06 14:45:00,0.8484337376538745,868.6809663144103,393.32442568484004
2024-04-06 15:00:00,0.8122493507989741,826.5876676666797,375.93610086968584
2024-04-06 15:15:00,0.772630635993677,780.5507434903978,358.1538236205235
2024-04-06 15:30:00,0.7297473918881211,731.0694731183297,336.92721314240305
2024-04-06 15:45:00,0.6837834049083329,676.9510277917163,313.3540609550608
2024-04-06 16:00:00,0.6349356502009469,621.4411392181926,288.91522541180956
2024-04-06 16:15:00,0.5834134527809022,563.648790921997,263.1862237098248
2024-04-06 16:30:00,0.5294375980874313,503.37345288142046,236.05917543699667
2024-04-06 16:45:00,0.4732393722141053,441.5548803715764,207.06908632952917
2024-04-06 17:00:00,0.41505957733690496,380.23867018795136,179.08317956241953
2024-04-06 17:15:00,0.3551475083189414,317.82751828166425,154.8285806151123
2024-04-06 17:30:00,0.29375986894683,256.2376746843863,129.48682622791443
2024-04-06 17:45:00,0.23115967972497656,196.77116911608604,103.01579611609934
2024-04-06 18:00:00,0.16761515963911486,139.83603460873087,75.46975748565382
2024-04-06 18:15:00,0.10339856031746326,88.42595358254101,48.796086449247554
2024-04-06 18:30:00,0.038785007958330314,45.45839776154062,25.544741570823543
2024-04-06 18:45:00,-0.025948666577233576,14.317242019585848,8.219024962869986
2024-04-06 19:00:00,-0.09052513099862444,0.0,0.0
2024-04-06 19:15:00,-0.1546677309223381,0.0,0.0
2024-04-06 19:30:00,-0.2181016664621777,0.0,0.0
2024-04-06 19:45:00,-0.2805551866266672,0.0,0.0
2024-04-06 20:00:00,-0.3417607445518219,0.0,0.0
2024-04-06 20:15:00,-0.4014561356050935,0.0,0.0
2024-04-06 20:30:00,-0.45938563693370515,0.0,0.0
2024-04-06 20:45:00,-0.5153010943159241,0.0,0.0
2024-04-06 21:00:00,-0.5689629778758762,0.0,0.0
2024-04-06 21:15:00,-0.6201414231148179,0.0,0.0
2024-04-06 21:30:00,-0.668617207432429,0.0,0.0
2024-04-06 21:45:00,-0.7141826830860276,0.0,0.0
2024-04-06 22:00:00,-0.7566426794994701,0.0,0.0
2024-04-06 22:15:00,-0.7958153320463992,0.0,0.0
2024-04-06 22:30:00,-0.8315328562951043,0.0,0.0
2024-04-06 22:45:00,-0.8636422770056958,0.0,0.0
2024-04-06 23:00:00,-0.8920060772681291,0.0,0.0
2024-04-06 23:15:00,-0.9165027842562884,0.0,0.0
2024-04-06 23:30:00,-0.9370274969469979,0.0,0.0
2024-04-06 23:45:00,-0.9534923306227545,0.0,0.0
2024-04-07 00:00:00,-0.9658267916685078,0.0,0.0
2024-04-07 00:15:00,-0.9739780836923391,0.0,0.0
2024-04-07 00:30:00,-0.9779113303516682,0.0,0.0
2024-04-07 00:45:00,-0.9776097247750568,0.0,0.0
2024-04-07 01:00:00,-0.9730746023209724,0.0,0.0
2024-04-07 01:15:00,-0.9643254331802185,0.0,0.0
2024-04-07 01:30:00,-0.9513997406915287,0.0,0.0
2024-04-07 01:45:00,-0.9343529379599234,0.0,0.0
2024-04-07 02:00:00,-0.9132580905145918,0.0,0.0
2024-04-07 02:15:00,-0.8882056066806421,0.0,0.0
2024-04-07 02:30:00,-0.8593028443425713,0.0,0.0
2024-04-07 02:45:00,-0.8266736528049836,0.0,0.0
2024-04-07 03:00:00,-0.7904578471203842,0.0,0.0
2024-04-07 03:15:00,-0.7508106001355034,0.0,0.0
2024-04-07 03:30:00,-0.7079017811976712,0.0,0.0
2024-04-07 03:45:00,-0.6619152346164896,0.0,0.0
2024-04-07 04:00:00,-0.6130479804076713,0.0,0.0
2024-04-07 04:15:00,-0.5615093752327223,0.0,0.0
2024-04-07 04:30:00,-0.5075202228368174,0.0,0.0
2024-04-07 04:45:00,-0.45131181412765137,0.0,0.0
2024-04-07 05:00:00,-0.3931249426867165,0.0,0.0
2024-04-07 05:15:00,-0.3332088813118236,0.0,0.0
2024-04-07 05:30:00,-0.2718202984288972,0.0,0.0
2024-04-07 05:45:00,-0.20922216597387466,0.0,0.0
2024-04-07 06:00:00,-0.14568264138982973,0.0,0.0
2024-04-07 06:15:00,-0.08147390208244419,1.0601839459418088,0.6879056065357948
2024-04-07 06:30:00,-0.016870987589511943,18.427962363242266,11.770827420629496
2024-04-07 06:45:00,0.04784936988394412,53.61340488485426,33.70360617364865
2024-04-07 07:00:00,0.11240994823410849,98.63123484177672,61.00683434930147
2024-04-07 07:15:00,0.17653421447868406,152.21222853702045,92.61015971354914
2024-04-07 07:30:00,0.23994750064699988,209.72724040372793,125.48422898377812
2024-04-07 07:45:00,0.3023781977177228,267.9886360754388,157.63474931701217
2024-04-07 08:00:00,0.3635589101978465,329.126826240471,189.6054144187626
2024-04-07 08:15:00,0.42322759359046985,391.72778481849053,221.70985661489834
2024-04-07 08:30:00,0.48112869324392205,453.3558659572835,251.09172212239122
2024-04-07 08:45:00,0.5370142304293747,514.1483985739292,279.56536133763984
2024-04-07 09:00:00,0.5906448573921218,574.1007176337163,305.20133665232765
2024-04-07 09:15:00,0.6417908975349181,631.387935724401,331.8273818122111
2024-04-07 09:30:00,0.6902333211322796,685.9104228526282,354.9359264730302
2024-04-07 09:45:00,0.735764677452587,737.5867987386558,375.7130404182227
2024-04-07 10:00:00,0.7781899962482469,787.6981466796985,394.8699616458719
2024-04-07 10:15:00,0.817327615652053,833.3255436242396,414.3739015412134
2024-04-07 10:30:00,0.853009955521733,873.9740097471683,429.28665147681437
2024-04-07 10:45:00,0.8850842455832695,908.6564949896086,440.81216386313287
2024-04-07 11:00:00,0.9134131736866189,941.7730539232563,453.07052579630437
2024-04-07 11:15:00,0.9378754706602848,969.845433007462,462.6548519958844
2024-04-07 11:30:00,0.9583664371445813,994.4889543587376,472.40057677938444
2024-04-07 11:45:00,0.9747983872396228,1014.5877017456096,477.8461682598452
2024-04-07 12:00:00,0.9871010224374818,1028.978152911733,482.5437911527039
2024-04-07 12:15:00,0.9952217368857272,1038.5418805143836,484.92948108693207
2024-04-07 12:30:00,0.9991258393981015,1043.1835339978268,487.0968222961249
2024-04-07 12:45:00,0.998796702086415,1037.883339536193,482.5240558912817
2024-04-07 13:00:00,0.9942358323275,1032.6566165675927,480.0940914918568
2024-04-07 13:15:00,0.9854628646284355,1022.5531497813027,475.3968720775226
2024-04-07 13:30:00,0.9725154782351471,1006.6592709328056,470.04243838776404
2024-04-07 13:45:00,0.9554492330682197,985.2360482574211,460.03922864716264
2024-04-07 14:00:00,0.9343373317413592,960.2469718846369,450.3120041420978
2024-04-07 14:15:00,0.9092703093708849,930.98035967128,438.4691405471382
2024-04-07 14:30:00,0.880355639733009,896.679008840509,424.1265439120648
2024-04-07 14:45:00,0.8477172766842469,854.6866380355058,407.71952577739734
2024-04-07 15:00:00,0.8114951279940672,812.6237516108266,389.2964567746407
2024-04-07 15:15:00,0.7718444470043262,767.5580688707248,370.8102543322219
2024-04-07 15:30:00,0.7289351709754496,718.4080898162058,349.9700260380953
2024-04-07 15:45:00,0.6829511992705317,665.1665441952708,326.72266594586506
2024-04-07 16:00:00,0.6340895938745604,610.2466606322685,302.21365898207307
2024-04-07 16:15:00,0.5825597400992257,553.2221946783884,278.4463538817093
2024-04-07 16:30:00,0.5285824569219044,494.42274445910067,251.84977942978364
2024-04-07 16:45:00,0.47238903703835633,433.62310933430695,223.50909124295424
2024-04-07 17:00:00,0.41422026227939146,372.02528490697097,194.76674897124073
2024-04-07 17:15:00,0.35432538029276217,312.6893540355651,167.4948901450383
2024-04-07 17:30:00,0.29296102099101273,251.51471607740092,137.2681428074914
2024-04-07 17:45:00,0.23039010463501994,193.86157943269131,108.1542081187903
2024-04-07 18:00:00,0.16688072407139345,138.9410042079109,79.19944438411224
2024-04-07 18:15:00,0.10270497941047299,88.44420629063008,51.30903878009322
2024-04-07 18:30:00,0.03813782058877733,46.35665387076385,27.361350192801854
2024-04-07 18:45:00,-0.026544121764612044,15.611543281783755,9.3407154368236
2024-04-07 19:00:00,-0.09106373864189256,0.0,0.0
2024-04-07 19:15:00,-0.15514462112140615,0.0,0.0
2024-04-07 19:30:00,-0.2185122358643668,0.0,0.0
2024-04-07 19:45:00,-0.28089511828975533,0.0,0.0
2024-04-07 20:00:00,-0.3420260267110633,0.0,0.0
2024-04-07 20:15:00,-0.40164307901410945,0.0,0.0
2024-04-07 20:30:00,-0.459490890841732,0.0,0.0
2024-04-07 20:45:00,-0.5153216609852971,0.0,0.0
2024-04-07 21:00:00,-0.5688962255809109,0.0,0.0
2024-04-07 21:15:00,-0.6199850975602097,0.0,0.0
2024-04-07 21:30:00,-0.6683694415108685,0.0,0.0
2024-04-07 21:45:00,-0.7138420050060001,0.0,0.0
2024-04-07 22:00:00,-0.7562080191924738,0.0,0.0
2024-04-07 22:15:00,-0.7952860258093797,0.0,0.0
2024-04-07 22:30:00,-0.8309086497115904,0.0,0.0
2024-04-07 22:45:00,-0.8629233260826497,0.0,0.0
2024-04-07 23:00:00,-0.8911929477873057,0.0,0.0
2024-04-07 23:15:00,-0.9155964493827724,0.0,0.0
2024-04-07 23:30:00,-0.9360293330426939,0.0,0.0
2024-04-07 23:45:00,-0.9524041113417406,0.0,0.0
2024-04-08 00:00:00,-0.9646506803380609,0.0,0.0
2024-04-08 00:15:00,-0.9727166239743097,0.0,0.0
2024-04-08 00:30:00,-0.9765674352869964,0.0,0.0
2024-04-08 00:45:00,-0.9761866642338942,0.0,0.0
2024-04-08 01:00:00,-0.971575988886404,0.0,0.0
2024-04-08 01:15:00,-0.9627552065652669,0.0,0.0
2024-04-08 01:30:00,-0.9497621507428392,0.0,0.0
2024-04-08 01:45:00,-0.9326525263015203,0.0,0.0
2024-04-08 02:00:00,-0.9114996709439199,0.0,0.0
2024-04-08 02:15:00,-0.8863942443914417,0.0,0.0
2024-04-08 02:30:00,-0.8574438340365108,0.0,0.0
2024-04-08 02:45:00,-0.8247724958212987,0.0,0.0
2024-04-08 03:00:00,-0.7885202276917506,0.0,0.0
2024-04-08 03:15:00,-0.7488423608060231,0.0,0.0
2024-04-08 03:30:00,-0.7059088975813144,0.0,0.0
2024-04-08 03:45:00,-0.6599037895979316,0.0,0.0
2024-04-08 04:00:00,-0.6110241378210557,0.0,0.0
2024-04-08 04:15:00,-0.5594793532478483,0.0,0.0
2024-04-08 04:30:00,-0.5054902670475229,0.0,0.0
2024-04-08 04:45:00,-0.44928817061166093,0.0,0.0
2024-04-08 05:00:00,-0.3911138309564126,0.0,0.0
2024-04-08 05:15:00,-0.33121646741967126,0.0,0.0
2024-04-08 05:30:00,-0.26985266832607874,0.0,0.0
2024-04-08 05:45:00,-0.2072852991867543,0.0,0.0
2024-04-08 06:00:00,-0.1437823851623063,0.0,0.0
2024-04-08 06:15:00,-0.07961594606062754,0.0,0.0
2024-04-08 06:30:00,-0.01506083926061181,23.0,14.69120814
2024-04-08 06:45:00,0.04960640906015796,42.33937304462427,26.61628295759173
2024-04-08 07:00:00,0.11410880576437371,66.61831073433368,41.20573218128611
2024-04-08 07:15:00,0.1781700687567104,152.53928609727296,92.8091506433951
2024-04-08 07:30:00,0.24151580185797972,208.7697756906341,125.33335549251906
2024-04-08 07:45:00,0.30387468750278096,137.92860656266407,81.68918480591283
2024-04-08 08:00:00,0.3649796400964037,195.0022106932073,113.52058375558119
2024-04-08 08:15:00,0.42456894214824104,273.030165917211,156.1851221608063
2024-04-08 08:30:00,0.48238738167581335,335.2827457315621,188.40767635050565
2024-04-08 08:45:00,0.5381873368506158,370.3691325186575,204.3807669163945
2024-04-08 09:00:00,0.591729829491815,387.05127157567546,209.67463017896767
2024-04-08 09:15:00,0.6427855636018963,402.55410639165893,214.81805551148227
2024-04-08 09:30:00,0.6911358994913404,446.7687415662225,234.80033969823384
2024-04-08 09:45:00,0.7365737842449454,532.7957263863848,275.70414221049623
2024-04-08 10:00:00,0.7789046513944193,596.2657140537835,304.9319646550899
2024-04-08 10:15:00,0.8179472471288819,658.3351487886009,332.6822611698956
2024-04-08 10:30:00,0.8535344019116975,695.5449577979061,347.2679897078878
2024-04-08 10:45:00,0.885513756788272,716.955474691654,353.610054185065
2024-04-08 11:00:00,0.9137484098662381,748.3216763107114,364.5423266465882
2024-04-08 11:15:00,0.9381174994394839,743.9152247365574,359.38830542426996
2024-04-08 11:30:00,0.9585167290259465,773.6731972227137,370.6367599805921
2024-04-08 11:45:00,0.9748588092754569,789.6556753542493,375.1009951990868
2024-04-08 12:00:00,0.9870738302020733,839.9164589507361,395.58025479459104
2024-04-08 12:15:00,0.9951095647554289,829.4520832375784,387.29855372963266
2024-04-08 12:30:00,0.9989316891927617,739.6111348661652,342.358816403484
2024-04-08 12:45:00,0.9985239301347753,869.1468316179001,398.80592469827513
2024-04-08 13:00:00,0.9938881349781399,654.4536981494693,297.6487323801571
2024-04-08 13:15:00,0.9850442623017241,680.5731016413104,308.15228457847024
2024-04-08 13:30:00,0.9720302980777852,856.1063000389822,384.1698345255959
2024-04-08 13:45:00,0.9549020902645808,848.8589043250985,379.2017871120051
2024-04-08 14:00:00,0.933733109600657,840.7277205692291,373.8700199544671
2024-04-08 14:15:00,0.908614138223075,941.7422354416751,418.7909827906656
2024-04-08 14:30:00,0.8796528747842263,676.8896947815699,301.0115611789441
2024-04-08 14:45:00,0.8469734748685713,659.9138514898057,292.1285157579205
2024-04-08 15:00:00,0.8107160239940263,682.5938618685473,302.1684289289481
2024-04-08 15:15:00,0.7710359284556402,670.3788504977872,298.11620109655007
2024-04-08 15:30:00,0.7281032530321857,618.4148810966011,275.00792263538443
2024-04-08 15:45:00,0.6821019986258468,680.7003308099833,304.0820807977554
2024-04-08 16:00:00,0.6332293022923743,624.6116776462258,279.0261882247576
2024-04-08 16:15:00,0.5816945976847613,566.2248214806671,257.5218091554121
2024-04-08 16:30:00,0.5277187251462497,506.86901119302354,233.60018390737687
2024-04-08 16:45:00,0.4715329716462598,446.1533827423139,208.3237396947838
2024-04-08 17:00:00,0.4133780862891434,383.6870770620141,182.25843103885157
2024-04-08 17:15:00,0.3535032570381243,321.81533855337324,156.77123352243447
2024-04-08 17:30:00,0.2921650275324812,260.2113935844248,129.9169615652747
2024-04-08 17:45:00,0.22962620542161088,199.59787356682037,102.07491441008602
2024-04-08 18:00:00,0.16615474516817566,143.54819305867386,75.15192116504996
2024-04-08 18:15:00,0.1020225833187083,91.66477224302386,48.73049301838924
2024-04-08 18:30:00,0.03750448172510723,47.06418064691521,25.30548888783105
2024-04-08 18:45:00,-0.027123140743196605,20.643842962840168,11.266704501880982
2024-04-08 19:00:00,-0.09158340957918099,0.0,0.0
2024-04-08 19:15:00,-0.15560017215431637,0.0,0.0
2024-04-08 19:30:00,-0.21889917206848855,0.0,0.0
2024-04-08 19:45:00,-0.28120924113354717,0.0,0.0
2024-04-08 20:00:00,-0.34226345221048937,0.0,0.0
2024-04-08 20:15:00,-0.4018002545882535,0.0,0.0
2024-04-08 20:30:00,-0.4595646106688417,0.0,0.0
2024-04-08 20:45:00,-0.5153090798979514,0.0,0.0
2024-04-08 21:00:00,-0.5687948714028832,0.0,0.0
2024-04-08 21:15:00,-0.6197928818266571,0.0,0.0
2024-04-08 21:30:00,-0.668084668528613,0.0,0.0
2024-04-08 21:45:00,-0.7134633792193597,0.0,0.0
2024-04-08 22:00:00,-0.7557346508075293,0.0,0.0
2024-04-08 22:15:00,-0.7947174346894609,0.0,0.0
2024-04-08 22:30:00,-0.8302447674942932,0.0,0.0
2024-04-08 22:45:00,-0.8621644964764823,0.0,0.0
2024-04-08 23:00:00,-0.8903399251531238,0.0,0.0
2024-04-08 23:15:00,-0.9146503955108211,0.0,0.0
2024-04-08 23:30:00,-0.9349918121469428,0.0,0.0
2024-04-08 23:45:00,-0.9512770833377434,0.0,0.0
2024-04-09 00:00:00,-0.9634364924112149,0.0,0.0
2024-04-09 00:15:00,-0.9714180004607922,0.0,0.0
2024-04-09 00:30:00,-0.975187465925434,0.0,0.0
2024-04-09 00:45:00,-0.9747287908523457,0.0,0.0
2024-04-09 01:00:00,-0.9700439905440297,0.0,0.0
2024-04-09 01:15:00,-0.9611531832426969,0.0,0.0
2024-04-09 01:30:00,-0.9480945056569925,0.0,0.0
2024-04-09 01:45:00,-0.930923946887207,0.0,0.0
2024-04-09 02:00:00,-0.9097151086156798,0.0,0.0
2024-04-09 02:15:00,-0.8845588931691369,0.0,0.0
2024-04-09 02:30:00,-0.8555631081018169,0.0,0.0
2024-04-09 02:45:00,-0.8228520061463203,0.0,0.0
2024-04-09 03:00:00,-0.7865657577849422,0.0,0.0
2024-04-09 03:15:00,-0.7468598417337398,0.0,0.0
2024-04-09 03:30:00,-0.7039043823388208,0.0,0.0
2024-04-09 03:45:00,-0.6578834269352138,0.0,0.0
2024-04-09 04:00:00,-0.6089941457352563,0.0,0.0
2024-04-09 04:15:00,-0.5574459920219148,0.0,0.0
2024-04-09 04:30:00,-0.5034598122685426,0.0,0.0
2024-04-09 04:45:00,-0.44726688597932446,0.0,0.0
2024-04-09 05:00:00,-0.38910794124088277,0.0,0.0
2024-04-09 05:15:00,-0.3292321315551996,0.0,0.0
2024-04-09 05:30:00,-0.2678959527640124,0.0,0.0
2024-04-09 05:45:00,-0.20536215165689875,0.0,0.0
2024-04-09 06:00:00,-0.14189860898202677,0.0,0.0
2024-04-09 06:15:00,-0.07777717501994741,2.3111629482845224,1.4902661692441619
2024-04-09 06:30:00,-0.013272513240542301,24.0,15.2814438
2024-04-09 06:45:00,0.05133906760501527,60.22536899978042,37.86016058466541
2024-04-09 07:00:00,0.115780814400294,105.1013664801323,65.00883482828303
2024-04-09 07:15:00,0.17977670663526196,156.5625476901478,95.88995204162427
2024-04-09 07:30:00,0.24305263014683687,212.9149465263401,128.68263082898932
2024-04-09 07:45:00,0.3053375685681499,272.33205658932036,162.39153045289618
2024-04-09 08:00:00,0.36636475545555314,332.9598574870539,195.85175116464646
2024-04-09 08:15:00,0.4258728089852929,245.7864696622792,142.09100888388014
2024-04-09 08:30:00,0.48360686792197816,286.1721941881616,162.54602235888237
2024-04-09 08:45:00,0.5393196747582667,318.86393495165333,177.24773253940478
2024-04-09 09:00:00,0.5927726276225569,429.9957795175521,234.67701210480942
2024-04-09 09:15:00,0.6437368172137641,389.472205249318,207.04979802317635
2024-04-09 09:30:00,0.6919939992071467,521.6374796670016,270.984533622059
2024-04-09 09:45:00,0.7373375230570501,561.1057848223033,283.54849591987175
2024-04-09 10:00:00,0.7795732299288509,602.9100873183386,297.3616579705319
2024-04-09 10:15:00,0.8185202771220668,644.5230505244934,311.37156389951195
2024-04-09 10:30:00,0.854011907919124,680.1957753407751,320.35569163110085
2024-04-09 10:45:00,0.8858961761145774,708.4314377677993,326.49404578672153
2024-04-09 11:00:00,0.9140365907209094,720.198941503781,324.63843410295266
2024-04-09 11:15:00,0.9383126972902434,727.2277106239655,323.3967811818273
2024-04-09 11:30:00,0.9586206012098567,717.4413460549061,314.6941924958948
2024-04-09 11:45:00,0.9748734078617483,697.7333511865152,301.8184947907503
2024-04-09 12:00:00,0.9870015931776954,674.3214508692878,287.6020806639187
2024-04-09 12:15:00,0.9949533054909977,677.5919722319884,284.88801557444606
2024-04-09 12:30:00,0.9986945843210036,708.5861832297581,293.62236600248946
2024-04-09 12:45:00,0.9982095058570821,726.3840700148362,296.5925745126575
2024-04-09 13:00:00,0.9935002518401079,745.5365954474009,299.8918308532256
2024-04-09 13:15:00,0.9845870985341452,782.8175879169116,311.7233923484864
2024-04-09 13:30:00,0.9715083315703015,770.7513741801902,303.80261807141966
2024-04-09 13:45:00,0.9543200792243379,897.6993377545424,350.2118256592987
2024-04-09 14:00:00,0.9330960720052444,823.8540842832252,318.0726003544369
2024-04-09 14:15:00,0.9079273301591543,730.5161010986221,282.03678334541524
2024-04-09 14:30:00,0.878921767742546,761.3530606455276,293.9422798371179
2024-04-09 14:45:00,0.8462037321088727,670.8701988764767,259.0087646923425
2024-04-09 15:00:00,0.8099134760810441,703.5760955984905,270.21364115651244
2024-04-09 15:15:00,0.7702065480760202,656.1239288456121,254.64180176481068
2024-04-09 15:30:00,0.7272531291772076,603.9887898893628,236.8498975150417
2024-04-09 15:45:00,0.6812373102813456,547.9683505874251,217.09715879912235
2024-04-09 16:00:00,0.6323562917432776,495.6928014954896,198.39028230784922
2024-04-09 16:15:00,0.5808195435275001,437.9797796085725,180.60377395177994
2024-04-09 16:30:00,0.5268479151566002,364.76253072902705,154.8360587133722
2024-04-09 16:45:00,0.4706726756188543,222.94852277884033,97.34215203251053
2024-04-09 17:00:00,0.41253452889816644,73.0,32.75807912999999
2024-04-09 17:15:00,0.3526825909418224,14.0,6.53706207
2024-04-09 17:30:00,0.2913733067805368,12.0,5.8457586599999996
2024-04-09 17:45:00,0.22886935926525412,10.0,5.0533874999999995
2024-04-09 18:00:00,0.16543855244312272,8.0,4.18824756
2024-04-09 18:15:00,0.10135264740128694,70.07449151476601,37.53603730589491
2024-04-09 18:30:00,0.036886206354015634,41.98778271467527,23.00037013741928
2024-04-09 18:45:00,-0.02768457484803185,22.72315425151968,12.723042524996314
2024-04-09 19:00:00,-0.0920830671940647,4.106683699579859,2.340900507537117
2024-04-09 19:15:00,-0.1560333848178877,0.0,0.0
2024-04-09 19:30:00,-0.2192615583353938,0.0,0.0
2024-04-09 19:45:00,-0.281496725527959,0.0,0.0
2024-04-09 20:00:00,-0.3424722828595617,0.0,0.0
2024-04-09 20:15:00,-0.4019270194636404,0.0,0.0
2024-04-09 20:30:00,-0.4596062523856448,0.0,0.0
2024-04-09 20:45:00,-0.515262908907473,0.0,0.0
2024-04-09 21:00:00,-0.5686585777345712,0.0,0.0
2024-04-09 21:15:00,-0.6195645450128222,0.0,0.0
2024-04-09 21:30:00,-0.6677627659854111,0.0,0.0
2024-04-09 21:45:00,-0.7130467928753599,0.0,0.0
2024-04-09 22:00:00,-0.7552226719209514,0.0,0.0
2024-04-09 22:15:00,-0.7941097669750066,0.0,0.0
2024-04-09 22:30:00,-0.8295415284243324,0.0,0.0
2024-04-09 22:45:00,-0.8613662168368348,0.0,0.0
2024-04-09 23:00:00,-0.8894475467354414,0.0,0.0
2024-04-09 23:15:00,-0.9136652671104326,0.0,0.0
2024-04-09 23:30:00,-0.9339156837529186,0.0,0.0
2024-04-09 23:45:00,-0.9501120985909718,0.0,0.0
2024-04-10 00:00:00,-0.9621851793864966,0.0,0.0
2024-04-10 00:15:00,-0.9700832607623486,0.0,0.0
2024-04-10 00:30:00,-0.9737725621680998,0.0,0.0
2024-04-10 00:45:00,-0.9732373326032164,0.0,0.0
2024-04-10 01:00:00,-0.9684799187342371,0.0,0.0
2024-04-10 01:15:00,-0.9595207531599341,0.0,0.0
2024-04-10 01:30:00,-0.9463982685857006,0.0,0.0
2024-04-10 01:45:00,-0.9291687304541711,0.0,0.0
2024-04-10 02:00:00,-0.9079059959412403,0.0,0.0
2024-04-10 02:15:00,-0.8827012009179854,0.0,0.0
2024-04-10 02:30:00,-0.8536623635266875,0.0,0.0
2024-04-10 02:45:00,-0.820913923196124,0.0,0.0
2024-04-10 03:00:00,-0.784596212442318,0.0,0.0
2024-04-10 03:15:00,-0.74486484661784,0.0,0.0
2024-04-10 03:30:00,-0.701890060722808,0.0,0.0
2024-04-10 03:45:00,-0.6558559863042359,0.0,0.0
2024-04-10 04:00:00,-0.606959850933378,0.0,0.0
2024-04-10 04:15:00,-0.5554111382097688,0.0,0.0
2024-04-10 04:30:00,-0.5014306976878683,0.0,0.0
2024-04-10 04:45:00,-0.44524978473974886,0.0,0.0
2024-04-10 05:00:00,-0.3871090761997369,0.0,0.0
2024-04-10 05:15:00,-0.32725764741980634,0.0,0.0
2024-04-10 05:30:00,-0.2659518895215517,0.0,0.0
2024-04-10 05:45:00,-0.20345441846679424,0.0,0.0
2024-04-10 06:00:00,-0.1400329585907691,0.0,0.0
2024-04-10 06:15:00,-0.07595917892251822,3.5176333086924867,2.1828884027444753
2024-04-10 06:30:00,-0.01150753755674265,23.91597993479297,14.696176428812405
2024-04-10 06:45:00,0.05304588531978917,59.15743642151988,36.112610329142036
2024-04-10 07:00:00,0.11742458739393072,103.95470690035958,62.828680603406326
2024-04-10 07:15:00,0.18135282007868378,155.93052284248924,92.350946006082
2024-04-10 07:30:00,0.24455676112606442,212.2231701978908,123.54576946426296
2024-04-10 07:45:00,0.30676570481097576,271.62477094637813,154.83212506312114
2024-04-10 08:00:00,0.36771321264184054,332.1929695734373,185.32845792334382
2024-04-10 08:15:00,0.42713824674972783,393.38378188055157,214.69543409425384
2024-04-10 08:30:00,0.4847863043007479,453.9528049642676,241.3287400566579
2024-04-10 08:45:00,0.5404104990862233,514.2222417826853,266.09297908189177
2024-04-10 09:00:00,0.593772611871583,572.1744977803676,287.9853777082479
2024-04-10 09:15:00,0.6446441256353939,628.4760477748354,309.97106117817617
2024-04-10 09:30:00,0.6928071963193855,683.0364664972419,328.59688406329474
2024-04-10 09:45:00,0.738055579864372,734.5136319437668,344.4533701794646
2024-04-10 10:00:00,0.7801955284047652,781.989914183741,357.233504394582
2024-04-10 10:15:00,0.8190466129022318,826.761019353964,371.00140950132345
2024-04-10 10:30:00,0.8544424912420046,867.5993747141421,382.3123408284163
2024-04-10 10:45:00,0.886231630915169,904.1773096690763,389.2922883924469
2024-04-10 11:00:00,0.914277951971767,936.6787126785338,395.71228164666036
2024-04-10 11:15:00,0.9384614065812654,965.1844957692077,405.80394534067784
2024-04-10 11:30:00,0.9586785005281164,985.4387569800579,410.33584107477753
2024-04-10 11:45:00,0.9748427316607097,1005.0565712745672,416.473105753884
2024-04-10 12:00:00,0.9868849587597538,1018.012852306415,417.7263699219881
2024-04-10 12:15:00,0.9947537017150299,1028.1943907709674,421.90421216964023
2024-04-10 12:30:00,0.9984153587103162,1032.5468839373598,423.69019273598394
2024-04-10 12:45:00,0.9978543501690351,1031.0388760544981,423.07140422334936
2024-04-10 13:00:00,0.9930731861241109,1024.6758189313132,420.4604187651086
2024-04-10 13:15:00,0.9840924537817938,1014.5082253952141,418.33897988452355
2024-04-10 13:30:00,0.970950731028499,998.6232637738772,413.80728610585726
2024-04-10 13:45:00,0.9537044184230007,977.2876809991236,406.9417401277526
2024-04-10 14:00:00,0.9324274976169349,951.5226103671567,398.1365521182917
2024-04-10 14:15:00,0.9072112177868761,922.5107726125328,385.9974048942607
2024-04-10 14:30:00,0.8781636986948267,888.5403822488371,373.57955322700434
2024-04-10 14:45:00,0.8454094692822327,849.3516477448247,358.81981078479316
2024-04-10 15:00:00,0.8090889390788712,807.6255765469082,341.19208143172386
2024-04-10 15:15:00,0.7693577876214044,762.1847616905724,325.076301562047
2024-04-10 15:30:00,0.7263863009693718,714.2589476103949,307.52320064501305
2024-04-10 15:45:00,0.6803586484083483,660.5333743980289,288.3972468253668
2024-04-10 16:00:00,0.6314720817467581,606.1776653974064,267.11545555498355
2024-04-10 16:15:00,0.5799360952244731,550.350154275089,244.73966794083898
2024-04-10 16:30:00,0.5259715353669614,491.6344807374228,221.61022292585145
2024-04-10 16:45:00,0.469809640904184,431.0214185782459,196.0306423988018
2024-04-10 17:00:00,0.4116910584503921,370.9486677399233,170.9587192957106
2024-04-10 17:15:00,0.3518648196900172,311.23078099541135,147.84035539996023
2024-04-10 17:30:00,0.29058725883631253,252.00175144316853,123.27117006979424
2024-04-10 17:45:00,0.22812092192447128,194.11644180925074,97.70218181810115
2024-04-10 18:00:00,0.1647334506971431,139.86092570066296,72.0906882747642
2024-04-10 18:15:00,0.1006964192058977,89.99737100091832,47.298325323485926
2024-04-10 18:30:00,0.03628417865155825,48.118915669620456,25.775333857591896
2024-04-10 18:45:00,-0.028227309169301593,16.705310055245747,9.08342037980802
2024-04-10 19:00:00,-0.09256167129437076,1.4843262409178895,0.822095973626699
2024-04-10 19:15:00,-0.15644329887312114,0.0,0.0
2024-04-10 19:30:00,-0.21959851924701335,0.0,0.0
2024-04-10 19:45:00,-0.2817567853555887,0.0,0.0
2024-04-10 20:00:00,-0.34265182593557575,0.0,0.0
2024-04-10 20:15:00,-0.40202277804231634,0.0,0.0
2024-04-10 20:30:00,-0.4596153207822175,0.0,0.0
2024-04-10 20:45:00,-0.5151827560774475,0.0,0.0
2024-04-10 21:00:00,-0.5684870582658101,0.0,0.0
2024-04-10 21:15:00,-0.6192999084141892,0.0,0.0
2024-04-10 21:30:00,-0.6674036642700394,0.0,0.0
2024-04-10 21:45:00,-0.7125922864159986,0.0,0.0
2024-04-10 22:00:00,-0.7546722335749836,0.0,0.0
2024-04-10 22:15:00,-0.7934632843614078,0.0,0.0
2024-04-10 22:30:00,-0.8287993044618542,0.0,0.0
2024-04-10 22:45:00,-0.8605289684408677,0.0,0.0
2024-04-10 23:00:00,-0.8885164017649522,0.0,0.0
2024-04-10 23:15:00,-0.9126417595201977,0.0,0.0
2024-04-10 23:30:00,-0.9328017469961876,0.0,0.0
2024-04-10 23:45:00,-0.9489100572826855,0.0,0.0
2024-04-11 00:00:00,-0.960897739306737,0.0,0.0
2024-04-11 00:15:00,-0.9687134971657426,0.0,0.0
2024-04-11 00:30:00,-0.9723239065260545,0.0,0.0
2024-04-11 00:45:00,-0.9717135578072956,0.0,0.0
2024-04-11 01:00:00,-0.966885122805478,0.0,0.0
2024-04-11 01:15:00,-0.9578593415575394,0.0,0.0
2024-04-11 01:30:00,-0.9446749352049748,0.0,0.0
2024-04-11 01:45:00,-0.9273884373386334,0.0,0.0
2024-04-11 02:00:00,-0.9060739518655762,0.0,0.0
2024-04-11 02:15:00,-0.8808228389034818,0.0,0.0
2024-04-11 02:30:00,-0.8517433173545286,0.0,0.0
2024-04-11 02:45:00,-0.8189600030835231,0.0,0.0
2024-04-11 03:00:00,-0.7826133799491501,0.0,0.0
2024-04-11 03:15:00,-0.7428591888786487,0.0,0.0
2024-04-11 03:30:00,-0.6998677641512414,0.0,0.0
2024-04-11 03:45:00,-0.6538233098693862,0.0,0.0
2024-04-11 04:00:00,-0.6049230991009045,0.0,0.0
2024-04-11 04:15:00,-0.5533766337024826,0.0,0.0
2024-04-11 04:30:00,-0.49940475415319596,0.0,0.0
2024-04-11 04:45:00,-0.4432386794792986,0.0,0.0
2024-04-11 05:00:00,-0.38511902303209844,0.0,0.0
2024-04-11 05:15:00,-0.3252947697834535,0.0,0.0
2024-04-11 05:30:00,-0.26402219405743244,0.0,0.0
2024-04-11 05:45:00,-0.20156376899626127,0.0,0.0
2024-04-11 06:00:00,-0.13818705081113306,0.0,0.0
2024-04-11 06:15:00,-0.07416351572719512,4.356328030830365,2.7209568030485656
2024-04-11 06:30:00,-0.009767405302355203,26.177219867619346,16.085690096715556
2024-04-11 06:45:00,0.054725439741205494,62.56182325803496,37.81143662127183
2024-04-11 07:00:00,0.11903877837059297,108.73380750973759,64.6181498907806
2024-04-11 07:15:00,0.18289714393753287,161.69081202926827,94.1283450286334
2024-04-11 07:30:00,0.24602701567024035,217.81456060585734,124.59939597642713
2024-04-11 07:45:00,0.3081580074796452,277.6924429440455,156.0455722259908
2024-04-11 08:00:00,0.36902401733283463,337.6858361503171,186.34514625953338
2024-04-11 08:15:00,0.4283643591135428,399.2761683075675,214.68298186436527
2024-04-11 08:30:00,0.4859248956351911,460.7325451609212,242.13904879417598
2024-04-11 08:45:00,0.5414591185601123,521.2941627810488,266.5913022892966
2024-04-11 09:00:00,0.5947291971618713,579.5148372926014,289.33708784208983
2024-04-11 09:15:00,0.6455070118383445,637.0618338495026,311.6302058049284
2024-04-11 09:30:00,0.6935751231919275,690.1517044667545,330.624858864028
2024-04-11 09:45:00,0.73872769731092,742.2607304766349,349.5867782526553
2024-04-11 10:00:00,0.780771400152614,790.9557465336899,364.5269364918903
2024-04-11 10:15:00,0.8195262184313772,833.4611770933375,380.74692738291174
2024-04-11 10:30:00,0.8548262259032522,874.3598197316043,394.1283253312276
2024-04-11 10:45:00,0.8865203042575851,910.7547941360842,405.01092651820784
2024-04-11 11:00:00,0.9144727842593554,944.3412881074947,416.1290786041104
2024-04-11 11:15:00,0.9385640235553616,971.9089535060451,424.34777290626977
2024-04-11 11:30:00,0.958690926406201,996.0782704408925,432.8869753546158
2024-04-11 11:45:00,0.974767380414247,1016.609361644007,439.7546810680672
2024-04-11 12:00:00,0.9867246237148153,1030.6539000547782,441.66329179878795
2024-04-11 12:15:00,0.9945115434992018,1039.890246997757,445.62131824667205
2024-04-11 12:30:00,0.9980948916188948,1044.2244389888099,447.4786376649119
2024-04-11 12:45:00,0.9974594270094896,1041.6398076918158,446.3710526971007
2024-04-11 13:00:00,0.9926079815777734,1036.1402069041737,441.91991665255193
2024-04-11 13:15:00,0.9835614463829404,1025.7778993506029,439.5737925772696
2024-04-11 13:30:00,0.9703586838394588,1009.6410651838205,432.65871924670404
2024-04-11 13:45:00,0.9530563584610562,987.9996243503275,425.38186988455374
2024-04-11 14:00:00,0.931728694146124,963.7365690612651,414.9354450341795
2024-04-11 14:15:00,0.9064671595618685,932.352779403491,405.19242976839587
2024-04-11 14:30:00,0.8773800702539045,898.8873030880062,392.4655944192267
2024-04-11 14:45:00,0.844592126395243,859.9978082389757,377.22430871901815
2024-04-11 15:00:00,0.808243883444012,817.6381296638425,360.296648905891
2024-04-11 15:15:00,0.7684911409377463,771.5133280520882,343.0905111094404
2024-04-11 15:30:00,0.7255042784985987,722.8551495593047,324.3746053259135
2024-04-11 15:45:00,0.679467532118668,669.3553893190877,301.7200844438898
2024-04-11 16:00:00,0.6305781931382394,614.8129619870798,279.6199323249136
2024-04-11 16:15:00,0.5790457680480299,558.0785229023279,256.07298247410034
2024-04-11 16:30:00,0.5250910882294951,498.4205022896292,230.71401333889463
2024-04-11 16:45:00,0.46894534996459275,437.3642857236216,203.33575172684036
2024-04-11 17:00:00,0.41084913028615727,377.3462790243163,176.95818277822963
2024-04-11 17:15:00,0.351051364477746,315.661773751434,151.8593521141565
2024-04-11 17:30:00,0.28980826393418774,255.44863107034084,125.98997770835406
2024-04-11 17:45:00,0.22738222600208852,197.19954440320507,99.65257126928515
2024-04-11 18:00:00,0.16404071845805915,142.3169292874424,73.64429736955344
2024-04-11 18:15:00,0.10005511689789723,92.6240309674832,48.491546462115735
2024-04-11 18:30:00,0.0356995504650506,50.10214760765216,26.533847363296022
2024-04-11 18:45:00,-0.028750263824406437,19.962444596874647,10.69306460750062
2024-04-11 19:00:00,-0.09301821937625468,4.930615327404644,2.671028417293772
2024-04-11 19:15:00,-0.15682899420249968,0.0,0.0
2024-04-11 19:30:00,-0.21990922173796418,0.0,0.0
2024-04-11 19:45:00,-0.28198867894780255,0.0,0.0
2024-04-11 20:00:00,-0.34280143505977584,0.0,0.0
2024-04-11 20:15:00,-0.40208698272346843,0.0,0.0
2024-04-11 20:30:00,-0.4595913701094938,0.0,0.0
2024-04-11 20:45:00,-0.5150682801367681,0.0,0.0
2024-04-11 21:00:00,-0.5682800783834204,0.0,0.0
2024-04-11 21:15:00,-0.6189988457488884,0.0,0.0
2024-04-11 21:30:00,-0.6670073466895605,0.0,0.0
2024-04-11 21:45:00,-0.7120999535530732,0.0,0.0
2024-04-11 22:00:00,-0.7540835401607456,0.0,0.0
2024-04-11 22:15:00,-0.7927783017262041,0.0,0.0
2024-04-11 22:30:00,-0.8280185202857877,0.0,0.0
2024-04-11 22:45:00,-0.8596532846448347,0.0,0.0
2024-04-11 23:00:00,-0.8875471306497382,0.0,0.0
2024-04-11 23:15:00,-0.911580618142449,0.0,0.0
2024-04-11 23:30:00,-0.931650849744815,0.0,0.0
2024-04-11 23:45:00,-0.9476719067810018,0.0,0.0
2024-04-12 00:00:00,-0.9595752156272452,0.0,0.0
2024-04-12 00:15:00,-0.9673098453990041,0.0,0.0
2024-04-12 00:30:00,-0.9708427227809777,0.0,0.0
2024-04-12 00:45:00,-0.9701587737035233,0.0,0.0
2024-04-12 01:00:00,-0.9652609884931944,0.0,0.0
2024-04-12 01:15:00,-0.9561704073723487,0.0,0.0
2024-04-12 01:30:00,-0.9429260320261499,0.0,0.0
2024-04-12 01:45:00,-0.9255846557283498,0.0,0.0
2024-04-12 02:00:00,-0.9042206200818278,0.0,0.0
2024-04-12 02:15:00,-0.8789254998930709,0.0,0.0
2024-04-12 02:30:00,-0.8498077048103748,0.0,0.0
2024-04-12 02:45:00,-0.816992016684163,0.0,0.0
2024-04-12 03:00:00,-0.7806190598546969,0.0,0.0
2024-04-12 03:15:00,-0.740844689657505,0.0,0.0
2024-04-12 03:30:00,-0.6978393281699279,0.0,0.0
2024-04-12 03:45:00,-0.6517872403351956,0.0,0.0
2024-04-12 04:00:00,-0.6028857328076244,0.0,0.0
2024-04-12 04:15:00,-0.5513443136806659,0.0,0.0
2024-04-12 04:30:00,-0.49738380223071377,0.0,0.0
2024-04-12 04:45:00,-0.441235368951656,0.0,0.0
2024-04-12 05:00:00,-0.3831395515602106,0.0,0.0
2024-04-12 05:15:00,-0.32334523261441706,0.0,0.0
2024-04-12 05:30:00,-0.2621085576527743,0.0,0.0
2024-04-12 05:45:00,-0.19969184525211603,0.0,0.0
2024-04-12 06:00:00,-0.13636247193943463,0.0,0.0
2024-04-12 06:15:00,-0.07239170989506628,5.0,3.2442747749999996
2024-04-12 06:30:00,-0.00805357313920578,36.154374820383396,23.09354111555772
2024-04-12 06:45:00,0.056376347606223336,67.59875334996998,42.63201636025131
2024-04-12 07:00:00,0.12062208271932558,106.5679623342179,66.13138683575349
2024-04-12 07:15:00,0.1844084572231146,31.0,18.986587515
2024-04-12 07:30:00,0.24746226100672217,41.0,24.779790945000002
2024-04-12 07:45:00,0.309513436208915,22.0,13.118593950000001
2024-04-12 08:00:00,0.3702962253227931,49.0,28.822500945
2024-04-12 08:15:00,0.4295503014878762,116.0,67.06047348
2024-04-12 08:30:00,0.48702189991753475,188.63661319769096,107.14573871693142
2024-04-12 08:45:00,0.5424648962547207,197.39176282134915,110.52267500635625
2024-04-12 09:00:00,0.5956418536989829,176.9782092684949,97.30413438928983
2024-04-12 09:15:00,0.6463250547673374,272.66992768359955,147.7116094083325
2024-04-12 09:30:00,0.6942974686345763,371.1757785165912,197.3231181510353
2024-04-12 09:45:00,0.7393536747027311,428.2114173500588,224.18192798506567
2024-04-12 10:00:00,0.7813007551634481,386.6609702302007,199.30266679731514
2024-04-12 10:15:00,0.8199591140717531,425.19550254789283,216.58670587327936
2024-04-12 10:30:00,0.8551632418809292,536.0049337625188,270.8640632213841
2024-04-12 10:45:00,0.8867624344645182,674.2711616134848,336.64652181915665
2024-04-12 11:00:00,0.9146214325147405,889.550931686645,440.5340647622673
2024-04-12 11:15:00,0.93862099757075,916.0809350638878,451.8208459530398
2024-04-12 11:30:00,0.9586584299858727,939.8027192786558,461.6210069274842
2024-04-12 11:45:00,0.9746480039680061,954.7184031744049,467.01760591936096
2024-04-12 12:00:00,0.9865213330904921,968.1766304716651,469.68688149289267
2024-04-12 12:15:00,0.9942276671766572,977.3532720772091,476.1142795103901
2024-04-12 12:30:00,0.997734106351154,981.1736897190301,477.97538280326444
2024-04-12 12:45:00,0.9970257419640618,981.5908509908901,478.17860147973045
2024-04-12 13:00:00,0.9921057210221446,974.6293168648707,474.7873141127252
2024-04-12 13:15:00,0.9829952310184965,963.3281657388712,471.2292254786172
2024-04-12 13:30:00,0.9697334108563582,948.756462095943,467.9367628993465
2024-04-12 13:45:00,0.952377180383735,929.901744306988,460.5170773890947
2024-04-12 14:00:00,0.9310009965855548,906.2147912889305,450.61832266367566
2024-04-12 14:15:00,0.9056965379607544,879.5945684510352,440.9372739700128
2024-04-12 14:30:00,0.8765723057118091,846.7263984552111,427.88365978735834
2024-04-12 14:45:00,0.8437531606859789,815.0337374598654,415.1630751365629
2024-04-12 15:00:00,0.807379793385116,774.52671966685,397.66073818777517
2024-04-12 15:15:00,0.7676081120961225,729.9173814172453,379.1834921682665
2024-04-12 15:30:00,0.724608578485631,682.5579995502807,357.340234521868
2024-04-12 15:45:00,0.6785654835016381,634.4241958572056,335.9878883492388
2024-04-12 16:00:00,0.6296761461281972,583.1074729200457,312.3468095699392
2024-04-12 16:15:00,0.5781500730491125,527.8143007691332,285.9292203495593
2024-04-12 16:30:00,0.5242080683991677,471.170989690644,259.0538433555878
2024-04-12 16:45:00,0.46808127389936527,413.9762591172919,230.95486282445722
2024-04-12 17:00:00,0.41001018491117375,356.69620261090483,201.16169308336978
2024-04-12 17:15:00,0.350243628306774,298.93838087824764,171.61000780996267
2024-04-12 17:30:00,0.28903768079045744,243.16670705340925,142.0510831102878
2024-04-12 17:45:00,0.2266545793377931,190.02085266147847,112.54118298504204
2024-04-12 18:00:00,0.1633616063313483,138.9584282338409,83.70352548337941
2024-04-12 18:15:00,0.09942992778151499,92.60731559015207,56.71925490263376
2024-04-12 18:30:00,0.035133439962157974,53.64282623069086,33.39680806478574
2024-04-12 18:45:00,-0.02925239530410733,24.6121407043839,15.571710459808605
2024-04-12 19:00:00,-0.09345174780905384,8.794671348592576,5.653134623419322
2024-04-12 19:15:00,-0.15718959191407988,0.0,0.0
2024-04-12 19:30:00,-0.22019287616927014,0.0,0.0
2024-04-12 19:45:00,-0.28219170998391335,0.0,0.0
2024-04-12 20:00:00,-0.34292051097387743,0.0,0.0
2024-04-12 20:15:00,-0.4021191345738105,0.0,0.0
2024-04-12 20:30:00,-0.4595340046081198,0.0,0.0
2024-04-12 20:45:00,-0.5149191908661226,0.0,0.0
2024-04-12 21:00:00,-0.5680374553915305,0.0,0.0
2024-04-12 21:15:00,-0.6186612833578551,0.0,0.0
2024-04-12 21:30:00,-0.6665738495903673,0.0,0.0
2024-04-12 21:45:00,-0.7115699411714513,0.0,0.0
2024-04-12 22:00:00,-0.7534568491519598,0.0,0.0
2024-04-12 22:15:00,-0.7920551867172545,0.0,0.0
2024-04-12 22:30:00,-0.8271996528095604,0.0,0.0
2024-04-12 22:45:00,-0.8587397502652723,0.0,0.0
2024-04-12 23:00:00,-0.8865404242793335,0.0,0.0
2024-04-12 23:15:00,-0.9104826376183032,0.0,0.0
2024-04-12 23:30:00,-0.9304638876504694,0.0,0.0
2024-04-12 23:45:00,-0.9463986405566284,0.0,0.0
2024-04-13 00:00:00,-0.9582186960326933,0.0,0.0
2024-04-13 00:15:00,-0.9658734833426412,0.0,0.0
2024-04-13 00:30:00,-0.9693302746043144,0.0,0.0
2024-04-13 00:45:00,-0.9685743249750681,0.0,0.0
2024-04-13 01:00:00,-0.963608936363662,0.0,0.0
2024-04-13 01:15:00,-0.9544554415925938,0.0,0.0
2024-04-13 01:30:00,-0.9411531147048814,0.0,0.0
2024-04-13 01:45:00,-0.9237589998988488,0.0,0.0
2024-04-13 02:00:00,-0.902347667189155,0.0,0.0
2024-04-13 02:15:00,-0.8770108962990184,0.0,0.0
2024-04-13 02:30:00,-0.8478572773952873,0.0,0.0
2024-04-13 02:45:00,-0.8150117476804093,0.0,0.0
2024-04-13 03:00:00,-0.7786150610122331,0.0,0.0
2024-04-13 03:15:00,-0.7388231758190797,0.0,0.0
2024-04-13 03:30:00,-0.6958065904615884,0.0,0.0
2024-04-13 03:45:00,-0.6497496189357829,0.0,0.0
2024-04-13 04:00:00,-0.6008495895895698,0.0,0.0
2024-04-13 04:15:00,-0.5493160046885608,0.0,0.0
2024-04-13 04:30:00,-0.4953696502400463,0.0,0.0
2024-04-13 04:45:00,-0.4392416361338662,0.0,0.0
2024-04-13 05:00:00,-0.3811724124057669,0.0,0.0
2024-04-13 05:15:00,-0.32141074726698193,0.0,0.0
2024-04-13 05:30:00,-0.2602126456984948,0.0,0.0
2024-04-13 05:45:00,-0.1978402601590602,0.0,0.0
2024-04-13 06:00:00,-0.13456077613058087,0.0,0.0
2024-04-13 06:15:00,-0.07064525073991332,11.816117403811269,7.834138302288145
2024-04-13 06:30:00,-0.006367459834579786,33.401767581520474,21.87545289075716
2024-04-13 06:45:00,0.05799726615111349,69.06705408828526,44.814500272436895
2024-04-13 07:00:00,0.12217323883682074,112.65666593866973,72.18695944817173
2024-04-13 07:15:00,0.1858855842269391,163.1286776976965,103.53866404859498
2024-04-13 07:30:00,0.24886141168570486,17.0,10.686903885
2024-04-13 07:45:00,0.3108309998785997,21.0,13.031675685000002
2024-04-13 08:00:00,0.3715289434404424,26.0,15.97678992
2024-04-13 08:15:00,0.430695281779126,31.0,18.7986015
2024-04-13 08:30:00,0.48807662887762643,35.0,20.9412378
2024-04-13 08:45:00,0.5434272500374997,40.0,23.609426399999997
2024-04-13 09:00:00,0.5965101072995413,45.0,26.287721774999994
2024-04-13 09:15:00,0.647097889524072,74.0,42.63037695
2024-04-13 09:30:00,0.6949739779432524,80.0,45.601768799999995
2024-04-13 09:45:00,0.7399333679693416,86.0,48.32655534
2024-04-13 10:00:00,0.7817835599201792,68.0,37.7993385
2024-04-13 10:15:00,0.8203453763290413,64.0,35.31711456
2024-04-13 10:30:00,0.8554537246636553,67.0,36.56631195
2024-04-13 10:45:00,0.8869583145254545,106.0,57.42265284
2024-04-13 11:00:00,0.914724295261463,109.0,58.60716687000001
2024-04-13 11:15:00,0.9386328302814823,112.0,59.99381639999999
2024-04-13 11:30:00,0.9585816132055793,114.0,60.60426561
2024-04-13 11:45:00,0.9744853012473753,116.0,61.433021159999996
2024-04-13 12:00:00,0.9862758790858748,117.0,61.726117635
2024-04-13 12:15:00,0.9939029541055449,364.8231856690608,191.73366432170195
2024-04-13 12:30:00,0.9973339689237546,366.92268509878886,192.09538007170633
2024-04-13 12:45:00,0.9965543408431248,365.90007588445064,191.56001250335817
2024-04-13 13:00:00,0.9915675248507443,363.7554582206716,189.70195987692452
2024-04-13 13:15:00,0.9823949971270929,359.4894549166857,188.20385405006732
2024-04-13 13:30:00,0.9690761647309655,353.13413261246706,184.8766461583602
2024-04-13 13:45:00,0.9516681939512095,348.59837762458505,183.2066791368692
2024-04-13 14:00:00,0.930245765453521,238.3024576545352,125.24040471599358
2024-04-13 14:15:00,0.904900757682455,392.86464091485254,208.05915343394773
2024-04-13 14:30:00,0.8757418471804734,892.4161787680652,474.42304502386895
2024-04-13 14:45:00,0.8428940447873359,851.589653457643,454.44036104672665
2024-04-13 15:00:00,0.806498164966553,413.68230732148805,221.59268208369403
2024-04-13 15:15:00,0.7667102134327324,383.6041804895423,207.03186094366814
2024-04-13 15:30:00,0.7237007223136334,715.9745117996474,389.3071993513708
2024-04-13 15:45:00,0.6776540257246301,347.18663477826004,190.18439627853886
2024-04-13 16:00:00,0.6287674583877144,458.1590294370052,251.89975622575741
2024-04-13 16:15:00,0.5772505151626861,553.0686605846608,307.43572816442946
2024-04-13 16:30:00,0.5233239608980159,495.57606969596236,278.4823762481584
2024-04-13 16:45:00,0.46721887068474605,434.61083978945106,245.9807823375296
2024-04-13 17:00:00,0.40917564625054137,375.15141142288655,214.6029132899886
2024-04-13 17:15:00,0.3494429941988221,314.92235006680136,182.69555180583316
2024-04-13 17:30:00,0.28827684486859834,255.05579649155993,150.02746806950438
2024-04-13 17:45:00,0.22593926337484949,197.81883349403785,117.95931601231557
2024-04-13 18:00:00,0.16269733552613555,108.47203371707371,65.3396253388243
2024-04-13 18:15:00,0.09882200687897884,75.14332691490418,46.02307589155107
2024-04-13 18:30:00,0.03458693026204733,46.04364986306017,28.665733055635364
2024-04-13 18:45:00,-0.02973269776177586,19.81559886555062,12.496960271601022
2024-04-13 19:00:00,-0.09386133302507926,6.364757361692707,4.078342615039662
2024-04-13 19:15:00,-0.15752425541936008,0.0,0.0
2024-04-13 19:30:00,-0.22044873722690442,0.0,0.0
2024-04-13 19:45:00,-0.28236522834549543,0.0,0.0
2024-04-13 20:00:00,-0.34300850220322887,0.0,0.0
2024-04-13 20:15:00,-0.40211878386520045,0.0,0.0
2024-04-13 20:30:00,-0.45944287893101404,0.0,0.0
2024-04-13 20:45:00,-0.5147352495058789,0.0,0.0
2024-04-13 21:00:00,-0.5677590587956021,0.0,0.0
2024-04-13 21:15:00,-0.6182872002584334,0.0,0.0
2024-04-13 21:30:00,-0.66610326228513,0.0,0.0
2024-04-13 21:45:00,-0.7110024491542022,0.0,0.0
2024-04-13 22:00:00,-0.7527924708252756,0.0,0.0
2024-04-13 22:15:00,-0.791294359353315,0.0,0.0
2024-04-13 22:30:00,-0.8263432306692,0.0,0.0
2024-04-13 22:45:00,-0.8577890009305229,0.0,0.0
2024-04-13 23:00:00,-0.8854970232070175,0.0,0.0
2024-04-13 23:15:00,-0.9093486609120842,0.0,0.0
2024-04-13 23:30:00,-0.9292418031174827,0.0,0.0
2024-04-13 23:45:00,-0.9450912970568675,0.0,0.0
2024-04-14 00:00:00,-0.9568293112053062,0.0,0.0
2024-04-14 00:15:00,-0.9644056297046293,0.0,0.0
2024-04-14 00:30:00,-0.9677878641344082,0.0,0.0
2024-04-14 00:45:00,-0.9669615922382913,0.0,0.0
2024-04-14 01:00:00,-0.9619304202187755,0.0,0.0
2024-04-14 01:15:00,-0.9527159655990471,0.0,0.0
2024-04-14 01:30:00,-0.939357766301177,0.0,0.0
2024-04-14 01:45:00,-0.9219131084184597,0.0,0.0
2024-04-14 02:00:00,-0.9004567808557047,0.0,0.0
2024-04-14 02:15:00,-0.8750807582622602,0.0,0.0
2024-04-14 02:30:00,-0.8458938009200097,0.0,0.0
2024-04-14 02:45:00,-0.8130209906006405,0.0,0.0
2024-04-14 03:00:00,-0.7766031995768723,0.0,0.0
2024-04-14 03:15:00,-0.7367964780044529,0.0,0.0
2024-04-14 03:30:00,-0.693771388869316,0.0,0.0
2024-04-14 03:45:00,-0.6477122834700171,0.0,0.0
2024-04-14 04:00:00,-0.5988164998931367,0.0,0.0
2024-04-14 04:15:00,-0.5472935226137705,0.0,0.0
2024-04-14 04:30:00,-0.4933640923288463,0.0,0.0
2024-04-14 04:45:00,-0.4372592463457872,0.0,0.0
2024-04-14 05:00:00,-0.3792193351298156,0.0,0.0
2024-04-14 05:15:00,-0.31949300072902836,0.0,0.0
2024-04-14 05:30:00,-0.25833609599864515,0.0,0.0
2024-04-14 05:45:00,-0.19601059589083225,0.0,0.0
2024-04-14 06:00:00,-0.13278348378404925,0.0,0.0
2024-04-14 06:15:00,-0.06892559100398288,9.213723938318928,6.2018609147964385
2024-04-14 06:30:00,-0.004710444854819779,33.59157698840889,22.271364689916922
2024-04-14 06:45:00,0.059586894458563015,69.54980051692796,45.54948719574195
2024-04-14 07:00:00,0.12369102928815227,115.35075052692352,74.61274122603184
2024-04-14 07:15:00,0.18732739562547726,167.4653237371437,106.29115701128596
2024-04-14 07:30:00,0.2502234306998585,75.0,46.6933005
2024-04-14 07:45:00,0.31210975756858467,137.2996219997633,84.09197706048147
2024-04-14 08:00:00,0.3727213302636156,345.7320791200668,207.55763823655354
2024-04-14 08:15:00,0.43179856101606173,406.1443164450945,240.5418205169871
2024-04-14 08:30:00,0.48908844851172023,466.9780782876535,271.85140034989627
2024-04-14 08:45:00,0.5443456528984825,528.5530158064662,302.3552985981307
2024-04-14 09:00:00,0.5973335395961762,587.1761720232109,329.9558345535938
2024-04-14 09:15:00,0.6478252075233587,642.2992516023783,357.03657102374945
2024-04-14 09:30:00,0.6956044529569845,696.3934562607485,382.8830833801451
2024-04-14 09:45:00,0.7404666895353078,748.3511534806062,405.39913668613593
2024-04-14 10:00:00,0.7822198371368763,796.5223145632305,426.664406235799
2024-04-14 10:15:00,0.8206851374244131,645.9496821158348,342.0917283596323
2024-04-14 10:30:00,0.8556979147248747,880.5408003143608,460.99035729963356
2024-04-14 10:45:00,0.8871082914442208,914.0427617971293,472.98685613374363
2024-04-14 11:00:00,0.9147818238811734,945.7697143229171,483.6692942464856
2024-04-14 11:15:00,0.9386000747972261,974.2664691126369,494.30393806696674
2024-04-14 11:30:00,0.9584611278236685,997.4519266203644,504.0511097834266
2024-04-14 11:45:00,0.9742800191728792,1017.926097945815,510.2823219128891
2024-04-14 12:00:00,0.9859890998609033,1031.8437647693881,513.0877480713149
2024-04-14 12:15:00,0.9935383293823968,1039.926029619453,515.0046215023502
2024-04-14 12:30:00,0.9968954866898163,1045.0786529751172,515.4438903826224
2024-04-14 12:45:00,0.9960463082181298,1045.2598075743508,513.4203966164868
2024-04-14 13:00:00,0.9909945494813602,873.7678332486703,427.41918481548055
2024-04-14 13:15:00,0.9817619672927963,845.0237961091595,413.35852424298366
2024-04-14 13:30:00,0.9683882282417213,837.3922431306388,409.6254134224264
2024-04-14 13:45:00,0.9509307359129844,834.3435497731829,406.44758595847713
2024-04-14 14:00:00,0.929464385010163,831.0563118613316,404.8462193342533
2024-04-14 14:15:00,0.9040812438318888,822.6936209290466,402.4353191201939
2024-04-14 14:30:00,0.8748901537671623,809.2979977907808,395.8826101465008
2024-04-14 14:45:00,0.8420162647926066,865.7608497556498,425.252435457253
2024-04-14 15:00:00,0.8056005041814902,761.061983682114,375.3638528302853
2024-04-14 15:15:00,0.765798963643262,707.7358465686515,351.924006466631
2024-04-14 15:30:00,0.7227822341275938,630.5211542027669,316.07775773807634
2024-04-14 15:45:00,0.6767346811412924,605.9167259440678,304.9684280890971
2024-04-14 16:00:00,0.6278536431906392,501.415407022557,254.39817355558228
2024-04-14 16:15:00,0.5763485913644394,520.2763801478541,266.0708053856227
2024-04-14 16:30:00,0.5224402392199944,505.17659376819546,260.3910145925592
2024-04-14 16:45:00,0.4663595833046976,445.4240708107111,231.39256437197133
2024-04-14 17:00:00,0.40834691985870897,335.7160097201706,175.75771982043008
2024-04-14 17:15:00,0.3486508235348723,275.5821576497618,147.06103428089943
2024-04-14 17:30:00,0.287527066803793,224.5626672641751,122.55863497769971
2024-04-14 17:45:00,0.22523753167050886,161.04887234952827,89.52265942622219
2024-04-14 18:00:00,0.16204909640190396,119.5635015105236,67.67047884682523
2024-04-14 18:15:00,0.0982324754907042,81.88816678933408,47.34016583880995
2024-04-14 18:30:00,0.034061068129075056,49.36941974013703,29.13959204413681
2024-04-14 18:45:00,-0.03019020419455682,24.135653863096728,14.538443935103086
2024-04-14 19:00:00,-0.09424609264177605,4.120035237150348,2.523400309517383
2024-04-14 19:15:00,-0.1578321914414398,0.0,0.0
2024-04-14 19:30:00,-0.22067610482566705,0.0,0.0
2024-04-14 19:45:00,-0.2825086308500939,0.0,0.0
2024-04-14 20:00:00,-0.3430649057995181,0.0,0.0
2024-04-14 20:15:00,-0.4020855307061879,0.0,0.0
2024-04-14 20:30:00,-0.45931769863505667,0.0,0.0
2024-04-14 20:45:00,-0.5145162690036862,0.0,0.0
2024-04-14 21:00:00,-0.5674448104357206,0.0,0.0
2024-04-14 21:15:00,-0.6178766281509348,0.0,0.0
2024-04-14 21:30:00,-0.6655957269165877,0.0,0.0
2024-04-14 21:45:00,-0.7103977301543145,0.0,0.0
2024-04-14 22:00:00,-0.7520907679269361,0.0,0.0
2024-04-14 22:15:00,-0.7904962915465493,0.0,0.0
2024-04-14 22:30:00,-0.8254498335917038,0.0,0.0
2024-04-14 22:45:00,-0.8568017223503387,0.0,0.0
2024-04-14 23:00:00,-0.8844177168132312,0.0,0.0
2024-04-14 23:15:00,-0.9081795783487046,0.0,0.0
2024-04-14 23:30:00,-0.9279855842338396,0.0,0.0
2024-04-14 23:45:00,-0.9437509585358376,0.0,0.0
2024-04-15 00:00:00,-0.9554082335493533,0.0,0.0
2024-04-15 00:15:00,-0.9629075426412319,0.0,0.0
2024-04-15 00:30:00,-0.9662168305107464,0.0,0.0
2024-04-15 00:45:00,-0.9653219904955246,0.0,0.0
2024-04-15 01:00:00,-0.9602269254769771,0.0,0.0
2024-04-15 01:15:00,-0.9509535294685694,0.0,0.0
2024-04-15 01:30:00,-0.9375415955128248,0.0,0.0
2024-04-15 01:45:00,-0.9200486423264379,0.0,0.0
2024-04-15 02:00:00,-0.8985496679447769,0.0,0.0
2024-04-15 02:15:00,-0.8731368317579434,0.0,0.0
2024-04-15 02:30:00,-0.8439190535936396,0.0,0.0
2024-04-15 02:45:00,-0.8110215488794863,0.0,0.0
2024-04-15 03:00:00,-0.7745852970735432,0.0,0.0
2024-04-15 03:15:00,-0.7347664285900269,0.0,0.0
2024-04-15 03:30:00,-0.691735559401985,0.0,0.0
2024-04-15 03:45:00,-0.645677066273636,0.0,0.0
2024-04-15 04:00:00,-0.596788285168334,0.0,0.0
2024-04-15 04:15:00,-0.5452786707977224,0.0,0.0
2024-04-15 04:30:00,-0.49136890661354693,0.0,0.0
2024-04-15 04:45:00,-0.4352899454539146,0.0,0.0
2024-04-15 05:00:00,-0.3772820264300446,0.0,0.0
2024-04-15 05:15:00,-0.31759365385732974,0.0,0.0
2024-04-15 05:30:00,-0.25648051702281305,0.0,0.0
2024-04-15 05:45:00,-0.19420440227808727,0.0,0.0
2024-04-15 06:00:00,-0.1310320800598208,0.0,0.0
2024-04-15 06:15:00,-0.06723414543163259,10.0,6.650257949999999
2024-04-15 06:30:00,-0.003083867066946952,19.0,12.558678615
2024-04-15 06:45:00,0.06114397467964861,30.0,19.70821125
2024-04-15 07:00:00,0.12517428201835468,19.0,12.44346138
2024-04-15 07:15:00,0.18873280950577004,24.0,15.572518919999998
2024-04-15 07:30:00,0.2515473303212531,30.0,19.283726700000003
2024-04-15 07:45:00,0.3133488193495319,97.0,61.958573460000004
2024-04-15 08:00:00,0.37387259677790785,177.43235580667448,112.25863300591095
2024-04-15 08:15:00,0.4328594538870497,269.03476640850636,168.03876400838288
2024-04-15 08:30:00,0.4900567794899063,252.49573472848053,155.66697234098675
2024-04-15 08:45:00,0.5452196333534806,312.59948243649643,190.8261070997681
2024-04-15 09:00:00,0.5981117882806342,399.08829462405185,240.3963376943805
2024-04-15 09:15:00,0.6485067565394778,486.5116620765542,288.1399447441487
2024-04-15 09:30:00,0.6961887519509702,508.53938444649634,296.0463247049801
2024-04-15 09:45:00,0.7409536081075051,514.2860824322515,295.2335473399756
2024-04-15 10:00:00,0.7826096654250619,551.3916059471942,310.96173211939
2024-04-15 10:15:00,0.8209785848531526,614.2250121502259,341.43086984460297
2024-04-15 10:30:00,0.8558961069799511,857.2322103980587,469.5808365699245
2024-04-15 10:45:00,0.8872127656088039,889.6947869394393,478.3714756103561
2024-04-15 11:00:00,0.9147945218093579,920.404932581573,487.4418594745875
2024-04-15 11:15:00,0.9385233347597673,948.2530212238804,496.4398003004431
2024-04-15 11:30:00,0.9582976744017342,971.0108930086966,500.5032195275864
2024-04-15 11:45:00,0.9740329515107959,1000.7594916021624,509.7683309411672
2024-04-15 12:00:00,0.9856618783008466,799.2324065579996,402.2675728683532
2024-04-15 12:15:00,0.9931347605145961,662.3180163260761,328.001059303245
2024-04-15 12:30:00,0.9964197069204687,1028.7669953491832,503.2398009919396
2024-04-15 12:45:00,0.9955027659217314,1021.0064561384975,491.1883282251841
2024-04-15 13:00:00,0.9903879857835414,1015.4741433900012,480.3162944842304
2024-04-15 13:15:00,0.9810973955976653,1004.2711951039338,470.95735556640034
2024-04-15 13:30:00,0.9676709125926721,988.5180739941442,459.57356883543963
2024-04-15 13:45:00,0.9501661682479488,961.1429046932359,442.96091167449265
2024-04-15 14:00:00,0.9286582614358926,936.0741552662523,427.6232273507167
2024-04-15 14:15:00,0.9032394400457142,906.9470451587656,414.3171994495187
2024-04-15 14:30:00,0.8740186996489842,873.1757077051467,398.8895666785242
2024-04-15 14:45:00,0.841121318371594,847.7288190730573,385.5511995924194
2024-04-15 15:00:00,0.8046883250347705,805.3991412546592,366.2994557634326
2024-04-15 15:15:00,0.7648758858740676,757.7308682483427,347.6829789757052
2024-04-15 15:30:00,0.7218546389443516,708.5300771290902,326.53950560460197
2024-04-15 15:45:00,0.6758089693410173,653.6197485647908,302.55423823098187
2024-04-15 16:00:00,0.6269362074860052,599.383305631598,278.6602816036405
2024-04-15 16:15:00,0.5754457887576598,543.7633536670638,255.00019551039156
2024-04-15 16:30:00,0.5215583635375964,486.3453972001334,229.05687118329178
2024-04-15 16:45:00,0.4655048380094054,425.92237693056495,201.46003633559278
2024-04-15 17:00:00,0.4075253912510258,366.4119105731832,174.793057209211
2024-04-15 17:15:00,0.3478684544010453,307.8092578182575,150.57041132560818
2024-04-15 17:30:00,0.28678963078195785,249.77193400744534,125.71455916873929
2024-04-15 17:45:00,0.2245506083000768,194.1136199658404,100.44736928922914
2024-04-15 18:00:00,0.1614180469739369,141.05939184288064,74.7043500336243
2024-04-15 18:15:00,0.09766241988050717,94.28366859315881,51.26622576593449
2024-04-15 18:30:00,0.03355686272290631,54.26839999320933,30.16631795877525
2024-04-15 18:45:00,-0.030623987572851938,23.99769843572102,13.679218697473393
2024-04-15 19:00:00,-0.0946051864657224,5.769348777482151,3.35862777545494
2024-04-15 19:15:00,-0.15811265091063786,0.0,0.0
2024-04-15 19:30:00,-0.22087432494792283,0.0,0.0
2024-04-15 19:45:00,-0.28262136202754795,0.0,0.0
2024-04-15 20:00:00,-0.34308926787554417,0.0,0.0
2024-04-15 20:15:00,-0.4020190254297895,0.0,0.0
2024-04-15 20:30:00,-0.4591582204717366,0.0,0.0
2024-04-15 20:45:00,-0.514262114229168,0.0,0.0
2024-04-15 21:00:00,-0.5670946845566032,0.0,0.0
2024-04-15 21:15:00,-0.6174296514709847,0.0,0.0
2024-04-15 21:30:00,-0.6650514383716111,0.0,0.0
2024-04-15 21:45:00,-0.709756089327864,0.0,0.0
2024-04-15 22:00:00,-0.7513521552196779,0.0,0.0
2024-04-15 22:15:00,-0.7896615065808312,0.0,0.0
2024-04-15 22:30:00,-0.8245200917269363,0.0,0.0
2024-04-15 22:45:00,-0.8557786495086342,0.0,0.0
2024-04-15 23:00:00,-0.8833033424190944,0.0,0.0
2024-04-15 23:15:00,-0.9069763266074886,0.0,0.0
2024-04-15 23:30:00,-0.9266962636591416,0.0,0.0
2024-04-15 23:45:00,-0.9423787498226911,0.0,0.0
2024-04-16 00:00:00,-0.9539566758679814,0.0,0.0
2024-04-16 00:15:00,-0.9613805183424733,0.0,0.0
2024-04-16 00:30:00,-0.9646185483704115,0.0,0.0
2024-04-16 00:45:00,-0.9636569675481739,0.0,0.0
2024-04-16 01:00:00,-0.9584999675024887,0.0,0.0
2024-04-16 01:15:00,-0.9491697102429819,0.0,0.0
2024-04-16 01:30:00,-0.935706234897986,0.0,0.0
2024-04-16 01:45:00,-0.9181672832991079,0.0,0.0
2024-04-16 02:00:00,-0.8966280526427663,0.0,0.0
2024-04-16 02:15:00,-0.8711808766979395,0.0,0.0
2024-04-16 02:30:00,-0.8419348240939808,0.0,0.0
2024-04-16 02:45:00,-0.8090152328717408,0.0,0.0
2024-04-16 03:00:00,-0.7725631783720845,0.0,0.0
2024-04-16 03:15:00,-0.7327348597475917,0.0,0.0
2024-04-16 03:30:00,-0.6897009342583436,0.0,0.0
2024-04-16 03:45:00,-0.6436457923469505,0.0,0.0
2024-04-16 04:00:00,-0.5947667559400984,0.0,0.0
2024-04-16 04:15:00,-0.5432732381262827,0.0,0.0
2024-04-16 04:30:00,-0.48938585327180645,0.0,0.0
2024-04-16 04:45:00,-0.43333545797732015,0.0,0.0
2024-04-16 05:00:00,-0.37536216837743047,0.0,0.0
2024-04-16 05:15:00,-0.3157143396560617,0.0,0.0
2024-04-16 05:30:00,-0.25464748634958634,0.0,0.0
2024-04-16 05:45:00,-0.19242319526643545,0.0,0.0
2024-04-16 06:00:00,-0.1293080133910338,5.672455758961392,3.8640577751908713
2024-04-16 06:15:00,-0.06557228932106007,18.032921671783534,12.101710880108179
2024-04-16 06:30:00,-0.0014890233564387179,42.72750872577171,28.242160531925002
2024-04-16 06:45:00,0.06266729327283377,76.29617294330212,49.65937151245832
2024-04-16 07:00:00,0.1266218713934725,118.82414247328927,76.13889051938332
2024-04-16 07:15:00,0.19010079238155933,166.84233280025492,104.88399850502984
2024-04-16 07:30:00,0.25283217299614946,94.0,58.14225522
2024-04-16 07:45:00,0.3145473469642199,116.31454734696422,70.53389755575685
2024-04-16 08:00:00,0.37498200706530577,331.4894201543998,197.66705007847807
2024-04-16 08:15:00,0.4338773292778883,389.1733307986802,227.3440053841276
2024-04-16 08:30:00,0.490981097580104,446.57458111012835,255.46007075916137
2024-04-16 08:45:00,0.5460487756610873,506.14204541143897,284.4197856683337
2024-04-16 09:00:00,0.5988445472177775,562.3657630912353,309.1935103984932
2024-04-16 09:15:00,0.6491423406982768,617.3127591388197,331.91698977824706
2024-04-16 09:30:00,0.6967267895011238,669.2090868103552,353.0570838877514
2024-04-16 09:45:00,0.7413941484320065,720.7358006675571,371.50004316138427
2024-04-16 10:00:00,0.7829531789235629,767.3625431388502,386.22691623322123
2024-04-16 10:15:00,0.821225960905533,810.8354802552929,401.55165628690224
2024-04-16 10:30:00,0.8560486501528511,846.103844475185,410.466296771793
2024-04-16 10:45:00,0.8872721899934609,884.097734264553,419.96271327641654
2024-04-16 11:00:00,0.9147629436514446,916.3156356108649,426.00581407264593
2024-04-16 11:15:00,0.9384032633409062,942.8275640497475,432.6141508356594
2024-04-16 11:30:00,0.9580920011981187,965.2943850207971,437.0693894859517
2024-04-16 11:45:00,0.9737449377081386,994.7905249339946,444.39228113767797
2024-04-16 12:00:00,0.9852951407363448,1008.9567898331379,444.60224771706936
2024-04-16 12:15:00,0.9926932560456722,1014.5262248564655,447.05644927935344
2024-04-16 12:30:00,0.9959077153459941,1017.3742357965508,448.31144065088097
2024-04-16 12:45:00,0.9949248715106562,1014.5338869293774,447.05982561308065
2024-04-16 13:00:00,0.9897490574691874,1006.0201743430082,443.30821227298617
2024-04-16 13:15:00,0.9804025659537464,995.8718426435744,440.8493057386097
2024-04-16 13:30:00,0.96692555567319,979.2252334356754,437.43896260263267
2024-04-16 13:45:00,0.949375876367673,955.5645019234634,430.7323236841669
2024-04-16 14:00:00,0.9278288210235484,928.6544978700161,422.3565928219604
2024-04-16 14:15:00,0.9023768066501376,899.6060248127162,414.6004750730502
2024-04-16 14:30:00,0.8731289722139917,867.9358207708971,405.26788093969634
2024-04-16 14:45:00,0.8402107128856675,824.771731001819,388.4474557203693
2024-04-16 15:00:00,0.8037631476844361,783.2255707382866,373.62975395536677
2024-04-16 15:15:00,0.7639425057938167,739.278522082909,358.6426408811756
2024-04-16 15:30:00,0.7209194607158262,691.4335015154811,341.02234597122134
2024-04-16 15:45:00,0.6748784053053004,636.4346551418382,319.04217234136905
2024-04-16 16:00:00,0.6260166500590327,583.3580046925626,295.97257851340913
2024-04-16 16:15:00,0.5745435827974043,476.3189499493438,247.4420906062379
2024-04-16 16:30:00,0.5206797789446008,414.57105234602056,219.5547606129013
2024-04-16 16:45:00,0.46465604260149296,349.90294559441656,189.5505223826565
2024-04-16 17:00:00,0.40671242414893544,354.96033024787187,195.87772886905503
2024-04-16 17:15:00,0.3470971999225516,267.4582539655355,150.2946059465724
2024-04-16 17:30:00,0.2860657929916788,243.1771596678061,139.10790502523005
2024-04-16 17:45:00,0.22387968640759454,189.49214484167325,110.31289759769483
2024-04-16 18:00:00,0.16080531152027286,9.0,5.330313135
2024-04-16 18:15:00,0.0971128899869581,96.35696387619177,57.65240269192404
2024-04-16 18:30:00,0.03307528437040598,6.0,3.62631087
2024-04-16 18:45:00,-0.031033162016922883,31.927716960324634,19.55478684585011
2024-04-16 19:00:00,-0.0949378175341602,3.0,1.8556038899999998
2024-04-16 19:15:00,-0.15836492990182147,0.0,0.0
2024-04-16 19:30:00,-0.22104279041676905,0.0,0.0
2024-04-16 19:45:00,-0.2827029147203458,0.0,0.0
2024-04-16 20:00:00,-0.3430811841456852,0.0,0.0
2024-04-16 20:15:00,-0.40191896904246205,0.0,0.0
2024-04-16 20:30:00,-0.45896425267174906,0.0,0.0
2024-04-16 20:45:00,-0.5139727021615235,0.0,0.0
2024-04-16 21:00:00,-0.5667087078719921,0.0,0.0
2024-04-16 21:15:00,-0.616946407214696,0.0,0.0
2024-04-16 21:30:00,-0.664470643988327,0.0,0.0
2024-04-16 21:45:00,-0.7090778839428988,0.0,0.0
2024-04-16 22:00:00,-0.7505770990315477,0.0,0.0
2024-04-16 22:15:00,-0.7887905784450009,0.0,0.0
2024-04-16 22:30:00,-0.823554684954694,0.0,0.0
2024-04-16 22:45:00,-0.8547205658592408,0.0,0.0
2024-04-16 23:00:00,-0.8821547843200719,0.0,0.0
2024-04-16 23:15:00,-0.9057398876592948,0.0,0.0
2024-04-16 23:30:00,-0.9253749174376683,0.0,0.0
2024-04-16 23:45:00,-0.9409758370480303,0.0,0.0
2024-04-17 00:00:00,-0.9524758899860212,0.0,0.0
2024-04-17 00:15:00,-0.9598258895747119,0.0,0.0
2024-04-17 00:30:00,-0.9629944263070543,0.0,0.0
2024-04-17 00:45:00,-0.9619680023795603,0.0,0.0
2024-04-17 01:00:00,-0.9567510899282132,0.0,0.0
2024-04-17 01:15:00,-0.9473661101792051,0.0,0.0
2024-04-17 01:30:00,-0.9338533390704273,0.0,0.0
2024-04-17 01:45:00,-0.916270731797733,0.0,0.0
2024-04-17 02:00:00,-0.8946936745623628,0.0,0.0
2024-04-17 02:15:00,-0.8692146649622985,0.0,0.0
2024-04-17 02:30:00,-0.8399429095695901,0.0,0.0
2024-04-17 02:45:00,-0.8070038578836609,0.0,0.0
2024-04-17 03:00:00,-0.7705386697452483,0.0,0.0
2024-04-17 03:15:00,-0.730703601460391,0.0,0.0
2024-04-17 03:30:00,-0.6876693398816428,0.0,0.0
2024-04-17 03:45:00,-0.6416202773126214,0.0,0.0
2024-04-17 04:00:00,-0.5927537098594697,0.0,0.0
2024-04-17 04:15:00,-0.5412789971432981,0.0,0.0
2024-04-17 04:30:00,-0.4874166727169832,0.0,0.0
2024-04-17 04:45:00,-0.4313974853258385,0.0,0.0
2024-04-17 05:00:00,-0.3734614167264296,0.0,0.0
2024-04-17 05:15:00,-0.3138566616536206,0.0,0.0
2024-04-17 05:30:00,-0.25283854900015634,0.0,0.0
2024-04-17 05:45:00,-0.19066845538393484,0.0,0.0
2024-04-17 06:00:00,-0.1276126940299801,5.0,3.1331002499999996
2024-04-17 06:15:00,-0.0639413572188832,4.0,2.49839478
2024-04-17 06:30:00,7.283253069742535e-05,6.0,3.7475921699999994
2024-04-17 06:45:00,0.06415568205941716,7.0,4.3580413799999995
2024-04-17 07:00:00,0.128032719234218,9.0,5.585003865000001
2024-04-17 07:15:00,0.1914303600658713,10.0,6.165132749999999
2024-04-17 07:30:00,0.2540770721304179,13.0,7.962117345000001
2024-04-17 07:45:00,0.31570455461688735,36.0,21.830634
2024-04-17 08:00:00,0.376048878822996,35.0,21.08273265
2024-04-17 08:15:00,0.4348516107065937,20.0,11.9259945
2024-04-17 08:30:00,0.49186093393844316,24.0,14.16565584
2024-04-17 08:45:00,0.5468327199571406,35.0,20.446005824999997
2024-04-17 09:00:00,0.5995315664832888,31.0,17.92133343
2024-04-17 09:15:00,0.649731820420928,189.89839092252558,108.24628147926288
2024-04-17 09:30:00,0.6972185363203698,228.76105950848518,128.5492325810912
2024-04-17 09:45:00,0.7417883909922058,289.7372285117506,160.47133197751324
2024-04-17 10:00:00,0.7832505668614538,298.49751700584363,162.9097510915837
2024-04-17 10:15:00,0.8214275620898401,276.60712367970694,149.8444795861392
2024-04-17 10:30:00,0.8561559460689423,357.8147056809645,192.38996481086443
2024-04-17 10:45:00,0.8872870693694148,396.68807588468724,211.68772036629147
2024-04-17 11:00:00,0.9146876942892972,394.81969702017557,209.09454139159683
2024-04-17 11:15:00,0.938240562255173,193.62944337353105,102.15379315618932
2024-04-17 11:30:00,0.9578449030644435,138.0,72.52621740000001
2024-04-17 11:45:00,0.9734168616536664,197.81391803157567,103.96155959350607
2024-04-17 12:00:00,0.984889855616553,164.9395594224662,86.35096341232737
2024-04-17 12:15:00,0.9922148641409005,91.0,47.8252593
2024-04-17 12:30:00,0.995360634658892,145.99536063465888,76.72819757087443
2024-04-17 12:45:00,0.9943138166917973,344.8692177839113,181.94391372324912
2024-04-17 13:00:00,0.9890790194495972,388.6177656807359,205.0244950381194
2024-04-17 13:15:00,0.9796787903913807,222.81710911352243,118.00282912914702
2024-04-17 13:30:00,0.9661535203010255,132.0,69.90654132
2024-04-17 13:45:00,0.9485612673349231,115.0,61.135881975000004
2024-04-17 14:00:00,0.9269775083317654,121.0,64.32558016499999
2024-04-17 14:15:00,0.9014948188014642,209.2119585504117,110.79760928062488
2024-04-17 14:30:00,0.8722224701710986,283.7000044630798,150.24610670062478
2024-04-17 14:45:00,0.8392859634574954,168.51785789037248,88.90558221999441
2024-04-17 15:00:00,0.8028264964530817,303.2819683971394,160.00357656287332
2024-04-17 15:15:00,0.7630003496982071,253.97100594486952,133.47504630763984
2024-04-17 15:30:00,0.7199782204414797,256.8395208497125,134.4634370637972
2024-04-17 15:45:00,0.6739444975302953,428.26778945666496,223.3457592897516
2024-04-17 16:00:00,0.625096459698692,234.6274114924673,121.88617987884054
2024-04-17 16:15:00,0.5736434354777238,282.03876170917334,147.08591898305866
2024-04-17 16:30:00,0.5198059136326902,386.68469448948383,201.65977648248594
2024-04-17 16:45:00,0.46381458466912606,376.32832568926904,197.01952397837076
2024-04-17 17:00:00,0.4059093588955919,347.37923508582844,182.56595597159784
2024-04-17 17:15:00,0.34633834672141545,291.78381997382206,155.70685242372085
2024-04-17 17:30:00,0.2853567801500811,238.12519428738642,128.99792796247303
2024-04-17 17:45:00,0.22322592682014486,188.0942448253817,103.41582589173056
2024-04-17 18:00:00,0.16021197930491532,139.99673650837934,78.10333651767104
2024-04-17 18:15:00,0.09658489811931442,96.62328086212392,54.88209648026343
2024-04-17 18:30:00,0.032617263452794726,60.52345269055895,34.989063742010885
2024-04-17 18:45:00,-0.031416883805870294,31.072889524266213,18.214708775253705
2024-04-17 19:00:00,-0.09524323305127927,13.761730076256505,8.206115859995984
2024-04-17 19:15:00,-0.15858837045810414,0.0,0.0
2024-04-17 19:30:00,-0.2211809415828106,0.0,0.0
2024-04-17 19:45:00,-0.28275283068543633,0.0,0.0
2024-04-17 20:00:00,-0.343040300418401,0.0,0.0
2024-04-17 20:15:00,-0.40178511355930285,0.0,0.0
2024-04-17 20:30:00,-0.45873565521698834,0.0,0.0
2024-04-17 20:45:00,-0.5136480019544182,0.0,0.0
2024-04-17 21:00:00,-0.5662869595260712,0.0,0.0
2024-04-17 21:15:00,-0.616427084789386,0.0,0.0
2024-04-17 21:30:00,-0.6638536432995992,0.0,0.0
2024-04-17 21:45:00,-0.7083635230092791,0.0,0.0
2024-04-17 22:00:00,-0.7497661167092597,0.0,0.0
2024-04-17 22:15:00,-0.7878841312466385,0.0,0.0
2024-04-17 22:30:00,-0.8225543420908328,0.0,0.0
2024-04-17 22:45:00,-0.8536283024143598,0.0,0.0
2024-04-17 23:00:00,-0.8809729727701348,0.0,0.0
2024-04-17 23:15:00,-0.9044712876367158,0.0,0.0
2024-04-17 23:30:00,-0.9240226637954719,0.0,0.0
2024-04-17 23:45:00,-0.9395434263331731,0.0,0.0
2024-04-18 00:00:00,-0.9509671653554438,0.0,0.0
2024-04-18 00:15:00,-0.9582450241840392,0.0,0.0
2024-04-18 00:30:00,-0.9613459052948459,0.0,0.0
2024-04-18 00:45:00,-0.9602566035066666,0.0,0.0
2024-04-18 01:00:00,-0.9549818629364762,0.0,0.0
2024-04-18 01:15:00,-0.9455443549789865,0.0,0.0
2024-04-18 01:30:00,-0.9319845828656841,0.0,0.0
2024-04-18 01:45:00,-0.9143607051956295,0.0,0.0
2024-04-18 02:00:00,-0.8927482868255688,0.0,0.0
2024-04-18 02:15:00,-0.8672399785015018,0.0,0.0
2024-04-18 02:30:00,-0.8379451137345533,0.0,0.0
2024-04-18 02:45:00,-0.8049892422352734,0.0,0.0
2024-04-18 03:00:00,-0.7685135968927757,0.0,0.0
2024-04-18 03:15:00,-0.7286744795660178,0.0,0.0
2024-04-18 03:30:00,-0.6856425949823219,0.0,0.0
2024-04-18 03:45:00,-0.6396023255643437,0.0,0.0
2024-04-18 04:00:00,-0.5907509298089444,0.0,0.0
2024-04-18 04:15:00,-0.5392977021829147,0.0,0.0
2024-04-18 04:30:00,-0.4854630838009309,0.0,0.0
2024-04-18 04:45:00,-0.4294777040892862,0.0,0.0
2024-04-18 05:00:00,-0.3715813991234813,0.0,0.0
2024-04-18 05:15:00,-0.312022192244596,0.0,0.0
2024-04-18 05:30:00,-0.25105521592408214,0.0,0.0
2024-04-18 05:45:00,-0.18894162624711375,0.0,0.0
2024-04-18 06:00:00,-0.12594749269181674,2.0,1.3340942999999998
2024-04-18 06:15:00,-0.06234264165838054,4.0,2.67627402
2024-04-18 06:30:00,0.0016004912210803163,6.0,4.01441103
2024-04-18 06:45:00,0.0656080194016284,7.0,4.69762902
2024-04-18 07:00:00,0.12940579582736952,8.0,5.36871888
2024-04-18 07:15:00,0.19272057857561165,10.0,6.7108986
2024-04-18 07:30:00,0.2552811928763591,12.0,8.02882206
2024-04-18 07:45:00,0.3168197095370292,14.0,9.338660099999998
2024-04-18 08:00:00,0.3770725838856812,17.0,11.305438514999999
2024-04-18 08:15:00,0.4357817766623148,21.0,13.795747875
2024-04-18 08:30:00,0.49269587534812553,24.0,15.621031439999998
2024-04-18 08:45:00,0.5475711624808126,28.0,17.99814492
2024-04-18 09:00:00,0.6001726523830858,33.0,20.94528051
2024-04-18 09:15:00,0.6502751123036992,52.0,32.37402168
2024-04-18 09:30:00,0.6976640189904788,658.2713740529543,400.5106401229416
2024-04-18 09:45:00,0.7421364715680248,714.3821748799232,425.98589442580015
2024-04-18 10:00:00,0.7835020730112087,585.19475457608,340.671266823206
2024-04-18 10:15:00,0.821583738459499,800.7317419829776,456.4347971091125
2024-04-18 10:30:00,0.8562184489266993,839.1055989774065,466.43583195576826
2024-04-18 10:45:00,0.8872579594462859,877.536848380971,477.1558304668027
2024-04-18 11:00:00,0.91456942788541,908.5800417122027,481.1794562763744
2024-04-18 11:15:00,0.9380359806460954,934.8262957040123,485.6312623868654
2024-04-18 11:30:00,0.9575572202263687,957.0509655317343,485.5694783625321
2024-04-18 11:45:00,0.9730496503902255,983.4992951402767,489.0482995611554
2024-04-18 12:00:00,0.98444703213424,995.4067060853258,484.90894769336404
2024-04-18 12:15:00,0.9917006711326187,1004.7297879121741,481.3269925655154
2024-04-18 12:30:00,0.9947796229806902,1005.4373904851233,475.56893976790917
2024-04-18 12:45:00,0.9936708257189371,1002.4936183754752,466.07096223341244
2024-04-18 13:00:00,0.9883791561666311,996.9014867088024,455.4107478545774
2024-04-18 13:15:00,0.9789274073360159,985.7300621603258,446.32232731477103
2024-04-18 13:30:00,0.9653561924543524,970.1023940881062,435.3245341060359
2024-04-18 13:45:00,0.9477237680322599,947.4606503634855,421.3339510414063
2024-04-18 14:00:00,0.926105784327508,920.5593877567443,405.6494560301093
2024-04-18 14:15:00,0.9005949645869369,891.6985803238531,392.9317856750538
2024-04-18 14:30:00,0.8713007016444515,858.1795823648947,376.4267729673286
2024-04-18 14:45:00,0.8383485910783123,822.475936230686,359.1034227531889
2024-04-18 15:00:00,0.801879897978031,781.5321168520953,341.2268320448665
2024-04-18 15:15:00,0.7620509426358143,735.4028050512873,322.5726997299645
2024-04-18 15:30:00,0.7190324343169237,687.8785258074189,303.1173800622932
2024-04-18 15:45:00,0.6730087461225701,635.1406295609081,281.16198651127354
2024-04-18 16:00:00,0.6241771133400199,583.2668867582747,259.37767633432
2024-04-18 16:15:00,0.5727467935070276,529.2321977380459,238.5578512401096
2024-04-18 16:30:00,0.5189381771868449,472.6241567904835,215.9071117535255
2024-04-18 16:45:00,0.4629818299322748,360.10095065999775,167.41512713790812
2024-04-18 17:00:00,0.4051175108074604,140.62047004322983,66.22882642224624
2024-04-18 17:15:00,0.3455931533646678,16.0,7.66497816
2024-04-18 17:30:00,0.28466378796663244,13.0,6.35918283
2024-04-18 17:45:00,0.222590456601331,11.0,5.46978663
2024-04-18 18:00:00,0.15963910322054292,9.0,4.5662409450000006
2024-04-18 18:15:00,0.09607941779511728,7.0,3.5939691899999997
2024-04-18 18:30:00,0.032183689251666675,6.0,3.1290575399999994
2024-04-18 18:45:00,-0.03177435231187371,5.0,2.637868275
2024-04-18 19:00:00,-0.095520725226487,3.0,1.6069772249999998
2024-04-18 19:15:00,-0.1587823613152311,0.0,0.0
2024-04-18 19:30:00,-0.22128826700754756,0.0,0.0
2024-04-18 19:45:00,-0.282770701135947,0.0,0.0
2024-04-18 20:00:00,-0.3429663129814369,0.0,0.0
2024-04-18 20:15:00,-0.4016172623164646,0.0,0.0
2024-04-18 20:30:00,-0.45847233991972763,0.0,0.0
2024-04-18 20:45:00,-0.5132880349630854,0.0,0.0
2024-04-18 21:00:00,-0.5658295709589243,0.0,0.0
2024-04-18 21:15:00,-0.6158719258136375,0.0,0.0
2024-04-18 21:30:00,-0.6632007876696207,0.0,0.0
2024-04-18 21:45:00,-0.7076134667625271,0.0,0.0
2024-04-18 22:00:00,-0.7489197760222239,0.0,0.0
2024-04-18 22:15:00,-0.7869428384668262,0.0,0.0
2024-04-18 22:30:00,-0.8215198400239117,0.0,0.0
2024-04-18 22:45:00,-0.8525027367801803,0.0,0.0
2024-04-18 23:00:00,-0.879758882943502,0.0,0.0
2024-04-18 23:15:00,-0.9031715956847615,0.0,0.0
2024-04-18 23:30:00,-0.9226406618680479,0.0,0.0
2024-04-18 23:45:00,-0.93808276243185,0.0,0.0
2024-04-19 00:00:00,-0.9494318275955058,0.0,0.0
2024-04-19 00:15:00,-0.9566393235637025,0.0,0.0
2024-04-19 00:30:00,-0.9596744570784466,0.0,0.0
2024-04-19 00:45:00,-0.9585243072987001,0.0,0.0
2024-04-19 01:00:00,-0.9531938815119217,0.0,0.0
2024-04-19 01:15:00,-0.9437060919875905,0.0,0.0
2024-04-19 01:30:00,-0.9301016594923452,0.0,0.0
2024-04-19 01:45:00,-0.9124389358843445,0.0,0.0
2024-04-19 02:00:00,-0.8907936541677335,0.0,0.0
2024-04-19 02:15:00,-0.8652586073808202,0.0,0.0
2024-04-19 02:30:00,-0.8359432448815919,0.0,0.0
2024-04-19 02:45:00,-0.8029732052706475,0.0,0.0
2024-04-19 03:00:00,-0.7664897829716572,0.0,0.0
2024-04-19 03:15:00,-0.726649313791095,0.0,0.0
2024-04-19 03:30:00,-0.6836225086343368,0.0,0.0
2024-04-19 03:45:00,-0.6375937283281369,0.0,0.0
2024-04-19 04:00:00,-0.588760182069055,0.0,0.0
2024-04-19 04:15:00,-0.5373310875630053,0.0,0.0
2024-04-19 04:30:00,-0.48352678200983634,0.0,0.0
2024-04-19 04:45:00,-0.4275777642269082,0.0,0.0
2024-04-19 05:00:00,-0.3697237135419834,0.0,0.0
2024-04-19 05:15:00,-0.3102124710987372,0.0,0.0
2024-04-19 05:30:00,-0.249298962514437,0.0,0.0
2024-04-19 05:45:00,-0.18724411321754952,0.0,0.0
2024-04-19 06:00:00,-0.12431373923997553,3.0,1.958692995
2024-04-19 06:15:00,-0.060777391892327066,6.0,3.8931297299999996
2024-04-19 06:30:00,0.0030927888148297306,8.0,5.14232712
2024-04-19 06:45:00,0.06702323117509486,10.0,6.3874818
2024-04-19 07:00:00,0.1307401208014712,12.0,7.592209379999999
2024-04-19 07:15:00,0.19397056490655767,14.0,8.7726807
2024-04-19 07:30:00,0.25644375274819414,70.0,43.2974241
2024-04-19 07:45:00,0.31789213252248105,164.29877287900624,100.29605610795878
2024-04-19 08:00:00,0.3780525486321978,212.98825328723154,128.7269363463002
2024-04-19 08:15:00,0.43666736097126274,269.7834617796836,160.87180406877334
2024-04-19 08:30:00,0.4934855644507285,346.03264046412,203.5413491179172
2024-04-19 08:45:00,0.5482638555510639,387.606586787483,225.64526752391404
2024-04-19 09:00:00,0.600767667386332,428.24565356362626,245.84076402878546
2024-04-19 09:15:00,0.6507721888752354,436.8992247298107,248.15908950544713
2024-04-19 09:30:00,0.698063319611581,466.61001986173,262.20529008193483
2024-04-19 09:45:00,0.7424385808491979,484.50331217616474,269.32212796055916
2024-04-19 10:00:00,0.7837079951708542,442.8005793480653,243.4555488985255
2024-04-19 10:15:00,0.821694892995682,497.15321648825295,270.32432463703077
2024-04-19 10:30:00,0.8562366644945217,596.6025027229606,321.9874356550492
2024-04-19 10:45:00,0.8871854659526666,612.4272612731727,326.81428737166016
2024-04-19 11:00:00,0.9144088468692507,590.6834932300196,312.8230305039872
2024-04-19 11:15:00,0.9377903139689061,615.0650303290349,323.24884133899405
2024-04-19 11:30:00,0.957229837092167,541.3971086590739,282.343784163979
2024-04-19 11:45:00,0.9726442727997805,631.1185186519529,326.58293075704785
2024-04-19 12:00:00,0.9839677188225602,635.6332209527377,326.349458892086
2024-04-19 12:15:00,0.9911518000267481,624.3011456051356,319.2693632701912
2024-04-19 12:30:00,0.9941658722946758,696.3839466256252,354.725071452723
2024-04-19 12:45:00,0.9929971537571055,740.6050265849301,374.2564183781453
2024-04-19 13:00:00,0.9876507798993013,717.1346941084813,360.94636610280264
2024-04-19 13:15:00,0.9781497798657199,664.4937445261614,333.10808273573633
2024-04-19 13:30:00,0.9645349794723939,612.9069958944788,306.00894730951217
2024-04-19 13:45:00,0.9468648233347124,646.2911244203558,322.6767975632689
2024-04-19 14:00:00,0.9252151245328974,601.5473273972375,299.1214117008766
2024-04-19 14:15:00,0.8996787431547337,607.7190432749929,302.1903179729043
2024-04-19 14:30:00,0.8703651822956792,668.8313255484279,332.5786038372699
2024-04-19 14:45:00,0.83740012071991,698.9602631365129,347.5603183823073
2024-04-19 15:00:00,0.8009248793028549,648.846716703279,322.6411905402721
2024-04-19 15:15:00,0.7610958064691902,636.4695438804243,316.4866001381221
2024-04-19 15:30:00,0.7180836118261771,606.5629898463114,302.8415456881753
2024-04-19 15:45:00,0.6720726410226519,577.2273666905231,288.1950116777904
2024-04-19 16:00:00,0.6232600742774955,529.6071434523349,265.4899637683673
2024-04-19 16:15:00,0.5718550865783703,428.0204981595158,216.29534351430698
2024-04-19 16:30:00,0.5180779589150268,374.66458399002414,190.84719280313112
2024-04-19 16:45:00,0.46215912062704567,407.68194973810853,209.31376666827006
2024-04-19 17:00:00,0.4043381685873592,138.80867633717472,72.10947427308516
2024-04-19 17:15:00,0.3448628488510116,73.0,38.512876815
2024-04-19 17:30:00,0.2839879797581725,18.0,9.64186335
2024-04-19 17:45:00,0.2219743677328945,11.0,6.00342435
2024-04-19 18:00:00,0.1590876985630612,9.0,4.984661429999999
2024-04-19 18:15:00,0.09559738262004794,8.0,4.49549352
2024-04-19 18:30:00,0.031775408982162204,6.0,3.4080045299999995
2024-04-19 18:45:00,-0.0321048110512185,5.0,2.8804308749999996
2024-04-19 19:00:00,-0.09576963216319914,4.0,2.3366863799999997
2024-04-19 19:15:00,-0.1589463386529988,0.0,0.0
2024-04-19 19:30:00,-0.22136430403980056,0.0,0.0
2024-04-19 19:45:00,-0.2827561672300966,0.0,0.0
2024-04-19 20:00:00,-0.3428589689467163,0.0,0.0
2024-04-19 20:15:00,-0.40141527011338723,0.0,0.0
2024-04-19 20:30:00,-0.45817427057793025,0.0,0.0
2024-04-19 20:45:00,-0.5128928747581356,0.0,0.0
2024-04-19 21:00:00,-0.5653367257914438,0.0,0.0
2024-04-19 21:15:00,-0.6152812238136736,0.0,0.0
2024-04-19 21:30:00,-0.6625124798916351,0.0,0.0
2024-04-19 21:45:00,-0.7068282261517668,0.0,0.0
2024-04-19 22:00:00,-0.748038694483104,0.0,0.0
2024-04-19 22:15:00,-0.7859674221559738,0.0,0.0
2024-04-19 22:30:00,-0.8204520028643183,0.0,0.0
2024-04-19 22:45:00,-0.8513447921768837,0.0,0.0
2024-04-19 23:00:00,-0.8785135338045644,0.0,0.0
2024-04-19 23:15:00,-0.9018419227455619,0.0,0.0
2024-04-19 23:30:00,-0.9212301103880767,0.0,0.0
2024-04-19 23:45:00,-0.9365951273129762,0.0,0.0
2024-04-20 00:00:00,-0.9478712370046065,0.0,0.0
2024-04-20 00:15:00,-0.9550102210868543,0.0,0.0
2024-04-20 00:30:00,-0.9579815825334249,0.0,0.0
2024-04-20 00:45:00,-0.9567726762710234,0.0,0.0
2024-04-20 01:00:00,-0.951388763682623,0.0,0.0
2024-04-20 01:15:00,-0.9418529883720999,0.0,0.0
2024-04-20 01:30:00,-0.9282062786894189,0.0,0.0
2024-04-20 01:45:00,-0.91050716940668,0.0,0.0
2024-04-20 02:00:00,-0.8888315509966049,0.0,0.0
2024-04-20 02:15:00,-0.8632723478415445,0.0,0.0
2024-04-20 02:30:00,-0.833939113946705,0.0,0.0
2024-04-20 02:45:00,-0.8009575654065981,0.0,0.0
2024-04-20 03:00:00,-0.7644690466680293,0.0,0.0
2024-04-20 03:15:00,-0.7246299158438019,0.0,0.0
2024-04-20 03:30:00,-0.6816108783575278,0.0,0.0
2024-04-20 03:45:00,-0.6355962617856012,0.0,0.0
2024-04-20 04:00:00,-0.5867832144358684,0.0,0.0
2024-04-20 04:15:00,-0.5353808657648287,0.0,0.0
2024-04-20 04:30:00,-0.48160943773374076,0.0,0.0
2024-04-20 04:45:00,-0.42569928744961877,0.0,0.0
2024-04-20 05:00:00,-0.3678899266371237,0.0,0.0
2024-04-20 05:15:00,-0.3084290036777188,0.0,0.0
2024-04-20 05:30:00,-0.24757122711883256,0.0,0.0
2024-04-20 05:45:00,-0.1855772819310894,0.0,0.0
2024-04-20 06:00:00,-0.1227127213716162,8.0,5.28786468
2024-04-20 06:15:00,-0.059246812706075076,21.0,13.753299420000001
2024-04-20 06:30:00,0.004548607989564635,38.0,24.65648829
2024-04-20 06:45:00,0.06840029170000499,85.86208896850152,55.19136858532227
2024-04-20 07:00:00,0.132034763973435,81.24459098754839,51.73061046792531
2024-04-20 07:15:00,0.1951794877424703,106.83128207098646,66.94262331288564
2024-04-20 07:30:00,0.2575640222810136,135.65089318089372,83.90477502281361
2024-04-20 07:45:00,0.3189211984686346,167.0055626943358,101.61083628318273
2024-04-20 08:00:00,0.3789882544161564,200.59298987978946,120.42448398836315
2024-04-20 08:15:00,0.4375079530099323,236.9383350660429,139.84945457700695
2024-04-20 08:30:00,0.49422969975950815,244.0787680824441,142.09051341809916
2024-04-20 08:45:00,0.5489106075648098,359.5429033852951,206.4009321141568
2024-04-20 09:00:00,0.6013165299336354,429.8199730488297,242.40043170257067
2024-04-20 09:15:00,0.6512230783792277,621.8587472357661,346.9312514931756
2024-04-20 09:30:00,0.6984165754472964,672.4950139153925,369.7435152080019
2024-04-20 09:45:00,0.7426949638883813,723.0447667968258,391.6900814297442
2024-04-20 10:00:00,0.7838686844948727,768.3917354889289,410.04281379315506
2024-04-20 10:15:00,0.8217614807954474,811.3397535211307,428.04147921194203
2024-04-20 10:30:00,0.8562111492165168,849.6682977606777,443.11016560116883
2024-04-20 10:45:00,0.8870702436480111,887.4941617405532,457.4548941327943
2024-04-20 11:00:00,0.9142067008534722,919.2768019135028,468.2625595028308
2024-04-20 11:15:00,0.9375044028110217,941.5661939584471,475.8098834972192
2024-04-20 11:30:00,0.9568636809535119,963.592946724764,481.0975649442283
2024-04-20 11:45:00,0.9722017382372024,989.815512266366,488.1875224905119
2024-04-20 12:00:00,0.9834530020992286,1002.5710178305274,490.4255694187318
2024-04-20 12:15:00,0.9905694089742364,1010.7576634434826,488.30091357276234
2024-04-20 12:30:00,0.9935206068451112,1014.3305309894723,485.9263354409693
2024-04-20 12:45:00,0.9922940852171183,1010.3035600536758,479.91280586859
2024-04-20 13:00:00,0.9868952290379907,1004.6250588049759,473.1540053775905
2024-04-20 13:15:00,0.9773472939308048,993.382756544077,463.84319562830933
2024-04-20 13:30:00,0.9636913082367817,974.7745250836323,453.1840328345978
2024-04-20 13:45:00,0.9459858942558943,765.991469040479,354.5700170716307
2024-04-20 14:00:00,0.9243070171520733,873.8795172637324,400.97750607742944
2024-04-20 14:15:00,0.8987476628293272,719.2339435988558,330.0187580703612
2024-04-20 14:30:00,0.8694174333996719,687.1965835288572,315.3184927724669
2024-04-20 14:45:00,0.8364420794105816,672.1091248465099,308.39564879228453
2024-04-20 15:00:00,0.7999629659839125,736.5743724608674,337.9753719765595
2024-04-20 15:15:00,0.760136458038646,616.1864550648206,285.2267299599591
2024-04-20 15:30:00,0.717133253902885,602.8575561543926,280.27550114670623
2024-04-20 15:45:00,0.6711376601729757,550.2936196687365,258.06259222383574
2024-04-20 16:00:00,0.6223467904060533,588.9142781100734,277.3643232066006
2024-04-20 16:15:00,0.5709697256654368,534.9562630277836,254.1140815073435
2024-04-20 16:30:00,0.5172266260973049,478.4380518854323,230.16816931179295
2024-04-20 16:45:00,0.4613477738341197,398.49448861083187,193.31971848622752
2024-04-20 17:00:00,0.40357259280616425,362.0221527254341,177.0896198224014
2024-04-20 17:15:00,0.3441486311366663,304.9828005838132,153.5031487096493
2024-04-20 17:30:00,0.28333048509218245,248.99846194977852,128.3451429438961
2024-04-20 17:45:00,0.22137871585492122,195.92591975792695,103.76138943345852
2024-04-20 18:00:00,0.15855874184636815,146.07034780101372,79.42494749953656
2024-04-20 18:15:00,0.09513968512538123,100.4891691641342,55.656053962800556
2024-04-20 18:30:00,0.03139322672139652,62.44477798805566,35.21623491460291
2024-04-20 18:45:00,-0.03240754848238152,32.45830920951276,18.633173433863284
2024-04-20 19:00:00,-0.09598933857898402,13.992778283734166,8.174183608490349
2024-04-20 19:15:00,-0.15907978673364892,0.0,0.0
2024-04-20 19:30:00,-0.22140863932047353,0.0,0.0
2024-04-20 19:45:00,-0.282708920406512,0.0,0.0
2024-04-20 20:00:00,-0.3427180665422839,0.0,0.0
2024-04-20 20:15:00,-0.4011790434559532,0.0,0.0
2024-04-20 20:30:00,-0.4578414629770351,0.0,0.0
2024-04-20 20:45:00,-0.5124626469539526,0.0,0.0
2024-04-20 21:00:00,-0.5648086595932968,0.0,0.0
2024-04-20 21:15:00,-0.6146553238664277,0.0,0.0
2024-04-20 21:30:00,-0.6617891737073122,0.0,0.0
2024-04-20 21:45:00,-0.7060083622326512,0.0,0.0
2024-04-20 22:00:00,-0.7471235386661474,0.0,0.0
2024-04-20 22:15:00,-0.7849586521406879,0.0,0.0
2024-04-20 22:30:00,-0.8193517009828815,0.0,0.0
2024-04-20 22:45:00,-0.8501554363763658,0.0,0.0
2024-04-20 23:00:00,-0.8772379869533752,0.0,0.0
2024-04-20 23:15:00,-0.9004834202841994,0.0,0.0
2024-04-20 23:30:00,-0.9197922463312704,0.0,0.0
2024-04-20 23:45:00,-0.9350818387373989,0.0,0.0
2024-04-21 00:00:00,-0.9462867870393792,0.0,0.0
2024-04-21 00:15:00,-0.9533591805043817,0.0,0.0
2024-04-21 00:30:00,-0.9562688099949417,0.0,0.0
2024-04-21 00:45:00,-0.9550032973542018,0.0,0.0
2024-04-21 01:00:00,-0.949568148731062,0.0,0.0
2024-04-21 01:15:00,-0.9399867293007218,0.0,0.0
2024-04-21 01:30:00,-0.9263001648347126,0.0,0.0
2024-04-21 01:45:00,-0.9085671625137154,0.0,0.0
2024-04-21 02:00:00,-0.8868637594655815,0.0,0.0
2024-04-21 02:15:00,-0.861283000350409,0.0,0.0
2024-04-21 02:30:00,-0.8319345325509804,0.0,0.0
2024-04-21 02:45:00,-0.7989441382060829,0.0,0.0
2024-04-21 03:00:00,-0.7624532002317705,0.0,0.0
2024-04-21 03:15:00,-0.7226180874597921,0.0,0.0
2024-04-21 03:30:00,-0.6796094882023154,0.0,0.0
2024-04-21 03:45:00,-0.6336116851969715,0.0,0.0
2024-04-21 04:00:00,-0.5848217544022972,0.0,0.0
2024-04-21 04:15:00,-0.5334487256761014,0.0,0.0
2024-04-21 04:30:00,-0.47971269457989885,0.0,0.0
2024-04-21 04:45:00,-0.42384386556755327,0.0,0.0
2024-04-21 05:00:00,-0.3660815721522412,0.0,0.0
2024-04-21 05:15:00,-0.30667325965262704,0.0,0.0
2024-04-21 05:30:00,-0.24587340960172266,0.0,0.0
2024-04-21 05:45:00,-0.18394245706188164,0.0,0.0
2024-04-21 06:00:00,-0.12114568340889292,9.731258995466424,6.353516275650275
2024-04-21 06:15:00,-0.05775206337431074,26.0,16.71256314
2024-04-21 06:30:00,0.005966878979476065,44.402216560176875,28.092577088413847
2024-04-21 06:45:00,0.06973822472310777,66.37109964058567,41.18698311299679
2024-04-21 07:00:00,0.13328884615910563,92.86404192338723,56.68878102953862
2024-04-21 07:15:00,0.19634656816862694,122.29676515799603,73.66714296531043
2024-04-21 07:30:00,0.2586413255816156,155.41598051165124,92.04620470112874
2024-04-21 07:45:00,0.3199063367963937,190.9480111099384,111.1604304951733
2024-04-21 08:00:00,0.37987923776371935,248.67403611919966,142.25235727716213
2024-04-21 08:15:00,0.43830319785721694,403.65029139861986,227.64182920084596
2024-04-21 08:30:00,0.49492803584115613,460.5307765153508,255.9964516348764
2024-04-21 08:45:00,0.5495112829575095,513.613273957724,282.3889745515817
2024-04-21 09:00:00,0.6018192143100044,442.43308657988155,239.6762409019453
2024-04-21 09:15:00,0.6516278644317668,620.9915967640533,332.6397843054057
2024-04-21 09:30:00,0.6987239784595639,547.861518909936,289.0373039651666
2024-04-21 09:45:00,0.7429059195395151,594.736722988177,310.1609045635077
2024-04-21 10:00:00,0.7839845448130689,644.5602414961606,332.2356920721153
2024-04-21 10:15:00,0.8217840083024597,680.4662762176495,347.99236917027343
2024-04-21 10:30:00,0.8561425093275841,744.1450878073954,376.04534849122945
2024-04-21 10:45:00,0.8869129953227515,752.1769745257355,375.54292202058963
2024-04-21 11:00:00,0.9139637855131153,781.2287338929773,385.3103082051703
2024-04-21 11:15:00,0.9371791316596765,804.5792980429478,393.5743736529359
2024-04-21 11:30:00,0.956459720665072,819.1413533491627,397.3861128717832
2024-04-21 11:45:00,0.9717230951167368,831.2960094607031,399.9219541584186
2024-04-21 12:00:00,0.9829040047781004,845.0587944989464,403.12666141484266
2024-04-21 12:15:00,0.9899546897094448,828.0878432679185,393.3569830707735
2024-04-21 12:30:00,0.992845081508464,895.7356685790445,425.4909465047397
2024-04-21 12:45:00,0.9915629320669977,836.789903101432,395.7991723725612
2024-04-21 13:00:00,0.9861138663445779,836.959730236701,394.1877073744373
2024-04-21 13:15:00,0.9765213565733,826.1198064260898,390.7522479085076
2024-04-21 13:30:00,0.9628266233653113,843.3687759677478,400.6157076543774
2024-04-21 13:45:00,0.9450884561152773,831.8651546173622,396.83277034833253
2024-04-21 14:00:00,0.9233829611929516,724.280545933882,346.97466039350513
2024-04-21 14:15:00,0.8978032392078498,713.3400155338304,343.1753908896538
2024-04-21 14:30:00,0.8684589799689945,687.7796562865126,333.65924331192565
2024-04-21 14:45:00,0.8354759943653663,677.0156213291837,331.1743165229482
2024-04-21 15:00:00,0.7989956802007104,716.9602482878526,352.16317739072775
2024-04-21 15:15:00,0.75917440731494,618.5138083989505,306.30781489818384
2024-04-21 15:30:00,0.7161828511419319,671.9885898030232,335.50689149749854
2024-04-21 15:45:00,0.6702052676895703,562.2831024969532,283.00686640128447
2024-04-21 16:00:00,0.6214386924518259,550.042343555946,279.0695411809909
2024-04-21 16:15:00,0.5700921012809024,500.1393132249011,254.76169357389745
2024-04-21 16:30:00,0.5163855224116818,453.7816737468866,232.06522534956937
2024-04-21 16:45:00,0.460549079960961,419.1201964543904,214.33924829012824
2024-04-21 17:00:00,0.4028220144014946,362.36093698653264,186.04486331273282
2024-04-21 17:15:00,0.3434516657476669,305.60612779388043,159.37652640727416
2024-04-21 17:30:00,0.28269239841774035,250.35004953608623,133.0901833119441
2024-04-21 17:45:00,0.22080451899545178,197.2982369027486,106.48221063376629
2024-04-21 18:00:00,0.1580531696645487,147.06923514340778,80.85992439449842
2024-04-21 18:15:00,0.09470717578274446,101.85224068804996,57.028631465350124
2024-04-21 18:30:00,0.031037902545016524,62.87684012787473,35.84118907982382
2024-04-21 18:45:00,-0.03268189883617839,32.62702972694521,18.927882376354578
2024-04-21 19:00:00,-0.09617927649924524,12.862968732571703,7.592182839428822
2024-04-21 19:15:00,-0.15918223846323692,0.0,0.0
2024-04-21 19:30:00,-0.2214209092783686,0.0,0.0
2024-04-21 19:45:00,-0.2826287028103799,0.0,0.0
2024-04-21 20:00:00,-0.3425434553455589,0.0,0.0
2024-04-21 20:15:00,-0.4009085405993033,0.0,0.0
2024-04-21 20:30:00,-0.45747398485786767,0.0,0.0
2024-04-21 20:45:00,-0.5119975291040451,0.0,0.0
2024-04-21 21:00:00,-0.5642456595475627,0.0,0.0
2024-04-21 21:15:00,-0.613994622206955,0.0,0.0
2024-04-21 21:30:00,-0.6610313732698544,0.0,0.0
2024-04-21 21:45:00,-0.7051544855242664,0.0,0.0
2024-04-21 22:00:00,-0.746175023427597,0.0,0.0
2024-04-21 22:15:00,-0.7839173451261618,0.0,0.0
2024-04-21 22:30:00,-0.8182198500071058,0.0,0.0
2024-04-21 22:45:00,-0.8489356805892474,0.0,0.0
2024-04-21 23:00:00,-0.8759333454341589,0.0,0.0
2024-04-21 23:15:00,-0.8990972790051961,0.0,0.0
2024-04-21 23:30:00,-0.9183283435338575,0.0,0.0
2024-04-21 23:45:00,-0.9335442487632543,0.0,0.0
2024-04-22 00:00:00,-0.9446799027586329,0.0,0.0
2024-04-22 00:15:00,-0.9516876943138508,0.0,0.0
2024-04-22 00:30:00,-0.954537693560813,0.0,0.0
2024-04-22 00:45:00,-0.9532177801368451,0.0,0.0
2024-04-22 01:00:00,-0.9477336953874537,0.0,0.0
2024-04-22 01:15:00,-0.9381090160826426,0.0,0.0
2024-04-22 01:30:00,-0.9243850550699887,0.0,0.0
2024-04-22 01:45:00,-0.9066206812763201,0.0,0.0
2024-04-22 02:00:00,-0.8848920675579706,0.0,0.0
2024-04-22 02:15:00,-0.8592923676817077,0.0,0.0
2024-04-22 02:30:00,-0.8299313110557099,0.0,0.0
2024-04-22 02:45:00,-0.7969347344082013,0.0,0.0
2024-04-22 03:00:00,-0.7604440475769512,0.0,0.0
2024-04-22 03:15:00,-0.7206156185133212,0.0,0.0
2024-04-22 03:30:00,-0.6776201068873281,0.0,0.0
2024-04-22 03:45:00,-0.6316417391200071,0.0,0.0
2024-04-22 04:00:00,-0.582877507420615,0.0,0.0
2024-04-22 04:15:00,-0.5315363308631548,0.0,0.0
2024-04-22 04:30:00,-0.47783816763939213,0.0,0.0
2024-04-22 04:45:00,-0.4220130588671033,0.0,0.0
2024-04-22 05:00:00,-0.3643001494161425,0.0,0.0
2024-04-22 05:15:00,-0.30494667151720245,0.0,0.0
2024-04-22 05:30:00,-0.2442068700944974,0.0,0.0
2024-04-22 05:45:00,-0.18234092103592914,0.0,0.0
2024-04-22 06:00:00,-0.11961382516752939,11.0,7.3819884600000005
2024-04-22 06:15:00,-0.056294256492271336,25.0,16.423509375
2024-04-22 06:30:00,0.007346580557922269,44.0,28.282799160000003
2024-04-22 06:45:00,0.07103610419553755,64.99450545873752,40.98961419744247
2024-04-22 07:00:00,0.13450153989898472,88.57305235656548,54.60646258509265
2024-04-22 07:15:00,0.19747108026457094,116.66343833428684,70.50964909386651
2024-04-22 07:30:00,0.2596750407657018,234.71639803262153,139.01243327035232
2024-04-22 07:45:00,0.32084703175333584,290.32092452830153,168.4235542387727
2024-04-22 08:00:00,0.38072509072283034,348.2327591512854,197.79647011366325
2024-04-22 08:15:00,0.43905279645051326,405.31211277215107,225.30190807095164
2024-04-22 08:30:00,0.49558038321382214,463.3576524650275,251.94817274398187
2024-04-22 08:45:00,0.5500658020382817,523.6494831327879,278.3806347571815
2024-04-22 09:00:00,0.6022757503499998,578.9568792701998,300.7612873531842
2024-04-22 09:15:00,0.6519866856150502,632.0694816358897,323.2421121841848
2024-04-22 09:30:00,0.6989857747862477,683.3825344777156,342.5769583388422
2024-04-22 09:45:00,0.7430717998210251,730.5758040534196,360.32774527418553
2024-04-22 10:00:00,0.7840560318859837,776.5505624972525,376.72424694159207
2024-04-22 10:15:00,0.821763032428261,818.1027102721675,390.2675369256386
2024-04-22 10:30:00,0.8560313998846016,857.482721301796,403.85353776525903
2024-04-22 10:45:00,0.8867144706979996,891.8010158588836,412.80603531221834
2024-04-22 11:00:00,0.9136809413849771,923.3340142980052,421.80319678252386
2024-04-22 11:15:00,0.9368154276307596,949.0294220387609,429.7048822942757
2024-04-22 11:30:00,0.9560189652947504,971.5165946329066,433.99536367786794
2024-04-22 11:45:00,0.9712094294695048,988.5779262215727,437.62045855861595
2024-04-22 12:00:00,0.9823218845469489,1001.3548678240497,439.2283261405546
2024-04-22 12:15:00,0.9893088659558082,1009.5169641028019,440.7679072023882
2024-04-22 12:30:00,0.9921405801340586,1012.02869457891,439.81889131506875
2024-04-22 12:45:00,0.9908050321170343,1007.8808433593413,435.9789861755249
2024-04-22 13:00:00,0.9853080771916737,1002.0417240830562,431.427676476172
2024-04-22 13:15:00,0.975673394116267,990.592586822315,426.49826628561493
2024-04-22 13:30:00,0.9619423853502794,975.623471952195,420.05333461050884
2024-04-22 13:45:00,0.9441739966475527,953.4872030867233,412.44993083460776
2024-04-22 14:00:00,0.9224444645856262,925.2246840082241,400.22441380469695
2024-04-22 14:15:00,0.8968469932817683,758.4635895132378,331.15482049979465
2024-04-22 14:30:00,0.8674913488766224,864.6326638473757,379.257314136173
2024-04-22 14:45:00,0.8345033911064741,819.9547671428828,362.9749073660443
2024-04-22 15:00:00,0.7980245389223605,779.4097538325002,348.1775004537386
2024-04-22 15:15:00,0.7582111555236897,615.6995658068947,277.53406927267577
2024-04-22 15:30:00,0.7152338819289512,562.1134642920885,256.7881747247944
2024-04-22 15:45:00,0.6692769121228319,524.0963030915893,242.5990923464752
2024-04-22 16:00:00,0.6205371922436982,469.1835958603616,219.07730631178418
2024-04-22 16:15:00,0.5692235818208368,421.5051479645762,199.37069997716102
2024-04-22 16:30:00,0.515555966311322,399.4712819855099,191.37116574788342
2024-04-22 16:45:00,0.4597643011946123,354.58383488740185,171.30081400894895
2024-04-22 17:00:00,0.40208763321989205,324.79580104588854,158.8796831743931
2024-04-22 17:15:00,0.3427730843850807,304.6355313778932,152.71258552303357
2024-04-22 17:30:00,0.28207477778008305,248.83357644572618,127.75717245477851
2024-04-22 17:45:00,0.22025275637986788,195.88840024097289,102.94959928996387
2024-04-22 18:00:00,0.15757187756623578,146.06491678237234,78.24099821359754
2024-04-22 18:15:00,0.09430066202546568,100.30575487980428,55.148962650178156
2024-04-22 18:30:00,0.030710151636566915,61.397306400789475,34.50139913377545
2024-04-22 18:45:00,-0.03292724290013589,29.854788290670513,17.198930791807165
2024-04-22 19:00:00,-0.0963389259460416,10.824684590259174,6.367234323103511
2024-04-22 19:15:00,-0.15925327596744912,0.0,0.0
2024-04-22 19:30:00,-0.2214008005488851,0.0,0.0
2024-04-22 19:45:00,-0.2825153075139284,0.0,0.0
2024-04-22 20:00:00,-0.3423350363671826,0.0,0.0
2024-04-22 20:15:00,-0.40060377156555893,0.0,0.0
2024-04-22 20:30:00,-0.45707195580865256,0.0,0.0
2024-04-22 20:45:00,-0.5114977504438517,0.0,0.0
2024-04-22 21:00:00,-0.5636480641613553,0.0,0.0
2024-04-22 21:15:00,-0.6132995657423548,0.0,0.0
2024-04-22 21:30:00,-0.660239632562783,0.0,0.0
2024-04-22 21:45:00,-0.7042672552796765,0.0,0.0
2024-04-22 22:00:00,-0.7451939110396244,0.0,0.0
2024-04-22 22:15:00,-0.7828443637327922,0.0,0.0
2024-04-22 22:30:00,-0.8170574097769419,0.0,0.0
2024-04-22 22:45:00,-0.8476865783223959,0.0,0.0
2024-04-22 23:00:00,-0.8746007524640549,0.0,0.0
2024-04-22 23:15:00,-0.8976847275020887,0.0,0.0
2024-04-22 23:30:00,-0.916839711237461,0.0,0.0
2024-04-22 23:45:00,-0.9319837422388302,0.0,0.0
2024-04-23 00:00:00,-0.9430520392183663,0.0,0.0
2024-04-23 00:15:00,-0.9499972820993434,0.0,0.0
2024-04-23 00:30:00,-0.9527898113694255,0.0,0.0
2024-04-23 00:45:00,-0.9514177550876909,0.0,0.0
2024-04-23 01:00:00,-0.9458870800032573,0.0,0.0
2024-04-23 01:15:00,-0.9362215643023433,0.0,0.0
2024-04-23 01:30:00,-0.9224626974015638,0.0,0.0
2024-04-23 01:45:00,-0.9046694991723652,0.0,0.0
2024-04-23 02:00:00,-0.8829182671391359,0.0,0.0
2024-04-23 02:15:00,-0.8573022529419381,0.0,0.0
2024-04-23 02:30:00,-0.8279312566219417,0.0,0.0
2024-04-23 02:45:00,-0.7949311580166805,0.0,0.0
2024-04-23 03:00:00,-0.7584433823518706,0.0,0.0
2024-04-23 03:15:00,-0.718624285162466,0.0,0.0
2024-04-23 03:30:00,-0.6756444859811286,0.0,0.0
2024-04-23 03:45:00,-0.6296881435358264,0.0,0.0
2024-04-23 04:00:00,-0.5809521550744312,0.0,0.0
2024-04-23 04:15:00,-0.5296453178552607,0.0,0.0
2024-04-23 04:30:00,-0.4759874419147483,0.0,0.0
2024-04-23 04:45:00,-0.42020839454928116,0.0,0.0
2024-04-23 05:00:00,-0.3625471218532913,0.0,0.0
2024-04-23 05:15:00,-0.30325063320254403,0.0,0.0
2024-04-23 05:30:00,-0.24257292755772825,0.0,0.0
2024-04-23 05:45:00,-0.18077391278459615,0.0,0.0
2024-04-23 06:00:00,-0.11811830080411292,3.0,1.8980523449999998
2024-04-23 06:15:00,-0.054874457042008745,5.0,3.1229934749999995
2024-04-23 06:30:00,0.00868674091752071,7.0,4.315592925
2024-04-23 06:45:00,0.07229305506741932,10.0,6.064064999999999
2024-04-23 07:00:00,0.1356720700861529,13.0,7.778174040000001
2024-04-23 07:15:00,0.19855235161244417,16.0,9.379087199999999
2024-04-23 07:30:00,0.2606646004406911,21.0,12.05536122
2024-04-23 07:45:00,0.3217428228051321,25.0,14.04841725
2024-04-23 08:00:00,0.3815254609756118,176.49796751707325,97.04009336348881
2024-04-23 08:15:00,0.43975650561896373,205.6685557640913,111.41541582778865
2024-04-23 08:30:00,0.49618660827383426,257.6796750950021,137.50759430803768
2024-04-23 08:45:00,0.5505741407731024,290.75396923267164,152.21870027488148
2024-04-23 09:00:00,0.6026862230631156,569.3582566130112,293.4731654929783
2024-04-23 09:15:00,0.6522997350522819,621.9202018191069,316.79462040611133
2024-04-23 09:30:00,0.6992022641988062,671.8897321120867,338.1737896939033
2024-04-23 09:45:00,0.7431930092533056,720.2041611990717,356.6681291538347
2024-04-23 10:00:00,0.7840836526120821,765.2101692161569,374.3162591862138
2024-04-23 10:15:00,0.8216991596550364,806.0027260433392,391.01223367232006
2024-04-23 10:30:00,0.8558785237020345,844.11748272235,406.0901404406001
2024-04-23 10:45:00,0.8864754653047602,877.3639796886843,418.53751985061444
2024-04-23 11:00:00,0.9133590526733542,907.6945003501704,429.3368391207445
2024-04-23 11:15:00,0.9364142591561418,933.2874208404415,439.5557103308328
2024-04-23 11:30:00,0.9555424627081994,955.9224138986383,448.28398381949097
2024-04-23 11:45:00,0.9706618634622353,965.9427280390329,451.0305406611634
2024-04-23 12:00:00,0.9817078324105355,977.9638382414602,454.66678167717026
2024-04-23 12:15:00,0.9886331917966391,985.6337500404306,458.23261302698415
2024-04-23 12:30:00,0.9914084138598431,989.9119414343705,460.22159404695657
2024-04-23 12:45:00,0.9900217472813965,986.7878980125893,458.76918986506456
2024-04-23 13:00:00,0.9844792677718308,981.2419581084449,456.190817793428
2024-04-23 13:15:00,0.9748048503518051,969.3651724381284,452.62859290887843
2024-04-23 13:30:00,0.9610400687268282,954.2086960810918,447.4803283771429
2024-04-23 13:45:00,0.9432440141498344,933.9141394896656,437.9631075793268
2024-04-23 14:00:00,0.9214930423148717,910.6448851481015,428.8916258937199
2024-04-23 14:15:00,0.8958804495549763,880.808479194426,418.40025651358155
2024-04-23 14:30:00,0.8665160669437606,848.4142089525146,404.7273275875816
2024-04-23 14:45:00,0.8335257915751794,809.982488470764,389.6683924099114
2024-04-23 15:00:00,0.7970510520252537,769.1499526952686,373.13402463128267
2024-04-23 15:15:00,0.7572481933347593,724.9361450010695,354.6154989336301
2024-04-23 15:30:00,0.7142878106867236,679.0015408547418,334.89077094592255
2024-04-23 15:45:00,0.6683540247343399,630.2199598829277,314.6528719512613
2024-04-23 16:00:00,0.6196436810819717,579.2291514817081,291.53610763183366
2024-04-23 16:15:00,0.5683655119954925,525.6252791809259,267.7437721220876
2024-04-23 16:30:00,0.5147392494695799,471.183686901514,243.82195236782331
2024-04-23 16:45:00,0.458994670001435,416.4616154509112,218.03054309324213
2024-04-23 17:00:00,0.4013706165896151,313.57565896763833,166.70195197285554
2024-04-23 17:15:00,0.34211398361683226,304.9786287107439,164.59751030204075
2024-04-23 17:30:00,0.28147864364558367,250.49480927028586,137.72419037237051
2024-04-23 17:45:00,0.21972436732646283,197.6874206840286,110.68821837758381
2024-04-23 18:00:00,0.15711571908799124,129.87778997369344,74.03321188294157
2024-04-23 18:15:00,0.09392090726929248,92.48022681732311,53.837386236959084
2024-04-23 18:30:00,0.030410643426235437,65.36292694221474,38.97589536083774
2024-04-23 18:45:00,-0.03314300870840663,35.835400380236365,21.87569185214899
2024-04-23 19:00:00,-0.09646781550314931,15.41436442021971,9.627791901123661
2024-04-23 19:15:00,-0.1592925309877213,5.610612035184181,3.5384040713984724
2024-04-23 19:30:00,-0.22134805022806897,0.0,0.0
2024-04-23 19:45:00,-0.2823685787356532,0.0,0.0
2024-04-23 20:00:00,-0.34209276224364377,0.0,0.0
2024-04-23 20:15:00,-0.40026479815036187,0.0,0.0
2024-04-23 20:30:00,-0.4566355471383765,0.0,0.0
2024-04-23 20:45:00,-0.5109635916497229,0.0,0.0
2024-04-23 21:00:00,-0.5630162628477591,0.0,0.0
2024-04-23 21:15:00,-0.6125706515122417,0.0,0.0
2024-04-23 21:30:00,-0.6594145547256146,0.0,0.0
2024-04-23 21:45:00,-0.7033473787338091,0.0,0.0
2024-04-23 22:00:00,-0.7441810103712341,0.0,0.0
2024-04-23 22:15:00,-0.7817406155334204,0.0,0.0
2024-04-23 22:30:00,-0.8158653832583578,0.0,0.0
2024-04-23 22:45:00,-0.8464092241831993,0.0,0.0
2024-04-23 23:00:00,-0.8732413901379428,0.0,0.0
2024-04-23 23:15:00,-0.8962470308546444,0.0,0.0
2024-04-23 23:30:00,-0.9153276926369585,0.0,0.0
2024-04-23 23:45:00,-0.9304017352464068,0.0,0.0
2024-04-24 00:00:00,-0.9414046798635687,0.0,0.0
2024-04-24 00:15:00,-0.9482894888442223,0.0,0.0
2024-04-24 00:30:00,-0.9510267638534624,0.0,0.0
2024-04-24 00:45:00,-0.9496048717634278,0.0,0.0
2024-04-24 01:00:00,-0.9440299947177266,0.0,0.0
2024-04-24 01:15:00,-0.93432610195942,0.0,0.0
2024-04-24 01:30:00,-0.9205348488075841,0.0,0.0
2024-04-24 01:45:00,-0.90271539514218,0.0,0.0
2024-04-24 02:00:00,-0.8809441520253929,0.0,0.0
2024-04-24 02:15:00,-0.8553144576637619,0.0,0.0
2024-04-24 02:30:00,-0.8259361713035864,0.0,0.0
2024-04-24 02:45:00,-0.7929352044093865,0.0,0.0
2024-04-24 03:00:00,-0.7564529860645737,0.0,0.0
2024-04-24 03:15:00,-0.716645847937414,0.0,0.0
2024-04-24 03:30:00,-0.6736843580299161,0.0,0.0
2024-04-24 03:45:00,-0.6277525961090267,0.0,0.0
2024-04-24 04:00:00,-0.579047353400163,0.0,0.0
2024-04-24 04:15:00,-0.5277772944942478,0.0,0.0
2024-04-24 04:30:00,-0.47416207070760685,0.0,0.0
2024-04-24 04:45:00,-0.4184313652421503,0.0,0.0
2024-04-24 05:00:00,-0.3608239155460061,0.0,0.0
2024-04-24 05:15:00,-0.30158649867331866,0.0,0.0
2024-04-24 05:30:00,-0.24097285858554723,0.0,0.0
2024-04-24 05:45:00,-0.1792426266207195,0.0,0.0
2024-04-24 06:00:00,-0.1166602177470453,3.0,2.019333645
2024-04-24 06:15:00,-0.05349368143797789,5.0,3.3251289749999997
2024-04-24 06:30:00,0.009986438491439,62.067192767727875,40.774444892028434
2024-04-24 06:45:00,0.07350825403612751,10.0,6.488549549999999
2024-04-24 07:00:00,0.1367997146241719,8.0,5.14232712
2024-04-24 07:15:00,0.19958976384734897,10.0,6.347054699999999
2024-04-24 07:30:00,0.261609492036031,12.0,7.519440599999999
2024-04-24 07:45:00,0.3225933047949403,26.0,16.134455610000003
2024-04-24 08:00:00,0.38228005192719433,30.0,18.37411695
2024-04-24 08:15:00,0.44041413804718477,35.0,21.2242275
2024-04-24 08:30:00,0.4967466332025956,40.0,23.932843199999997
2024-04-24 08:45:00,0.5510363305414925,45.0,26.651565674999997
2024-04-24 09:00:00,0.6030507723284279,49.0,28.72345455
2024-04-24 09:15:00,0.6525672598902184,54.0,31.43611296
2024-04-24 09:30:00,0.6993737994456944,58.0,33.41299815
2024-04-24 09:45:00,0.7432700040543802,61.0,34.894651365
2024-04-24 10:00:00,0.7840679641321731,64.0,36.352048319999994
2024-04-24 10:15:00,0.8215930450378088,67.0,37.9206198
2024-04-24 10:30:00,0.8556846303207946,69.0,39.0525786
2024-04-24 10:45:00,0.8861968193283987,71.0,40.041021195
2024-04-24 11:00:00,0.9129990459608295,73.0,41.02137837
2024-04-24 11:15:00,0.9359766346223806,291.9756261539581,164.07181692163266
2024-04-24 11:30:00,0.9550312981305272,298.28050077008845,168.21768807592008
2024-04-24 11:45:00,0.9700815538722649,304.4913864158285,171.7203670024102
2024-04-24 12:00:00,0.9810630710971897,76.0,42.86081142
2024-04-24 12:15:00,0.9879289500285519,76.0,43.16805737999999
2024-04-24 12:30:00,0.9906499194036774,76.0,43.321680359999995
2024-04-24 12:45:00,0.9892144618213448,77.0,44.202991139999995
2024-04-24 13:00:00,0.9836288633088532,77.0,44.358635475
2024-04-24 13:15:00,0.9739171846985999,94.0,54.34210782
2024-04-24 13:30:00,0.9601211602138823,128.0,74.25649728
2024-04-24 13:45:00,0.9423000156115847,174.71150007805792,101.70834170120143
2024-04-24 14:00:00,0.9205302145156633,74.0,43.22869803
2024-04-24 14:15:00,0.8949051341505494,72.0,42.205892399999996
2024-04-24 14:30:00,0.8655346590841307,658.4580119293712,387.3144218587168
2024-04-24 14:45:00,0.8325447122827545,697.2628926887703,410.14000782521464
2024-04-24 15:00:00,0.7960767204648905,611.9170003357286,361.175234558379
2024-04-24 15:15:00,0.7562869990852475,577.3387636597121,341.93293280889156
2024-04-24 15:30:00,0.7133460861401525,534.0978223213336,317.4027832696718
2024-04-24 15:45:00,0.6674380177482543,653.9365298791348,388.62033506002854
2024-04-24 16:00:00,0.6187595279875799,600.732279382511,358.21649299441447
2024-04-24 16:15:00,0.5675192111249833,546.2342930769876,327.92762558634234
2024-04-24 16:30:00,0.5139366352199372,489.03437735835473,295.56511306971396
2024-04-24 16:45:00,0.4582413876800581,432.3942472130005,263.0807043461456
2024-04-24 17:00:00,0.40067209798898445,374.84761726066364,229.58313193254241
2024-04-24 17:15:00,0.3414754235823414,317.12951685687506,195.5145570365997
2024-04-24 17:30:00,0.2809049776458834,239.2504978840688,148.46832837618874
2024-04-24 17:45:00,0.2192202501444438,204.7753098249663,127.90239128489463
2024-04-24 18:00:00,0.15668550471449472,138.59133950366027,87.124254386413
2024-04-24 18:15:00,0.09356863010806453,94.96541272922742,60.08310810820098
2024-04-24 18:30:00,0.030140000899356076,58.01186026890747,37.05497016517896
2024-04-24 18:45:00,-0.033328672145732124,37.13429353797918,23.869585592798888
2024-04-24 19:00:00,-0.09656552280134598,16.764054583057327,10.877439882107206
2024-04-24 19:15:00,-0.1592996853291609,6.495406922758461,4.227706489833482
2024-04-24 19:30:00,-0.22126244625165933,0.0,0.0
2024-04-24 19:45:00,-0.28218841203909883,0.0,0.0
2024-04-24 20:00:00,-0.3418166371718258,0.0,0.0
2024-04-24 20:15:00,-0.39989173379862125,0.0,0.0
2024-04-24 20:30:00,-0.45616498160379926,0.0,0.0
2024-04-24 20:45:00,-0.510395384414122,0.0,0.0
2024-04-24 21:00:00,-0.5623506954158229,0.0,0.0
2024-04-24 21:15:00,-0.6118084261352161,0.0,0.0
2024-04-24 21:30:00,-0.6585567913799485,0.0,0.0
2024-04-24 21:45:00,-0.702395610283439,0.0,0.0
2024-04-24 22:00:00,-0.7431371759078687,0.0,0.0
2024-04-24 22:15:00,-0.7806070520048287,0.0,0.0
2024-04-24 22:30:00,-0.814644815366667,0.0,0.0
2024-04-24 22:45:00,-0.845104752607715,0.0,0.0
2024-04-24 23:00:00,-0.8718564781138145,0.0,0.0
2024-04-24 23:15:00,-0.8947854892182354,0.0,0.0
2024-04-24 23:30:00,-0.9137936633622356,0.0,0.0
2024-04-24 23:45:00,-0.9287996735259185,0.0,0.0
2024-04-25 00:00:00,-0.9397393348721614,0.0,0.0
2024-04-25 00:15:00,-0.9465658832147796,0.0,0.0
2024-04-25 00:30:00,-0.9492501719726913,0.0,0.0
2024-04-25 00:45:00,-0.9477807969899894,0.0,0.0
2024-04-25 01:00:00,-0.9421641455992054,0.0,0.0
2024-04-25 01:15:00,-0.9324243675717601,0.0,0.0
2024-04-25 01:30:00,-0.9186032733152851,0.0,0.0
2024-04-25 01:45:00,-0.9007601516952107,0.0,0.0
2024-04-25 02:00:00,-0.878971516079098,0.0,0.0
2024-04-25 02:15:00,-0.8533307798789777,0.0,0.0
2024-04-25 02:30:00,-0.8239478501162749,0.0,0.0
2024-04-25 02:45:00,-0.7909486583888599,0.0,0.0
2024-04-25 03:00:00,-0.754474626201293,0.0,0.0
2024-04-25 03:15:00,-0.7146820499336763,0.0,0.0
2024-04-25 03:30:00,-0.6717414347951536,0.0,0.0
2024-04-25 03:45:00,-0.6258367704666656,0.0,0.0
2024-04-25 04:00:00,-0.5771647312190016,0.0,0.0
2024-04-25 04:15:00,-0.5259338383260832,0.0,0.0
2024-04-25 04:30:00,-0.4723635740458213,0.0,0.0
2024-04-25 04:45:00,-0.41668342748620035,0.0,0.0
2024-04-25 05:00:00,-0.3591319178419002,0.0,0.0
2024-04-25 05:15:00,-0.29995558066538697,0.0,0.0
2024-04-25 05:30:00,-0.2394078962396029,0.0,0.0
2024-04-25 05:45:00,-0.17774821113938924,0.0,0.0
2024-04-25 06:00:00,-0.11524063580080995,16.0,11.57832144
2024-04-25 06:15:00,-0.052152896607826,33.634929723745216,24.13578734696806
2024-04-25 06:30:00,0.0112448027734047,52.41605770261597,37.294914031749904
2024-04-25 06:45:00,0.07468093017186538,85.09641485926174,60.03151221658722
2024-04-25 07:00:00,0.13788380491937005,141.97123719589638,99.29309747609045
2024-04-25 07:15:00,0.20058275302148942,196.9863652532475,136.1773460230755
2024-04-25 07:30:00,0.26250925808606373,254.85655472493312,174.63773862866984
2024-04-25 07:45:00,0.3233981281356938,316.45917925499157,214.2915753347961
2024-04-25 08:00:00,0.38298862281165547,377.94400064401947,252.87042748461315
2024-04-25 08:15:00,0.4410255622096522,441.5230121363341,291.83924266036655
2024-04-25 08:30:00,0.4972604357139211,502.1850681782633,327.8754584114539
2024-04-25 08:45:00,0.5514524578152714,563.9694481305472,363.65440596046926
2024-04-25 09:00:00,0.6033695923715392,622.6023068030414,397.68609033424434
2024-04-25 09:15:00,0.6527895606974127,678.4273419918559,427.8588599600477
2024-04-25 09:30:00,0.6995007855701875,731.8412219390023,455.6277612571336
2024-04-25 09:45:00,0.7433032914042217,782.9885774629473,482.72285217927276
2024-04-25 10:00:00,0.7840095729559057,830.8890464433308,505.5360402705111
2024-04-25 10:15:00,0.8214453912006987,609.2555337050298,366.99347236103455
2024-04-25 10:30:00,0.8554505148750267,689.241830664012,410.994714083447
2024-04-25 10:45:00,0.885879416360106,641.6497043243919,378.7245367207123
2024-04-25 11:00:00,0.9126018888965637,692.4106611137972,403.0870325459557
2024-04-25 11:15:00,0.935503600960973,684.1351090959797,395.5036581057574
2024-04-25 11:30:00,0.9544865926699965,725.1613342491587,416.2896108167031
2024-04-25 11:45:00,0.9694696905372443,701.9935587084871,398.7328713515574
2024-04-25 12:00:00,0.9803888534452344,671.234491387192,378.54809149929014
2024-04-25 12:15:00,0.9871974504819829,641.4266875468786,360.4411896777572
2024-04-25 12:30:00,0.989866457333026,691.3652789065868,385.7085270830057
2024-04-25 12:45:00,0.9883845805722249,615.0021478584226,341.8628583106995
2024-04-25 13:00:00,0.9827583062422158,732.413691222478,405.6482530489572
2024-04-25 13:15:00,0.9730118703788974,1046.7945261379093,579.7684777305292
2024-04-25 13:30:00,0.959187156848469,621.7966185265423,344.3828468526309
2024-04-25 13:45:00,0.9413435148242981,686.1684285065867,380.03525556227714
2024-04-25 14:00:00,0.9195575046068789,589.3137133983414,326.39214859408736
2024-04-25 14:15:00,0.8939225729441599,622.101636684314,345.80926980050594
2024-04-25 14:30:00,0.8645486464470873,649.5401857313509,362.3745593876025
2024-04-25 14:45:00,0.831561662489895,533.6492091729992,298.79837572658494
2024-04-25 15:00:00,0.7951030344984715,834.0849978075908,468.7029628466548
2024-04-25 15:15:00,0.7553290369816176,564.0778596846949,319.2564485776278
2024-04-25 15:30:00,0.7124101395263548,585.5057886469665,332.5677300083473
2024-04-25 15:45:00,0.6665302826673948,529.6084306989776,302.9590417902555
2024-04-25 16:00:00,0.61788607815494,511.3576720153293,294.5860853282156
2024-04-25 16:15:00,0.5666859716795308,494.7786164696296,287.03536709436884
2024-04-25 16:30:00,0.5131493571550281,273.2097408582626,160.1536239624405
2024-04-25 16:45:00,0.4575056229861987,319.61150696030126,188.646108754308
2024-04-25 17:00:00,0.3999931757122347,156.39992493283458,92.9450924572073
2024-04-25 17:15:00,0.3408584267828781,187.60953256941312,113.00918907864012
2024-04-25 17:30:00,0.2803547214859956,155.50341161807572,95.2412623731504
2024-04-25 17:45:00,0.2187412610891581,125.93706305445791,78.15099821176624
2024-04-25 18:00:00,0.1562820009750306,99.46987003412607,62.53087885342042
2024-04-25 18:15:00,0.09324450347127858,75.95813457289685,48.518120214632944
2024-04-25 18:30:00,0.029898799868033593,55.23919039894427,35.95388041425227
2024-04-25 18:45:00,-0.033483757600828556,37.0,24.456374144999998
2024-04-25 19:00:00,-0.09663167503754996,21.0,14.135335515000001
2024-04-25 19:15:00,-0.1592744711945551,0.0,0.0
2024-04-25 19:30:00,-0.22114382756451761,0.0,0.0
2024-04-25 19:45:00,-0.28197475439215397,0.0,0.0
2024-04-25 20:00:00,-0.3415067169230771,0.0,0.0
2024-04-25 20:15:00,-0.39948474344752727,0.0,0.0
2024-04-25 20:30:00,-0.4556605331712532,0.0,0.0
2024-04-25 20:45:00,-0.5097935111357839,0.0,0.0
2024-04-25 21:00:00,-0.5616518515840059,0.0,0.0
2024-04-25 21:15:00,-0.6110134851255775,0.0,0.0
2024-04-25 21:30:00,-0.6576670418417238,0.0,0.0
2024-04-25 21:45:00,-0.7014127505783279,0.0,0.0
2024-04-25 22:00:00,-0.742063306765858,0.0,0.0
2024-04-25 22:15:00,-0.779444667416513,0.0,0.0
2024-04-25 22:30:00,-0.8133967918103241,0.0,0.0
2024-04-25 22:45:00,-0.8437743366044101,0.0,0.0
2024-04-25 23:00:00,-0.8704472722007821,0.0,0.0
2024-04-25 23:15:00,-0.8933014363652553,0.0,0.0
2024-04-25 23:30:00,-0.9122390299348223,0.0,0.0
2024-04-25 23:45:00,-0.9271790308457399,0.0,0.0
2024-04-26 00:00:00,-0.9380575394679609,0.0,0.0
2024-04-26 00:15:00,-0.9448280558271658,0.0,0.0
2024-04-26 00:30:00,-0.9474616754285246,0.0,0.0
2024-04-26 00:45:00,-0.9459472130376851,0.0,0.0
2024-04-26 01:00:00,-0.9402912507867145,0.0,0.0
2024-04-26 01:15:00,-0.9305181082916381,0.0,0.0
2024-04-26 01:30:00,-0.9166697401199502,0.0,0.0
2024-04-26 01:45:00,-0.8988055529749552,0.0,0.0
2024-04-26 02:00:00,-0.8770021512550377,0.0,0.0
2024-04-26 02:15:00,-0.8513530121900861,0.0,0.0
2024-04-26 02:30:00,-0.8219680791248403,0.0,0.0
2024-04-26 02:45:00,-0.7889732923486937,0.0,0.0
2024-04-26 03:00:00,-0.7525100543766603,0.0,0.0
2024-04-26 03:15:00,-0.7127346150234526,0.0,0.0
2024-04-26 03:30:00,-0.6698174054927175,0.0,0.0
2024-04-26 03:45:00,-0.6239423144384973,0.0,0.0
2024-04-26 04:00:00,-0.5753058884352168,0.0,0.0
2024-04-26 04:15:00,-0.5241164949994682,0.0,0.0
2024-04-26 04:30:00,-0.47059343720455776,0.0,0.0
2024-04-26 04:45:00,-0.41496600034379205,0.0,0.0
2024-04-26 05:00:00,-0.3574724760254962,0.0,0.0
2024-04-26 05:15:00,-0.29835914943714775,0.0,0.0
2024-04-26 05:30:00,-0.2378792288099877,0.0,0.0
2024-04-26 05:45:00,-0.17629176815642725,0.0,0.0
2024-04-26 06:00:00,-0.11386056607269701,0.0,0.0
2024-04-26 06:15:00,-0.05085301919865774,10.79429099415972,8.269436653477394
2024-04-26 06:30:00,0.012461014982402568,47.47972779084934,35.9900194382521
2024-04-26 06:45:00,0.07581036550711057,93.78946076629478,70.33484611835115
2024-04-26 07:00:00,0.1389237263570987,146.80104920654193,108.60575474371359
2024-04-26 07:15:00,0.20153080995126504,204.90065235495956,149.93205884702726
2024-04-26 07:30:00,0.2633634964671959,264.68298430800326,191.00152372728772
2024-04-26 07:45:00,0.3241569989292216,327.00144214444805,232.66707203023353
2024-04-26 08:00:00,0.3836509886268648,390.0466695716709,273.5827066628995
2024-04-26 08:15:00,0.44159070223950325,452.5600504147753,313.7710906022122
2024-04-26 08:30:00,0.4977280487801759,514.0097707314342,352.2197186196081
2024-04-26 08:45:00,0.5518226637089105,575.4331066831838,389.6567867654617
2024-04-26 09:00:00,0.6036429312927067,634.1259962702412,424.27373230616587
2024-04-26 09:15:00,0.6529669908877095,691.3004005529067,458.3352349403556
2024-04-26 09:30:00,0.6995836791695441,745.6086584193715,488.31329187552956
2024-04-26 09:45:00,0.7432934285344641,795.8720505362754,516.4055235364726
2024-04-26 10:00:00,0.783909133968571,844.3366777437967,541.0252203813375
2024-04-26 10:15:00,0.8212569472814473,888.7979819157224,564.1249408468701
2024-04-26 10:30:00,0.8551770168925136,928.6527684870932,583.7895811388661
2024-04-26 10:45:00,0.88552418214123,959.2716017698405,597.2207621674065
2024-04-26 11:00:00,0.9121685888531867,990.8373856649762,610.8644016287525
2024-04-26 11:15:00,0.9349962422323672,1017.9712985988817,621.4197750323615
2024-04-26 11:30:00,0.9539095018024519,1040.416497282625,630.9153266594161
2024-04-26 11:45:00,0.9688274947758706,1058.1080473228876,635.2271616229175
2024-04-26 12:00:00,0.9796864607514502,1070.82865552619,636.3703079553957
2024-04-26 12:15:00,0.986440028312541,1078.5213881426657,636.5817833545025
2024-04-26 12:30:00,0.9890594103138666,1083.1141132622972,634.9138572398601
2024-04-26 12:45:00,0.9875335271496344,1080.6083259867364,629.0763963191768
2024-04-26 13:00:00,0.9818690544022911,1072.995971021475,622.4759562781807
2024-04-26 13:15:00,0.972090392554219,1061.3415790212312,611.4242106268013
2024-04-26 13:30:00,0.9582395641203622,1038.949491530316,596.4243528444423
2024-04-26 13:45:00,0.9403760305274739,1017.6281338863969,582.1275237898584
2024-04-26 14:00:00,0.9185764374356433,991.6120264997522,565.2407796467646
2024-04-26 14:15:00,0.8929342897009362,961.1462610099081,547.8746197194785
2024-04-26 14:30:00,0.8635595445536467,926.4714009497154,528.1091828240128
2024-04-26 14:45:00,0.8305781423460584,887.0327040828319,505.62825362030134
2024-04-26 15:00:00,0.7941314718360406,844.8366353005665,479.86784670238137
2024-04-26 15:15:00,0.7543757553322356,798.3588342569692,455.08218724029786
2024-04-26 15:30:00,0.7114813829282759,748.2547233574401,428.03422465200646
2024-04-26 15:45:00,0.6656321886750657,695.7190848263601,397.98155595069994
2024-04-26 16:00:00,0.6170246513469142,640.5562355149166,367.72080004074814
2024-04-26 16:15:00,0.5658670577255084,581.792346087075,335.16252730157925
2024-04-26 16:30:00,0.5123786175804268,523.2322614422301,303.54214842650947
2024-04-26 16:45:00,0.4567885107218182,461.4430800706582,268.6291998094729
2024-04-26 17:00:00,0.39933491155857664,399.8539623895914,234.3915737823436
2024-04-26 17:15:00,0.3402639768968051,337.48906970226966,200.56245423548117
2024-04-26 17:30:00,0.27982877587894794,276.11021211624256,166.87691058585602
2024-04-26 17:45:00,0.21828821343545002,215.94922546008857,132.26254412885282
2024-04-26 18:00:00,0.15590592961860175,158.45697284446317,98.3314228636141
2024-04-26 18:15:00,0.09294915384836641,104.60603469365515,66.3940224150727
2024-04-26 18:30:00,0.029687568345974136,57.85316149675019,37.42136872232432
2024-04-26 18:45:00,-0.03360783841682477,18.212551096597103,12.038188209548887
2024-04-26 19:00:00,-0.09666594934004821,0.0,0.0
2024-04-26 19:15:00,-0.15921667143454357,0.0,0.0
2024-04-26 19:30:00,-0.22099208425437716,0.0,0.0
2024-04-26 19:45:00,-0.28172760414326,0.0,0.0
2024-04-26 20:00:00,-0.3411631087546578,0.0,0.0
2024-04-26 20:15:00,-0.3990440433135438,0.0,0.0
2024-04-26 20:30:00,-0.4551225266613439,0.0,0.0
2024-04-26 20:45:00,-0.5091584043894868,0.0,0.0
2024-04-26 21:00:00,-0.5609202703891606,0.0,0.0
2024-04-26 21:15:00,-0.610186472195786,0.0,0.0
2024-04-26 21:30:00,-0.6567460522934669,0.0,0.0
2024-04-26 21:45:00,-0.7003996456344975,0.0,0.0
2024-04-26 22:00:00,-0.7409603456776644,0.0,0.0
2024-04-26 22:15:00,-0.7782544977071267,0.0,0.0
2024-04-26 22:30:00,-0.8121224378243406,0.0,0.0
2024-04-26 22:45:00,-0.8424191864138442,0.0,0.0
2024-04-26 23:00:00,-0.8690150629523705,0.0,0.0
2024-04-26 23:15:00,-0.891796238162623,0.0,0.0
2024-04-26 23:30:00,-0.9106652281996301,0.0,0.0
2024-04-26 23:45:00,-0.9255413073809782,0.0,0.0
2024-04-27 00:00:00,-0.9363608522305531,0.0,0.0
2024-04-27 00:15:00,-0.9430776174910235,0.0,0.0
2024-04-27 00:30:00,-0.9456629308603235,0.0,0.0
2024-04-27 00:45:00,-0.944105815778769,0.0,0.0
2024-04-27 01:00:00,-0.9384130386184318,0.0,0.0
2024-04-27 01:15:00,-0.9286090780119991,0.0,0.0
2024-04-27 01:30:00,-0.914736021643693,0.0,0.0
2024-04-27 01:45:00,-0.8968533828473421,0.0,0.0
2024-04-27 02:00:00,-0.8750378457124816,0.0,0.0
2024-04-27 02:15:00,-0.8493829398721479,0.0,0.0
2024-04-27 02:30:00,-0.8199986335814424,0.0,0.0
2024-04-27 02:45:00,-0.7870108644097604,0.0,0.0
2024-04-27 03:00:00,-0.7505610045460834,0.0,0.0
2024-04-27 03:15:00,-0.7108052460258178,0.0,0.0
2024-04-27 03:30:00,-0.6679139350487793,0.0,0.0
2024-04-27 03:45:00,-0.6220708484008122,0.0,0.0
2024-04-27 04:00:00,-0.5734723944508974,0.0,0.0
2024-04-27 04:15:00,-0.5223267767238066,0.0,0.0
2024-04-27 04:30:00,-0.4688531092357017,0.0,0.0
2024-04-27 04:45:00,-0.41328046399332946,0.0,0.0
2024-04-27 05:00:00,-0.35584689602082886,0.0,0.0
2024-04-27 05:15:00,-0.2967984315671774,0.0,0.0
2024-04-27 05:30:00,-0.23638799880827563,0.0,0.0
2024-04-27 05:45:00,-0.17487435171793067,0.0,0.0
2024-04-27 06:00:00,-0.11252097016844619,0.0,0.0
2024-04-27 06:15:00,-0.04959491481542193,12.4181103515999,9.588738409807638
2024-04-27 06:30:00,0.013634308715279861,49.048937605799686,37.47692917363672
2024-04-27 06:45:00,0.0768958956055485,95.06064146772356,71.8645872973124
2024-04-27 07:00:00,0.13991891874946014,147.6263242121426,110.1115219652213
2024-04-27 07:15:00,0.20243348053510263,204.3350716215282,150.3442736059024
2024-04-27 07:30:00,0.2641718605845655,264.44975474134696,191.36776657027994
2024-04-27 07:45:00,0.3248696789812008,325.6216554320922,231.68533038320973
2024-04-27 08:00:00,0.3842670200583353,388.25175750801,271.5389424289708
2024-04-27 08:15:00,0.4421095376708838,449.90888794490945,310.1141228454319
2024-04-27 08:30:00,0.49814956035761426,511.3901175111244,346.2898252788691
2024-04-27 08:45:00,0.5521471436107558,571.4109578135726,380.0030264916826
2024-04-27 09:00:00,0.6038710904676673,630.7110790541742,411.7897908041008
2024-04-27 09:15:00,0.6530999559787771,686.5050594564538,439.8915277230592
2024-04-27 09:30:00,0.6996229875881608,740.4478704073422,466.9728975872168
2024-04-27 09:45:00,0.7432410218211989,791.362765621033,491.0849005122843
2024-04-27 10:00:00,0.7837673494042059,838.4978186810166,511.8603310005498
2024-04-27 10:15:00,0.8210285077478484,882.6504529611781,531.6766720909119
2024-04-27 10:30:00,0.8548650191101804,922.219068536875,548.0548448330123
2024-04-27 10:45:00,0.8851320832613438,957.8889132630716,561.507727837974
2024-04-27 11:00:00,0.9117001915189755,989.3778878801149,571.9668069989901
2024-04-27 11:15:00,0.9344556781336854,1016.43884296168,581.4471976883904
2024-04-27 11:30:00,0.9533012138171825,1038.8149004651934,587.9478340763499
2024-04-27 11:45:00,0.9681562177649026,1057.4109680227834,592.0606163931511
2024-04-27 12:00:00,0.9789572010999728,1070.083457893373,592.6670821602361
2024-04-27 12:15:00,0.9856580422854855,1077.729752074058,592.5450430569948
2024-04-27 12:30:00,0.9882301813426391,1081.2772606172684,590.124203226455
2024-04-27 12:45:00,0.986662742144772,1078.7294284340483,584.372693181698
2024-04-27 13:00:00,0.9809625791749291,1072.0768036998795,576.4347168063769
2024-04-27 13:15:00,0.9711542464761908,1060.3850125043814,565.8614403950095
2024-04-27 13:30:00,0.9572798941192862,1043.7070951780934,554.851772063287
2024-04-27 13:45:00,0.9393990845285388,1016.611102837968,538.3921671735848
2024-04-27 14:00:00,0.9175885373729527,990.5664124760018,520.5944563795115
2024-04-27 14:15:00,0.8919418042138523,960.0754918916506,504.56988293728836
2024-04-27 14:30:00,0.8625688614680054,925.3789513166251,486.33503623604037
2024-04-27 14:45:00,0.8295956410937481,886.0934328856232,465.6884416679349
2024-04-27 15:00:00,0.7931634959073941,842.9189941202096,441.2941775502028
2024-04-27 15:15:00,0.7534285848704623,796.7160126084937,418.7159328732228
2024-04-27 15:30:00,0.7105612076034549,747.4008006560061,394.3089721520156
2024-04-27 15:45:00,0.6647450809650015,690.9180236781514,364.51014705725885
2024-04-27 16:00:00,0.6161765403153753,635.0941801225763,336.3427086729576
2024-04-27 16:15:00,0.5650637034346837,578.2560590225216,308.5792449129638
2024-04-27 16:30:00,0.5116255861754333,519.0212552832236,279.06757171982343
2024-04-27 16:45:00,0.45609115047065724,458.5726575458227,247.49248182967423
2024-04-27 17:00:00,0.39869832971856567,397.3378370503496,216.05026155133461
2024-04-27 17:15:00,0.33969301765870813,335.678097915062,185.91574084144142
2024-04-27 17:30:00,0.2793279994923735,274.6133116172497,154.31529536013585
2024-04-27 17:45:00,0.21786187650206518,214.24620856346215,122.55814350975557
2024-04-27 18:00:00,0.15555796674060715,156.66825804880074,91.20446402349127
2024-04-27 18:15:00,0.09268316063397045,104.60989638038227,61.955944969704504
2024-04-27 18:30:00,0.029506785925920556,57.55007618296013,34.78241113859941
2024-04-27 18:45:00,-0.03370053738765509,19.441367848532998,11.985861362778781
2024-04-27 19:00:00,-0.09666807309441068,0.0,0.0
2024-04-27 19:15:00,-0.1591261197785609,0.0,0.0
2024-04-27 19:30:00,-0.22080715767917825,0.0,0.0
2024-04-27 19:45:00,-0.28144701110407955,0.0,0.0
2024-04-27 20:00:00,-0.34078597123453286,0.0,0.0
2024-04-27 20:15:00,-0.39856990060680514,0.0,0.0
2024-04-27 20:30:00,-0.4545513373103689,0.0,0.0
2024-04-27 20:45:00,-0.5084905463916987,0.0,0.0
2024-04-27 21:00:00,-0.5601565395113192,0.0,0.0
2024-04-27 21:15:00,-0.6093280785095863,0.0,0.0
2024-04-27 21:30:00,-0.6557946149390067,0.0,0.0
2024-04-27 21:45:00,-0.6993571858216296,0.0,0.0
2024-04-27 22:00:00,-0.7398292778940738,0.0,0.0
2024-04-27 22:15:00,-0.7770376192953101,0.0,0.0
2024-04-27 22:30:00,-0.8108229168934162,0.0,0.0
2024-04-27 22:45:00,-0.841040548109667,0.0,0.0
2024-04-27 23:00:00,-0.8675611742284337,0.0,0.0
2024-04-27 23:15:00,-0.8902712910580372,0.0,0.0
2024-04-27 23:30:00,-0.9090737217192546,0.0,0.0
2024-04-27 23:45:00,-0.9238880280335062,0.0,0.0
2024-04-28 00:00:00,-0.9346508533616076,0.0,0.0
2024-04-28 00:15:00,-0.9413161974301214,0.0,0.0
2024-04-28 00:30:00,-0.9438556100274509,0.0,0.0
2024-04-28 00:45:00,-0.9422583128339348,0.0,0.0
2024-04-28 01:00:00,-0.9365312457454278,0.0,0.0
2024-04-28 01:15:00,-0.9266990354657464,0.0,0.0
2024-04-28 01:30:00,-0.9128038916514017,0.0,0.0
2024-04-28 01:45:00,-0.8949054229940947,0.0,0.0
2024-04-28 02:00:00,-0.8730803818994857,0.0,0.0
2024-04-28 02:15:00,-0.8474223390029654,0.0,0.0
2024-04-28 02:30:00,-0.8180412760528839,0.0,0.0
2024-04-28 02:45:00,-0.7850631165539725,0.0,0.0
2024-04-28 03:00:00,-0.7486291911451346,0.0,0.0
2024-04-28 03:15:00,-0.7088956229786307,0.0,0.0
2024-04-28 03:30:00,-0.6660326623824169,0.0,0.0
2024-04-28 03:45:00,-0.6202239636604759,0.0,0.0
2024-04-28 04:00:00,-0.5716657866077415,0.0,0.0
2024-04-28 04:15:00,-0.5205661607859358,0.0,0.0
2024-04-28 04:30:00,-0.4671440015415782,0.0,0.0
2024-04-28 04:45:00,-0.4116281584270419,0.0,0.0
2024-04-28 05:00:00,-0.35425644113057286,0.0,0.0
2024-04-28 05:15:00,-0.29527460881027734,0.0,0.0
2024-04-28 05:30:00,-0.2349353018783103,0.0,0.0
2024-04-28 05:45:00,-0.1734969671861333,1.0,0.709495605
2024-04-28 06:00:00,-0.11122275938198069,4.0,2.80564074
2024-04-28 06:15:00,-0.04837939726884406,6.0,4.147820459999999
2024-04-28 06:30:00,0.014763970567703497,8.0,5.44957308
2024-04-28 06:45:00,0.0779369100140125,11.0,7.3819884600000005
2024-04-28 07:00:00,0.14086887664485004,14.0,9.253763189999999
2024-04-28 07:15:00,0.20329036598189762,18.0,11.67938919
2024-04-28 07:30:00,0.26493405941532616,22.0,14.007990150000001
2024-04-28 07:45:00,0.3255359857882831,27.0,16.91874135
2024-04-28 08:00:00,0.38483664332902345,32.0,19.66374144
2024-04-28 08:15:00,0.4425821032290604,37.0,22.511830635
2024-04-28 08:30:00,0.4985251129296402,41.0,24.614039834999996
2024-04-28 08:45:00,0.5524261465909115,324.9202513500003,193.09307735226844
2024-04-28 09:00:00,0.6040544239481956,360.379782624592,211.98054337257548
2024-04-28 09:15:00,0.6531889128654373,394.2847147555465,230.32993070286759
2024-04-28 09:30:00,0.6996192680377955,428.6387021540851,248.66569234849646
2024-04-28 09:45:00,0.7431467258549178,460.59179666948114,265.3405663796991
2024-04-28 10:00:00,0.7835849678135176,526.090202725855,300.94646246985053
2024-04-28 10:15:00,0.8207609113151737,467.31207026913603,266.37821232328116
2024-04-28 10:30:00,0.8545154461997266,440.0702665883776,249.9602436752497
2024-04-28 10:45:00,0.8847041258033692,429.505768177219,243.0914169694815
2024-04-28 11:00:00,0.9111977794641493,426.9382734294565,240.77527401895173
2024-04-28 11:15:00,0.9338830624914964,686.8343340599065,387.3457482753018
2024-04-28 11:30:00,0.952662948249359,768.5030565919724,433.40348137213306
2024-04-28 11:45:00,0.9674571389080137,709.237141672404,399.979991858957
2024-04-28 12:00:00,0.9782024076688516,722.3081391543374,405.8914448764478
2024-04-28 12:15:00,0.9848528730258286,1032.0949374377105,582.0582431717686
2024-04-28 12:30:00,0.9873801919620668,1036.4023964131393,586.5824064804707
2024-04-28 12:45:00,0.9857736813116285,1033.940239444075,585.1888763564139
2024-04-28 13:00:00,0.980040363671031,1027.6970134863354,583.7326795714836
2024-04-28 13:15:00,0.9702049356361211,1014.7673111714147,578.4398038729563
2024-04-28 13:30:00,0.9563096636521314,998.1981035870917,571.0127019323888
2024-04-28 13:45:00,0.9384141998354547,978.9569218502638,561.9847291297257
2024-04-28 14:00:00,0.9165953264829784,719.3053679813274,415.83584959942624
2024-04-28 14:15:00,0.8909466304598799,712.6523179454489,414.8707179284994
2024-04-28 14:30:00,0.8615780959880052,538.0530106059249,315.40288154346837
2024-04-28 14:45:00,0.8286156353152019,613.9856189361798,362.39620702330456
2024-04-28 15:00:00,0.7922005541179152,511.8557097153472,304.1847768448297
2024-04-28 15:15:00,0.7524889369984229,561.073838146478,335.7023047995459
2024-04-28 15:30:00,0.7096509823130565,473.96182003812464,286.4554833282059
2024-04-28 15:45:00,0.6638702791781037,506.98491134165164,308.46374212496625
2024-04-28 16:00:00,0.6153430093357465,476.6763725755909,292.9137794026102
2024-04-28 16:15:00,0.5642771116618629,455.53903757786713,282.68747617008535
2024-04-28 16:30:00,0.510891398671371,500.5388565583549,313.6476833235392
2024-04-28 16:45:00,0.4554146053216892,442.8475876764139,280.1826340889368
2024-04-28 17:00:00,0.39808441548701473,339.95600644042304,217.83345216728688
2024-04-28 17:15:00,0.33914645178114566,291.8348162207244,188.76856478138959
2024-04-28 17:30:00,0.27885320798043356,246.75421837229928,161.10525300417433
2024-04-28 17:45:00,0.21746297483264065,210.69689629556777,138.8411912885579
2024-04-28 18:00:00,0.1552387420688955,156.64132172133935,104.17051950758447
2024-04-28 18:15:00,0.09244705549376836,106.68576302435302,71.59573377200624
2024-04-28 18:30:00,0.029356883354736962,64.56474607582741,43.589762949570776
2024-04-28 18:45:00,-0.033761527147434175,24.68988840560955,16.76876187104862
2024-04-28 19:00:00,-0.09663782423918742,5.512781261292268,3.7775746206161878
2024-04-28 19:15:00,-0.15900270100025654,0.0,0.0
2024-04-28 19:30:00,-0.22058904048798475,0.0,0.0
2024-04-28 19:45:00,-0.2811330763595523,0.0,0.0
2024-04-28 20:00:00,-0.3403755140021011,0.0,0.0
2024-04-28 20:15:00,-0.39806263316327023,0.0,0.0
2024-04-28 20:30:00,-0.4539473903615715,0.0,0.0
2024-04-28 20:45:00,-0.5077904684760419,0.0,0.0
2024-04-28 21:00:00,-0.5593612946070391,0.0,0.0
2024-04-28 21:15:00,-0.6084390418674247,0.0,0.0
2024-04-28 21:30:00,-0.6548135670732226,0.0,0.0
2024-04-28 21:45:00,-0.698286304831327,0.0,0.0
2024-04-28 22:00:00,-0.7386711300327353,0.0,0.0
2024-04-28 22:15:00,-0.7757951478440499,0.0,0.0
2024-04-28 22:30:00,-0.8094994294351756,0.0,0.0
2024-04-28 22:45:00,-0.8396397022261257,0.0,0.0
2024-04-28 23:00:00,-0.8660869616791165,0.0,0.0
2024-04-28 23:15:00,-0.8887280205098111,0.0,0.0
2024-04-28 23:30:00,-0.9074660001296924,0.0,0.0
2024-04-28 23:45:00,-0.9222207407313168,0.0,0.0
2024-04-29 00:00:00,-0.9329291429370472,0.0,0.0
2024-04-29 00:15:00,-0.9395454414926987,0.0,0.0
2024-04-29 00:30:00,-0.9420413979782747,0.0,0.0
2024-04-29 00:45:00,-0.9404064217104313,0.0,0.0
2024-04-29 01:00:00,-0.9346476152572585,0.0,0.0
2024-04-29 01:15:00,-0.9247897423275453,0.0,0.0
2024-04-29 01:30:00,-0.9108751233411034,0.0,0.0
2024-04-29 01:45:00,-0.8929634510058788,0.0,0.0
2024-04-29 02:00:00,-0.8711315346709558,0.0,0.0
2024-04-29 02:15:00,-0.845472974558148,0.0,0.0
2024-04-29 02:30:00,-0.8160977545551638,0.0,0.0
2024-04-29 02:45:00,-0.7831317728411287,0.0,0.0
2024-04-29 03:00:00,-0.7467163073512146,0.0,0.0
2024-04-29 03:15:00,-0.70700740142948,0.0,0.0
2024-04-29 03:30:00,-0.6641751987938129,0.0,0.0
2024-04-29 03:45:00,-0.6184032208211989,0.0,0.0
2024-04-29 04:00:00,-0.5698875686388944,0.0,0.0
2024-04-29 04:15:00,-0.5188360880842424,0.0,0.0
2024-04-29 04:30:00,-0.4654674865162809,0.0,0.0
2024-04-29 04:45:00,-0.4100103821317286,0.0,0.0
2024-04-29 05:00:00,-0.352702330914035,0.0,0.0
2024-04-29 05:15:00,-0.29378881703042503,0.0,0.0
2024-04-29 05:30:00,-0.23352218584750717,0.0,0.0
2024-04-29 05:45:00,-0.17216057035152635,2.0,1.3340942999999998
2024-04-29 06:00:00,-0.10996679389869923,4.0,2.67627402
2024-04-29 06:15:00,-0.04720722797120899,5.0,3.3554493
2024-04-29 06:30:00,0.01584934064826317,8.0,5.36871888
2024-04-29 06:45:00,0.07893285262131906,11.0,7.404223365
2024-04-29 07:00:00,0.14177314961394627,15.0,10.096668225
2024-04-29 07:15:00,0.20410112291162008,19.0,12.827518829999999
2024-04-29 07:30:00,0.26564985760219223,23.0,15.52804911
2024-04-29 07:45:00,0.3261557924465468,15.0,10.12698855
2024-04-29 08:00:00,0.3853598400040803,18.0,12.15238626
2024-04-29 08:15:00,0.4430084884552892,197.29025465365868,132.7982830175836
2024-04-29 08:30:00,0.49885490306765334,291.8602981742537,195.8644866413182
2024-04-29 08:45:00,0.55265997487801,294.52875783950884,197.05991568718719
2024-04-29 09:00:00,0.6041933377248679,461.3012149055027,307.70966069425305
2024-04-29 09:15:00,0.6532343690303597,381.5737023429771,252.98505884063223
2024-04-29 09:30:00,0.6995731267181056,399.6483483328908,264.16079819622877
2024-04-29 09:45:00,0.7430112423783417,480.630203506155,315.7453861276598
2024-04-29 10:00:00,0.7833627829040606,584.3762672267237,381.53790035374396
2024-04-29 10:15:00,0.8204550396620667,617.0319832471303,401.6115004078739
2024-04-29 10:30:00,0.8541292634532914,571.9084379597241,369.929593795865
2024-04-29 10:45:00,0.884241353938931,697.2753348058777,449.6116740193047
2024-04-29 11:00:00,0.9106624706865604,730.1208875711015,467.83922162272205
2024-04-29 11:15:00,0.9332795817303567,656.6526912498928,419.4357114279709
2024-04-29 11:30:00,0.9519959542695485,511.4396156556071,325.647322655615
2024-04-29 11:45:00,0.9667315641658714,815.0311507996182,517.3047296329125
2024-04-29 12:00:00,0.9774234370089587,836.8471778824256,529.4599161287899
2024-04-29 12:15:00,0.9840259212586255,853.8851679993818,540.2395818273152
2024-04-29 12:30:00,0.9865108804632154,831.5791791004906,526.1269369816204
2024-04-29 12:45:00,0.9848678137355139,529.5624423048738,333.97531145633246
2024-04-29 13:00:00,0.9791039008667983,446.9342989442067,281.8648185108185
2024-04-29 13:15:00,0.96924396989508,290.5386595484262,183.23191291751084
2024-04-29 13:30:00,0.9553303923844232,424.9451980496835,267.99711145076003
2024-04-29 13:45:00,0.937422898803291,608.734888165445,383.9064246787109
2024-04-29 14:00:00,0.9155983226828462,311.39636813097405,196.38609297945615
2024-04-29 14:15:00,0.8899502747931911,367.1482596177617,232.28887171005383
2024-04-29 14:30:00,0.8605887358379203,338.9570733392997,214.4527559686649
2024-04-29 14:45:00,0.8276395871254163,105.0,66.64407435
2024-04-29 15:00:00,0.7912440761106274,88.0,56.031960600000005
2024-04-29 15:15:00,0.7515582021584141,510.3677357093857,325.99646231509115
2024-04-29 15:30:00,0.7087520517349148,422.7690475015627,270.89752597996926
2024-04-29 15:45:00,0.6630090758876344,322.76957178092096,208.1257721977443
2024-04-29 16:00:00,0.614525292705119,122.0,78.9136992
2024-04-29 16:15:00,0.5635084525783816,201.7621014309406,131.32217207721632
2024-04-29 16:30:00,0.5101771554619295,448.30983638639634,293.60663870253904
2024-04-29 16:45:00,0.4547599006361575,440.3413660733012,290.16810837822584
2024-04-29 17:00:00,0.39749411418387415,297.99310476720746,196.96840169775697
2024-04-29 17:15:00,0.33862513993746335,269.04792915579833,179.46765435677716
2024-04-29 17:30:00,0.27840517312614677,265.7361211469862,178.33281633747401
2024-04-29 17:45:00,0.21709218739320904,210.90658899810506,142.81622454842866
2024-04-29 18:00:00,0.154948838295102,157.9119633857159,107.8882942213424
2024-04-29 18:15:00,0.09224132175594889,109.5525584081233,75.7340572017598
2024-04-29 18:30:00,0.029238241972993476,67.78301151511637,47.40668111743376
2024-04-29 18:45:00,-0.03379053049770135,33.28840183222867,23.617974797440187
2024-04-29 19:00:00,-0.09657503148493556,11.87814376598276,8.523530578691268
2024-04-29 19:15:00,-0.15884635099259645,5.880755430518249,4.267466887178622
2024-04-29 19:30:00,-0.22033777653883324,0.0,0.0
2024-04-29 19:45:00,-0.2807859521299598,0.0,0.0
2024-04-29 20:00:00,-0.3399319975067539,0.0,0.0
2024-04-29 20:15:00,-0.3975226090925158,0.0,0.0
2024-04-29 20:30:00,-0.45331116050533315,0.0,0.0
2024-04-29 20:45:00,-0.5070587503993647,0.0,0.0
2024-04-29 21:00:00,-0.5585352185531203,0.0,0.0
2024-04-29 21:15:00,-0.6075201458063522,0.0,0.0
2024-04-29 21:30:00,-0.653803790065405,0.0,0.0
2024-04-29 21:45:00,-0.697187978614914,0.0,0.0
2024-04-29 22:00:00,-0.7374869689279406,0.0,0.0
2024-04-29 22:15:00,-0.7745282369776472,0.0,0.0
2024-04-29 22:30:00,-0.8081532114392489,0.0,0.0
2024-04-29 22:45:00,-0.8382179622975076,0.0,0.0
2024-04-29 23:00:00,-0.8645938112200557,0.0,0.0
2024-04-29 23:15:00,-0.8871678793819897,0.0,0.0
2024-04-29 23:30:00,-0.905843577497696,0.0,0.0
2024-04-29 23:45:00,-0.9205410147292765,0.0,0.0
2024-04-30 00:00:00,-0.9311973391422377,0.0,0.0
